{"type":"FeatureCollection","features":[{"type":"Feature","properties":{"highway":"secondary","name":"重慶北路一段","osm_id":4860359},"geometry":{"type":"LineString","coordinates":[[121.5141978,25.0535468],[121.5141678,25.0534056],[121.5140542,25.0528585],[121.5139815,25.052315],[121.5138746,25.051712],[121.513851,25.0515788],[121.513833,25.0515182],[121.5137505,25.051241],[121.5135594,25.0506192],[121.5134602,25.0502835],[121.5132735,25.049556]]}},{"type":"Feature","properties":{"highway":"secondary","name":"承德路一段","osm_id":5117999},"geometry":{"type":"LineString","coordinates":[[121.5176005,25.0532381],[121.5175721,25.0531435],[121.5174874,25.0528454],[121.5173593,25.0523806],[121.5172374,25.0519382],[121.5172175,25.0518658],[121.5171227,25.0515218],[121.5169742,25.0509828],[121.5169549,25.0509118]]}},{"type":"Feature","properties":{"highway":"primary","name":"中山南路","osm_id":6183255},"geometry":{"type":"LineString","coordinates":[[121.5195799,25.0455956],[121.5195635,25.0455606],[121.5195322,25.0454526],[121.5192931,25.0446281],[121.5192892,25.0446148],[121.5192629,25.0445239]]}},{"type":"Feature","properties":{"highway":"primary","name":"中山北路二段","osm_id":22764029},"geometry":{"type":"LineString","coordinates":[[121.5227063,25.0549909],[121.5227115,25.0550894],[121.5228488,25.057695]]}},{"type":"Feature","properties":{"highway":"tertiary","name":"館前路","osm_id":23416666},"geometry":{"type":"LineString","coordinates":[[121.5150164,25.0433799],[121.5150168,25.0434534],[121.51502,25.0441095],[121.5150226,25.0446373],[121.5150252,25.0451619],[121.5150267,25.045461],[121.515027,25.0455141]]}},{"type":"Feature","properties":{"highway":"tertiary","name":"館前路","osm_id":23416667},"geometry":{"type":"LineString","coordinates":[[121.5150171,25.0467587],[121.5150209,25.0468889]]}},{"type":"Feature","properties":{"highway":"tertiary","name":"港墘路","osm_id":23759709},"geometry":{"type":"LineString","coordinates":[[121.5749502,25.0763337],[121.5750171,25.0764396],[121.5755038,25.0771717],[121.5755725,25.0772707],[121.5760337,25.0780171],[121.5760569,25.0780503],[121.576107,25.0781293],[121.5765088,25.0787854],[121.5766152,25.0789539],[121.5766427,25.0789975]]}},{"type":"Feature","properties":{"highway":"tertiary","name":"基湖路","osm_id":23766386},"geometry":{"type":"LineString","coordinates":[[121.5641794,25.078735],[121.5641313,25.078676],[121.5638741,25.0783605],[121.5638231,25.0783027],[121.563795,25.0782731],[121.56354,25.0779646],[121.5635056,25.0779316],[121.5634674,25.0778917],[121.5631951,25.0775567],[121.5631742,25.0774972],[121.5631614,25.077437],[121.5631605,25.0773996],[121.5631601,25.0773553],[121.5631584,25.0770231],[121.5631589,25.0769773],[121.5631586,25.0769342],[121.5631548,25.0765217],[121.5631579,25.0762092],[121.5631576,25.0761538]]}},{"type":"Feature","properties":{"highway":"tertiary","name":"環山路一段","osm_id":23766390},"geometry":{"type":"LineString","coordinates":[[121.5655699,25.0863852],[121.5656055,25.0863822],[121.5656924,25.0863816],[121.5660615,25.0863788],[121.5666676,25.0863957],[121.5668816,25.0863981],[121.5669486,25.0864008],[121.5670166,25.0864015],[121.5673234,25.0863969],[121.5675821,25.0863931],[121.5679033,25.0864011],[121.5679703,25.0864022],[121.5680808,25.0864042],[121.5681391,25.0864045],[121.5690413,25.0864091],[121.5700203,25.0863824],[121.5706131,25.0863678]]}},{"type":"Feature","properties":{"highway":"tertiary","name":"環山路二段","osm_id":23766392},"geometry":{"type":"LineString","coordinates":[[121.5706131,25.0863678],[121.5710717,25.0863105],[121.5710798,25.0863095],[121.5711773,25.086276],[121.5716092,25.0861275],[121.5716592,25.0861103],[121.572171,25.0859325],[121.5724947,25.08582],[121.5727231,25.0857333],[121.572795,25.0857058],[121.5728939,25.0856704],[121.5737283,25.0853502],[121.5737757,25.0853329],[121.573846,25.0853046],[121.5745443,25.085042],[121.5746059,25.0850175],[121.5746784,25.0849928],[121.5747459,25.0849662],[121.5759716,25.0844602],[121.576001,25.0844481],[121.5760816,25.0844121],[121.5764772,25.0842352],[121.5765469,25.0842048],[121.576723,25.0841297],[121.577088,25.0839739],[121.5773481,25.0838609],[121.5775265,25.0838257],[121.5777397,25.083833],[121.5779543,25.0838621],[121.5780692,25.0838995],[121.5781448,25.0839241]]}},{"type":"Feature","properties":{"highway":"tertiary","name":"新生北路二段","osm_id":24006853},"geometry":{"type":"LineString","coordinates":[[121.5278844,25.0520124],[121.5278565,25.052159]]}},{"type":"Feature","properties":{"highway":"tertiary","name":"新生北路二段","osm_id":24006860},"geometry":{"type":"LineString","coordinates":[[121.5274327,25.0580244],[121.5274299,25.0579291],[121.5274167,25.0574501],[121.5274201,25.057399],[121.5274053,25.0567728],[121.5274,25.0561754],[121.5273984,25.0559979],[121.5273886,25.0549077],[121.527385,25.0548221],[121.5273638,25.054316],[121.5273627,25.0542878],[121.5273793,25.0538088],[121.5273957,25.0534167],[121.5274062,25.0532334],[121.5274221,25.0529566],[121.5274572,25.0525093],[121.527464,25.0524276],[121.5275013,25.0522628],[121.5275269,25.0521624]]}},{"type":"Feature","properties":{"highway":"secondary","name":"承德路三段","osm_id":24006861},"geometry":{"type":"LineString","coordinates":[[121.5183691,25.062823],[121.5183756,25.0629584]]}},{"type":"Feature","properties":{"highway":"secondary","name":"承德路四段","osm_id":24006863},"geometry":{"type":"LineString","coordinates":[[121.5221757,25.0801549],[121.5222206,25.0802276]]}},{"type":"Feature","properties":{"highway":"secondary","name":"承德橋","osm_id":24006864},"geometry":{"type":"LineString","coordinates":[[121.5220567,25.0802012],[121.5214507,25.0790296],[121.5214051,25.0789228],[121.5201513,25.0754249]]}},{"type":"Feature","properties":{"highway":"secondary","name":"百齡橋","osm_id":24006972},"geometry":{"type":"LineString","coordinates":[[121.5164548,25.0911323],[121.5163012,25.0910441]]}},{"type":"Feature","properties":{"highway":"secondary","name":"樂群一路","osm_id":24836054},"geometry":{"type":"LineString","coordinates":[[121.5684867,25.0773287],[121.5681302,25.0772359],[121.5678724,25.0771807],[121.5676549,25.0771105],[121.5649159,25.0762111],[121.5646963,25.0761653],[121.5644967,25.0761464],[121.5632802,25.0761512],[121.563252,25.0761518],[121.5631576,25.0761538]]}},{"type":"Feature","properties":{"highway":"trunk_link","name":"大直出口匝道","osm_id":24836058},"geometry":{"type":"LineString","coordinates":[[121.5269078,25.0757626],[121.5269056,25.0758591],[121.5269069,25.0759521],[121.5269074,25.0760596],[121.5269222,25.0761705],[121.5269304,25.0762501]]}},{"type":"Feature","properties":{"highway":"tertiary","name":"酒泉街","osm_id":24836065},"geometry":{"type":"LineString","coordinates":[[121.5138635,25.0720423],[121.5139972,25.0720388],[121.5141973,25.0720336],[121.5148854,25.0720165],[121.5149464,25.0720154],[121.5153432,25.0720032],[121.5154512,25.0719998],[121.5155732,25.071996],[121.5158019,25.0719889],[121.5158877,25.0719852],[121.51597,25.071984],[121.5161244,25.0719822]]}},{"type":"Feature","properties":{"highway":"tertiary","name":"濟南路一段","osm_id":25715401},"geometry":{"type":"LineString","coordinates":[[121.5261538,25.0415845],[121.526032,25.041613],[121.5247781,25.041906],[121.5244946,25.0419722],[121.5244163,25.0419903],[121.524317,25.0420135],[121.5232327,25.0422769],[121.5229801,25.0423382],[121.5227888,25.0423847],[121.5226571,25.0424215]]}},{"type":"Feature","properties":{"highway":"tertiary","name":"濟南路三段","osm_id":25715404},"geometry":{"type":"LineString","coordinates":[[121.5380144,25.0401374],[121.5374424,25.0401529],[121.5373375,25.0401542],[121.5359233,25.0401445],[121.5356884,25.0401473],[121.5348458,25.0401574],[121.5345115,25.0401614],[121.5334455,25.0401742],[121.5331298,25.0401851],[121.5330717,25.0401872],[121.5329575,25.0401911]]}},{"type":"Feature","properties":{"highway":"tertiary","name":"濟南路二段","osm_id":25715405},"geometry":{"type":"LineString","coordinates":[[121.5261538,25.0415845],[121.5262475,25.0415612],[121.5264565,25.0415091],[121.5266188,25.0414687],[121.5266464,25.0414612],[121.5269076,25.0413966],[121.5269729,25.0413805],[121.5272716,25.0413062],[121.5273059,25.0412977],[121.528323,25.0410447],[121.5285774,25.0409869],[121.5290353,25.0408854],[121.5291321,25.040858]]}},{"type":"Feature","properties":{"highway":"primary","name":"百齡橋","osm_id":25976437},"geometry":{"type":"LineString","coordinates":[[121.5118169,25.0877834],[121.5125959,25.0883178],[121.5151964,25.0900486],[121.5155118,25.0902805],[121.5156367,25.0903902]]}},{"type":"Feature","properties":{"highway":"tertiary","name":"林森北路","osm_id":25989971},"geometry":{"type":"LineString","coordinates":[[121.5257537,25.0684355],[121.5257514,25.0683535]]}},{"type":"Feature","properties":{"highway":"tertiary","name":"北平東路","osm_id":26697218},"geometry":{"type":"LineString","coordinates":[[121.525541,25.0459269],[121.5247178,25.0461267],[121.5241336,25.0462643],[121.5239931,25.046299],[121.5239604,25.0463062],[121.5237959,25.0463474],[121.5236578,25.0463828],[121.5236235,25.0463913],[121.5231576,25.0465064],[121.5227272,25.0466126],[121.5221885,25.0467457],[121.5220871,25.0467707]]}},{"type":"Feature","properties":{"highway":"tertiary","name":"堤頂大道二段","osm_id":26790156},"geometry":{"type":"LineString","coordinates":[[121.5724313,25.0746015],[121.5723748,25.0746782]]}},{"type":"Feature","properties":{"highway":"tertiary","name":"樂群二路","osm_id":28555484},"geometry":{"type":"LineString","coordinates":[[121.5585017,25.0798936],[121.5586272,25.0798892],[121.5595907,25.0798752],[121.5596487,25.0798729],[121.5597114,25.0798722],[121.5601438,25.0798675],[121.5602083,25.0798644],[121.560311,25.0798648],[121.5612835,25.0798655],[121.5613927,25.0798725],[121.561549,25.0798893],[121.5616978,25.0799313],[121.5617436,25.079949],[121.5618346,25.0799927],[121.5619051,25.0800331],[121.5624586,25.0803276],[121.5624986,25.0803489],[121.5625814,25.0803859],[121.5626591,25.080409],[121.5627668,25.0804243],[121.562849,25.0804299],[121.5628783,25.0804242]]}},{"type":"Feature","properties":{"highway":"secondary","name":"明水路","osm_id":28555492},"geometry":{"type":"LineString","coordinates":[[121.538956,25.0776747],[121.5390882,25.0776672],[121.5416837,25.0775358],[121.5441618,25.0774125],[121.5442078,25.0774121],[121.544557,25.0774222]]}},{"type":"Feature","properties":{"highway":"secondary","name":"","osm_id":29174276},"geometry":{"type":"LineString","coordinates":[[121.5443426,25.0713846],[121.5443344,25.0719683],[121.544334,25.0719977],[121.5443328,25.0720849],[121.5443588,25.0721908]]}},{"type":"Feature","properties":{"highway":"tertiary","name":"劍潭路","osm_id":30072062},"geometry":{"type":"LineString","coordinates":[[121.5255086,25.0841377],[121.5254272,25.0841363]]}},{"type":"Feature","properties":{"highway":"tertiary","name":"長春路","osm_id":30337330},"geometry":{"type":"LineString","coordinates":[[121.5492183,25.0543058],[121.5489859,25.0543686]]}},{"type":"Feature","properties":{"highway":"tertiary","name":"金山南路一段","osm_id":30620492},"geometry":{"type":"LineString","coordinates":[[121.5293128,25.0409829],[121.5294462,25.0413513],[121.5295789,25.0417928],[121.5296986,25.0421812],[121.529814,25.0426068],[121.5299089,25.042919],[121.5299219,25.0429583],[121.5299523,25.0430502]]}},{"type":"Feature","properties":{"highway":"trunk_link","name":"市民大道入口匝道","osm_id":31280020},"geometry":{"type":"LineString","coordinates":[[121.5598717,25.0459625],[121.5589078,25.0455259],[121.5584344,25.0453533],[121.5578445,25.0451676]]}},{"type":"Feature","properties":{"highway":"secondary","name":"","osm_id":33072357},"geometry":{"type":"LineString","coordinates":[[121.5501685,25.0862491],[121.5499364,25.0863932],[121.5497623,25.0865585],[121.5496552,25.0867594],[121.5495953,25.0869781]]}},{"type":"Feature","properties":{"highway":"secondary","name":"承德橋","osm_id":33072372},"geometry":{"type":"LineString","coordinates":[[121.5202718,25.0753741],[121.5213015,25.0782468],[121.521542,25.0789148],[121.5215649,25.0789769],[121.5221757,25.0801549]]}},{"type":"Feature","properties":{"highway":"primary","name":"中山北路一段","osm_id":33090413},"geometry":{"type":"LineString","coordinates":[[121.5225358,25.052193],[121.5225035,25.0520575],[121.5224294,25.0517462],[121.5223926,25.0516192],[121.5222755,25.0512818],[121.5221463,25.0509672],[121.5217096,25.0499993],[121.5216945,25.0499666],[121.5216305,25.0498283]]}},{"type":"Feature","properties":{"highway":"tertiary","name":"德惠街","osm_id":34214195},"geometry":{"type":"LineString","coordinates":[[121.527463,25.0666428],[121.5258682,25.0666685],[121.525748,25.0666702],[121.5256858,25.0666727],[121.5243165,25.0667056],[121.523262,25.0667231],[121.5229794,25.0667283],[121.5226092,25.0668064],[121.5225447,25.06682]]}},{"type":"Feature","properties":{"highway":"tertiary","name":"農安街","osm_id":34214213},"geometry":{"type":"LineString","coordinates":[[121.5217409,25.0648343],[121.5220667,25.0648781],[121.522146,25.0648887]]}},{"type":"Feature","properties":{"highway":"primary","name":"中山北路五段","osm_id":34992872},"geometry":{"type":"LineString","coordinates":[[121.5243447,25.0807678],[121.524362,25.0808473],[121.5243802,25.0809174],[121.5244405,25.0810538],[121.5245095,25.0811862],[121.5245968,25.0813098],[121.5250385,25.0818932],[121.5251941,25.0821534],[121.5252177,25.082193],[121.5253356,25.0824608],[121.5254202,25.0827567]]}},{"type":"Feature","properties":{"highway":"tertiary","name":"吉林路","osm_id":34992904},"geometry":{"type":"LineString","coordinates":[[121.530463,25.0683458],[121.5304608,25.0682382]]}},{"type":"Feature","properties":{"highway":"tertiary","name":"吉祥路","osm_id":35992785},"geometry":{"type":"LineString","coordinates":[[121.5625929,25.0513823],[121.5625899,25.051301],[121.5625825,25.0508221],[121.5625651,25.0503374],[121.562557,25.049807],[121.5626098,25.0492428],[121.5626274,25.0491379],[121.5626803,25.0488154],[121.5626869,25.0487748],[121.5627599,25.0486818]]}},{"type":"Feature","properties":{"highway":"secondary","name":"內湖路一段","osm_id":37099791},"geometry":{"type":"LineString","coordinates":[[121.5584918,25.084755],[121.5587141,25.0848774],[121.5588839,25.0849203],[121.5590702,25.0849291],[121.5595045,25.084843],[121.5602089,25.0846674],[121.5602968,25.0846404],[121.5606917,25.0845192],[121.5608877,25.0844585],[121.5611513,25.084382],[121.5612457,25.084336],[121.5613738,25.0842737],[121.5623895,25.0837783],[121.5630635,25.0834254],[121.5634287,25.0832206],[121.5635292,25.0831735]]}},{"type":"Feature","properties":{"highway":"secondary","name":"自強橋","osm_id":37099958},"geometry":{"type":"LineString","coordinates":[[121.5484537,25.0953258],[121.5484927,25.0946525]]}},{"type":"Feature","properties":{"highway":"secondary","name":"","osm_id":37099959},"geometry":{"type":"LineString","coordinates":[[121.5484927,25.0946525],[121.5485055,25.0944193]]}},{"type":"Feature","properties":{"highway":"tertiary","name":"天水路","osm_id":40606341},"geometry":{"type":"LineString","coordinates":[[121.5141978,25.0535468],[121.5141157,25.053534],[121.5136153,25.0532098]]}},{"type":"Feature","properties":{"highway":"secondary","name":"至善路一段","osm_id":45265039},"geometry":{"type":"LineString","coordinates":[[121.5398923,25.0973113],[121.5416119,25.0971762],[121.5423654,25.0971211],[121.5424346,25.097116]]}},{"type":"Feature","properties":{"highway":"secondary","name":"大直橋","osm_id":45265806},"geometry":{"type":"LineString","coordinates":[[121.54447,25.076712],[121.5444592,25.0770327],[121.5444909,25.0792716]]}},{"type":"Feature","properties":{"highway":"secondary","name":"敦化北路","osm_id":48740804},"geometry":{"type":"LineString","coordinates":[[121.5507654,25.0629327],[121.550806,25.0625232]]}},{"type":"Feature","properties":{"highway":"secondary","name":"復興北路","osm_id":48768086},"geometry":{"type":"LineString","coordinates":[[121.5442574,25.0665491],[121.5442491,25.0664191]]}},{"type":"Feature","properties":{"highway":"secondary_link","name":"舊宗路二段","osm_id":48769253},"geometry":{"type":"LineString","coordinates":[[121.5738905,25.0725672],[121.5738076,25.072644],[121.5737132,25.0727127],[121.57361,25.0727647],[121.5735,25.0728048],[121.5733999,25.0728287],[121.5733234,25.0728382],[121.5731407,25.0728337]]}},{"type":"Feature","properties":{"highway":"secondary_link","name":"舊宗路二段","osm_id":48769254},"geometry":{"type":"LineString","coordinates":[[121.5732617,25.0708169],[121.5733405,25.0713687],[121.5733579,25.0714907],[121.5733579,25.0718184],[121.5733666,25.0720155],[121.5733799,25.0721555],[121.5733934,25.0722072],[121.5734184,25.0722561],[121.5734642,25.072309],[121.5735172,25.0723465],[121.5735915,25.0723755],[121.5736612,25.0723849],[121.5737487,25.0723749],[121.5738153,25.0723492],[121.5738748,25.0723078],[121.5740812,25.0721052]]}},{"type":"Feature","properties":{"highway":"tertiary","name":"港墘路","osm_id":48769264},"geometry":{"type":"LineString","coordinates":[[121.5748802,25.076372],[121.5748353,25.0762912],[121.574487,25.0757087],[121.5743052,25.0755301],[121.5741678,25.0754147],[121.5740337,25.0753236],[121.5739049,25.0752629],[121.5737521,25.0751888],[121.5736024,25.0751238],[121.5734694,25.0750729],[121.5733729,25.075036],[121.5731499,25.0749507],[121.5727125,25.0747966],[121.5724543,25.0747056],[121.5723748,25.0746782]]}},{"type":"Feature","properties":{"highway":"secondary","name":"舊宗路二段","osm_id":48769268},"geometry":{"type":"LineString","coordinates":[[121.5750545,25.0659506],[121.5749892,25.0660864],[121.5749647,25.0661497],[121.5749017,25.0663156],[121.5747601,25.066677],[121.5747226,25.0670123],[121.5747445,25.0673971],[121.5747494,25.0674909]]}},{"type":"Feature","properties":{"highway":"secondary_link","name":"舊宗路二段","osm_id":48769269},"geometry":{"type":"LineString","coordinates":[[121.5730265,25.0727369],[121.5731681,25.0727182],[121.5735248,25.0726712],[121.5735855,25.0726599],[121.5736419,25.072642],[121.5736929,25.0726176],[121.5737554,25.0725737],[121.5738204,25.0725151],[121.5738859,25.0724335],[121.5740812,25.0721052]]}},{"type":"Feature","properties":{"highway":"trunk","name":"堤頂大道一段","osm_id":48769273},"geometry":{"type":"LineString","coordinates":[[121.5730265,25.0727369],[121.5730859,25.0723084],[121.5731081,25.0719895],[121.5731228,25.0698236],[121.5731067,25.0696317],[121.5730745,25.069379],[121.5730316,25.0691458],[121.5729243,25.0688445],[121.5724952,25.0676783],[121.5723342,25.0672313],[121.5722162,25.066862],[121.5721588,25.0665336],[121.572148,25.066174],[121.5722318,25.0650619],[121.5722348,25.065022],[121.572269,25.0644624]]}},{"type":"Feature","properties":{"highway":"trunk_link","name":"光復南路出口匝道","osm_id":48776357},"geometry":{"type":"LineString","coordinates":[[121.551364,25.0445147],[121.5530488,25.0443937],[121.553334,25.0443925]]}},{"type":"Feature","properties":{"highway":"trunk_link","name":"光復南路出口匝道","osm_id":48776358},"geometry":{"type":"LineString","coordinates":[[121.5545669,25.0445006],[121.5551081,25.0445892],[121.555339,25.0446206],[121.5559208,25.0447374],[121.556269,25.0448017],[121.5576115,25.0450918],[121.5576886,25.0451059]]}},{"type":"Feature","properties":{"highway":"trunk","name":"市民大道高架道路","osm_id":48776359},"geometry":{"type":"LineString","coordinates":[[121.551364,25.0445147],[121.552374,25.0443983],[121.5528463,25.044356],[121.5532017,25.0443184],[121.5535169,25.0443147],[121.5539165,25.044333],[121.5542719,25.0443743],[121.5546581,25.0444423],[121.5551637,25.0445468],[121.5555433,25.0446367],[121.5565368,25.0448163],[121.5571352,25.0449465],[121.5579129,25.0451298],[121.5582168,25.045127],[121.5585232,25.045161],[121.5587459,25.0451732],[121.5589877,25.0451773],[121.5604212,25.0451678],[121.5613838,25.0451409],[121.5619484,25.0450948],[121.5623279,25.0450535],[121.5630867,25.0449198]]}},{"type":"Feature","properties":{"highway":"trunk","name":"市民大道高架道路","osm_id":48776360},"geometry":{"type":"LineString","coordinates":[[121.5423394,25.0447574],[121.541796,25.0447118],[121.5412892,25.04468],[121.540993,25.0446738],[121.5407125,25.0446751],[121.5403241,25.0446914],[121.5399173,25.0447085],[121.539605,25.0447249],[121.5394346,25.044734],[121.5389597,25.044751],[121.5379411,25.0447743],[121.5375361,25.044782],[121.5366679,25.0448245],[121.5358171,25.0448727],[121.5355159,25.0448998],[121.5352304,25.0449359],[121.5350338,25.0449654],[121.5346443,25.0450306],[121.5342338,25.0451319],[121.533827,25.0452457],[121.5314824,25.0458968],[121.5307175,25.0461239],[121.5299589,25.0463323],[121.529538,25.0464508],[121.5290759,25.0465838],[121.5281785,25.046853],[121.5275491,25.0470455],[121.5269873,25.0472018],[121.5266591,25.0473025]]}},{"type":"Feature","properties":{"highway":"trunk","name":"市民大道高架道路","osm_id":48776372},"geometry":{"type":"LineString","coordinates":[[121.5266128,25.0471992],[121.5269455,25.0471009],[121.5274438,25.04691],[121.5280713,25.0467108],[121.5291343,25.0463864],[121.5301295,25.0461268],[121.5305701,25.0460273],[121.5310069,25.0459052],[121.5313183,25.0458402],[121.5315752,25.0457791],[121.5326688,25.0454666],[121.5337988,25.0451473],[121.5345196,25.0449839],[121.5348353,25.0449217],[121.5351312,25.0448721],[121.5353457,25.0448405],[121.5357037,25.0448069],[121.5361075,25.044778],[121.5377295,25.0446916],[121.5381297,25.0446629],[121.538502,25.0446327],[121.5392578,25.0445781],[121.5402354,25.044527],[121.5409328,25.0445076],[121.5413059,25.044519],[121.541561,25.044542],[121.5418631,25.0445763],[121.5423481,25.0446409]]}},{"type":"Feature","properties":{"highway":"tertiary","name":"延吉街","osm_id":48776405},"geometry":{"type":"LineString","coordinates":[[121.553342,25.0481763],[121.5533479,25.0480857],[121.5533585,25.0479995],[121.5533639,25.0479561],[121.5534047,25.047624],[121.553435,25.0474337],[121.5534621,25.0472437],[121.5534755,25.0471583],[121.5534808,25.0471015],[121.553501,25.0468816],[121.5535232,25.0466363],[121.5535616,25.0462321],[121.5535664,25.0461817],[121.5535775,25.0460966],[121.5536183,25.0457852],[121.5536444,25.0455853],[121.5536698,25.045391],[121.5537203,25.0450049],[121.5537635,25.0446746],[121.5537782,25.0445441],[121.5537795,25.0445125],[121.5537594,25.0442475],[121.553773,25.044195],[121.5538402,25.0439362],[121.55387,25.0438152],[121.5539308,25.0435695],[121.5539846,25.043357],[121.5541723,25.0426146],[121.5541924,25.0425351],[121.5543214,25.0420249],[121.5544389,25.04156],[121.5544785,25.04148]]}},{"type":"Feature","properties":{"highway":"trunk","name":"麥帥二橋","osm_id":48793390},"geometry":{"type":"LineString","coordinates":[[121.5729877,25.0601526],[121.573191,25.0590505],[121.5732385,25.058529],[121.573227,25.0582865],[121.5731841,25.0580629],[121.5730706,25.0577744],[121.5729397,25.0575631],[121.5727747,25.0573584],[121.572546,25.0571276],[121.5704682,25.0551383],[121.570206,25.0548691],[121.5700616,25.054653],[121.569982,25.0544941],[121.5699414,25.0543698],[121.5699095,25.0542033],[121.5699016,25.0540199],[121.5699171,25.053846],[121.5701228,25.052607]]}},{"type":"Feature","properties":{"highway":"trunk_link","name":"健康路出口匝道","osm_id":48793392},"geometry":{"type":"LineString","coordinates":[[121.5704682,25.0551383],[121.5703119,25.0550573],[121.5699799,25.0547564],[121.5698039,25.0546378],[121.5696451,25.0545665],[121.5694636,25.0545169],[121.5692436,25.0544925],[121.5675603,25.0543725]]}},{"type":"Feature","properties":{"highway":"trunk_link","name":"","osm_id":48793393},"geometry":{"type":"LineString","coordinates":[[121.5675603,25.0543725],[121.5674485,25.0543823],[121.5674103,25.0543857]]}},{"type":"Feature","properties":{"highway":"secondary","name":"麥帥一橋","osm_id":48793394},"geometry":{"type":"LineString","coordinates":[[121.5676963,25.0513731],[121.5675302,25.0513787],[121.5673432,25.0514127]]}},{"type":"Feature","properties":{"highway":"trunk","name":"","osm_id":48793395},"geometry":{"type":"LineString","coordinates":[[121.5726798,25.0617439],[121.572775,25.0613819],[121.5728231,25.0611529],[121.5729877,25.0601526]]}},{"type":"Feature","properties":{"highway":"trunk","name":"麥帥二橋","osm_id":48793396},"geometry":{"type":"LineString","coordinates":[[121.5698153,25.050131],[121.5698368,25.0502477],[121.5702104,25.0508815],[121.5703098,25.0510962],[121.5703739,25.0512878],[121.5704041,25.0514589],[121.5704047,25.0516692],[121.5703852,25.0518982]]}},{"type":"Feature","properties":{"highway":"trunk","name":"麥帥二橋","osm_id":48793398},"geometry":{"type":"LineString","coordinates":[[121.5703852,25.0518982],[121.5700408,25.0538529],[121.5700199,25.0540786],[121.5700297,25.0543095],[121.5700834,25.054498],[121.5701514,25.0546399],[121.5702295,25.0547636],[121.5703707,25.0549346],[121.5723524,25.0568396],[121.5727521,25.0572262],[121.5729366,25.0574252],[121.573066,25.0576022],[121.5731888,25.0578501],[121.5732707,25.0580963],[121.5733192,25.0583539],[121.5733185,25.0586262],[121.5732696,25.0590337],[121.5730642,25.0601592]]}},{"type":"Feature","properties":{"highway":"trunk","name":"","osm_id":48793399},"geometry":{"type":"LineString","coordinates":[[121.5730642,25.0601592],[121.5729407,25.0609203],[121.5728122,25.0620712],[121.5728302,25.0622306]]}},{"type":"Feature","properties":{"highway":"trunk","name":"正氣橋","osm_id":48793401},"geometry":{"type":"LineString","coordinates":[[121.5711987,25.0517166],[121.5708922,25.051531],[121.5708062,25.0514688],[121.5707155,25.0513928],[121.5706028,25.0512839],[121.5705363,25.0512069],[121.5704911,25.0511428],[121.5701976,25.0506923],[121.5699292,25.0502328],[121.5697248,25.0499802]]}},{"type":"Feature","properties":{"highway":"secondary","name":"","osm_id":48793402},"geometry":{"type":"LineString","coordinates":[[121.5673626,25.0512703],[121.5674712,25.0513055],[121.5677968,25.0513569]]}},{"type":"Feature","properties":{"highway":"secondary","name":"麥帥一橋","osm_id":48793403},"geometry":{"type":"LineString","coordinates":[[121.5677968,25.0513569],[121.5701306,25.051297],[121.5703937,25.0512994],[121.5706313,25.0513317],[121.5708044,25.0513805],[121.5709867,25.0514642],[121.575717,25.0539964]]}},{"type":"Feature","properties":{"highway":"trunk","name":"市民大道高架道路","osm_id":48793405},"geometry":{"type":"LineString","coordinates":[[121.5665807,25.0453606],[121.5667258,25.0454313],[121.5668465,25.0455051],[121.5669517,25.0455802],[121.5670344,25.0456532],[121.5671141,25.0457367]]}},{"type":"Feature","properties":{"highway":"trunk_link","name":"永吉路出口匝道","osm_id":48793406},"geometry":{"type":"LineString","coordinates":[[121.5646086,25.0447481],[121.56471,25.0447854],[121.5648962,25.0448192],[121.5650424,25.0448561],[121.5652154,25.0449156],[121.5656139,25.0450644],[121.5657335,25.0451327]]}},{"type":"Feature","properties":{"highway":"trunk_link","name":"忠孝東路入口匝道","osm_id":48794887},"geometry":{"type":"LineString","coordinates":[[121.5372466,25.0417778],[121.5371971,25.0418981],[121.5371536,25.0420022]]}},{"type":"Feature","properties":{"highway":"trunk_link","name":"忠孝東路出口匝道","osm_id":48794890},"geometry":{"type":"LineString","coordinates":[[121.5365679,25.0444322],[121.5364481,25.0440058],[121.5364773,25.0434556],[121.5364869,25.0432419],[121.5365215,25.043006],[121.5365754,25.0427389],[121.5366223,25.0425567],[121.536676,25.0423708],[121.5367535,25.042153]]}},{"type":"Feature","properties":{"highway":"primary","name":"忠孝東路四段","osm_id":48794898},"geometry":{"type":"LineString","coordinates":[[121.5486169,25.0416027],[121.54849,25.0416041],[121.5481048,25.0416094],[121.5473417,25.0416283]]}},{"type":"Feature","properties":{"highway":"tertiary","name":"建國北路二段","osm_id":48794903},"geometry":{"type":"LineString","coordinates":[[121.5367182,25.0579718],[121.5367112,25.0578163]]}},{"type":"Feature","properties":{"highway":"secondary_link","name":"建國南路一段","osm_id":48794904},"geometry":{"type":"LineString","coordinates":[[121.5374971,25.0397684],[121.5374793,25.0396594],[121.5374772,25.0385881],[121.537457,25.038517],[121.537424,25.0384877],[121.5373041,25.0384641],[121.5370432,25.0384703],[121.5368601,25.0384665]]}},{"type":"Feature","properties":{"highway":"trunk","name":"建國快速道路","osm_id":48794908},"geometry":{"type":"LineString","coordinates":[[121.5332937,25.0701998],[121.5332843,25.0699548],[121.5332573,25.0694406],[121.5331916,25.0689826],[121.5331781,25.068736],[121.5332103,25.0684736],[121.5332532,25.0682987],[121.5333497,25.0680946],[121.5334785,25.0678905],[121.533558,25.0677803],[121.5336649,25.0676658],[121.5340165,25.0673919]]}},{"type":"Feature","properties":{"highway":"trunk_link","name":"建國南路入口匝道","osm_id":49073263},"geometry":{"type":"LineString","coordinates":[[121.5414005,25.0445955],[121.5423481,25.0446409]]}},{"type":"Feature","properties":{"highway":"trunk_link","name":"","osm_id":49073264},"geometry":{"type":"LineString","coordinates":[[121.5369088,25.0447742],[121.5369792,25.0447707],[121.5378714,25.0447264]]}},{"type":"Feature","properties":{"highway":"trunk_link","name":"","osm_id":49073265},"geometry":{"type":"LineString","coordinates":[[121.5389175,25.0446605],[121.5399843,25.0446132],[121.5403929,25.0445973],[121.5404562,25.0445958],[121.5408004,25.0445876],[121.5411432,25.0445894],[121.5414005,25.0445955]]}},{"type":"Feature","properties":{"highway":"secondary","name":"復興南路一段","osm_id":49073266},"geometry":{"type":"LineString","coordinates":[[121.5439383,25.0449789],[121.5439396,25.0450304],[121.5439514,25.0455158],[121.5439747,25.0464715],[121.5439786,25.0466303],[121.5439978,25.0473171],[121.5439991,25.0473642],[121.5440016,25.0474518],[121.5440063,25.0475992]]}},{"type":"Feature","properties":{"highway":"secondary","name":"復興南路一段","osm_id":49073268},"geometry":{"type":"LineString","coordinates":[[121.5437953,25.0449613],[121.5437875,25.0447395]]}},{"type":"Feature","properties":{"highway":"trunk_link","name":"忠孝東路出口匝道","osm_id":49073270},"geometry":{"type":"LineString","coordinates":[[121.5367535,25.042153],[121.5368542,25.0419347],[121.5369054,25.0418106]]}},{"type":"Feature","properties":{"highway":"trunk_link","name":"長安東路入口匝道","osm_id":49073271},"geometry":{"type":"LineString","coordinates":[[121.5364744,25.0485127],[121.5365879,25.0483926],[121.5365839,25.0482798],[121.5365634,25.0477172]]}},{"type":"Feature","properties":{"highway":"tertiary","name":"建國南路一段","osm_id":49073272},"geometry":{"type":"LineString","coordinates":[[121.5363623,25.0447845],[121.5363596,25.0446674],[121.5363597,25.044618],[121.5363539,25.0441818],[121.5363478,25.0440466],[121.5363486,25.0439112],[121.5363529,25.0437653],[121.5363549,25.0436963],[121.5363629,25.0436008],[121.5363807,25.0433875],[121.5363907,25.0433178],[121.5363958,25.0432821],[121.5364213,25.0431037],[121.5364558,25.0428626],[121.5365403,25.042518],[121.536625,25.0422359],[121.5367278,25.0419482],[121.5367723,25.0418254]]}},{"type":"Feature","properties":{"highway":"tertiary","name":"建國南路一段","osm_id":49073274},"geometry":{"type":"LineString","coordinates":[[121.5369088,25.0447742],[121.5369106,25.0448425]]}},{"type":"Feature","properties":{"highway":"trunk_link","name":"建國南路出口匝道","osm_id":49073277},"geometry":{"type":"LineString","coordinates":[[121.5423394,25.0447574],[121.5414005,25.0445955]]}},{"type":"Feature","properties":{"highway":"trunk_link","name":"忠孝東路入口匝道","osm_id":49073297},"geometry":{"type":"LineString","coordinates":[[121.5371536,25.0420022],[121.5370153,25.0423853],[121.5369214,25.0427183],[121.5368612,25.0429827],[121.5368075,25.0433873],[121.5367751,25.0438586],[121.5366887,25.0444713]]}},{"type":"Feature","properties":{"highway":"tertiary","name":"","osm_id":49074697},"geometry":{"type":"LineString","coordinates":[[121.527779,25.0707177],[121.5278272,25.0707171]]}},{"type":"Feature","properties":{"highway":"tertiary","name":"濱江街","osm_id":49074698},"geometry":{"type":"LineString","coordinates":[[121.5311216,25.0718908],[121.5312998,25.072015],[121.5314046,25.0720642],[121.5314502,25.0721118],[121.5314902,25.0721755],[121.5315365,25.0722431]]}},{"type":"Feature","properties":{"highway":"secondary","name":"松江路","osm_id":49074708},"geometry":{"type":"LineString","coordinates":[[121.5315365,25.0722431],[121.5318085,25.0720832],[121.5318645,25.0720285]]}},{"type":"Feature","properties":{"highway":"trunk","name":"建國快速道路","osm_id":49074710},"geometry":{"type":"LineString","coordinates":[[121.5369678,25.0582505],[121.5369793,25.0588833],[121.5371135,25.0640003],[121.5370813,25.0643015],[121.5370062,25.0646028],[121.5369203,25.0648555],[121.5367701,25.0651373],[121.5366092,25.0653997],[121.5364268,25.0656135],[121.536223,25.0658176],[121.5359783,25.0660246],[121.5339827,25.067531],[121.5338303,25.0676518]]}},{"type":"Feature","properties":{"highway":"tertiary","name":"建國北路二段","osm_id":49134098},"geometry":{"type":"LineString","coordinates":[[121.5370268,25.0520644],[121.5370274,25.0521672],[121.5370282,25.0522734],[121.5370443,25.0525274],[121.5370719,25.0535979],[121.5370881,25.0543048],[121.5370863,25.0546219],[121.5370857,25.0547341]]}},{"type":"Feature","properties":{"highway":"tertiary","name":"民族東路","osm_id":49134116},"geometry":{"type":"LineString","coordinates":[[121.5443667,25.0664702],[121.5442574,25.0665491]]}},{"type":"Feature","properties":{"highway":"secondary","name":"濱江街","osm_id":49134117},"geometry":{"type":"LineString","coordinates":[[121.5319008,25.0730643],[121.5319991,25.0732601],[121.53204,25.0733213],[121.5320804,25.0733684],[121.532132,25.0734151],[121.532171,25.0734467],[121.5322259,25.0734839],[121.5322852,25.0735173],[121.5323535,25.0735484],[121.5324848,25.0735896]]}},{"type":"Feature","properties":{"highway":"secondary","name":"濱江街","osm_id":49134124},"geometry":{"type":"LineString","coordinates":[[121.5315914,25.0723785],[121.5319008,25.0730643]]}},{"type":"Feature","properties":{"highway":"secondary","name":"濱江街","osm_id":49134125},"geometry":{"type":"LineString","coordinates":[[121.5315295,25.0724008],[121.5315244,25.0723888],[121.5315047,25.0723433],[121.5314954,25.0722901],[121.5315365,25.0722431]]}},{"type":"Feature","properties":{"highway":"secondary","name":"濱江街","osm_id":49134127},"geometry":{"type":"LineString","coordinates":[[121.5318433,25.0731022],[121.5315295,25.0724008]]}},{"type":"Feature","properties":{"highway":"secondary","name":"濱江街","osm_id":49134129},"geometry":{"type":"LineString","coordinates":[[121.5356314,25.0731019],[121.5355086,25.0731328],[121.5349082,25.0731218],[121.5347849,25.0731437],[121.5347049,25.0731659],[121.5346139,25.0731961],[121.5345063,25.0732363],[121.5343219,25.0733069],[121.5341866,25.073351],[121.5341249,25.0733556]]}},{"type":"Feature","properties":{"highway":"secondary","name":"濱江街","osm_id":49134130},"geometry":{"type":"LineString","coordinates":[[121.5643765,25.070666],[121.5638217,25.0706753],[121.5635988,25.0706811],[121.5633252,25.0706946],[121.5628182,25.0707261],[121.5623529,25.0707747],[121.5619037,25.0708342],[121.5615321,25.0709071],[121.5609823,25.071048],[121.5605443,25.0711774],[121.5600539,25.0713567],[121.5594897,25.0715692],[121.5583524,25.0719943]]}},{"type":"Feature","properties":{"highway":"secondary","name":"基隆路一段","osm_id":49153836},"geometry":{"type":"LineString","coordinates":[[121.564051,25.0406322],[121.5640091,25.0405276],[121.5639484,25.0403657],[121.5639021,25.0402606],[121.5638097,25.0400942],[121.5637263,25.0399329],[121.5636318,25.0397376],[121.5635909,25.0396444],[121.5635643,25.0395598]]}},{"type":"Feature","properties":{"highway":"secondary","name":"塔悠路","osm_id":49153844},"geometry":{"type":"LineString","coordinates":[[121.5682128,25.0683034],[121.5681942,25.0682189],[121.5679467,25.0669617]]}},{"type":"Feature","properties":{"highway":"secondary","name":"南京東路五段","osm_id":49184198},"geometry":{"type":"LineString","coordinates":[[121.5704995,25.0513312],[121.5702683,25.0513826]]}},{"type":"Feature","properties":{"highway":"secondary","name":"南京西路","osm_id":49184199},"geometry":{"type":"LineString","coordinates":[[121.5150515,25.0538401],[121.5150948,25.0538236],[121.5151572,25.0538053],[121.5155318,25.0537203],[121.5158412,25.0536478],[121.5159996,25.0536128],[121.5161104,25.0535895]]}},{"type":"Feature","properties":{"highway":"secondary","name":"敦化北路","osm_id":49184204},"geometry":{"type":"LineString","coordinates":[[121.5491664,25.0482029],[121.5491675,25.0483548],[121.5491721,25.0489035],[121.5491763,25.0494026],[121.5491767,25.0495953]]}},{"type":"Feature","properties":{"highway":"tertiary","name":"松江路","osm_id":49188534},"geometry":{"type":"LineString","coordinates":[[121.5311216,25.0718908],[121.5313987,25.0719971],[121.5314716,25.0720336],[121.5315171,25.0720491],[121.5315757,25.0720626],[121.5316205,25.0720662],[121.5316759,25.0720623],[121.5317588,25.072041],[121.5318645,25.0720285]]}},{"type":"Feature","properties":{"highway":"secondary","name":"新生北路一段","osm_id":49695736},"geometry":{"type":"LineString","coordinates":[[121.5327771,25.0453616],[121.5327775,25.0452213],[121.5327786,25.0448903],[121.5327792,25.044695],[121.5327798,25.044503],[121.5328258,25.0443601]]}},{"type":"Feature","properties":{"highway":"tertiary","name":"建國北路一段","osm_id":49710758},"geometry":{"type":"LineString","coordinates":[[121.5365418,25.0520765],[121.5365369,25.0519348],[121.5365379,25.0518205],[121.5365287,25.050977],[121.5365267,25.050609],[121.5365214,25.0503047],[121.5365187,25.0501486],[121.5365001,25.0496775],[121.536498,25.0496188],[121.5364952,25.0495377],[121.5364893,25.0494336],[121.536481,25.0492957],[121.5364744,25.0485127],[121.5364678,25.0483945]]}},{"type":"Feature","properties":{"highway":"secondary","name":"南京東路三段","osm_id":49710759},"geometry":{"type":"LineString","coordinates":[[121.5365369,25.0519348],[121.5370241,25.0519262]]}},{"type":"Feature","properties":{"highway":"tertiary","name":"建國北路二段","osm_id":49710762},"geometry":{"type":"LineString","coordinates":[[121.5371308,25.0578339],[121.5371765,25.0579593]]}},{"type":"Feature","properties":{"highway":"trunk_link","name":"南京東路出口匝道","osm_id":49710766},"geometry":{"type":"LineString","coordinates":[[121.5368096,25.0485636],[121.536914,25.0494188],[121.5369355,25.0510711],[121.5370293,25.0514945]]}},{"type":"Feature","properties":{"highway":"secondary","name":"南京東路二段","osm_id":49710768},"geometry":{"type":"LineString","coordinates":[[121.5365418,25.0520765],[121.5363955,25.0520786],[121.5354381,25.0520864],[121.5348979,25.0520883],[121.5347941,25.0520875]]}},{"type":"Feature","properties":{"highway":"trunk_link","name":"長安東路出口匝道","osm_id":49710833},"geometry":{"type":"LineString","coordinates":[[121.5367272,25.045687],[121.5368604,25.0464834],[121.5368959,25.0476988]]}},{"type":"Feature","properties":{"highway":"trunk_link","name":"長安東路入口匝道","osm_id":49710834},"geometry":{"type":"LineString","coordinates":[[121.5365634,25.0477172],[121.5365283,25.0465219],[121.536608,25.0456861]]}},{"type":"Feature","properties":{"highway":"trunk_link","name":"長安東路出口匝道","osm_id":49710835},"geometry":{"type":"LineString","coordinates":[[121.5368959,25.0476988],[121.536902,25.0482659],[121.5369025,25.0482763],[121.5369385,25.0483757]]}},{"type":"Feature","properties":{"highway":"tertiary","name":"忠孝東路五段22巷","osm_id":49730012},"geometry":{"type":"LineString","coordinates":[[121.566141,25.0410496],[121.5661394,25.0409756],[121.5661386,25.0409401],[121.5661359,25.0408179],[121.566123,25.0402331],[121.5661196,25.0400789],[121.5661188,25.0400422],[121.5661167,25.0399499],[121.5661164,25.0399337],[121.566111,25.0396873],[121.5661055,25.0394379],[121.5661011,25.0392398],[121.5660984,25.0391181]]}},{"type":"Feature","properties":{"highway":"tertiary","name":"松仁路","osm_id":49730082},"geometry":{"type":"LineString","coordinates":[[121.5687101,25.0411021],[121.5683956,25.040986]]}},{"type":"Feature","properties":{"highway":"tertiary","name":"錦州街","osm_id":49788391},"geometry":{"type":"LineString","coordinates":[[121.5272413,25.0602503],[121.5271483,25.0602589]]}},{"type":"Feature","properties":{"highway":"tertiary","name":"五常街","osm_id":49788417},"geometry":{"type":"LineString","coordinates":[[121.5425596,25.0642666],[121.5424916,25.0642683],[121.5424461,25.0642702],[121.5410813,25.0642948],[121.5410342,25.0642948],[121.5409516,25.0642941],[121.5408751,25.0642947],[121.5408171,25.0642953],[121.5397994,25.0643071],[121.539736,25.0643077],[121.5396549,25.0643086],[121.5395614,25.0643086],[121.5395219,25.0643086],[121.5383777,25.0643082],[121.5382943,25.0643074],[121.5382277,25.0643076],[121.5377986,25.0643089],[121.5373846,25.0643144],[121.5373545,25.0643148],[121.5372626,25.0643165]]}},{"type":"Feature","properties":{"highway":"tertiary","name":"民生東路五段","osm_id":49788443},"geometry":{"type":"LineString","coordinates":[[121.5630162,25.0589084],[121.5628855,25.0588972],[121.5618455,25.0588147]]}},{"type":"Feature","properties":{"highway":"primary_link","name":"中山北路四段","osm_id":49795830},"geometry":{"type":"LineString","coordinates":[[121.5255176,25.0769886],[121.5254615,25.0769661]]}},{"type":"Feature","properties":{"highway":"primary","name":"中山橋","osm_id":49795831},"geometry":{"type":"LineString","coordinates":[[121.5241462,25.07297],[121.5242651,25.073398],[121.5242971,25.0734695],[121.5243441,25.0735461],[121.524396,25.0736057],[121.5244527,25.0736675],[121.5245173,25.0737254],[121.5251087,25.0740817]]}},{"type":"Feature","properties":{"highway":"primary","name":"中山北路三段","osm_id":49795832},"geometry":{"type":"LineString","coordinates":[[121.5237361,25.0719866],[121.5235995,25.0714786]]}},{"type":"Feature","properties":{"highway":"secondary","name":"北安路","osm_id":49795839},"geometry":{"type":"LineString","coordinates":[[121.5283934,25.0775777],[121.5271654,25.0766676],[121.5271417,25.07665],[121.5271185,25.0766394],[121.5270954,25.0766288],[121.5270498,25.0766093]]}},{"type":"Feature","properties":{"highway":"primary_link","name":"中山北路四段","osm_id":49795843},"geometry":{"type":"LineString","coordinates":[[121.5258091,25.0749142],[121.5258404,25.074715],[121.525855,25.0746516],[121.5258822,25.0745823],[121.5258967,25.0745575],[121.525907,25.07454],[121.5259271,25.0745114]]}},{"type":"Feature","properties":{"highway":"primary","name":"中山北路三段","osm_id":49795872},"geometry":{"type":"LineString","coordinates":[[121.5235483,25.0707371],[121.5240634,25.072657],[121.5241462,25.07297]]}},{"type":"Feature","properties":{"highway":"primary","name":"中山北路三段","osm_id":49795874},"geometry":{"type":"LineString","coordinates":[[121.5226448,25.0626975],[121.5226118,25.0628407]]}},{"type":"Feature","properties":{"highway":"primary","name":"中山南路","osm_id":49795875},"geometry":{"type":"LineString","coordinates":[[121.5180514,25.0399223],[121.518144,25.0402382],[121.5182299,25.0405314],[121.5182507,25.0406006],[121.5182804,25.0407005],[121.518305,25.0407856],[121.518533,25.0415658],[121.5185781,25.0417199],[121.518581,25.0417295],[121.5186258,25.0418822]]}},{"type":"Feature","properties":{"highway":"primary_link","name":"中山北路三段","osm_id":49795876},"geometry":{"type":"LineString","coordinates":[[121.5234081,25.0707662],[121.5233323,25.0706451],[121.5230571,25.0696349],[121.522796,25.068631],[121.522755,25.0684892]]}},{"type":"Feature","properties":{"highway":"trunk_link","name":"大直出口匝道","osm_id":49795879},"geometry":{"type":"LineString","coordinates":[[121.5268613,25.0751414],[121.5269031,25.0752888],[121.5269156,25.0754408],[121.5269105,25.0756508],[121.5269078,25.0757626]]}},{"type":"Feature","properties":{"highway":"trunk_link","name":"","osm_id":50159996},"geometry":{"type":"LineString","coordinates":[[121.5657335,25.0451327],[121.5669658,25.0456015],[121.5670397,25.0456273],[121.5671127,25.0456512],[121.5671802,25.04567],[121.567237,25.0456857],[121.567326,25.0457106],[121.5673943,25.0457206],[121.5674786,25.0457267],[121.5675552,25.0457321],[121.5677977,25.0457272],[121.5686377,25.045707]]}},{"type":"Feature","properties":{"highway":"trunk_link","name":"永吉路入口匝道","osm_id":50159997},"geometry":{"type":"LineString","coordinates":[[121.5657335,25.0451327],[121.5655708,25.045088],[121.5652273,25.044961],[121.5650322,25.0449035],[121.5648466,25.0448543],[121.5647066,25.0448289],[121.5645688,25.0448443]]}},{"type":"Feature","properties":{"highway":"tertiary","name":"永吉路","osm_id":50159998},"geometry":{"type":"LineString","coordinates":[[121.5670629,25.0457318],[121.5672199,25.0456862],[121.5672918,25.0456627]]}},{"type":"Feature","properties":{"highway":"secondary","name":"敦化北路","osm_id":50160066},"geometry":{"type":"LineString","coordinates":[[121.5528879,25.0633804],[121.5525364,25.0633732],[121.5524506,25.0633718],[121.5519379,25.0633627]]}},{"type":"Feature","properties":{"highway":"secondary","name":"敦化北路","osm_id":50160067},"geometry":{"type":"LineString","coordinates":[[121.550806,25.0625232],[121.5509337,25.0624325],[121.5510517,25.0623645],[121.5511794,25.0623472],[121.5513912,25.0623416],[121.5514998,25.0623393],[121.5516411,25.0623131]]}},{"type":"Feature","properties":{"highway":"tertiary","name":"興安街","osm_id":50160154},"geometry":{"type":"LineString","coordinates":[[121.5440507,25.05603],[121.544001,25.0560306],[121.5439762,25.0560308],[121.5439372,25.0560317],[121.5422928,25.0560696],[121.5422505,25.0560706],[121.5421636,25.0560715],[121.542092,25.0560746],[121.5420522,25.0560745],[121.5415003,25.0560874],[121.5407296,25.0561096],[121.5406641,25.0561115],[121.5405707,25.0561129],[121.5405041,25.056115],[121.5404726,25.0561155],[121.5392314,25.0561337],[121.5391888,25.0561343],[121.5391269,25.0561345],[121.5390749,25.0561357],[121.5390456,25.0561364],[121.5374082,25.0561749],[121.5373078,25.0561773],[121.5372106,25.0561796],[121.5370818,25.0561826]]}},{"type":"Feature","properties":{"highway":"tertiary","name":"民族東路","osm_id":50202893},"geometry":{"type":"LineString","coordinates":[[121.5276981,25.0683068],[121.5280469,25.0682904],[121.5281249,25.0682871],[121.529466,25.0682672],[121.5303703,25.0682418],[121.5304608,25.0682382]]}},{"type":"Feature","properties":{"highway":"tertiary","name":"民族東路","osm_id":50202894},"geometry":{"type":"LineString","coordinates":[[121.5264,25.0683347],[121.527499,25.0683141],[121.5275382,25.0683134],[121.5276173,25.0683119],[121.5276981,25.0683068]]}},{"type":"Feature","properties":{"highway":"tertiary","name":"民族東路","osm_id":50202895},"geometry":{"type":"LineString","coordinates":[[121.5276998,25.0683786],[121.5276163,25.0683794],[121.5264125,25.0683965]]}},{"type":"Feature","properties":{"highway":"tertiary","name":"民族東路","osm_id":50202896},"geometry":{"type":"LineString","coordinates":[[121.5264125,25.0683965],[121.525916,25.0684161],[121.525845,25.0684211],[121.5257537,25.0684355]]}},{"type":"Feature","properties":{"highway":"trunk_link","name":"民族東路入口匝道","osm_id":50202902},"geometry":{"type":"LineString","coordinates":[[121.5280272,25.0698491],[121.5280058,25.0706514],[121.527999,25.0708187],[121.5279797,25.0709885],[121.5279255,25.0711176]]}},{"type":"Feature","properties":{"highway":"tertiary","name":"農安街","osm_id":50202904},"geometry":{"type":"LineString","coordinates":[[121.5334313,25.0647174],[121.5334683,25.0647166],[121.5335352,25.0647151],[121.5338562,25.0647079],[121.5339849,25.0647074],[121.5350294,25.0646807],[121.5361144,25.0646604],[121.536451,25.0648072],[121.5365143,25.0648348]]}},{"type":"Feature","properties":{"highway":"tertiary","name":"新生北路三段","osm_id":50202910},"geometry":{"type":"LineString","coordinates":[[121.5278891,25.0625558],[121.5278757,25.0626978]]}},{"type":"Feature","properties":{"highway":"trunk","name":"新生高架道路","osm_id":50289491},"geometry":{"type":"LineString","coordinates":[[121.5279255,25.0711176],[121.5278931,25.0712147],[121.5278348,25.0713299],[121.5275499,25.0717167],[121.5269519,25.0724478]]}},{"type":"Feature","properties":{"highway":"trunk","name":"新生高架道路","osm_id":50289493},"geometry":{"type":"LineString","coordinates":[[121.5243487,25.0798554],[121.5244295,25.0795721],[121.5245247,25.079246]]}},{"type":"Feature","properties":{"highway":"trunk","name":"新生高架道路","osm_id":50289494},"geometry":{"type":"LineString","coordinates":[[121.527571,25.053905],[121.5276732,25.0592365],[121.5278077,25.0648808],[121.5278172,25.0650521],[121.5279596,25.0708558],[121.5279474,25.0709869],[121.5279255,25.0711176]]}},{"type":"Feature","properties":{"highway":"trunk","name":"新生高架道路","osm_id":50289495},"geometry":{"type":"LineString","coordinates":[[121.5278731,25.0709257],[121.5278839,25.0707799],[121.5278517,25.0694291],[121.5277544,25.0654761],[121.5277376,25.0640181],[121.5275748,25.0592416],[121.5275488,25.0574504],[121.527516,25.0553495],[121.5275083,25.0544324],[121.5274891,25.0535766],[121.5275081,25.0532069],[121.5275496,25.0527881],[121.5276204,25.0523251],[121.5276615,25.0521142],[121.5277161,25.0518706],[121.5278949,25.0512343],[121.5279078,25.0511959],[121.5283308,25.0501457],[121.528561,25.0497003],[121.5288154,25.0492759],[121.5291012,25.0488515],[121.5292905,25.0485946],[121.5294179,25.0484382],[121.5297245,25.0480869]]}},{"type":"Feature","properties":{"highway":"primary","name":"中山橋","osm_id":50289964},"geometry":{"type":"LineString","coordinates":[[121.5254965,25.0744372],[121.5244706,25.0738224],[121.5243874,25.0737615],[121.52431,25.073687],[121.5242403,25.0736071],[121.5241828,25.0735136],[121.5241378,25.0734308]]}},{"type":"Feature","properties":{"highway":"primary","name":"中山北路四段","osm_id":50289965},"geometry":{"type":"LineString","coordinates":[[121.5256218,25.0743825],[121.5256969,25.0744201],[121.525778,25.074453],[121.5258057,25.0744642],[121.5259271,25.0745114]]}},{"type":"Feature","properties":{"highway":"trunk_link","name":"民族東路入口匝道","osm_id":50823645},"geometry":{"type":"LineString","coordinates":[[121.5276612,25.0679488],[121.5277495,25.0678006],[121.5277572,25.0676676]]}},{"type":"Feature","properties":{"highway":"trunk_link","name":"民族東路入口匝道","osm_id":50823646},"geometry":{"type":"LineString","coordinates":[[121.5277572,25.0676676],[121.5277358,25.0661515],[121.5277189,25.0658128]]}},{"type":"Feature","properties":{"highway":"trunk_link","name":"民權東路入口匝道","osm_id":50823647},"geometry":{"type":"LineString","coordinates":[[121.5368888,25.0612958],[121.5368446,25.0589306],[121.5368832,25.0582448]]}},{"type":"Feature","properties":{"highway":"trunk_link","name":"民權東路出口匝道","osm_id":50823648},"geometry":{"type":"LineString","coordinates":[[121.5371047,25.0612801],[121.5371145,25.0614769],[121.537136,25.0616081],[121.5372376,25.0618285]]}},{"type":"Feature","properties":{"highway":"trunk_link","name":"民權東路入口匝道","osm_id":50823656},"geometry":{"type":"LineString","coordinates":[[121.5367939,25.0617554],[121.5368467,25.0616062],[121.5368695,25.0614908],[121.5368888,25.0612958]]}},{"type":"Feature","properties":{"highway":"trunk_link","name":"民權東路出口匝道","osm_id":50823657},"geometry":{"type":"LineString","coordinates":[[121.5369678,25.0582505],[121.5370296,25.0589039],[121.5371047,25.0612801]]}},{"type":"Feature","properties":{"highway":"tertiary","name":"敦煌路","osm_id":50830160},"geometry":{"type":"LineString","coordinates":[[121.5212915,25.0748971],[121.5211925,25.0749787]]}},{"type":"Feature","properties":{"highway":"tertiary","name":"慶昌橋","osm_id":50893477},"geometry":{"type":"LineString","coordinates":[[121.5171419,25.0760216],[121.5155513,25.0764305],[121.5152915,25.0764836],[121.5149911,25.076503],[121.5136094,25.0765193],[121.5114039,25.0765419]]}},{"type":"Feature","properties":{"highway":"tertiary","name":"敦煌路","osm_id":50893478},"geometry":{"type":"LineString","coordinates":[[121.5171337,25.0759425],[121.5172541,25.0759079]]}},{"type":"Feature","properties":{"highway":"trunk","name":"新生高架道路","osm_id":50893489},"geometry":{"type":"LineString","coordinates":[[121.5246337,25.0788829],[121.5249185,25.0778507],[121.5249708,25.0776248],[121.5249856,25.077527],[121.524999,25.0773988],[121.5250231,25.0771729],[121.5250392,25.0770356],[121.525066,25.0768741],[121.5251023,25.076715],[121.5251486,25.0765376],[121.5254794,25.0756327],[121.5254919,25.0755845],[121.5255017,25.0755387],[121.525512,25.07548],[121.5255189,25.0754251],[121.5255218,25.0753808],[121.5255223,25.0753409],[121.5255086,25.0751748]]}},{"type":"Feature","properties":{"highway":"tertiary","name":"慶昌橋","osm_id":50893514},"geometry":{"type":"LineString","coordinates":[[121.5114025,25.0764871],[121.5135884,25.0764574],[121.5149941,25.076448],[121.5152452,25.0764357],[121.5154859,25.0763884],[121.5157973,25.076308],[121.5171337,25.0759425]]}},{"type":"Feature","properties":{"highway":"secondary","name":"承德路三段","osm_id":50893520},"geometry":{"type":"LineString","coordinates":[[121.5195952,25.0739882],[121.5195708,25.0739378],[121.5195215,25.07385],[121.5192414,25.0733832],[121.5190865,25.073125],[121.5190606,25.0730843],[121.5188266,25.0726602],[121.5187347,25.0724659],[121.5185999,25.0721221],[121.518573,25.0720467],[121.5185365,25.0719199]]}},{"type":"Feature","properties":{"highway":"secondary","name":"重慶北路二段","osm_id":50893538},"geometry":{"type":"LineString","coordinates":[[121.5144376,25.054136],[121.5144586,25.0542468],[121.514168,25.0553599],[121.5141396,25.0554686],[121.5140333,25.0559227],[121.514022,25.055963]]}},{"type":"Feature","properties":{"highway":"primary","name":"民權西路","osm_id":50893539},"geometry":{"type":"LineString","coordinates":[[121.51588,25.0629543],[121.5159625,25.0628816]]}},{"type":"Feature","properties":{"highway":"primary","name":"中山北路二段","osm_id":50893545},"geometry":{"type":"LineString","coordinates":[[121.5226448,25.0626975],[121.5226729,25.0625756],[121.5228888,25.0616383],[121.5229379,25.0613072],[121.5229729,25.0608877],[121.5229753,25.0606233],[121.5229685,25.0604137],[121.5229661,25.0603388]]}},{"type":"Feature","properties":{"highway":"primary","name":"台北大橋","osm_id":50893549},"geometry":{"type":"LineString","coordinates":[[121.5158233,25.0629589],[121.5157507,25.0629851],[121.5141119,25.0630369],[121.5138516,25.0630533],[121.51362,25.0630721],[121.5133425,25.0630774],[121.5130621,25.0630612],[121.5117543,25.0630034],[121.5114179,25.0630005],[121.5112057,25.0630045],[121.5110316,25.0630138],[121.5107444,25.0629915]]}},{"type":"Feature","properties":{"highway":"secondary","name":"承德路四段","osm_id":50904813},"geometry":{"type":"LineString","coordinates":[[121.5183959,25.0898288],[121.518464,25.0898226],[121.5188272,25.0897722],[121.5192213,25.0896891],[121.5196246,25.089579],[121.5197997,25.0895364],[121.5199634,25.0894828],[121.5202705,25.0893947],[121.5206147,25.0892718],[121.520857,25.0891516],[121.521273,25.088914],[121.5213904,25.0888458],[121.5214713,25.0887922]]}},{"type":"Feature","properties":{"highway":"secondary","name":"塔悠路","osm_id":51268665},"geometry":{"type":"LineString","coordinates":[[121.5704718,25.0511289],[121.5707644,25.0509631],[121.5708196,25.0509334],[121.5711655,25.0507124],[121.5716616,25.0503851],[121.5720504,25.0501336],[121.5721258,25.0500633],[121.5722042,25.0499765]]}},{"type":"Feature","properties":{"highway":"trunk_link","name":"塔悠路入口匝道","osm_id":51268666},"geometry":{"type":"LineString","coordinates":[[121.5704995,25.0513312],[121.5703696,25.0515737],[121.5703344,25.0517803]]}},{"type":"Feature","properties":{"highway":"trunk_link","name":"塔悠路入口匝道","osm_id":51268667},"geometry":{"type":"LineString","coordinates":[[121.5703344,25.0517803],[121.5700125,25.0536801],[121.5699733,25.0539496],[121.5699658,25.0541446],[121.5700297,25.0543095]]}},{"type":"Feature","properties":{"highway":"tertiary","name":"健康路","osm_id":51268669},"geometry":{"type":"LineString","coordinates":[[121.5674103,25.0543857],[121.5672763,25.0543838],[121.567182,25.0543828],[121.5663021,25.0543418],[121.5662843,25.054341],[121.5662558,25.0543396],[121.5662054,25.0543373],[121.5661343,25.0543311],[121.5656114,25.0543074],[121.5640531,25.0542299],[121.5640345,25.0542288],[121.563971,25.0542251],[121.5638535,25.0542194]]}},{"type":"Feature","properties":{"highway":"tertiary","name":"健康路","osm_id":51268670},"geometry":{"type":"LineString","coordinates":[[121.5565917,25.0536212],[121.5567233,25.0536308],[121.5568293,25.0536551],[121.5575188,25.0537003],[121.5575364,25.0537015],[121.5575655,25.0537034],[121.5577256,25.0537178],[121.5577903,25.0537242],[121.5580904,25.0537522],[121.5590742,25.0538277],[121.559118,25.053831],[121.5592099,25.0538381],[121.5597782,25.0538828],[121.5603353,25.0539313],[121.5603562,25.0539331],[121.5603863,25.0539357],[121.5604879,25.0539428],[121.5607148,25.053962],[121.5607478,25.0539648],[121.5608304,25.0539718],[121.5609047,25.0539766],[121.5619527,25.0540409],[121.5619833,25.0540427],[121.5620215,25.0540451],[121.5620518,25.0540469],[121.5630501,25.0540852],[121.5630826,25.0540862],[121.5632581,25.0540919],[121.5637129,25.0541067],[121.563757,25.0541067],[121.5638589,25.0541121]]}},{"type":"Feature","properties":{"highway":"secondary_link","name":"敦化北路","osm_id":51268681},"geometry":{"type":"LineString","coordinates":[[121.5492384,25.0557573],[121.5491962,25.0557515],[121.5491221,25.0557457],[121.5490568,25.0557352],[121.5489964,25.0557267]]}},{"type":"Feature","properties":{"highway":"tertiary","name":"健康路","osm_id":51268701},"geometry":{"type":"LineString","coordinates":[[121.5526557,25.0533352],[121.5526505,25.0532635],[121.5526494,25.0531919],[121.5526425,25.0527964],[121.5526342,25.0524332],[121.5526296,25.052289],[121.5526287,25.0522605],[121.5526245,25.0522127],[121.5526117,25.0519243],[121.5526109,25.0518865],[121.55261,25.0518465],[121.5526396,25.0517288]]}},{"type":"Feature","properties":{"highway":"tertiary","name":"健康路","osm_id":51268702},"geometry":{"type":"LineString","coordinates":[[121.5565917,25.0536212],[121.5565238,25.0535845],[121.5564403,25.0535773],[121.5563813,25.0535739],[121.5552457,25.0534841],[121.55517,25.0534781],[121.5551274,25.0534759],[121.5550471,25.0534723],[121.5550121,25.05347],[121.5549683,25.0534671],[121.5538162,25.0533953],[121.5537859,25.0533934],[121.5537143,25.0533878],[121.5536604,25.0533876],[121.5536069,25.0533843],[121.5532665,25.0533638],[121.5530206,25.0533506],[121.552977,25.0533483],[121.5528579,25.0533414],[121.5526557,25.0533352]]}},{"type":"Feature","properties":{"highway":"secondary","name":"撫遠街","osm_id":51272306},"geometry":{"type":"LineString","coordinates":[[121.5643716,25.0705234],[121.5647976,25.0705271],[121.5667599,25.0705394],[121.5669493,25.0705277],[121.5671429,25.0704979],[121.5672628,25.0704722],[121.567398,25.0704254],[121.5674896,25.0703835],[121.5675932,25.0703242],[121.5676985,25.0702599],[121.5677971,25.0701904],[121.567897,25.0701088],[121.5679675,25.070042],[121.5680246,25.0699655],[121.5681524,25.0697863],[121.568232,25.0696301],[121.5682877,25.0694754],[121.568326,25.0692857],[121.5683359,25.0690988],[121.5683244,25.0689296],[121.5683174,25.0688904],[121.5682297,25.068398],[121.5682232,25.0683619],[121.5682128,25.0683034]]}},{"type":"Feature","properties":{"highway":"secondary","name":"民權東路五段","osm_id":51272312},"geometry":{"type":"LineString","coordinates":[[121.5662905,25.0633637],[121.5662402,25.0633586],[121.5661765,25.0633484],[121.566089,25.0633315],[121.5659919,25.0633108]]}},{"type":"Feature","properties":{"highway":"secondary","name":"民權大橋","osm_id":51272313},"geometry":{"type":"LineString","coordinates":[[121.5711308,25.0644226],[121.5749607,25.0657051],[121.5753134,25.0658182],[121.575945,25.0659998],[121.5774873,25.0664158]]}},{"type":"Feature","properties":{"highway":"tertiary","name":"撫遠街","osm_id":51272316},"geometry":{"type":"LineString","coordinates":[[121.5655012,25.0659622],[121.565483,25.065841],[121.5654849,25.0658025],[121.5655346,25.0654877],[121.5655419,25.0654434],[121.5655496,25.0653927],[121.5655823,25.0651763],[121.5656129,25.0649747],[121.5656214,25.0649275],[121.5656304,25.0648733],[121.5656752,25.0646366],[121.5657018,25.0644663],[121.565709,25.0644251],[121.5657137,25.0643985],[121.5657252,25.0643332],[121.565737,25.0642655],[121.5658148,25.0638219],[121.5658587,25.0635614],[121.5658674,25.06351],[121.5658778,25.063453],[121.5658831,25.0634281],[121.5659082,25.063289]]}},{"type":"Feature","properties":{"highway":"tertiary","name":"三民路","osm_id":51272317},"geometry":{"type":"LineString","coordinates":[[121.5634393,25.0580389],[121.5634507,25.0579805],[121.5634744,25.0577275],[121.5634982,25.0574719],[121.5635024,25.0574271],[121.5635065,25.0573835],[121.5635268,25.0571659],[121.5635463,25.0569566],[121.5635533,25.0568821],[121.5635997,25.0568092]]}},{"type":"Feature","properties":{"highway":"tertiary","name":"三民路","osm_id":51272318},"geometry":{"type":"LineString","coordinates":[[121.5634258,25.0592507],[121.5634175,25.0593511],[121.5633964,25.0596583],[121.5633652,25.059914]]}},{"type":"Feature","properties":{"highway":"tertiary","name":"三民路","osm_id":51272319},"geometry":{"type":"LineString","coordinates":[[121.5630247,25.0628993],[121.5630354,25.0627682],[121.5630418,25.0626909],[121.5630755,25.0622842],[121.5630975,25.0620183],[121.5631012,25.061974],[121.5631045,25.0619335],[121.5631082,25.0618914],[121.5631119,25.0618481]]}},{"type":"Feature","properties":{"highway":"tertiary","name":"民生東路五段","osm_id":51272320},"geometry":{"type":"LineString","coordinates":[[121.5689206,25.059281],[121.5688305,25.0592751],[121.568633,25.0592646],[121.5685764,25.0592616],[121.5685177,25.0592584],[121.5684532,25.0592524]]}},{"type":"Feature","properties":{"highway":"tertiary","name":"民生東路五段","osm_id":51272321},"geometry":{"type":"LineString","coordinates":[[121.5648682,25.058952],[121.5648988,25.0589561],[121.5649769,25.0589594],[121.565004,25.0589604],[121.5658609,25.0590015],[121.565939,25.0590095],[121.5660068,25.0590131],[121.5671172,25.059088],[121.5671745,25.0590919],[121.5672254,25.0590958],[121.5681305,25.059166],[121.5682352,25.059174]]}},{"type":"Feature","properties":{"highway":"tertiary","name":"德惠街","osm_id":51275438},"geometry":{"type":"LineString","coordinates":[[121.5332057,25.0665477],[121.5331051,25.0665368],[121.5330452,25.0665381],[121.5326778,25.0665464],[121.5318009,25.0665594],[121.5305568,25.0665555],[121.5304316,25.0665664],[121.5303494,25.0665725],[121.5298799,25.0665956],[121.5294246,25.0666061],[121.5285318,25.0666184],[121.5280034,25.066627]]}},{"type":"Feature","properties":{"highway":"trunk_link","name":"長春路出口匝道","osm_id":51285121},"geometry":{"type":"LineString","coordinates":[[121.527477,25.0567174],[121.5274489,25.0553428]]}},{"type":"Feature","properties":{"highway":"trunk_link","name":"長春路出口匝道","osm_id":51285122},"geometry":{"type":"LineString","coordinates":[[121.5274489,25.0553428],[121.5273886,25.0549077]]}},{"type":"Feature","properties":{"highway":"trunk","name":"新生高架道路","osm_id":51285123},"geometry":{"type":"LineString","coordinates":[[121.5293128,25.0409829],[121.5292899,25.0410458],[121.5293576,25.0413296]]}},{"type":"Feature","properties":{"highway":"tertiary_link","name":"","osm_id":51289042},"geometry":{"type":"LineString","coordinates":[[121.5300109,25.0485116],[121.5298954,25.0485636],[121.5296979,25.0485647],[121.5296162,25.0485652],[121.5295686,25.0485497]]}},{"type":"Feature","properties":{"highway":"trunk_link","name":"長安東路出口匝道","osm_id":51289043},"geometry":{"type":"LineString","coordinates":[[121.5288267,25.0491214],[121.5288701,25.0489916]]}},{"type":"Feature","properties":{"highway":"trunk_link","name":"","osm_id":51289044},"geometry":{"type":"LineString","coordinates":[[121.5291398,25.0490352],[121.5289119,25.0493839],[121.5287755,25.0496091],[121.5286396,25.0498619],[121.5282782,25.0506128]]}},{"type":"Feature","properties":{"highway":"tertiary","name":"新生北路一段","osm_id":51289045},"geometry":{"type":"LineString","coordinates":[[121.5328512,25.0459566],[121.5327213,25.0460526],[121.5325415,25.0461444],[121.5322227,25.0463284],[121.5317314,25.0466286],[121.5317179,25.0466348],[121.531345,25.0468984],[121.5312684,25.0469549],[121.531078,25.0470954],[121.5309101,25.0472212],[121.530861,25.047258],[121.5306422,25.0474313],[121.530449,25.0476101],[121.5301805,25.0478664],[121.5300565,25.0479955],[121.5300347,25.0480194],[121.5299783,25.0480724]]}},{"type":"Feature","properties":{"highway":"tertiary","name":"新生北路一段","osm_id":51289046},"geometry":{"type":"LineString","coordinates":[[121.5275582,25.0520173],[121.5275818,25.0519105],[121.5276329,25.0516508],[121.5276722,25.0515211],[121.5277156,25.051374],[121.5278663,25.0509231],[121.5279435,25.0507272],[121.5279604,25.0506845],[121.5280366,25.0505088],[121.5280883,25.0503873],[121.5281211,25.0503162],[121.5281635,25.050218],[121.5282364,25.0500574],[121.5283582,25.0498168],[121.528378,25.0497788],[121.5284691,25.0496055],[121.5285786,25.0494154],[121.5287153,25.0491986],[121.5287611,25.0491228],[121.5288701,25.0489916]]}},{"type":"Feature","properties":{"highway":"trunk_link","name":"長安東路出口匝道","osm_id":51289047},"geometry":{"type":"LineString","coordinates":[[121.5309978,25.046698],[121.5310112,25.0467746],[121.5310098,25.0468438],[121.5310031,25.046904],[121.5309921,25.0469526],[121.5309676,25.04702],[121.5309394,25.0470765],[121.5309059,25.047136],[121.5308614,25.0471938],[121.5307381,25.0473098],[121.5304061,25.0475965],[121.530089,25.0478896]]}},{"type":"Feature","properties":{"highway":"trunk_link","name":"長安東路出口匝道","osm_id":51289048},"geometry":{"type":"LineString","coordinates":[[121.5280754,25.0505495],[121.528301,25.0500557],[121.5283975,25.0498655],[121.5285041,25.0496672],[121.5286312,25.0494446],[121.5288267,25.0491214]]}},{"type":"Feature","properties":{"highway":"trunk_link","name":"大直出口匝道","osm_id":51338167},"geometry":{"type":"LineString","coordinates":[[121.5260982,25.07348],[121.5259108,25.0737945],[121.5258587,25.073882],[121.5258425,25.0739327],[121.5258318,25.0739782],[121.5258305,25.0740651],[121.5258412,25.0741331],[121.525858,25.0741887],[121.5258888,25.0742564],[121.5259264,25.0743157],[121.5259968,25.0743891],[121.5260706,25.0744392]]}},{"type":"Feature","properties":{"highway":"tertiary_link","name":"三民路","osm_id":51354470},"geometry":{"type":"LineString","coordinates":[[121.56352,25.0592377],[121.5635109,25.0593512],[121.5635068,25.0595142],[121.5634705,25.0598506],[121.5633652,25.059914]]}},{"type":"Feature","properties":{"highway":"tertiary_link","name":"三民路","osm_id":51354506},"geometry":{"type":"LineString","coordinates":[[121.5636353,25.0580482],[121.5636178,25.0582954],[121.5636139,25.0583504],[121.5636079,25.0584344],[121.5635937,25.0585691]]}},{"type":"Feature","properties":{"highway":"tertiary_link","name":"三民路","osm_id":51354507},"geometry":{"type":"LineString","coordinates":[[121.563308,25.058543],[121.5633132,25.0584164],[121.5633408,25.058033]]}},{"type":"Feature","properties":{"highway":"trunk","name":"新生高架道路","osm_id":51362361},"geometry":{"type":"LineString","coordinates":[[121.5293576,25.0413296],[121.5298961,25.0430094],[121.5299689,25.0432614],[121.530634,25.0456455],[121.530692,25.0458481],[121.5308122,25.0462036],[121.5308842,25.0464253]]}},{"type":"Feature","properties":{"highway":"trunk","name":"新生高架道路","osm_id":51362362},"geometry":{"type":"LineString","coordinates":[[121.5293011,25.0413447],[121.529222,25.0410658],[121.5291742,25.0410313]]}},{"type":"Feature","properties":{"highway":"trunk_link","name":"新生南路入口匝道","osm_id":51362366},"geometry":{"type":"LineString","coordinates":[[121.527671,25.0469283],[121.5269873,25.0472018]]}},{"type":"Feature","properties":{"highway":"trunk_link","name":"新生南路出口匝道","osm_id":51362367},"geometry":{"type":"LineString","coordinates":[[121.5269455,25.0471009],[121.527671,25.0469283]]}},{"type":"Feature","properties":{"highway":"trunk_link","name":"","osm_id":51362368},"geometry":{"type":"LineString","coordinates":[[121.5298469,25.0462907],[121.5306452,25.0460768]]}},{"type":"Feature","properties":{"highway":"trunk","name":"市民大道高架道路","osm_id":51362369},"geometry":{"type":"LineString","coordinates":[[121.5266591,25.0473025],[121.5261058,25.0474696],[121.5259431,25.0475125],[121.525748,25.0475625],[121.5255743,25.0476062],[121.5254172,25.047642],[121.5251867,25.0476913],[121.5249619,25.0477357],[121.524663,25.0477885],[121.5243329,25.047834],[121.5240669,25.0478626],[121.5237649,25.0478845],[121.5217318,25.0480011],[121.5214746,25.0480236],[121.5212272,25.0480459],[121.5210333,25.0480728],[121.5208161,25.0481098],[121.5204339,25.0481857],[121.5201241,25.0482435],[121.5197406,25.0483089],[121.5184518,25.0485155]]}},{"type":"Feature","properties":{"highway":"trunk_link","name":"八德路出口匝道","osm_id":51362381},"geometry":{"type":"LineString","coordinates":[[121.5305448,25.0458299],[121.5301191,25.0442503]]}},{"type":"Feature","properties":{"highway":"trunk_link","name":"八德路入口匝道","osm_id":51362389},"geometry":{"type":"LineString","coordinates":[[121.530165,25.0437086],[121.5301741,25.0437704],[121.530186,25.0438188],[121.5302365,25.0440232]]}},{"type":"Feature","properties":{"highway":"trunk_link","name":"八德路出口匝道","osm_id":51362394},"geometry":{"type":"LineString","coordinates":[[121.5301191,25.0442503],[121.5299678,25.043773],[121.5298938,25.0436437]]}},{"type":"Feature","properties":{"highway":"trunk_link","name":"八德路入口匝道","osm_id":51362398},"geometry":{"type":"LineString","coordinates":[[121.5302365,25.0440232],[121.5304026,25.0445955],[121.5305126,25.0449643],[121.5307018,25.0456289]]}},{"type":"Feature","properties":{"highway":"trunk_link","name":"","osm_id":51362403},"geometry":{"type":"LineString","coordinates":[[121.527671,25.0469283],[121.5282258,25.0467812],[121.5287664,25.046615],[121.5298469,25.0462907]]}},{"type":"Feature","properties":{"highway":"tertiary","name":"八德路二段","osm_id":51362429},"geometry":{"type":"LineString","coordinates":[[121.5354423,25.0455134],[121.5353439,25.0454434],[121.5353128,25.0454212],[121.5352627,25.0453856],[121.5348722,25.0451077],[121.5347673,25.0450393]]}},{"type":"Feature","properties":{"highway":"tertiary","name":"渭水路","osm_id":51362430},"geometry":{"type":"LineString","coordinates":[[121.5335965,25.045704],[121.5340123,25.0456996]]}},{"type":"Feature","properties":{"highway":"tertiary","name":"新生北路一段62巷","osm_id":51362431},"geometry":{"type":"LineString","coordinates":[[121.5308508,25.046876],[121.530718,25.0463449]]}},{"type":"Feature","properties":{"highway":"trunk_link","name":"長安東路出口匝道","osm_id":51362432},"geometry":{"type":"LineString","coordinates":[[121.530089,25.0478896],[121.5300154,25.0479707],[121.5299783,25.0480724]]}},{"type":"Feature","properties":{"highway":"trunk_link","name":"長安東路入口匝道","osm_id":51362434},"geometry":{"type":"LineString","coordinates":[[121.5297517,25.0479428],[121.5302774,25.0474215],[121.5306428,25.0471275]]}},{"type":"Feature","properties":{"highway":"tertiary","name":"錦州橋","osm_id":51364311},"geometry":{"type":"LineString","coordinates":[[121.5275871,25.0602936],[121.527874,25.0603753],[121.5287784,25.0603498]]}},{"type":"Feature","properties":{"highway":"tertiary","name":"錦州街","osm_id":51364312},"geometry":{"type":"LineString","coordinates":[[121.5287784,25.0603498],[121.528825,25.0603496],[121.5288624,25.0603456],[121.5289685,25.0603343],[121.5290371,25.0603334],[121.5297516,25.0603244],[121.5301651,25.0603227],[121.5302574,25.0603508]]}},{"type":"Feature","properties":{"highway":"tertiary","name":"錦州橋","osm_id":51364313},"geometry":{"type":"LineString","coordinates":[[121.5272413,25.0602503],[121.5274084,25.0602468],[121.5274463,25.0602521]]}},{"type":"Feature","properties":{"highway":"tertiary","name":"錦州橋","osm_id":51364314},"geometry":{"type":"LineString","coordinates":[[121.5274796,25.0602616],[121.5275871,25.0602936]]}},{"type":"Feature","properties":{"highway":"secondary","name":"承德路二段","osm_id":51392778},"geometry":{"type":"LineString","coordinates":[[121.5177714,25.0531982],[121.5177952,25.0532818]]}},{"type":"Feature","properties":{"highway":"secondary","name":"承德路二段","osm_id":51392790},"geometry":{"type":"LineString","coordinates":[[121.5181645,25.0602139],[121.5181624,25.0601056],[121.5181472,25.059299],[121.518132,25.0584944],[121.5181278,25.0584128]]}},{"type":"Feature","properties":{"highway":"tertiary","name":"松信路","osm_id":51420720},"geometry":{"type":"LineString","coordinates":[[121.5722405,25.0494746],[121.5722386,25.0495241],[121.572257,25.0497969],[121.5722652,25.0499185],[121.5723518,25.0500466]]}},{"type":"Feature","properties":{"highway":"trunk_link","name":"","osm_id":51420755},"geometry":{"type":"LineString","coordinates":[[121.5686377,25.045707],[121.5687482,25.0457037]]}},{"type":"Feature","properties":{"highway":"tertiary","name":"東興路","osm_id":51420780},"geometry":{"type":"LineString","coordinates":[[121.5653899,25.0514492],[121.5653946,25.051314]]}},{"type":"Feature","properties":{"highway":"tertiary","name":"市民大道四段","osm_id":51420787},"geometry":{"type":"LineString","coordinates":[[121.5578168,25.0452444],[121.5576921,25.0452085]]}},{"type":"Feature","properties":{"highway":"tertiary","name":"八德路四段","osm_id":51420788},"geometry":{"type":"LineString","coordinates":[[121.5692013,25.0493749],[121.5695562,25.0494373]]}},{"type":"Feature","properties":{"highway":"tertiary","name":"市民大道五段","osm_id":51420789},"geometry":{"type":"LineString","coordinates":[[121.5690695,25.0491441],[121.5689547,25.0491359]]}},{"type":"Feature","properties":{"highway":"tertiary","name":"市民大道五段","osm_id":51420791},"geometry":{"type":"LineString","coordinates":[[121.557824,25.0450423],[121.5578784,25.0450886],[121.5579773,25.0451709]]}},{"type":"Feature","properties":{"highway":"tertiary","name":"長安東路二段","osm_id":51423105},"geometry":{"type":"LineString","coordinates":[[121.5294904,25.0481698],[121.5297572,25.0483436]]}},{"type":"Feature","properties":{"highway":"primary","name":"中山南路","osm_id":51423110},"geometry":{"type":"LineString","coordinates":[[121.5181626,25.0407285],[121.5181331,25.0406269],[121.518112,25.040554],[121.5178105,25.0395139],[121.5178032,25.0394887],[121.5177788,25.0394046]]}},{"type":"Feature","properties":{"highway":"primary","name":"忠孝西路地下道","osm_id":51423113},"geometry":{"type":"LineString","coordinates":[[121.5200395,25.0456108],[121.5196885,25.0456719]]}},{"type":"Feature","properties":{"highway":"primary","name":"忠孝西路一段","osm_id":51423114},"geometry":{"type":"LineString","coordinates":[[121.5192946,25.0457462],[121.5183014,25.0459858]]}},{"type":"Feature","properties":{"highway":"secondary","name":"南京東路一段","osm_id":51423119},"geometry":{"type":"LineString","coordinates":[[121.5266848,25.052175],[121.5265847,25.0521946],[121.5264361,25.052197],[121.525515,25.052212],[121.5254237,25.0521906]]}},{"type":"Feature","properties":{"highway":"secondary","name":"南京東路二段","osm_id":51423120},"geometry":{"type":"LineString","coordinates":[[121.5275582,25.0520173],[121.5278844,25.0520124]]}},{"type":"Feature","properties":{"highway":"tertiary","name":"市民大道六段","osm_id":51797084},"geometry":{"type":"LineString","coordinates":[[121.5689675,25.0489808],[121.5693364,25.0490413]]}},{"type":"Feature","properties":{"highway":"trunk","name":"環東大道","osm_id":51812997},"geometry":{"type":"LineString","coordinates":[[121.576685,25.0546688],[121.574742,25.0536288]]}},{"type":"Feature","properties":{"highway":"trunk_link","name":"堤頂大道出口匝道","osm_id":51813000},"geometry":{"type":"LineString","coordinates":[[121.5767856,25.0549682],[121.5765262,25.0549451],[121.5762963,25.054946],[121.5760258,25.0549761],[121.5757356,25.0550381],[121.5754523,25.0551293],[121.575157,25.0552561],[121.5749063,25.0553891],[121.5746521,25.0555707],[121.574418,25.0557784],[121.5741834,25.056025],[121.5740124,25.056244]]}},{"type":"Feature","properties":{"highway":"secondary","name":"麥帥一橋","osm_id":51813001},"geometry":{"type":"LineString","coordinates":[[121.5756351,25.0541077],[121.5742729,25.0533664],[121.5708109,25.0515103],[121.5705912,25.0514176],[121.5703943,25.0513594],[121.5701446,25.0513337],[121.5698506,25.051328],[121.5676963,25.0513731]]}},{"type":"Feature","properties":{"highway":"secondary_link","name":"","osm_id":51813002},"geometry":{"type":"LineString","coordinates":[[121.5726416,25.0633622],[121.5726718,25.0635041],[121.5726404,25.0639408],[121.5726473,25.0640645]]}},{"type":"Feature","properties":{"highway":"trunk_link","name":"環東大道出口匝道","osm_id":51813007},"geometry":{"type":"LineString","coordinates":[[121.5739776,25.0561924],[121.574156,25.055967],[121.574349,25.0557599],[121.5746207,25.0555187],[121.5749009,25.0553238],[121.575192,25.0551613],[121.5754655,25.0550452],[121.5756935,25.05497],[121.5759285,25.0549154],[121.576185,25.0548752],[121.5763858,25.0548644],[121.5766114,25.0548698],[121.5768253,25.0548895],[121.5770567,25.0549245],[121.5773021,25.0549846],[121.577532,25.0550643],[121.5778109,25.0551866],[121.579823,25.0562638]]}},{"type":"Feature","properties":{"highway":"trunk_link","name":"南京東路出口匝道","osm_id":51813008},"geometry":{"type":"LineString","coordinates":[[121.5723524,25.0568396],[121.572485,25.0569112],[121.5728281,25.0571549],[121.5729423,25.0572047],[121.5730948,25.0572135],[121.5732417,25.0571789],[121.5733727,25.0571008],[121.573462,25.0569954],[121.5735297,25.0568661],[121.5737443,25.0563758],[121.5738824,25.0561511],[121.5740693,25.055897],[121.5742296,25.055722],[121.5744436,25.0555242]]}},{"type":"Feature","properties":{"highway":"trunk_link","name":"南京東路出口匝道","osm_id":51813009},"geometry":{"type":"LineString","coordinates":[[121.5744436,25.0555242],[121.5745308,25.0554531],[121.5746494,25.0553302]]}},{"type":"Feature","properties":{"highway":"secondary","name":"民權東路六段","osm_id":51813011},"geometry":{"type":"LineString","coordinates":[[121.5726473,25.0640645],[121.5726204,25.0643428],[121.5725881,25.0646767],[121.5726123,25.0647507],[121.5726593,25.0647909],[121.573228,25.0649772],[121.5740532,25.0652446],[121.5742708,25.0653174],[121.5750123,25.0655663],[121.5751246,25.065609]]}},{"type":"Feature","properties":{"highway":"trunk_link","name":"堤頂大道出口匝道","osm_id":51813012},"geometry":{"type":"LineString","coordinates":[[121.5724629,25.0639235],[121.5724954,25.0641696]]}},{"type":"Feature","properties":{"highway":"trunk_link","name":"環東大道出口匝道","osm_id":51813013},"geometry":{"type":"LineString","coordinates":[[121.5724072,25.0639077],[121.5724594,25.0634722],[121.5724956,25.0632565],[121.5727585,25.0618158],[121.5728021,25.0616056],[121.5728706,25.0613343],[121.5730964,25.0606431],[121.5731421,25.0604676],[121.5733774,25.0591057],[121.5734324,25.0586938],[121.57348,25.0582414],[121.5734961,25.0576339],[121.5735041,25.0574808],[121.573525,25.0573138],[121.5735572,25.0571291],[121.5736189,25.0569092],[121.5736872,25.0567221],[121.5738187,25.0564488],[121.5739776,25.0561924]]}},{"type":"Feature","properties":{"highway":"trunk_link","name":"堤頂大道出口匝道","osm_id":51813014},"geometry":{"type":"LineString","coordinates":[[121.5740124,25.056244],[121.5738588,25.0564988],[121.5737295,25.0567665],[121.5736624,25.0569617],[121.5736169,25.0571351],[121.5735826,25.0573216],[121.5735625,25.0575167],[121.5735559,25.0576776],[121.5735485,25.0581976],[121.573482,25.0587582],[121.5734344,25.0591176],[121.5731998,25.0604888],[121.5731488,25.0606698],[121.5729101,25.0614048],[121.5728632,25.0615934],[121.5728202,25.0618328],[121.5725554,25.0632669],[121.5725185,25.0634818],[121.5724629,25.0639235]]}},{"type":"Feature","properties":{"highway":"trunk_link","name":"環東大道出口匝道","osm_id":51813020},"geometry":{"type":"LineString","coordinates":[[121.572269,25.0644624],[121.5723789,25.0641009],[121.5724072,25.0639077]]}},{"type":"Feature","properties":{"highway":"secondary","name":"舊宗路一段","osm_id":51813023},"geometry":{"type":"LineString","coordinates":[[121.5749402,25.0659477],[121.5751246,25.065609]]}},{"type":"Feature","properties":{"highway":"tertiary_link","name":"三民路","osm_id":51821757},"geometry":{"type":"LineString","coordinates":[[121.5632817,25.0599075],[121.5631891,25.0598569],[121.5632206,25.0594182],[121.5632233,25.0593803],[121.5632254,25.059351],[121.5632372,25.0592135]]}},{"type":"Feature","properties":{"highway":"tertiary","name":"劍潭路","osm_id":51878521},"geometry":{"type":"LineString","coordinates":[[121.523454,25.0840146],[121.5236251,25.0840276]]}},{"type":"Feature","properties":{"highway":"secondary","name":"中山北路五段","osm_id":51878571},"geometry":{"type":"LineString","coordinates":[[121.5278874,25.0958096],[121.5279112,25.0957222]]}},{"type":"Feature","properties":{"highway":"tertiary","name":"基河路","osm_id":51879043},"geometry":{"type":"LineString","coordinates":[[121.5247287,25.0841103],[121.5247866,25.0842853]]}},{"type":"Feature","properties":{"highway":"tertiary","name":"林森北路","osm_id":51885181},"geometry":{"type":"LineString","coordinates":[[121.5254331,25.0523578],[121.5254449,25.0526222],[121.525451,25.0530187],[121.5254653,25.0538235],[121.5254574,25.0538366],[121.5254241,25.053892]]}},{"type":"Feature","properties":{"highway":"primary_link","name":"","osm_id":51903895},"geometry":{"type":"LineString","coordinates":[[121.5172005,25.0916225],[121.5168786,25.0915332],[121.5167881,25.0915048],[121.5166857,25.0914974],[121.516542,25.0915102],[121.5163969,25.091547],[121.5162376,25.0916134],[121.5160894,25.0917064],[121.5159829,25.0918048],[121.5157958,25.0919988]]}},{"type":"Feature","properties":{"highway":"primary","name":"承德路五段","osm_id":51903904},"geometry":{"type":"LineString","coordinates":[[121.5165957,25.0910254],[121.5164548,25.0911323]]}},{"type":"Feature","properties":{"highway":"secondary","name":"中正路","osm_id":51903905},"geometry":{"type":"LineString","coordinates":[[121.5165957,25.0910254],[121.5175068,25.091599],[121.5177828,25.0917752]]}},{"type":"Feature","properties":{"highway":"secondary","name":"中正路","osm_id":51903906},"geometry":{"type":"LineString","coordinates":[[121.5278874,25.0958096],[121.527807,25.0957913]]}},{"type":"Feature","properties":{"highway":"secondary_link","name":"","osm_id":51903908},"geometry":{"type":"LineString","coordinates":[[121.5174521,25.0904049],[121.5173314,25.0905914],[121.5172674,25.0907091],[121.5172326,25.0907972],[121.5172096,25.0909114],[121.5172166,25.0910554],[121.5172604,25.0911954],[121.5173157,25.0913082],[121.5173347,25.0913469],[121.5175068,25.091599]]}},{"type":"Feature","properties":{"highway":"primary","name":"百齡橋","osm_id":51903914},"geometry":{"type":"LineString","coordinates":[[121.5153671,25.0904089],[121.5150199,25.0901494],[121.5119415,25.0880816]]}},{"type":"Feature","properties":{"highway":"primary","name":"百齡橋","osm_id":51903916},"geometry":{"type":"LineString","coordinates":[[121.5156367,25.0903902],[121.515739,25.0904769],[121.5164518,25.0909431]]}},{"type":"Feature","properties":{"highway":"primary_link","name":"","osm_id":51903917},"geometry":{"type":"LineString","coordinates":[[121.515739,25.0904769],[121.5160081,25.090563],[121.5161915,25.090603],[121.516406,25.0906213],[121.5165954,25.0906051],[121.5166346,25.0905992],[121.5170265,25.0905284]]}},{"type":"Feature","properties":{"highway":"tertiary","name":"南京西路","osm_id":51911170},"geometry":{"type":"LineString","coordinates":[[121.5142974,25.0540658],[121.5140356,25.054048],[121.5137066,25.054022],[121.5135783,25.0540156],[121.5135452,25.0540123],[121.5135085,25.0540085],[121.513437,25.0540017],[121.5131331,25.053979],[121.5128576,25.0539596],[121.5126763,25.0539462],[121.512328,25.0539121],[121.5121849,25.0539011],[121.5120256,25.0538907],[121.5118763,25.0538808],[121.5117574,25.0538732]]}},{"type":"Feature","properties":{"highway":"trunk_link","name":"重慶北路出口匝道","osm_id":51911176},"geometry":{"type":"LineString","coordinates":[[121.5184518,25.0485155],[121.5176828,25.0485645]]}},{"type":"Feature","properties":{"highway":"trunk_link","name":"重慶北路入口匝道","osm_id":51911177},"geometry":{"type":"LineString","coordinates":[[121.5176828,25.0485645],[121.5184222,25.0483928]]}},{"type":"Feature","properties":{"highway":"trunk_link","name":"","osm_id":51911178},"geometry":{"type":"LineString","coordinates":[[121.5176828,25.0485645],[121.5155827,25.048901],[121.5146828,25.0491209]]}},{"type":"Feature","properties":{"highway":"trunk","name":"市民大道高架道路","osm_id":51919155},"geometry":{"type":"LineString","coordinates":[[121.5103681,25.0501216],[121.5107989,25.0500637],[121.5114641,25.0499471],[121.5119576,25.0498402],[121.5122795,25.049743],[121.5130412,25.0494805],[121.5145218,25.049082],[121.5153265,25.0488876],[121.5177083,25.0484794]]}},{"type":"Feature","properties":{"highway":"primary","name":"忠孝西路一段","osm_id":52242861},"geometry":{"type":"LineString","coordinates":[[121.5196578,25.0457611],[121.5195271,25.0457875]]}},{"type":"Feature","properties":{"highway":"primary","name":"忠孝西路地下道","osm_id":52242863},"geometry":{"type":"LineString","coordinates":[[121.5196885,25.0456719],[121.5192946,25.0457462]]}},{"type":"Feature","properties":{"highway":"tertiary","name":"錦州街","osm_id":52248977},"geometry":{"type":"LineString","coordinates":[[121.5269212,25.0602633],[121.5256522,25.0602852],[121.5255652,25.0602882],[121.5254645,25.0602923],[121.5251911,25.0602998],[121.5247975,25.0603119],[121.5242888,25.0603277],[121.5237412,25.0603452],[121.5235062,25.0603518],[121.5231375,25.0603633],[121.5230812,25.060365]]}},{"type":"Feature","properties":{"highway":"tertiary","name":"錦州街","osm_id":52248979},"geometry":{"type":"LineString","coordinates":[[121.5271483,25.0602589],[121.5269212,25.0602633]]}},{"type":"Feature","properties":{"highway":"secondary","name":"中正路","osm_id":52249337},"geometry":{"type":"LineString","coordinates":[[121.5321186,25.0965878],[121.5319634,25.0965559],[121.5303104,25.0962559],[121.5302626,25.0962473],[121.5295077,25.0961102],[121.5292286,25.0960596],[121.5283535,25.0959008],[121.5280854,25.0958521],[121.5280311,25.0958385]]}},{"type":"Feature","properties":{"highway":"secondary","name":"中正路","osm_id":52249338},"geometry":{"type":"LineString","coordinates":[[121.5279112,25.0957222],[121.5279656,25.0957336]]}},{"type":"Feature","properties":{"highway":"primary","name":"福林路","osm_id":52249340},"geometry":{"type":"LineString","coordinates":[[121.5321431,25.0964953],[121.5324178,25.0965724],[121.5329617,25.0969239],[121.5338781,25.0975204],[121.5343546,25.0978427],[121.5344801,25.0979244]]}},{"type":"Feature","properties":{"highway":"primary","name":"中山北路五段","osm_id":52249342},"geometry":{"type":"LineString","coordinates":[[121.5256029,25.0841407],[121.5256293,25.0843171],[121.5257024,25.0847003],[121.5257384,25.0848937],[121.5257608,25.0850282],[121.5257784,25.0851336],[121.5257848,25.0851865],[121.5257879,25.0852604],[121.5257896,25.0853495],[121.5257843,25.0854068],[121.5257504,25.0856002]]}},{"type":"Feature","properties":{"highway":"secondary","name":"民權大橋","osm_id":52907067},"geometry":{"type":"LineString","coordinates":[[121.5774504,25.0665178],[121.5759216,25.0661018],[121.5752791,25.0659188],[121.5749194,25.0658093],[121.5711285,25.0645404]]}},{"type":"Feature","properties":{"highway":"secondary","name":"北安路","osm_id":56723594},"geometry":{"type":"LineString","coordinates":[[121.528983,25.0778433],[121.5286896,25.0777393],[121.5285893,25.0776918],[121.5283934,25.0775777]]}},{"type":"Feature","properties":{"highway":"primary","name":"中山北路一段","osm_id":56723599},"geometry":{"type":"LineString","coordinates":[[121.5195799,25.0455956],[121.5196578,25.0457611]]}},{"type":"Feature","properties":{"highway":"tertiary","name":"行善路","osm_id":77998954},"geometry":{"type":"LineString","coordinates":[[121.5743228,25.0559433],[121.5744324,25.055998],[121.5754767,25.0565294],[121.5756131,25.0565988]]}},{"type":"Feature","properties":{"highway":"tertiary","name":"敬業三路","osm_id":80840377},"geometry":{"type":"LineString","coordinates":[[121.5562841,25.084572],[121.5562849,25.0844628],[121.556282,25.0840218],[121.5562862,25.0839386]]}},{"type":"Feature","properties":{"highway":"secondary","name":"復北地下道","osm_id":95015334},"geometry":{"type":"LineString","coordinates":[[121.5443655,25.066891],[121.5443426,25.0713846]]}},{"type":"Feature","properties":{"highway":"secondary","name":"","osm_id":95015336},"geometry":{"type":"LineString","coordinates":[[121.5443667,25.0664702],[121.5443655,25.066891]]}},{"type":"Feature","properties":{"highway":"primary","name":"忠孝西路一段","osm_id":98562079},"geometry":{"type":"LineString","coordinates":[[121.5174787,25.046147],[121.5181803,25.0460173]]}},{"type":"Feature","properties":{"highway":"primary","name":"忠孝西路一段","osm_id":98562080},"geometry":{"type":"LineString","coordinates":[[121.5181803,25.0460173],[121.5175562,25.046261]]}},{"type":"Feature","properties":{"highway":"trunk_link","name":"濱江街入口匝道","osm_id":98718119},"geometry":{"type":"LineString","coordinates":[[121.5319722,25.0719645],[121.5320443,25.0719629],[121.5321413,25.0719245],[121.53234,25.0718727]]}},{"type":"Feature","properties":{"highway":"trunk_link","name":"濱江街入口匝道","osm_id":98718120},"geometry":{"type":"LineString","coordinates":[[121.53234,25.0718727],[121.5324489,25.071841],[121.5325467,25.0717928],[121.5326351,25.0717337],[121.5327031,25.071675],[121.5327725,25.0716043]]}},{"type":"Feature","properties":{"highway":"trunk_link","name":"濱江街入口匝道","osm_id":98718121},"geometry":{"type":"LineString","coordinates":[[121.5327725,25.0716043],[121.5328608,25.0714833],[121.5329424,25.0713649],[121.5330081,25.0712533],[121.5330804,25.0711033],[121.5331343,25.0709415],[121.5331741,25.0707968],[121.5332109,25.070633],[121.5332219,25.0705032],[121.5332937,25.0701998]]}},{"type":"Feature","properties":{"highway":"secondary","name":"故宮路","osm_id":98723286},"geometry":{"type":"LineString","coordinates":[[121.5487987,25.0954662],[121.548767,25.0956073],[121.5487177,25.0956841],[121.5486552,25.0957601],[121.5485968,25.0958081],[121.5485318,25.0958669],[121.5483329,25.0959615],[121.5478148,25.0961458],[121.5476497,25.0962251],[121.5475449,25.0963012],[121.5474849,25.0963486],[121.5474356,25.0963867],[121.5473772,25.096441],[121.5473116,25.0965201],[121.5472544,25.0966028],[121.5471818,25.0967494],[121.5471614,25.0967941],[121.5470382,25.0970687],[121.5469042,25.0973956],[121.5468156,25.0975987],[121.5467633,25.0977197]]}},{"type":"Feature","properties":{"highway":"secondary","name":"自強橋","osm_id":98723288},"geometry":{"type":"LineString","coordinates":[[121.5488496,25.0948624],[121.5487987,25.0954662]]}},{"type":"Feature","properties":{"highway":"secondary","name":"","osm_id":98723708},"geometry":{"type":"LineString","coordinates":[[121.548898,25.0944264],[121.5488496,25.0948624]]}},{"type":"Feature","properties":{"highway":"secondary","name":"自強隧道","osm_id":98723709},"geometry":{"type":"LineString","coordinates":[[121.5485055,25.0944193],[121.5485761,25.0933926],[121.5485833,25.0932881],[121.5490159,25.0869939]]}},{"type":"Feature","properties":{"highway":"secondary","name":"","osm_id":98723712},"geometry":{"type":"LineString","coordinates":[[121.5490159,25.0869939],[121.5490369,25.0867479],[121.5490844,25.0865761],[121.5491554,25.0864],[121.5492306,25.086259],[121.549491,25.0857709]]}},{"type":"Feature","properties":{"highway":"secondary","name":"自強隧道","osm_id":98723713},"geometry":{"type":"LineString","coordinates":[[121.5495953,25.0869781],[121.548898,25.0944264]]}},{"type":"Feature","properties":{"highway":"secondary_link","name":"","osm_id":98725125},"geometry":{"type":"LineString","coordinates":[[121.54447,25.076712],[121.5445235,25.0768474],[121.5445458,25.0769733],[121.54458,25.0770705],[121.5446206,25.077136],[121.5446997,25.0772248],[121.5448114,25.077294],[121.5448999,25.0773286],[121.544971,25.077345],[121.5450809,25.0773571],[121.5464141,25.0773244]]}},{"type":"Feature","properties":{"highway":"secondary","name":"北安路","osm_id":98726567},"geometry":{"type":"LineString","coordinates":[[121.5391779,25.0793527],[121.5393857,25.0793794],[121.5400229,25.0794128],[121.5401716,25.0794201],[121.5409714,25.0794593],[121.5411795,25.0794739],[121.5412674,25.0794797]]}},{"type":"Feature","properties":{"highway":"secondary","name":"至善路二段","osm_id":99007516},"geometry":{"type":"LineString","coordinates":[[121.5432553,25.0970676],[121.5440183,25.0970181],[121.5441046,25.0970241],[121.544244,25.0970388]]}},{"type":"Feature","properties":{"highway":"secondary","name":"望星橋","osm_id":99007518},"geometry":{"type":"LineString","coordinates":[[121.5424346,25.097116],[121.5425451,25.0971112],[121.5432553,25.0970676]]}},{"type":"Feature","properties":{"highway":"primary","name":"雨農路","osm_id":99189793},"geometry":{"type":"LineString","coordinates":[[121.5321431,25.0964953],[121.5321186,25.0965878]]}},{"type":"Feature","properties":{"highway":"tertiary","name":"蘭州街","osm_id":105824933},"geometry":{"type":"LineString","coordinates":[[121.5141991,25.0618077],[121.5144161,25.0622669],[121.5145447,25.0625363],[121.5145807,25.0626148],[121.5146734,25.0628243],[121.514702,25.062889]]}},{"type":"Feature","properties":{"highway":"tertiary","name":"民生西路","osm_id":105824935},"geometry":{"type":"LineString","coordinates":[[121.5227432,25.0579069],[121.5228607,25.0579211]]}},{"type":"Feature","properties":{"highway":"trunk_link","name":"基隆路入口匝道","osm_id":137111672},"geometry":{"type":"LineString","coordinates":[[121.5658923,25.0434852],[121.5659487,25.0435911],[121.565988,25.0436524],[121.5661245,25.0438715]]}},{"type":"Feature","properties":{"highway":"secondary","name":"基隆路一段","osm_id":137111673},"geometry":{"type":"LineString","coordinates":[[121.563786,25.0398793],[121.5638598,25.0400088],[121.5639206,25.0401065],[121.5642236,25.0405972],[121.5644698,25.0409815],[121.564579,25.0411035]]}},{"type":"Feature","properties":{"highway":"tertiary","name":"基隆路一段","osm_id":137111674},"geometry":{"type":"LineString","coordinates":[[121.5636783,25.0393784],[121.5637074,25.039462],[121.5637439,25.0395377],[121.5637911,25.0396224],[121.5640804,25.0401105],[121.5642458,25.0403895]]}},{"type":"Feature","properties":{"highway":"primary_link","name":"","osm_id":137195740},"geometry":{"type":"LineString","coordinates":[[121.5191221,25.0456813],[121.5192288,25.0455787],[121.5192973,25.0454718],[121.5193158,25.0454172],[121.5193356,25.0453427],[121.5193357,25.0452279]]}},{"type":"Feature","properties":{"highway":"tertiary","name":"基河路","osm_id":137290588},"geometry":{"type":"LineString","coordinates":[[121.5251635,25.085924],[121.5250446,25.085778],[121.5249566,25.0853498],[121.5248268,25.0848639],[121.52472,25.0844212],[121.5246862,25.084278]]}},{"type":"Feature","properties":{"highway":"secondary","name":"大直橋","osm_id":137317898},"geometry":{"type":"LineString","coordinates":[[121.5443594,25.0792724],[121.5443204,25.0773077],[121.5442994,25.0767253],[121.544267,25.0750411],[121.5442762,25.0744985],[121.5442457,25.0730164]]}},{"type":"Feature","properties":{"highway":"secondary","name":"復北地下道","osm_id":137317902},"geometry":{"type":"LineString","coordinates":[[121.5442554,25.0713856],[121.5442587,25.0669476]]}},{"type":"Feature","properties":{"highway":"secondary","name":"大直橋","osm_id":137317903},"geometry":{"type":"LineString","coordinates":[[121.5444909,25.0792716],[121.5444891,25.0796797]]}},{"type":"Feature","properties":{"highway":"secondary","name":"大直橋","osm_id":137317904},"geometry":{"type":"LineString","coordinates":[[121.5442457,25.0730164],[121.544229,25.0725377],[121.5442283,25.0725165],[121.5442275,25.0724942],[121.5442277,25.0724126]]}},{"type":"Feature","properties":{"highway":"secondary","name":"北安路","osm_id":137317905},"geometry":{"type":"LineString","coordinates":[[121.5331114,25.0779088],[121.5331502,25.0779017],[121.5331898,25.0779032]]}},{"type":"Feature","properties":{"highway":"secondary","name":"大直橋","osm_id":137317907},"geometry":{"type":"LineString","coordinates":[[121.544366,25.0797591],[121.5443616,25.0796671],[121.5443594,25.0792724]]}},{"type":"Feature","properties":{"highway":"secondary","name":"北安路","osm_id":137317908},"geometry":{"type":"LineString","coordinates":[[121.5331368,25.0781966],[121.533027,25.0781802],[121.532729,25.0781238],[121.5325923,25.078121],[121.5323603,25.078122],[121.5314421,25.0781981],[121.5313995,25.0782016],[121.5312035,25.0782101],[121.5310466,25.0781992],[121.5302859,25.0780827],[121.5302198,25.0780732],[121.5296173,25.0779869],[121.5293385,25.0779404],[121.5290623,25.0778658],[121.528983,25.0778433]]}},{"type":"Feature","properties":{"highway":"secondary","name":"","osm_id":137317913},"geometry":{"type":"LineString","coordinates":[[121.5442587,25.0669476],[121.544258,25.0667408],[121.5442577,25.0666489],[121.5442574,25.0665491]]}},{"type":"Feature","properties":{"highway":"secondary","name":"中山北路五段","osm_id":137318239},"geometry":{"type":"LineString","coordinates":[[121.5279433,25.0958205],[121.5279177,25.0959167],[121.527569,25.0971397],[121.527454,25.0975834],[121.5274363,25.0976445],[121.5273957,25.0977938]]}},{"type":"Feature","properties":{"highway":"secondary","name":"至善路一段","osm_id":137320994},"geometry":{"type":"LineString","coordinates":[[121.5399268,25.0974763],[121.5398562,25.097486],[121.5384928,25.0978733],[121.5381374,25.0979744],[121.538059,25.0979984],[121.5380062,25.0980146],[121.5379214,25.0980612],[121.5378433,25.0981198],[121.5376484,25.0983134],[121.5369666,25.0989584],[121.5366252,25.0992452],[121.536538,25.0993185]]}},{"type":"Feature","properties":{"highway":"secondary","name":"至善路一段","osm_id":137321004},"geometry":{"type":"LineString","coordinates":[[121.542222,25.0972875],[121.5416219,25.0973369],[121.5400079,25.0974696],[121.5399268,25.0974763]]}},{"type":"Feature","properties":{"highway":"secondary","name":"至善路二段","osm_id":137321010},"geometry":{"type":"LineString","coordinates":[[121.5440326,25.0971751],[121.5435147,25.0972057],[121.5432011,25.0972243]]}},{"type":"Feature","properties":{"highway":"secondary","name":"望星橋","osm_id":137321011},"geometry":{"type":"LineString","coordinates":[[121.5430624,25.0972332],[121.5426026,25.0972633],[121.5425613,25.097266],[121.5424467,25.0972733],[121.542222,25.0972875]]}},{"type":"Feature","properties":{"highway":"primary","name":"百齡橋","osm_id":137324290},"geometry":{"type":"LineString","coordinates":[[121.5156104,25.0905923],[121.5153671,25.0904089]]}},{"type":"Feature","properties":{"highway":"trunk_link","name":"仁愛路出口匝道","osm_id":137954844},"geometry":{"type":"LineString","coordinates":[[121.5373,25.0410772],[121.5373986,25.0406274],[121.5375261,25.0403],[121.5376373,25.039937],[121.5377093,25.0396273],[121.53776,25.0392421],[121.5377464,25.0386577]]}},{"type":"Feature","properties":{"highway":"trunk_link","name":"仁愛路入口匝道","osm_id":137954845},"geometry":{"type":"LineString","coordinates":[[121.5380391,25.0385629],[121.5380391,25.0390936],[121.5380023,25.0395326],[121.5379328,25.039927],[121.5379042,25.0400493],[121.5377652,25.040416],[121.5375683,25.0407428]]}},{"type":"Feature","properties":{"highway":"tertiary","name":"民生東路四段","osm_id":144500729},"geometry":{"type":"LineString","coordinates":[[121.5552262,25.0583182],[121.5551303,25.0583106],[121.5544768,25.0582504],[121.55442,25.0582451],[121.5543695,25.0582405],[121.5542599,25.058232],[121.5541748,25.0582225],[121.5529862,25.0581118],[121.552927,25.058107],[121.552851,25.0581],[121.5521664,25.0580368],[121.5521005,25.058034]]}},{"type":"Feature","properties":{"highway":"tertiary","name":"民生東路五段","osm_id":144500730},"geometry":{"type":"LineString","coordinates":[[121.5552433,25.0582301],[121.5553566,25.0582397],[121.5569452,25.0583547],[121.55703,25.0583608],[121.5570801,25.0583646],[121.5582141,25.058451],[121.5583654,25.0584625],[121.5583892,25.0584641],[121.5592939,25.0585247],[121.5597308,25.0585563]]}},{"type":"Feature","properties":{"highway":"tertiary","name":"民生東路四段","osm_id":144500732},"geometry":{"type":"LineString","coordinates":[[121.5505173,25.0577885],[121.5506043,25.0577967],[121.5515454,25.0578839],[121.5520014,25.0579275],[121.5521104,25.0579402]]}},{"type":"Feature","properties":{"highway":"tertiary","name":"民生東路三段","osm_id":144500733},"geometry":{"type":"LineString","coordinates":[[121.5492853,25.05778],[121.5490498,25.0577816]]}},{"type":"Feature","properties":{"highway":"tertiary","name":"八德路四段","osm_id":155112337},"geometry":{"type":"LineString","coordinates":[[121.5577609,25.0481861],[121.5578747,25.0481941]]}},{"type":"Feature","properties":{"highway":"tertiary","name":"杭州北路","osm_id":157964856},"geometry":{"type":"LineString","coordinates":[[121.52686,25.0440126],[121.5268928,25.0441261],[121.5271616,25.0450565],[121.5271886,25.0451498],[121.5272685,25.0454259],[121.5272909,25.0455104]]}},{"type":"Feature","properties":{"highway":"trunk","name":"堤頂大道二段","osm_id":158807855},"geometry":{"type":"LineString","coordinates":[[121.5606951,25.0842945],[121.5609327,25.0840225],[121.5611138,25.0836338],[121.5614039,25.082941],[121.5616028,25.0824359],[121.5618496,25.081914],[121.5622054,25.0811498],[121.5625011,25.0806661],[121.5625323,25.0806179],[121.5625535,25.0805851]]}},{"type":"Feature","properties":{"highway":"tertiary","name":"","osm_id":158900128},"geometry":{"type":"LineString","coordinates":[[121.5613165,25.0836509],[121.5611419,25.0841245],[121.5611339,25.0842763],[121.5611434,25.0843343],[121.5611513,25.084382]]}},{"type":"Feature","properties":{"highway":"secondary","name":"北安路","osm_id":158917941},"geometry":{"type":"LineString","coordinates":[[121.5390129,25.0777743],[121.5389218,25.0777779]]}},{"type":"Feature","properties":{"highway":"tertiary","name":"明水路","osm_id":158917960},"geometry":{"type":"LineString","coordinates":[[121.552693,25.0858121],[121.5526434,25.0857129],[121.552378,25.0856172],[121.552245,25.0855935],[121.5520364,25.0855352],[121.5518655,25.0854666],[121.551659,25.0853646],[121.5514724,25.0852412],[121.551321,25.0851156],[121.5511807,25.0849667],[121.5510848,25.0848446],[121.5509945,25.0847057],[121.5508958,25.0845071],[121.5508132,25.0842871],[121.5507957,25.0841928],[121.5507859,25.0841375],[121.5507792,25.0841038],[121.5507621,25.08385],[121.5507654,25.0837977]]}},{"type":"Feature","properties":{"highway":"secondary","name":"樂群一路","osm_id":158917983},"geometry":{"type":"LineString","coordinates":[[121.550867,25.0772556],[121.5512504,25.0772499],[121.5562074,25.0771287],[121.5562998,25.0771268]]}},{"type":"Feature","properties":{"highway":"secondary","name":"民權東路六段","osm_id":159118865},"geometry":{"type":"LineString","coordinates":[[121.5780801,25.0667286],[121.5779206,25.066736],[121.5774745,25.0666231],[121.5761498,25.066253],[121.5755889,25.0660952],[121.5751738,25.0659829],[121.5750545,25.0659506]]}},{"type":"Feature","properties":{"highway":"primary","name":"重慶北路四段","osm_id":159458988},"geometry":{"type":"LineString","coordinates":[[121.5139893,25.0783629],[121.5139785,25.0787795],[121.5139235,25.0791513],[121.5138216,25.0795946],[121.513662,25.0800901],[121.5134813,25.0805045]]}},{"type":"Feature","properties":{"highway":"trunk_link","name":"舊宗路出口匝道","osm_id":159933546},"geometry":{"type":"LineString","coordinates":[[121.5747935,25.0534943],[121.575132,25.0537564]]}},{"type":"Feature","properties":{"highway":"trunk_link","name":"舊宗路入口匝道","osm_id":159933549},"geometry":{"type":"LineString","coordinates":[[121.575132,25.0537564],[121.574742,25.0536288]]}},{"type":"Feature","properties":{"highway":"tertiary","name":"林森南路","osm_id":159980284},"geometry":{"type":"LineString","coordinates":[[121.5233288,25.044749],[121.5232942,25.0446307],[121.5232879,25.0446092],[121.5232637,25.0445264],[121.5231977,25.0443073],[121.5231574,25.0441621],[121.5230272,25.0437159],[121.5230002,25.0436268]]}},{"type":"Feature","properties":{"highway":"trunk","name":"市民大道高架道路","osm_id":160053377},"geometry":{"type":"LineString","coordinates":[[121.5633641,25.044958],[121.5627878,25.0450582],[121.5622407,25.0451456],[121.5616399,25.045204],[121.5609961,25.0452331],[121.5589981,25.0452648],[121.5585109,25.0452537],[121.5581354,25.0452051],[121.5578445,25.0451676],[121.5574118,25.0451052],[121.5556597,25.0447604],[121.555024,25.0446413],[121.5549892,25.0446353],[121.5544554,25.0445441],[121.5539726,25.0444955],[121.5534576,25.0444664],[121.5529855,25.0444858],[121.5524705,25.0445247],[121.5517839,25.044583],[121.5495706,25.0448561],[121.5473054,25.045099],[121.5468384,25.0451507],[121.546465,25.0451589],[121.5460904,25.0451563],[121.5454434,25.0450811]]}},{"type":"Feature","properties":{"highway":"trunk_link","name":"基隆路入口匝道","osm_id":160053381},"geometry":{"type":"LineString","coordinates":[[121.5661245,25.0438715],[121.5668219,25.045029],[121.5673952,25.0459887],[121.568421,25.047706],[121.5684772,25.047884]]}},{"type":"Feature","properties":{"highway":"trunk","name":"市民大道高架道路","osm_id":160053390},"geometry":{"type":"LineString","coordinates":[[121.5671141,25.0457367],[121.5671835,25.0458178],[121.5673591,25.0460951],[121.5683449,25.0477516],[121.5684772,25.047884]]}},{"type":"Feature","properties":{"highway":"trunk_link","name":"基隆路出口匝道","osm_id":160185687},"geometry":{"type":"LineString","coordinates":[[121.5673846,25.0459682],[121.5673644,25.0459347],[121.5673327,25.0458818],[121.5672993,25.0458252]]}},{"type":"Feature","properties":{"highway":"trunk_link","name":"基隆路出口匝道","osm_id":160185688},"geometry":{"type":"LineString","coordinates":[[121.5684902,25.0479042],[121.5684339,25.0477275],[121.5673846,25.0459682]]}},{"type":"Feature","properties":{"highway":"secondary","name":"北安路","osm_id":160307899},"geometry":{"type":"LineString","coordinates":[[121.5583928,25.0849014],[121.5583188,25.0848636],[121.5582202,25.0848133],[121.5580508,25.084729],[121.5577962,25.0846263],[121.5575436,25.0845799],[121.5574486,25.0845698],[121.5571725,25.084558],[121.5567959,25.0846092],[121.5564326,25.0847022],[121.5563066,25.0847342]]}},{"type":"Feature","properties":{"highway":"secondary","name":"北安路","osm_id":160307901},"geometry":{"type":"LineString","coordinates":[[121.5389218,25.0777779],[121.538956,25.0776747]]}},{"type":"Feature","properties":{"highway":"tertiary","name":"文湖街","osm_id":172356275},"geometry":{"type":"LineString","coordinates":[[121.5655699,25.0863852],[121.5654607,25.0864149],[121.5641428,25.086474],[121.5640609,25.0864899]]}},{"type":"Feature","properties":{"highway":"primary","name":"承德路五段","osm_id":176027011},"geometry":{"type":"LineString","coordinates":[[121.5139189,25.0960876],[121.5139665,25.0959564],[121.513991,25.0958803],[121.5157683,25.0915289]]}},{"type":"Feature","properties":{"highway":"primary_link","name":"","osm_id":176027023},"geometry":{"type":"LineString","coordinates":[[121.5156463,25.0914959],[121.515689,25.0914161],[121.5157132,25.0912868],[121.5157179,25.0911453],[121.5156917,25.0909941],[121.5156394,25.090858],[121.5155757,25.0907454],[121.5154785,25.0906233],[121.5154003,25.0905491],[121.5153671,25.0904089]]}},{"type":"Feature","properties":{"highway":"primary","name":"承德路五段","osm_id":176027024},"geometry":{"type":"LineString","coordinates":[[121.5157683,25.0915289],[121.5158635,25.0914354],[121.5159189,25.0913669],[121.5160355,25.0912407],[121.5161349,25.0911543],[121.5163012,25.0910441]]}},{"type":"Feature","properties":{"highway":"tertiary","name":"襄陽路","osm_id":179000190},"geometry":{"type":"LineString","coordinates":[[121.5132206,25.0434122],[121.5132293,25.0434121],[121.5133113,25.0434115],[121.5141021,25.0434051]]}},{"type":"Feature","properties":{"highway":"secondary","name":"新生北路一段","osm_id":182334378},"geometry":{"type":"LineString","coordinates":[[121.5330006,25.0443975],[121.533002,25.0445155],[121.5330073,25.0449599],[121.5330087,25.0451891],[121.5329883,25.0453065]]}},{"type":"Feature","properties":{"highway":"secondary","name":"新生南路一段","osm_id":182334379},"geometry":{"type":"LineString","coordinates":[[121.5328258,25.0443601],[121.5328229,25.0442386],[121.532812,25.0437702],[121.5327967,25.0431198],[121.5327834,25.0425534],[121.5327802,25.0424169]]}},{"type":"Feature","properties":{"highway":"secondary","name":"南京東路四段","osm_id":189615566},"geometry":{"type":"LineString","coordinates":[[121.5489664,25.0516675],[121.5491952,25.0516604]]}},{"type":"Feature","properties":{"highway":"secondary","name":"南京西路","osm_id":189615568},"geometry":{"type":"LineString","coordinates":[[121.5202609,25.0526168],[121.5204547,25.0525756]]}},{"type":"Feature","properties":{"highway":"secondary","name":"南京西路","osm_id":189615571},"geometry":{"type":"LineString","coordinates":[[121.5202553,25.0527129],[121.5201936,25.0527271],[121.5197315,25.052834],[121.5190113,25.0530006],[121.5189567,25.0530132]]}},{"type":"Feature","properties":{"highway":"secondary","name":"南京東路五段","osm_id":189615573},"geometry":{"type":"LineString","coordinates":[[121.5580948,25.0514636],[121.558435,25.0514597]]}},{"type":"Feature","properties":{"highway":"primary","name":"忠孝東路一段","osm_id":192888504},"geometry":{"type":"LineString","coordinates":[[121.5233288,25.044749],[121.5234862,25.0447102],[121.5238368,25.0446285],[121.5242559,25.0445267],[121.5248772,25.0443757],[121.524939,25.044361],[121.525087,25.0443285],[121.5251858,25.0443006],[121.5259465,25.044116],[121.5264131,25.0440026],[121.5266397,25.0439473],[121.5267154,25.0439289],[121.5268271,25.043902]]}},{"type":"Feature","properties":{"highway":"primary","name":"忠孝東路一段","osm_id":192888505},"geometry":{"type":"LineString","coordinates":[[121.5207817,25.0454292],[121.5214723,25.0451901]]}},{"type":"Feature","properties":{"highway":"primary","name":"忠孝東路一段","osm_id":192888508},"geometry":{"type":"LineString","coordinates":[[121.5207817,25.0454292],[121.5204614,25.0455046],[121.5200395,25.0456108]]}},{"type":"Feature","properties":{"highway":"secondary","name":"復興南路一段","osm_id":196961202},"geometry":{"type":"LineString","coordinates":[[121.5437139,25.041558],[121.5437123,25.0413727],[121.5437059,25.0407646],[121.5437048,25.0406451],[121.5436873,25.0398877],[121.5436858,25.0398213],[121.543684,25.0397441],[121.5436675,25.0390319],[121.5436336,25.0382546],[121.5436314,25.038158]]}},{"type":"Feature","properties":{"highway":"primary","name":"忠孝東路三段","osm_id":196961209},"geometry":{"type":"LineString","coordinates":[[121.5416409,25.0417226],[121.5415846,25.0417232],[121.5406916,25.0417333],[121.5397967,25.0417426],[121.539709,25.0417443],[121.5396379,25.0417451],[121.5392117,25.0417499],[121.5387161,25.0417555],[121.5374754,25.0417694],[121.537343,25.0417709]]}},{"type":"Feature","properties":{"highway":"tertiary","name":"長安東路二段","osm_id":196961214},"geometry":{"type":"LineString","coordinates":[[121.5364678,25.0483945],[121.5365289,25.0483935],[121.5365879,25.0483926]]}},{"type":"Feature","properties":{"highway":"tertiary","name":"八德路二段","osm_id":196961215},"geometry":{"type":"LineString","coordinates":[[121.5415689,25.0469884],[121.5414969,25.04697]]}},{"type":"Feature","properties":{"highway":"tertiary","name":"建國南路一段","osm_id":196961377},"geometry":{"type":"LineString","coordinates":[[121.537343,25.0417709],[121.5372961,25.0418876],[121.5372096,25.0420976],[121.5370488,25.0425561],[121.5369996,25.0427591],[121.5369592,25.0429623],[121.5369395,25.043082],[121.5369189,25.0432323],[121.5368934,25.0435049],[121.5368884,25.0436222],[121.5368838,25.0437283],[121.5368846,25.0437797],[121.5368867,25.043915],[121.5368977,25.0440509],[121.5368971,25.0442626],[121.5369042,25.0445948],[121.5369054,25.0446398]]}},{"type":"Feature","properties":{"highway":"tertiary","name":"建國北路一段","osm_id":196961378},"geometry":{"type":"LineString","coordinates":[[121.5369195,25.0461247],[121.5369232,25.0462288],[121.5369403,25.0466149],[121.5369449,25.0466786],[121.5369511,25.0469561],[121.5369484,25.0471714],[121.5369534,25.0472528],[121.5369591,25.0475577],[121.5369638,25.0482648],[121.5369603,25.0483136],[121.5369385,25.0483757]]}},{"type":"Feature","properties":{"highway":"tertiary","name":"長安東路二段","osm_id":196961381},"geometry":{"type":"LineString","coordinates":[[121.5438797,25.0482567],[121.5440173,25.0482545]]}},{"type":"Feature","properties":{"highway":"secondary","name":"復興北路","osm_id":196961382},"geometry":{"type":"LineString","coordinates":[[121.5438797,25.0482567],[121.5438775,25.0481305],[121.5438694,25.047763],[121.5438683,25.0477163],[121.5438676,25.0476832],[121.5438654,25.0475633]]}},{"type":"Feature","properties":{"highway":"secondary","name":"基隆路一段","osm_id":197466298},"geometry":{"type":"LineString","coordinates":[[121.5654947,25.04265],[121.565798,25.0431788],[121.5658195,25.0432163],[121.5658952,25.0433495]]}},{"type":"Feature","properties":{"highway":"tertiary","name":"公園路","osm_id":198414876},"geometry":{"type":"LineString","coordinates":[[121.5171543,25.0450278],[121.5171907,25.0451398],[121.5171964,25.0451609],[121.5172694,25.0454293],[121.5172912,25.0455084],[121.5173428,25.0456951],[121.5174335,25.0460228],[121.5174682,25.0461482]]}},{"type":"Feature","properties":{"highway":"secondary","name":"濱江街","osm_id":198567071},"geometry":{"type":"LineString","coordinates":[[121.5361503,25.0724846],[121.5362064,25.0724815],[121.5362665,25.0724818],[121.5365803,25.0725088],[121.5366352,25.0725135],[121.5367731,25.0725269],[121.5368078,25.0725303],[121.5375642,25.0725225],[121.5378602,25.0725213],[121.5382769,25.0724828],[121.538522,25.0724505],[121.5385856,25.0724438],[121.5394007,25.0723968]]}},{"type":"Feature","properties":{"highway":"secondary_link","name":"","osm_id":198567072},"geometry":{"type":"LineString","coordinates":[[121.5354245,25.0724185],[121.5355597,25.0724889],[121.5357556,25.0725594],[121.5358142,25.0725895],[121.5358458,25.0726333],[121.5358564,25.07267]]}},{"type":"Feature","properties":{"highway":"secondary","name":"復興北路","osm_id":198589896},"geometry":{"type":"LineString","coordinates":[[121.5441571,25.0623154],[121.5441532,25.0621351]]}},{"type":"Feature","properties":{"highway":"secondary","name":"復興北路","osm_id":198589897},"geometry":{"type":"LineString","coordinates":[[121.5442033,25.0642845],[121.5442013,25.0642016],[121.5441849,25.0635331],[121.5441838,25.0634823],[121.5441824,25.0634199],[121.5441811,25.0633622]]}},{"type":"Feature","properties":{"highway":"secondary","name":"松江路","osm_id":198589903},"geometry":{"type":"LineString","coordinates":[[121.533524,25.0681928],[121.5335216,25.0682988]]}},{"type":"Feature","properties":{"highway":"secondary","name":"松江路","osm_id":198589905},"geometry":{"type":"LineString","coordinates":[[121.5331517,25.0625671],[121.5331269,25.062416]]}},{"type":"Feature","properties":{"highway":"tertiary","name":"民族東路","osm_id":198589907},"geometry":{"type":"LineString","coordinates":[[121.533524,25.0681928],[121.5335649,25.0681879]]}},{"type":"Feature","properties":{"highway":"secondary","name":"民權東路二段","osm_id":198589909},"geometry":{"type":"LineString","coordinates":[[121.5331517,25.0625671],[121.533018,25.0625692],[121.5318379,25.0625934],[121.531724,25.0626027],[121.5316218,25.0626046],[121.5304744,25.0626208],[121.5303358,25.0626244]]}},{"type":"Feature","properties":{"highway":"secondary","name":"民權東路三段","osm_id":198589912},"geometry":{"type":"LineString","coordinates":[[121.5441571,25.0623154],[121.544075,25.062344],[121.5439441,25.0623796],[121.543816,25.0624075],[121.5436531,25.0624192],[121.5427015,25.0624268],[121.5426474,25.0624262],[121.5425964,25.0624272],[121.5424981,25.0624281]]}},{"type":"Feature","properties":{"highway":"tertiary","name":"松仁路","osm_id":198645485},"geometry":{"type":"LineString","coordinates":[[121.5683956,25.040986],[121.5683926,25.0409071],[121.5683854,25.040489],[121.5683837,25.0404185],[121.5683801,25.0402299],[121.5683765,25.0400398],[121.5683729,25.0398488],[121.5683612,25.0392061],[121.5683583,25.0390778]]}},{"type":"Feature","properties":{"highway":"primary","name":"忠孝東路五段","osm_id":198645495},"geometry":{"type":"LineString","coordinates":[[121.564579,25.0411035],[121.5647442,25.0411061],[121.5650887,25.0410894]]}},{"type":"Feature","properties":{"highway":"secondary","name":"基隆路一段","osm_id":198645497},"geometry":{"type":"LineString","coordinates":[[121.564579,25.0411035],[121.5646488,25.0412047]]}},{"type":"Feature","properties":{"highway":"tertiary","name":"建國南路一段","osm_id":198735196},"geometry":{"type":"LineString","coordinates":[[121.5374029,25.0416224],[121.537343,25.0417709]]}},{"type":"Feature","properties":{"highway":"tertiary","name":"林森南路","osm_id":198874288},"geometry":{"type":"LineString","coordinates":[[121.5230002,25.0436268],[121.522976,25.0435418],[121.5228212,25.0430216],[121.522798,25.0429435],[121.5227727,25.0428498],[121.5226868,25.042532],[121.5226571,25.0424215]]}},{"type":"Feature","properties":{"highway":"primary","name":"忠孝東路一段","osm_id":198874292},"geometry":{"type":"LineString","coordinates":[[121.521611,25.045158],[121.5216952,25.0451375],[121.5219161,25.0450818],[121.52231,25.0449918],[121.5227231,25.0448968],[121.5231145,25.0448017],[121.5231735,25.0447874],[121.5233288,25.044749]]}},{"type":"Feature","properties":{"highway":"secondary","name":"復興南路一段","osm_id":198922264},"geometry":{"type":"LineString","coordinates":[[121.5438394,25.0416839],[121.5438436,25.0418438],[121.5438661,25.0425198],[121.5438719,25.0426913],[121.5438773,25.0428531],[121.5438857,25.0431365],[121.5439007,25.043638],[121.5439236,25.0444063],[121.5439303,25.0446521],[121.5439352,25.0447557],[121.5439383,25.0449789]]}},{"type":"Feature","properties":{"highway":"primary","name":"重慶北路三段","osm_id":199239730},"geometry":{"type":"LineString","coordinates":[[121.5139267,25.0757059],[121.5139121,25.0759582],[121.5139657,25.0768437],[121.5139835,25.0775619],[121.5139893,25.0783629]]}},{"type":"Feature","properties":{"highway":"secondary","name":"南京西路","osm_id":199239731},"geometry":{"type":"LineString","coordinates":[[121.5161359,25.05367],[121.5160234,25.0536974],[121.5156684,25.0537732],[121.5151242,25.0539085],[121.5150731,25.0539331]]}},{"type":"Feature","properties":{"highway":"secondary","name":"重慶北路一段","osm_id":199239734},"geometry":{"type":"LineString","coordinates":[[121.5142974,25.0540658],[121.514277,25.0539528],[121.5141978,25.0535468]]}},{"type":"Feature","properties":{"highway":"secondary","name":"承德路一段","osm_id":199239736},"geometry":{"type":"LineString","coordinates":[[121.5171257,25.0508746],[121.5171476,25.0509465],[121.5172434,25.0512914],[121.5173187,25.0515605],[121.5173738,25.051749],[121.5174178,25.0518878],[121.5174263,25.0519253],[121.517516,25.0522473],[121.5175916,25.0525232],[121.5176013,25.0526089],[121.5177429,25.0531024],[121.5177714,25.0531982]]}},{"type":"Feature","properties":{"highway":"secondary","name":"重慶北路一段","osm_id":199239737},"geometry":{"type":"LineString","coordinates":[[121.5144167,25.0540344],[121.5144376,25.054136]]}},{"type":"Feature","properties":{"highway":"secondary","name":"承德路二段","osm_id":199239738},"geometry":{"type":"LineString","coordinates":[[121.5177952,25.0532818],[121.5178203,25.0533624],[121.517933,25.0537255],[121.5180141,25.0539664],[121.5182323,25.0546148],[121.5182601,25.054866],[121.518263,25.0549406],[121.5182533,25.0553168],[121.5182501,25.0555307],[121.5182466,25.0557984],[121.5182487,25.0562276],[121.5182483,25.0562922],[121.5182417,25.0564287],[121.518238,25.0567102],[121.5182376,25.0570808],[121.5182376,25.0572159],[121.5182446,25.0573124],[121.5182477,25.057347]]}},{"type":"Feature","properties":{"highway":"secondary","name":"南京西路","osm_id":199239741},"geometry":{"type":"LineString","coordinates":[[121.5150731,25.0539331],[121.5150186,25.0539803],[121.5149643,25.0540458],[121.5149119,25.0540939],[121.5148442,25.0541331],[121.5147515,25.0541624],[121.5146744,25.0541728],[121.5145905,25.0541673],[121.5144376,25.054136]]}},{"type":"Feature","properties":{"highway":"tertiary","name":"民生西路","osm_id":199973250},"geometry":{"type":"LineString","coordinates":[[121.5202461,25.0575959],[121.5204678,25.0576235],[121.5205265,25.0576308],[121.520818,25.0576671],[121.5208733,25.057674],[121.5218276,25.0577929]]}},{"type":"Feature","properties":{"highway":"tertiary","name":"民生西路","osm_id":199973252},"geometry":{"type":"LineString","coordinates":[[121.5157318,25.0570078],[121.5169697,25.0571879],[121.5172582,25.0572238],[121.5174862,25.0572512],[121.5178658,25.0572995],[121.5179717,25.0573126],[121.5180899,25.0573274]]}},{"type":"Feature","properties":{"highway":"secondary","name":"承德路二段","osm_id":199973253},"geometry":{"type":"LineString","coordinates":[[121.5180899,25.0573274],[121.518087,25.057291]]}},{"type":"Feature","properties":{"highway":"secondary","name":"南京西路","osm_id":199980018},"geometry":{"type":"LineString","coordinates":[[121.5144376,25.054136],[121.5142974,25.0540658]]}},{"type":"Feature","properties":{"highway":"primary","name":"中山北路二段","osm_id":200015399},"geometry":{"type":"LineString","coordinates":[[121.5226118,25.0628407],[121.5225799,25.0629795],[121.5223598,25.063936]]}},{"type":"Feature","properties":{"highway":"tertiary","name":"民權西路","osm_id":201280838},"geometry":{"type":"LineString","coordinates":[[121.5159716,25.0630359],[121.5158245,25.0630513],[121.5156853,25.0630538],[121.5148913,25.0630783],[121.5148011,25.063082]]}},{"type":"Feature","properties":{"highway":"trunk","name":"市民大道高架道路","osm_id":204711191},"geometry":{"type":"LineString","coordinates":[[121.5164157,25.0488374],[121.5157342,25.0489654],[121.5148222,25.0491598],[121.5139854,25.0493153],[121.5133524,25.0494708],[121.5124297,25.0497916],[121.5120113,25.0499179],[121.5116036,25.0500151],[121.5110671,25.0501123],[121.5106354,25.0501917],[121.5103268,25.0502484]]}},{"type":"Feature","properties":{"highway":"trunk","name":"市民大道高架道路","osm_id":204711194},"geometry":{"type":"LineString","coordinates":[[121.5184222,25.0483928],[121.5195635,25.0482226],[121.5199592,25.0481619],[121.5205459,25.0480515],[121.5208074,25.0480029],[121.5211112,25.047953],[121.521372,25.0479185],[121.5216984,25.0478923],[121.5239628,25.0477593],[121.5243144,25.0477295],[121.5246944,25.0476749],[121.5249284,25.0476366],[121.5251975,25.0475807],[121.5255071,25.0475103],[121.5258472,25.0474228],[121.5261548,25.0473383],[121.5266128,25.0471992]]}},{"type":"Feature","properties":{"highway":"trunk","name":"市民大道高架道路","osm_id":204711199},"geometry":{"type":"LineString","coordinates":[[121.5176198,25.0486556],[121.5164157,25.0488374]]}},{"type":"Feature","properties":{"highway":"tertiary","name":"撫遠街","osm_id":205066810},"geometry":{"type":"LineString","coordinates":[[121.5682128,25.0683034],[121.5681003,25.0682938],[121.5680476,25.068282],[121.5675424,25.0681691],[121.5674361,25.0681351],[121.5673064,25.0680937]]}},{"type":"Feature","properties":{"highway":"tertiary","name":"長安東路一段","osm_id":217690233},"geometry":{"type":"LineString","coordinates":[[121.5214968,25.0498624],[121.5216305,25.0498283]]}},{"type":"Feature","properties":{"highway":"secondary_link","name":"迴轉道","osm_id":221560687},"geometry":{"type":"LineString","coordinates":[[121.5646725,25.0416977],[121.5646514,25.0415893],[121.5646507,25.0415483],[121.56465,25.0415166],[121.5646541,25.0414918],[121.5646671,25.0414702],[121.5647002,25.0414575],[121.5647375,25.041459],[121.5647929,25.0414917],[121.5648564,25.041542]]}},{"type":"Feature","properties":{"highway":"primary","name":"忠孝東路五段","osm_id":222747663},"geometry":{"type":"LineString","coordinates":[[121.566141,25.0410496],[121.5662563,25.0410461],[121.5671069,25.0410205],[121.5683227,25.040989],[121.5683956,25.040986]]}},{"type":"Feature","properties":{"highway":"tertiary","name":"錦州街","osm_id":225016133},"geometry":{"type":"LineString","coordinates":[[121.5330932,25.0603318],[121.5329929,25.0603326],[121.5325506,25.0603361]]}},{"type":"Feature","properties":{"highway":"secondary","name":"南京西路","osm_id":226831239},"geometry":{"type":"LineString","coordinates":[[121.5188804,25.0529392],[121.5189327,25.0529269],[121.5197989,25.0527247],[121.5201746,25.0526369],[121.5202609,25.0526168]]}},{"type":"Feature","properties":{"highway":"primary","name":"民權西路","osm_id":226831247},"geometry":{"type":"LineString","coordinates":[[121.5182174,25.062827],[121.5183691,25.062823]]}},{"type":"Feature","properties":{"highway":"tertiary","name":"林森南路","osm_id":229844763},"geometry":{"type":"LineString","coordinates":[[121.5222523,25.0410158],[121.5222229,25.0409079],[121.5220463,25.0402601],[121.5219945,25.0400702],[121.5219417,25.0398765],[121.5219286,25.0398284],[121.5219155,25.0397804],[121.5218612,25.0396119],[121.5218171,25.039462],[121.5216567,25.0389395],[121.5216349,25.0388712]]}},{"type":"Feature","properties":{"highway":"primary","name":"中山南路","osm_id":229844765},"geometry":{"type":"LineString","coordinates":[[121.5186258,25.0418822],[121.51868,25.0420656],[121.5187747,25.0423857],[121.5188396,25.0426051],[121.5189886,25.0431085],[121.5190052,25.0431648],[121.5190414,25.0432872]]}},{"type":"Feature","properties":{"highway":"primary","name":"中山南路","osm_id":229885650},"geometry":{"type":"LineString","coordinates":[[121.5194481,25.0456107],[121.5194092,25.045478],[121.5193357,25.0452279]]}},{"type":"Feature","properties":{"highway":"primary","name":"中山北路一段","osm_id":229885657},"geometry":{"type":"LineString","coordinates":[[121.5197151,25.0455801],[121.5197858,25.0457359]]}},{"type":"Feature","properties":{"highway":"secondary","name":"南京東路二段","osm_id":232003900},"geometry":{"type":"LineString","coordinates":[[121.5330764,25.0519477],[121.5331964,25.0519463],[121.5338124,25.0519388],[121.5338731,25.0519387],[121.5341926,25.0519615],[121.5346934,25.0519561],[121.5347922,25.0519535]]}},{"type":"Feature","properties":{"highway":"secondary","name":"八德路四段","osm_id":232003902},"geometry":{"type":"LineString","coordinates":[[121.5722652,25.0499185],[121.5725496,25.0498984],[121.5738077,25.0499105],[121.5740893,25.0499251],[121.5742227,25.0499342],[121.5751539,25.0499542],[121.5759255,25.0499727],[121.5759788,25.0499736]]}},{"type":"Feature","properties":{"highway":"secondary","name":"新生北路一段","osm_id":232003903},"geometry":{"type":"LineString","coordinates":[[121.5329955,25.0455158],[121.5329956,25.045574],[121.5329999,25.045756]]}},{"type":"Feature","properties":{"highway":"secondary","name":"基隆路一段","osm_id":232020273},"geometry":{"type":"LineString","coordinates":[[121.5702683,25.0513826],[121.5702175,25.0511567]]}},{"type":"Feature","properties":{"highway":"secondary","name":"南京東路三段","osm_id":232359746},"geometry":{"type":"LineString","coordinates":[[121.5489653,25.051815],[121.5487082,25.0518177]]}},{"type":"Feature","properties":{"highway":"secondary","name":"南京東路二段","osm_id":232359750},"geometry":{"type":"LineString","coordinates":[[121.5329341,25.0521165],[121.5328075,25.0521168],[121.532802,25.0521168],[121.5315978,25.0521245],[121.5315065,25.052125]]}},{"type":"Feature","properties":{"highway":"secondary","name":"敦化北路","osm_id":232359756},"geometry":{"type":"LineString","coordinates":[[121.5489653,25.051815],[121.5489664,25.0516675]]}},{"type":"Feature","properties":{"highway":"tertiary","name":"三民路","osm_id":232361462},"geometry":{"type":"LineString","coordinates":[[121.5638589,25.0541121],[121.5638558,25.0540219],[121.5638547,25.0539956],[121.5638538,25.053975],[121.5638321,25.0534595],[121.5638307,25.0534261],[121.5638294,25.0533794],[121.5638178,25.0529569],[121.5638107,25.0526309],[121.5638082,25.052469],[121.5638062,25.0522784],[121.563804,25.0520741],[121.5638034,25.0520181],[121.5638032,25.0519646],[121.5638031,25.0519398],[121.5638023,25.0517018],[121.5638022,25.0516578],[121.563802,25.0516016],[121.5638016,25.0514866]]}},{"type":"Feature","properties":{"highway":"tertiary","name":"健康路","osm_id":232361463},"geometry":{"type":"LineString","coordinates":[[121.5638535,25.0542194],[121.5637557,25.0542141],[121.5632522,25.0541896],[121.563076,25.054181],[121.5630445,25.0541795],[121.5623932,25.0541478],[121.562186,25.054138],[121.5621553,25.0541366],[121.562017,25.0541301],[121.5614866,25.0540976],[121.5610418,25.0540764],[121.5610056,25.054074],[121.5608979,25.0540671],[121.5608236,25.0540613],[121.5606211,25.0540536],[121.5605875,25.0540523],[121.5604806,25.0540482],[121.5603788,25.0540403],[121.559204,25.0539489],[121.5591492,25.0539446],[121.5591046,25.0539411],[121.5578982,25.0538454],[121.5578618,25.0538425],[121.5577772,25.0538358],[121.5577167,25.0538315],[121.5575565,25.0538157],[121.5568838,25.0537581],[121.5568202,25.0537526],[121.5566967,25.0537004],[121.5565917,25.0536212]]}},{"type":"Feature","properties":{"highway":"secondary","name":"光復北路","osm_id":232361466},"geometry":{"type":"LineString","coordinates":[[121.5578343,25.0514696],[121.5578314,25.0513334],[121.5578233,25.0509371],[121.5578142,25.0505185],[121.5578053,25.0501034],[121.5577981,25.0497436],[121.5577858,25.0491963],[121.5577846,25.0491333],[121.5577829,25.0490557],[121.5577702,25.0484556]]}},{"type":"Feature","properties":{"highway":"tertiary","name":"民生東路三段","osm_id":232361473},"geometry":{"type":"LineString","coordinates":[[121.5490265,25.0576578],[121.5492647,25.0576739]]}},{"type":"Feature","properties":{"highway":"tertiary","name":"安和路一段","osm_id":233952024},"geometry":{"type":"LineString","coordinates":[[121.5491024,25.0400478],[121.549186,25.039976],[121.5503238,25.0389212]]}},{"type":"Feature","properties":{"highway":"tertiary","name":"松隆路","osm_id":235514255},"geometry":{"type":"LineString","coordinates":[[121.5777409,25.0480681],[121.577632,25.0480747],[121.57744,25.0480865],[121.5770818,25.0481689],[121.5764164,25.0483612],[121.5762055,25.0484221],[121.575986,25.0484855],[121.5758514,25.0485244],[121.5758373,25.0485285],[121.5755369,25.0485966],[121.5753438,25.0486063],[121.5751292,25.0485674],[121.5748685,25.0484608],[121.5743944,25.048198],[121.5743678,25.0481832],[121.5742307,25.0481072],[121.572716,25.0472674],[121.572272,25.047022],[121.5721478,25.046956],[121.5720556,25.0469076],[121.5715626,25.0466392],[121.5712207,25.0463807],[121.5709866,25.0462092],[121.5707245,25.0460061],[121.5705021,25.0458296],[121.5703549,25.045705]]}},{"type":"Feature","properties":{"highway":"tertiary_link","name":"","osm_id":238035397},"geometry":{"type":"LineString","coordinates":[[121.5300347,25.0480194],[121.5300482,25.048374],[121.5300109,25.0485116]]}},{"type":"Feature","properties":{"highway":"tertiary","name":"公園路","osm_id":238208422},"geometry":{"type":"LineString","coordinates":[[121.5166954,25.0433809],[121.5166943,25.0434728],[121.516776,25.0437872],[121.5168015,25.0438653],[121.5168232,25.0439262],[121.5168442,25.0440066],[121.5169032,25.0441777],[121.5169184,25.0442305],[121.5169463,25.044327],[121.517021,25.0446212],[121.5171227,25.0449009],[121.5171328,25.0449371],[121.5171543,25.0450278]]}},{"type":"Feature","properties":{"highway":"tertiary","name":"襄陽路","osm_id":238208424},"geometry":{"type":"LineString","coordinates":[[121.5150164,25.0433799],[121.5154916,25.0433752],[121.5155509,25.0433756],[121.5160459,25.0433797],[121.5160888,25.0433801],[121.5161582,25.0433806],[121.5165438,25.0433722],[121.5166394,25.0433809],[121.5166954,25.0433809]]}},{"type":"Feature","properties":{"highway":"tertiary","name":"館前路","osm_id":238208426},"geometry":{"type":"LineString","coordinates":[[121.5150238,25.045978],[121.5150227,25.0460539],[121.5150217,25.0466484],[121.5150171,25.0467587]]}},{"type":"Feature","properties":{"highway":"primary","name":"忠孝東路一段","osm_id":238526526},"geometry":{"type":"LineString","coordinates":[[121.52686,25.0440126],[121.5267522,25.0440421],[121.5260416,25.0442132],[121.5253377,25.044382],[121.5252185,25.044413],[121.5251197,25.0444362]]}},{"type":"Feature","properties":{"highway":"primary","name":"忠孝東路三段","osm_id":238526529},"geometry":{"type":"LineString","coordinates":[[121.5327726,25.0422648],[121.5329138,25.0422422]]}},{"type":"Feature","properties":{"highway":"primary","name":"忠孝東路二段","osm_id":238526530},"geometry":{"type":"LineString","coordinates":[[121.5268271,25.043902],[121.5269515,25.0438685],[121.5270995,25.0438261],[121.5272715,25.0437768],[121.5286587,25.043386],[121.528966,25.0433029]]}},{"type":"Feature","properties":{"highway":"primary","name":"忠孝東路二段","osm_id":238526531},"geometry":{"type":"LineString","coordinates":[[121.5327802,25.0424169],[121.5325838,25.0424633],[121.5321317,25.0425843],[121.5313392,25.0427972],[121.5308868,25.0429185],[121.5307596,25.0429529]]}},{"type":"Feature","properties":{"highway":"primary","name":"忠孝東路四段","osm_id":238526535},"geometry":{"type":"LineString","coordinates":[[121.5437139,25.041558],[121.5438379,25.0415558]]}},{"type":"Feature","properties":{"highway":"primary","name":"忠孝東路四段","osm_id":238526536},"geometry":{"type":"LineString","coordinates":[[121.5646488,25.0412047],[121.5643902,25.0411963]]}},{"type":"Feature","properties":{"highway":"secondary","name":"復興北路","osm_id":238600688},"geometry":{"type":"LineString","coordinates":[[121.5440851,25.0578549],[121.5440785,25.0576884]]}},{"type":"Feature","properties":{"highway":"secondary","name":"敦化北路","osm_id":238689669},"geometry":{"type":"LineString","coordinates":[[121.5514874,25.062271],[121.551535,25.0622853],[121.5515697,25.062293],[121.5516411,25.0623131],[121.5517097,25.0623157],[121.5517452,25.0623171],[121.5518437,25.0623206],[121.5520213,25.0623251],[121.5521009,25.0623269],[121.5522992,25.0623327]]}},{"type":"Feature","properties":{"highway":"secondary","name":"敦化北路","osm_id":238689670},"geometry":{"type":"LineString","coordinates":[[121.5531455,25.0633038],[121.5531423,25.0633736],[121.5531412,25.0633975]]}},{"type":"Feature","properties":{"highway":"tertiary","name":"建國北路三段","osm_id":238707587},"geometry":{"type":"LineString","coordinates":[[121.536563,25.0649112],[121.5365849,25.0648656],[121.5366362,25.0647675],[121.5366934,25.064658],[121.5367997,25.0642359],[121.53682,25.0638556],[121.536822,25.0638169],[121.5368244,25.0637722],[121.5368234,25.0636985],[121.5368222,25.0629881],[121.536822,25.0628825],[121.536806,25.0625707],[121.536803,25.0624684]]}},{"type":"Feature","properties":{"highway":"tertiary","name":"建國北路三段","osm_id":238707588},"geometry":{"type":"LineString","coordinates":[[121.5335649,25.0681879],[121.5335216,25.0682988]]}},{"type":"Feature","properties":{"highway":"tertiary","name":"建國北路三段","osm_id":238707589},"geometry":{"type":"LineString","coordinates":[[121.5332093,25.0677579],[121.5333207,25.0676881],[121.5333775,25.0676535]]}},{"type":"Feature","properties":{"highway":"tertiary","name":"建國北路三段","osm_id":238707590},"geometry":{"type":"LineString","coordinates":[[121.5345643,25.0673586],[121.5344869,25.0674164],[121.5340162,25.0677678],[121.5338128,25.0679213],[121.5336394,25.0680667],[121.5335649,25.0681879]]}},{"type":"Feature","properties":{"highway":"secondary","name":"復興北路","osm_id":238707591},"geometry":{"type":"LineString","coordinates":[[121.5443125,25.0622755],[121.5443138,25.0623985],[121.5443136,25.0627184],[121.5443259,25.0632284],[121.5443271,25.0632785],[121.5443278,25.0633082],[121.5443291,25.0633621]]}},{"type":"Feature","properties":{"highway":"secondary","name":"松江路","osm_id":238707594},"geometry":{"type":"LineString","coordinates":[[121.5333775,25.0676535],[121.5334601,25.0677577],[121.5334946,25.0679391],[121.5335001,25.0679865],[121.5335059,25.0680367],[121.533524,25.0681928]]}},{"type":"Feature","properties":{"highway":"secondary","name":"松江路","osm_id":238707595},"geometry":{"type":"LineString","coordinates":[[121.533282,25.062564],[121.5332828,25.0626819],[121.5332986,25.0634602],[121.5333188,25.0645483],[121.5333198,25.0646061],[121.5333211,25.0646748],[121.53332,25.0647199],[121.5333221,25.0648461],[121.5333365,25.0655919],[121.5333498,25.0663516],[121.5333508,25.0664087],[121.5333519,25.0664694],[121.5333521,25.0665823]]}},{"type":"Feature","properties":{"highway":"tertiary","name":"民族東路","osm_id":238707596},"geometry":{"type":"LineString","coordinates":[[121.5335649,25.0681879],[121.5336584,25.0681872],[121.5342609,25.0681769],[121.5357274,25.0681429]]}},{"type":"Feature","properties":{"highway":"tertiary","name":"民族東路","osm_id":238707597},"geometry":{"type":"LineString","coordinates":[[121.5335216,25.0682988],[121.5333519,25.0683065]]}},{"type":"Feature","properties":{"highway":"secondary","name":"民權東路二段","osm_id":238707598},"geometry":{"type":"LineString","coordinates":[[121.533282,25.062564],[121.5331517,25.0625671]]}},{"type":"Feature","properties":{"highway":"secondary","name":"民權東路三段","osm_id":238707599},"geometry":{"type":"LineString","coordinates":[[121.5443125,25.0622755],[121.5441571,25.0623154]]}},{"type":"Feature","properties":{"highway":"tertiary","name":"三民路","osm_id":238710694},"geometry":{"type":"LineString","coordinates":[[121.5635997,25.0568092],[121.5636344,25.0568879],[121.563628,25.0569615],[121.5636144,25.0571193],[121.5635911,25.0573892],[121.5635872,25.0574343],[121.5635835,25.0574769],[121.5635394,25.0579867],[121.5635362,25.0580452]]}},{"type":"Feature","properties":{"highway":"tertiary","name":"健康路","osm_id":238710696},"geometry":{"type":"LineString","coordinates":[[121.5638589,25.0541121],[121.5639736,25.0541135],[121.5644435,25.054128],[121.5651595,25.0541663],[121.5660833,25.0542163],[121.5661055,25.0542175],[121.5661407,25.0542194],[121.5662035,25.0542225],[121.5662607,25.0542227],[121.5671139,25.0542691],[121.5671467,25.0542708],[121.5672156,25.0542744],[121.5672909,25.0542818]]}},{"type":"Feature","properties":{"highway":"secondary","name":"敦化北路","osm_id":238710704},"geometry":{"type":"LineString","coordinates":[[121.5492853,25.05778],[121.5493025,25.0578451]]}},{"type":"Feature","properties":{"highway":"tertiary","name":"大安路一段","osm_id":239206121},"geometry":{"type":"LineString","coordinates":[[121.5460434,25.0381065],[121.5460449,25.0381769],[121.5460543,25.0386085],[121.5460618,25.0389516],[121.5460628,25.0389972],[121.5460637,25.0390398],[121.5460708,25.0393697],[121.5460785,25.0397216],[121.54608,25.0397916],[121.5460812,25.0398478],[121.5460886,25.0401878],[121.5460955,25.0405874],[121.5461058,25.0409812],[121.5461148,25.0413934],[121.5461208,25.0415216]]}},{"type":"Feature","properties":{"highway":"tertiary","name":"八德路一段","osm_id":241518667},"geometry":{"type":"LineString","coordinates":[[121.5290033,25.0434305],[121.528966,25.0433029]]}},{"type":"Feature","properties":{"highway":"tertiary","name":"八德路二段","osm_id":241518668},"geometry":{"type":"LineString","coordinates":[[121.5364065,25.0460224],[121.5363266,25.0459966],[121.5362553,25.0459757],[121.5361792,25.0459534],[121.5360034,25.0458753],[121.5357662,25.0457426]]}},{"type":"Feature","properties":{"highway":"primary","name":"忠孝東路二段","osm_id":241518671},"geometry":{"type":"LineString","coordinates":[[121.5290033,25.0434305],[121.5289187,25.0434535],[121.5286508,25.0435263],[121.5280655,25.0436852],[121.5275444,25.0438267],[121.527137,25.0439398],[121.5270172,25.043973],[121.526986,25.0439801],[121.52686,25.0440126]]}},{"type":"Feature","properties":{"highway":"tertiary","name":"東興路","osm_id":241518676},"geometry":{"type":"LineString","coordinates":[[121.5669396,25.0459471],[121.5664515,25.0470142],[121.5664066,25.0471123],[121.5663863,25.0471568],[121.5662806,25.0474021],[121.5660842,25.0478346],[121.5659793,25.0480613],[121.5659628,25.0480968],[121.5659421,25.0481416],[121.5658839,25.0482416],[121.5658228,25.0483567]]}},{"type":"Feature","properties":{"highway":"tertiary","name":"永吉路","osm_id":241518679},"geometry":{"type":"LineString","coordinates":[[121.5778522,25.0455016],[121.5777574,25.0455032],[121.5777481,25.0455034],[121.577657,25.0455061],[121.5770921,25.0455167],[121.5770034,25.0455197],[121.576942,25.0455215],[121.5766522,25.0455288],[121.5755586,25.045557],[121.5754838,25.0455589],[121.5754349,25.0455596],[121.5742763,25.0455807],[121.5741898,25.0455825],[121.5741238,25.0455853],[121.5726951,25.0456307],[121.5725777,25.0456339],[121.5722308,25.0456436],[121.5721473,25.0456458],[121.5721005,25.0456471],[121.5720822,25.0456478],[121.5720032,25.0456508],[121.5715193,25.0456692],[121.5708264,25.0456901],[121.5705596,25.0457042]]}},{"type":"Feature","properties":{"highway":"primary","name":"中山北路三段","osm_id":241536920},"geometry":{"type":"LineString","coordinates":[[121.522755,25.0684892],[121.5227334,25.0684131]]}},{"type":"Feature","properties":{"highway":"primary","name":"中山北路四段","osm_id":241536929},"geometry":{"type":"LineString","coordinates":[[121.5253297,25.0765492],[121.5255522,25.0759533],[121.5256542,25.0756393],[121.5257238,25.0754376],[121.5257715,25.0752792],[121.5257937,25.0751866],[121.5258051,25.0750202],[121.5258091,25.0749142]]}},{"type":"Feature","properties":{"highway":"primary","name":"中山北路三段","osm_id":241536933},"geometry":{"type":"LineString","coordinates":[[121.5234503,25.0706347],[121.5234402,25.0705971],[121.5229069,25.0686073],[121.5228746,25.0684868]]}},{"type":"Feature","properties":{"highway":"primary","name":"中山北路四段","osm_id":241536938},"geometry":{"type":"LineString","coordinates":[[121.5263527,25.0767157],[121.5258465,25.0768706]]}},{"type":"Feature","properties":{"highway":"primary","name":"中山北路四段","osm_id":241536941},"geometry":{"type":"LineString","coordinates":[[121.5251762,25.0774431],[121.525007,25.0780924],[121.5245446,25.0796591],[121.5245235,25.0797189]]}},{"type":"Feature","properties":{"highway":"secondary","name":"北安路","osm_id":241536947},"geometry":{"type":"LineString","coordinates":[[121.552693,25.0858121],[121.5525933,25.0858495],[121.5522057,25.0859644],[121.5520292,25.0860091],[121.5518438,25.0860433],[121.5516358,25.086063],[121.5509102,25.0861103],[121.5507373,25.0861286],[121.5505864,25.0861547],[121.5503111,25.0862037]]}},{"type":"Feature","properties":{"highway":"tertiary","name":"林森北路","osm_id":241536961},"geometry":{"type":"LineString","coordinates":[[121.5257514,25.0683535],[121.5257495,25.0682815],[121.5257603,25.0679124]]}},{"type":"Feature","properties":{"highway":"tertiary","name":"民族西路","osm_id":241536967},"geometry":{"type":"LineString","coordinates":[[121.522755,25.0684892],[121.5225876,25.0684997],[121.5218572,25.0685168],[121.5208745,25.0685398],[121.5200905,25.0685582],[121.5199566,25.0685536]]}},{"type":"Feature","properties":{"highway":"tertiary","name":"民族東路","osm_id":241536969},"geometry":{"type":"LineString","coordinates":[[121.5257514,25.0683535],[121.5258411,25.0683523],[121.5259006,25.0683515],[121.5264,25.0683347]]}},{"type":"Feature","properties":{"highway":"tertiary","name":"民族西路","osm_id":241536973},"geometry":{"type":"LineString","coordinates":[[121.5199205,25.0684765],[121.5200891,25.0684805],[121.5206851,25.0684663],[121.5217795,25.0684401],[121.5225884,25.0684208],[121.5227334,25.0684131]]}},{"type":"Feature","properties":{"highway":"tertiary","name":"吉林路","osm_id":241545647},"geometry":{"type":"LineString","coordinates":[[121.5303358,25.0626244],[121.5303375,25.0624758]]}},{"type":"Feature","properties":{"highway":"secondary","name":"敦化北路","osm_id":241545650},"geometry":{"type":"LineString","coordinates":[[121.5507067,25.0614618],[121.5506281,25.0612008]]}},{"type":"Feature","properties":{"highway":"tertiary","name":"民族東路","osm_id":241545653},"geometry":{"type":"LineString","coordinates":[[121.530463,25.0683458],[121.5303752,25.0683461],[121.5294659,25.0683667],[121.528241,25.0683776],[121.5281845,25.0683781],[121.5281283,25.0683786],[121.528052,25.0683787]]}},{"type":"Feature","properties":{"highway":"secondary","name":"民權東路二段","osm_id":241545654},"geometry":{"type":"LineString","coordinates":[[121.5297894,25.0626529],[121.5296781,25.0626705],[121.5290946,25.0626849],[121.5290027,25.0626597]]}},{"type":"Feature","properties":{"highway":"secondary","name":"民權東路四段","osm_id":241545655},"geometry":{"type":"LineString","coordinates":[[121.5507067,25.0614618],[121.5508038,25.0614554]]}},{"type":"Feature","properties":{"highway":"secondary","name":"民權東路二段","osm_id":241545656},"geometry":{"type":"LineString","coordinates":[[121.5303375,25.0624758],[121.5304702,25.0624723],[121.5316638,25.0624553],[121.531768,25.0624571],[121.5318733,25.0624509],[121.5321477,25.0624435]]}},{"type":"Feature","properties":{"highway":"primary","name":"中山北路三段","osm_id":241811753},"geometry":{"type":"LineString","coordinates":[[121.5229667,25.0684003],[121.5229855,25.0684836]]}},{"type":"Feature","properties":{"highway":"primary","name":"中山北路四段","osm_id":241811754},"geometry":{"type":"LineString","coordinates":[[121.5268122,25.0757371],[121.5268001,25.075895],[121.5267805,25.0760113],[121.5267416,25.0761979],[121.5267036,25.076321],[121.5266747,25.0763858],[121.5266445,25.0764467],[121.5265869,25.0765151],[121.5265267,25.0765731],[121.5264629,25.0766354],[121.526406,25.0766774],[121.5263527,25.0767157]]}},{"type":"Feature","properties":{"highway":"secondary_link","name":"","osm_id":241811761},"geometry":{"type":"LineString","coordinates":[[121.5268122,25.0757371],[121.5268501,25.0758383],[121.5268552,25.0759189],[121.5268597,25.0760116],[121.5268637,25.0760844],[121.5268836,25.0761754],[121.5269304,25.0762501]]}},{"type":"Feature","properties":{"highway":"secondary","name":"北安路","osm_id":241811763},"geometry":{"type":"LineString","coordinates":[[121.5271264,25.0765083],[121.527161,25.0765341],[121.5284988,25.0775333],[121.5286432,25.0776126],[121.5287275,25.0776565],[121.5290152,25.0777513],[121.5290911,25.077772],[121.5291922,25.0777995],[121.5293641,25.0778419],[121.5302389,25.0779724],[121.5303031,25.077982],[121.531003,25.0780917],[121.5311157,25.0780984],[121.5312417,25.078102],[121.5314034,25.0781019],[121.5319774,25.0780547],[121.5323991,25.0780176],[121.5327256,25.0780116],[121.532853,25.0779914],[121.5331114,25.0779088]]}},{"type":"Feature","properties":{"highway":"tertiary","name":"敬業三路","osm_id":241811771},"geometry":{"type":"LineString","coordinates":[[121.5562862,25.0839386],[121.5562859,25.0838348],[121.5562832,25.0827537],[121.5562959,25.0826504]]}},{"type":"Feature","properties":{"highway":"tertiary","name":"敬業三路","osm_id":241811772},"geometry":{"type":"LineString","coordinates":[[121.5562789,25.0799117],[121.556274,25.0798153],[121.5562715,25.079311],[121.5562719,25.0792416],[121.5562716,25.0791665],[121.5562677,25.0786755],[121.5562609,25.0772589],[121.5562619,25.0771922]]}},{"type":"Feature","properties":{"highway":"tertiary","name":"樂群二路","osm_id":241811785},"geometry":{"type":"LineString","coordinates":[[121.5579934,25.0798952],[121.5584152,25.0798946],[121.5585017,25.0798936]]}},{"type":"Feature","properties":{"highway":"tertiary","name":"樂群二路","osm_id":241811786},"geometry":{"type":"LineString","coordinates":[[121.5544036,25.0799261],[121.554477,25.0799246],[121.5553631,25.0799128],[121.5561833,25.0799125],[121.5562789,25.0799117]]}},{"type":"Feature","properties":{"highway":"tertiary","name":"民族東路","osm_id":241811787},"geometry":{"type":"LineString","coordinates":[[121.5229667,25.0684003],[121.5230762,25.0683978],[121.5244269,25.0683705],[121.5244848,25.0683693],[121.5245581,25.0683678],[121.5246481,25.068366],[121.5247334,25.068365],[121.5255474,25.0683559],[121.5256023,25.0683552],[121.5256674,25.0683545],[121.5257514,25.0683535]]}},{"type":"Feature","properties":{"highway":"tertiary","name":"民族東路","osm_id":241811788},"geometry":{"type":"LineString","coordinates":[[121.5257537,25.0684355],[121.5256686,25.0684366],[121.5248872,25.068447],[121.5248237,25.0684478],[121.5247345,25.068449],[121.5246499,25.0684501],[121.524559,25.0684521],[121.5242316,25.0684592],[121.5239935,25.0684644],[121.5230791,25.0684807],[121.5229855,25.0684836]]}},{"type":"Feature","properties":{"highway":"primary","name":"忠孝西路一段","osm_id":243317514},"geometry":{"type":"LineString","coordinates":[[121.5132706,25.047186],[121.5134455,25.0471453],[121.5136487,25.047095],[121.5142198,25.0469546],[121.514905,25.0467862],[121.5150171,25.0467587]]}},{"type":"Feature","properties":{"highway":"tertiary","name":"樂群二路","osm_id":243891935},"geometry":{"type":"LineString","coordinates":[[121.5563696,25.0799107],[121.5564787,25.0799098],[121.5579934,25.0798952]]}},{"type":"Feature","properties":{"highway":"secondary","name":"重慶北路一段","osm_id":243906113},"geometry":{"type":"LineString","coordinates":[[121.5143339,25.0536428],[121.5143968,25.0539509],[121.5144167,25.0540344]]}},{"type":"Feature","properties":{"highway":"secondary","name":"北安路","osm_id":243908724},"geometry":{"type":"LineString","coordinates":[[121.5495059,25.0856299],[121.5495402,25.0853395],[121.5495307,25.0851558],[121.5494872,25.0848812],[121.549392,25.0846195],[121.5492832,25.0842044],[121.5492686,25.0841391]]}},{"type":"Feature","properties":{"highway":"secondary","name":"北安路","osm_id":243908725},"geometry":{"type":"LineString","coordinates":[[121.550805,25.0855568],[121.5511827,25.085758],[121.5514776,25.0858596],[121.5516894,25.0858973],[121.5518148,25.0859021],[121.5520395,25.0858886],[121.5522351,25.0858493],[121.5524927,25.0857814],[121.552529,25.0857693],[121.5526434,25.0857129],[121.5528671,25.0855856],[121.5532744,25.0854696],[121.5538147,25.0853055],[121.553901,25.0852784],[121.5540795,25.0852245],[121.5550671,25.0849307]]}},{"type":"Feature","properties":{"highway":"secondary","name":"內湖路一段","osm_id":244421738},"geometry":{"type":"LineString","coordinates":[[121.5655061,25.0823359],[121.5656535,25.082308],[121.5669167,25.0821535],[121.5683844,25.0820889]]}},{"type":"Feature","properties":{"highway":"secondary","name":"內湖路一段","osm_id":244421739},"geometry":{"type":"LineString","coordinates":[[121.5635292,25.0831735],[121.5636045,25.0831476],[121.5639199,25.082984],[121.5639433,25.0829673],[121.5645031,25.08269],[121.5654115,25.0823652],[121.5655061,25.0823359]]}},{"type":"Feature","properties":{"highway":"secondary","name":"樂群一路","osm_id":244421754},"geometry":{"type":"LineString","coordinates":[[121.5564687,25.0771875],[121.5563421,25.0771909]]}},{"type":"Feature","properties":{"highway":"secondary","name":"樂群一路","osm_id":244421755},"geometry":{"type":"LineString","coordinates":[[121.5562619,25.0771922],[121.556208,25.0771944],[121.5518649,25.0773048],[121.5513162,25.0773326],[121.5510644,25.0773437],[121.5506818,25.0773565]]}},{"type":"Feature","properties":{"highway":"secondary","name":"樂群一路","osm_id":244421756},"geometry":{"type":"LineString","coordinates":[[121.5632513,25.0760834],[121.5632817,25.0760834],[121.5633381,25.0760835],[121.5644958,25.0760787],[121.5647251,25.0761005],[121.5649189,25.0761401],[121.5667928,25.0767581],[121.5678663,25.0771074],[121.5680225,25.0771478],[121.5682726,25.0771806],[121.5685912,25.077194],[121.568702,25.0772608],[121.5689163,25.0772851]]}},{"type":"Feature","properties":{"highway":"secondary","name":"樂群一路","osm_id":244421757},"geometry":{"type":"LineString","coordinates":[[121.5562998,25.0771268],[121.5564687,25.0771219]]}},{"type":"Feature","properties":{"highway":"secondary","name":"北安路","osm_id":244421758},"geometry":{"type":"LineString","coordinates":[[121.5562841,25.084572],[121.5563735,25.084552],[121.5564346,25.084538],[121.5567265,25.0844576],[121.5570018,25.0844049],[121.5572298,25.0843893],[121.5574811,25.0844019],[121.5577246,25.0844396],[121.5579644,25.0845076],[121.5581412,25.0845856],[121.5584002,25.0847133],[121.5584918,25.084755]]}},{"type":"Feature","properties":{"highway":"tertiary","name":"基湖路","osm_id":244421759},"geometry":{"type":"LineString","coordinates":[[121.5650363,25.0808046],[121.5651789,25.0812743],[121.5651878,25.0813035],[121.5652327,25.0814256],[121.5652652,25.0815168],[121.5652729,25.081543],[121.5653256,25.0817224],[121.5653948,25.0819547],[121.565493,25.082291],[121.5655061,25.0823359]]}},{"type":"Feature","properties":{"highway":"tertiary","name":"基湖路","osm_id":244421760},"geometry":{"type":"LineString","coordinates":[[121.5655061,25.0823359],[121.565515,25.0823776],[121.5655301,25.0824345]]}},{"type":"Feature","properties":{"highway":"tertiary","name":"基湖路","osm_id":244421761},"geometry":{"type":"LineString","coordinates":[[121.5644791,25.0790204],[121.5647311,25.0798587],[121.5647785,25.0799905],[121.5647996,25.0800526],[121.5650363,25.0808046]]}},{"type":"Feature","properties":{"highway":"tertiary","name":"堤頂大道二段","osm_id":244421762},"geometry":{"type":"LineString","coordinates":[[121.5643453,25.0789257],[121.5642361,25.0790065],[121.564147,25.0790713],[121.5638031,25.079389],[121.5629664,25.080295],[121.5629502,25.0803125],[121.5628783,25.0804242]]}},{"type":"Feature","properties":{"highway":"tertiary","name":"堤頂大道二段","osm_id":244421763},"geometry":{"type":"LineString","coordinates":[[121.5628783,25.0804242],[121.5626955,25.0806879],[121.562685,25.0807055],[121.5626761,25.080715],[121.5623368,25.0813126],[121.5619546,25.0821325]]}},{"type":"Feature","properties":{"highway":"tertiary","name":"堤頂大道二段","osm_id":244421764},"geometry":{"type":"LineString","coordinates":[[121.5619546,25.0821325],[121.5613165,25.0836509],[121.5611256,25.0840397],[121.5609246,25.0842993],[121.5607823,25.0844233]]}},{"type":"Feature","properties":{"highway":"tertiary","name":"敬業三路","osm_id":244421766},"geometry":{"type":"LineString","coordinates":[[121.5562619,25.0771922],[121.5562998,25.0771268]]}},{"type":"Feature","properties":{"highway":"tertiary","name":"敬業三路","osm_id":244421767},"geometry":{"type":"LineString","coordinates":[[121.5562959,25.0826504],[121.5562954,25.0825451],[121.5562903,25.0814085],[121.5562844,25.080099],[121.5562839,25.0799882]]}},{"type":"Feature","properties":{"highway":"secondary","name":"至善路二段","osm_id":244421773},"geometry":{"type":"LineString","coordinates":[[121.5442528,25.0971919],[121.5441286,25.0971759],[121.5440814,25.0971756],[121.5440326,25.0971751]]}},{"type":"Feature","properties":{"highway":"secondary","name":"至善路二段","osm_id":244421776},"geometry":{"type":"LineString","coordinates":[[121.5464987,25.0982115],[121.5460424,25.0980218],[121.5453406,25.0976903],[121.5449915,25.0975294],[121.5447548,25.0974098],[121.5443955,25.0972442],[121.5442528,25.0971919]]}},{"type":"Feature","properties":{"highway":"secondary","name":"至善路二段","osm_id":244421777},"geometry":{"type":"LineString","coordinates":[[121.544244,25.0970388],[121.5444477,25.0971152],[121.5445763,25.0971732],[121.5458678,25.0977591],[121.5464092,25.0980109],[121.5465317,25.0980729]]}},{"type":"Feature","properties":{"highway":"secondary","name":"中正路","osm_id":244450325},"geometry":{"type":"LineString","coordinates":[[121.5246107,25.0950683],[121.5245356,25.0950513],[121.5237171,25.0948665],[121.5236796,25.0948591]]}},{"type":"Feature","properties":{"highway":"secondary","name":"中正路","osm_id":244450326},"geometry":{"type":"LineString","coordinates":[[121.5246346,25.0949837],[121.5250375,25.0950743],[121.5251888,25.0951086],[121.5255085,25.0951811]]}},{"type":"Feature","properties":{"highway":"tertiary","name":"光復北路","osm_id":244450329},"geometry":{"type":"LineString","coordinates":[[121.5579493,25.0514665],[121.5580381,25.0516068]]}},{"type":"Feature","properties":{"highway":"secondary","name":"光復南路","osm_id":244450330},"geometry":{"type":"LineString","coordinates":[[121.5577382,25.0412799],[121.5577437,25.0414128]]}},{"type":"Feature","properties":{"highway":"trunk_link","name":"長安東路入口匝道","osm_id":244450335},"geometry":{"type":"LineString","coordinates":[[121.5295948,25.0480452],[121.5297517,25.0479428]]}},{"type":"Feature","properties":{"highway":"tertiary","name":"劍潭路","osm_id":244450357},"geometry":{"type":"LineString","coordinates":[[121.5246862,25.084278],[121.5245823,25.0842713],[121.5237307,25.0842269],[121.523629,25.084222]]}},{"type":"Feature","properties":{"highway":"tertiary","name":"劍潭路","osm_id":244450406},"geometry":{"type":"LineString","coordinates":[[121.5236251,25.0840276],[121.5237266,25.0840405],[121.5245913,25.0841183],[121.5247287,25.0841103]]}},{"type":"Feature","properties":{"highway":"tertiary","name":"劍潭路","osm_id":244450408},"geometry":{"type":"LineString","coordinates":[[121.5250178,25.0840585],[121.5253038,25.084053],[121.5254272,25.0841363]]}},{"type":"Feature","properties":{"highway":"tertiary","name":"基河路","osm_id":244450420},"geometry":{"type":"LineString","coordinates":[[121.5246862,25.084278],[121.5247287,25.0841103]]}},{"type":"Feature","properties":{"highway":"tertiary","name":"鄭州路","osm_id":244450453},"geometry":{"type":"LineString","coordinates":[[121.5163898,25.048876],[121.51633,25.0489053],[121.5162225,25.0489579],[121.5159654,25.0489897],[121.5156873,25.0490369],[121.5152854,25.0491134],[121.5152486,25.0491212],[121.5148728,25.0492011],[121.5144936,25.049284]]}},{"type":"Feature","properties":{"highway":"tertiary","name":"市民大道一段","osm_id":244450462},"geometry":{"type":"LineString","coordinates":[[121.5164607,25.0486678],[121.5176931,25.0484653],[121.5178241,25.0484449]]}},{"type":"Feature","properties":{"highway":"primary","name":"忠孝東路三段","osm_id":244450473},"geometry":{"type":"LineString","coordinates":[[121.5397074,25.0415996],[121.5397947,25.0415999],[121.5401251,25.0415955],[121.5410857,25.0415859],[121.5413218,25.0415836]]}},{"type":"Feature","properties":{"highway":"secondary","name":"承德路一段","osm_id":244450487},"geometry":{"type":"LineString","coordinates":[[121.5164607,25.0486678],[121.5165498,25.0488523]]}},{"type":"Feature","properties":{"highway":"secondary","name":"承德路一段","osm_id":244450490},"geometry":{"type":"LineString","coordinates":[[121.5163898,25.048876],[121.5163613,25.0486836]]}},{"type":"Feature","properties":{"highway":"secondary","name":"承德路四段","osm_id":244450493},"geometry":{"type":"LineString","coordinates":[[121.523454,25.0840146],[121.5234643,25.083925],[121.5234388,25.0836255],[121.5233927,25.0832639],[121.52329,25.0828786],[121.523119,25.0823953],[121.5230545,25.082213]]}},{"type":"Feature","properties":{"highway":"secondary","name":"承德路四段","osm_id":244450496},"geometry":{"type":"LineString","coordinates":[[121.523445,25.0842105],[121.523454,25.0840146]]}},{"type":"Feature","properties":{"highway":"secondary","name":"承德路四段","osm_id":244450499},"geometry":{"type":"LineString","coordinates":[[121.5236251,25.0840276],[121.523629,25.084222]]}},{"type":"Feature","properties":{"highway":"tertiary","name":"新生北路一段","osm_id":244450512},"geometry":{"type":"LineString","coordinates":[[121.5295948,25.0480452],[121.5296792,25.0479251],[121.5299455,25.0476632],[121.5302816,25.0473428],[121.5306958,25.0469939],[121.5308508,25.046876],[121.5310633,25.0467076],[121.53114,25.0466533],[121.5312081,25.0466081],[121.5312955,25.0465471],[121.5316267,25.0463256],[121.5321697,25.0460045],[121.5322329,25.0459696],[121.5323026,25.0459429],[121.5324073,25.045914],[121.5325694,25.0458909],[121.5326944,25.0458809],[121.5327809,25.0458681]]}},{"type":"Feature","properties":{"highway":"trunk","name":"新生高架道路","osm_id":244450513},"geometry":{"type":"LineString","coordinates":[[121.5308413,25.046664],[121.530836,25.0466397],[121.5307508,25.0463529],[121.5306665,25.0460846],[121.5306086,25.0458156],[121.5298751,25.0433002],[121.5298034,25.0430455],[121.5293011,25.0413447]]}},{"type":"Feature","properties":{"highway":"secondary","name":"至善路一段","osm_id":244450523},"geometry":{"type":"LineString","coordinates":[[121.5378396,25.0979347],[121.5379051,25.0978894],[121.5381905,25.0977943],[121.5395516,25.0973972],[121.5397622,25.0973416],[121.5398203,25.0973263],[121.5398923,25.0973113]]}},{"type":"Feature","properties":{"highway":"tertiary","name":"新生北路一段","osm_id":244450543},"geometry":{"type":"LineString","coordinates":[[121.5294904,25.0481698],[121.5295948,25.0480452]]}},{"type":"Feature","properties":{"highway":"tertiary","name":"撫遠街","osm_id":244454468},"geometry":{"type":"LineString","coordinates":[[121.5684532,25.0592524],[121.568373,25.0593475],[121.5680886,25.0596387],[121.5679514,25.0597874],[121.5679123,25.0598298],[121.5677834,25.0599855],[121.567763,25.0600081],[121.5674914,25.060307],[121.5672729,25.0605352],[121.5672184,25.0605921],[121.56719,25.0606218],[121.5671626,25.0606491],[121.5671168,25.0607026],[121.5668795,25.0609814],[121.5667145,25.0611887],[121.5664569,25.0616815],[121.5664221,25.0617579],[121.5663947,25.0618266],[121.5662653,25.0622473],[121.5661573,25.0626268],[121.5661451,25.0626721],[121.5660735,25.0629837],[121.5660599,25.0630362],[121.5660506,25.06307],[121.5660234,25.0631795]]}},{"type":"Feature","properties":{"highway":"secondary","name":"南京東路一段","osm_id":244454469},"geometry":{"type":"LineString","coordinates":[[121.5254102,25.0520419],[121.5255118,25.0520392],[121.527286,25.0520175],[121.5274301,25.0520185],[121.5275582,25.0520173]]}},{"type":"Feature","properties":{"highway":"secondary","name":"塔悠路","osm_id":244454470},"geometry":{"type":"LineString","coordinates":[[121.5704718,25.0511289],[121.5704995,25.0513312]]}},{"type":"Feature","properties":{"highway":"secondary","name":"塔悠路","osm_id":244454471},"geometry":{"type":"LineString","coordinates":[[121.5690724,25.0592951],[121.5690586,25.0593745],[121.5689431,25.0600527],[121.5689343,25.0601043],[121.5689174,25.0602032],[121.5689074,25.0602624],[121.5688968,25.0603245],[121.5688309,25.060711],[121.5687618,25.061117],[121.5687565,25.0611478],[121.5687463,25.0612078],[121.568741,25.0612392],[121.5686457,25.0617987],[121.5685783,25.0621938],[121.5685542,25.0623353],[121.5684634,25.0628682],[121.5683818,25.0633474],[121.5683771,25.0633753],[121.5683709,25.0634117],[121.5683657,25.0634418],[121.5683255,25.063678]]}},{"type":"Feature","properties":{"highway":"primary","name":"中山南路","osm_id":244456574},"geometry":{"type":"LineString","coordinates":[[121.5193357,25.0452279],[121.5192606,25.0449595],[121.5191822,25.0446743],[121.5191735,25.0446426],[121.5191471,25.0445464]]}},{"type":"Feature","properties":{"highway":"primary","name":"忠孝西路一段","osm_id":244456578},"geometry":{"type":"LineString","coordinates":[[121.5191221,25.0456813],[121.5192052,25.0456644],[121.5194481,25.0456107]]}},{"type":"Feature","properties":{"highway":"primary","name":"中山北路五段","osm_id":244501963},"geometry":{"type":"LineString","coordinates":[[121.5255086,25.0841377],[121.525514,25.0843257],[121.5255185,25.0844157],[121.5255227,25.0847833],[121.5255301,25.0849655],[121.5255494,25.0851226],[121.525581,25.0853262],[121.5256332,25.0855568],[121.5256944,25.0857898]]}},{"type":"Feature","properties":{"highway":"secondary","name":"中正路","osm_id":244501964},"geometry":{"type":"LineString","coordinates":[[121.518695,25.0924093],[121.5187707,25.0924595],[121.5199479,25.0932407],[121.5200719,25.093323]]}},{"type":"Feature","properties":{"highway":"secondary","name":"中正路","osm_id":244501965},"geometry":{"type":"LineString","coordinates":[[121.5199999,25.0934198],[121.5198711,25.0933344],[121.5195835,25.0931432],[121.5186876,25.0925497],[121.5186127,25.0925001]]}},{"type":"Feature","properties":{"highway":"secondary","name":"中正路","osm_id":244501966},"geometry":{"type":"LineString","coordinates":[[121.5200719,25.093323],[121.5201924,25.0934064],[121.520316,25.0934919],[121.520627,25.0936937],[121.5211233,25.0940256],[121.5214008,25.0942004],[121.521565,25.0942756],[121.5217773,25.0943371],[121.5219146,25.0943692]]}},{"type":"Feature","properties":{"highway":"tertiary","name":"劍潭路","osm_id":244501967},"geometry":{"type":"LineString","coordinates":[[121.5247866,25.0842853],[121.5246862,25.084278]]}},{"type":"Feature","properties":{"highway":"tertiary","name":"基河路","osm_id":244501968},"geometry":{"type":"LineString","coordinates":[[121.5200719,25.093323],[121.5199999,25.0934198]]}},{"type":"Feature","properties":{"highway":"tertiary","name":"劍潭路","osm_id":244501969},"geometry":{"type":"LineString","coordinates":[[121.5254272,25.0841363],[121.5253064,25.0841961],[121.5250618,25.0842446]]}},{"type":"Feature","properties":{"highway":"primary","name":"中山北路五段","osm_id":244501972},"geometry":{"type":"LineString","coordinates":[[121.5256198,25.0859349],[121.5255271,25.0857226],[121.5254819,25.0855552],[121.525443,25.0853838]]}},{"type":"Feature","properties":{"highway":"tertiary","name":"基河路","osm_id":244501975},"geometry":{"type":"LineString","coordinates":[[121.5199999,25.0934198],[121.5199193,25.0935089],[121.5195889,25.0938741]]}},{"type":"Feature","properties":{"highway":"tertiary","name":"基河路","osm_id":244501976},"geometry":{"type":"LineString","coordinates":[[121.5238848,25.0879813],[121.5238556,25.088033],[121.5237877,25.0881482],[121.5233876,25.0888387],[121.5233337,25.0889317],[121.5233005,25.0889868],[121.5232755,25.0890298],[121.5231598,25.0892332],[121.5231158,25.0893009],[121.5228458,25.0896678],[121.522763,25.0897674]]}},{"type":"Feature","properties":{"highway":"tertiary","name":"基河路","osm_id":244501977},"geometry":{"type":"LineString","coordinates":[[121.5247866,25.0842853],[121.524815,25.0844003],[121.5249985,25.0850778]]}},{"type":"Feature","properties":{"highway":"tertiary","name":"公園路","osm_id":244509935},"geometry":{"type":"LineString","coordinates":[[121.5153229,25.0386441],[121.515334,25.0386824],[121.5155208,25.039329],[121.5155861,25.0395764]]}},{"type":"Feature","properties":{"highway":"secondary","name":"光復南路","osm_id":244618563},"geometry":{"type":"LineString","coordinates":[[121.5576181,25.0414157],[121.5576145,25.0412833]]}},{"type":"Feature","properties":{"highway":"tertiary","name":"八德路四段","osm_id":244618569},"geometry":{"type":"LineString","coordinates":[[121.5722042,25.0499765],[121.5721288,25.0499462],[121.5719998,25.0499055],[121.5718259,25.0498866],[121.5713895,25.0498601],[121.5713181,25.0498558],[121.5712911,25.0498541],[121.5711967,25.0498478],[121.5711292,25.0498451],[121.5710808,25.0498431],[121.5708545,25.0498365],[121.5708084,25.0498351],[121.5707735,25.0498341],[121.5706491,25.049823],[121.5705931,25.049814],[121.5705325,25.0498047],[121.5704733,25.0497907],[121.5703066,25.0497512],[121.5700097,25.0496429],[121.5699564,25.0496252],[121.569885,25.0495949],[121.5695866,25.0495305]]}},{"type":"Feature","properties":{"highway":"secondary","name":"南京東路四段","osm_id":244618574},"geometry":{"type":"LineString","coordinates":[[121.5580381,25.0516068],[121.557837,25.0516139]]}},{"type":"Feature","properties":{"highway":"secondary","name":"基隆路一段","osm_id":244618576},"geometry":{"type":"LineString","coordinates":[[121.5702175,25.0511567],[121.5701191,25.05095],[121.5701117,25.0509344],[121.5698562,25.0504251],[121.5693792,25.0496475],[121.5693578,25.0496126],[121.5693313,25.0495694],[121.5692013,25.0493749]]}},{"type":"Feature","properties":{"highway":"secondary","name":"塔悠路","osm_id":244618577},"geometry":{"type":"LineString","coordinates":[[121.5689206,25.059281],[121.5689367,25.0591865],[121.5691126,25.0582581],[121.5691412,25.0580731]]}},{"type":"Feature","properties":{"highway":"secondary","name":"塔悠路","osm_id":244618578},"geometry":{"type":"LineString","coordinates":[[121.5723518,25.0500466],[121.5722596,25.0501046],[121.5720753,25.0502479],[121.5717348,25.0504714],[121.5717033,25.050492],[121.5708905,25.0510232],[121.5708141,25.0510851],[121.5704995,25.0513312]]}},{"type":"Feature","properties":{"highway":"primary","name":"忠孝東路四段","osm_id":244618580},"geometry":{"type":"LineString","coordinates":[[121.5576181,25.0414157],[121.5575025,25.0414155],[121.5567722,25.0414279],[121.5565738,25.0414308],[121.5563232,25.0414345],[121.5561215,25.0414375],[121.5559255,25.0414407],[121.5555718,25.0414465],[121.5547468,25.0414577],[121.554586,25.0414735],[121.5544785,25.04148]]}},{"type":"Feature","properties":{"highway":"secondary","name":"重慶北路二段","osm_id":244618593},"geometry":{"type":"LineString","coordinates":[[121.5138624,25.0559372],[121.5138768,25.0558877],[121.5140009,25.0553788],[121.5140128,25.0553285],[121.5141354,25.0548898],[121.5141766,25.0548057]]}},{"type":"Feature","properties":{"highway":"tertiary","name":"八德路一段","osm_id":245644140},"geometry":{"type":"LineString","coordinates":[[121.5330006,25.0443975],[121.5329087,25.0443793],[121.5328258,25.0443601]]}},{"type":"Feature","properties":{"highway":"tertiary","name":"八德路三段","osm_id":245644142},"geometry":{"type":"LineString","coordinates":[[121.5491664,25.0482029],[121.5493021,25.0482032],[121.5494114,25.0481959],[121.549475,25.0481963],[121.549707,25.0481939],[121.5499708,25.0481889]]}},{"type":"Feature","properties":{"highway":"tertiary","name":"長安東路二段","osm_id":245649054},"geometry":{"type":"LineString","coordinates":[[121.5463858,25.0482295],[121.546201,25.0482504]]}},{"type":"Feature","properties":{"highway":"tertiary","name":"寧夏路","osm_id":246409664},"geometry":{"type":"LineString","coordinates":[[121.5151259,25.0584193],[121.5149693,25.0588495],[121.5148239,25.0593203],[121.5148081,25.0593719],[121.5147663,25.0595047]]}},{"type":"Feature","properties":{"highway":"tertiary","name":"民生東路二段","osm_id":248976866},"geometry":{"type":"LineString","coordinates":[[121.5367182,25.0579718],[121.5365605,25.0579791],[121.5360265,25.0579805],[121.5349548,25.0579838],[121.5348263,25.0579825],[121.5335016,25.0580005],[121.5334381,25.0580014],[121.5333244,25.0580029],[121.5332099,25.0580062]]}},{"type":"Feature","properties":{"highway":"tertiary","name":"民生東路三段","osm_id":248976980},"geometry":{"type":"LineString","coordinates":[[121.5371308,25.0578339],[121.5372648,25.0578311],[121.5391229,25.0577921],[121.5391687,25.0577911],[121.5392738,25.0577889],[121.540575,25.0577617],[121.5406279,25.0577606],[121.5407954,25.0577571],[121.5420967,25.0577299],[121.5421649,25.0577285],[121.5423112,25.0577254],[121.5426348,25.0577186],[121.5439757,25.0576914],[121.5440078,25.0576904],[121.5440785,25.0576884]]}},{"type":"Feature","properties":{"highway":"tertiary","name":"民生東路一段","osm_id":248977580},"geometry":{"type":"LineString","coordinates":[[121.5239663,25.0580537],[121.524144,25.058075],[121.5242186,25.0580739],[121.5246858,25.0580667],[121.5250161,25.0580616]]}},{"type":"Feature","properties":{"highway":"tertiary","name":"民生橋","osm_id":248977581},"geometry":{"type":"LineString","coordinates":[[121.5274678,25.0580239],[121.5277613,25.0580194]]}},{"type":"Feature","properties":{"highway":"secondary","name":"基隆路一段","osm_id":252398629},"geometry":{"type":"LineString","coordinates":[[121.5660201,25.0435592],[121.5660327,25.0435806],[121.567104,25.0453691],[121.5671225,25.0453999],[121.5671405,25.04543],[121.5672206,25.0455531],[121.5672413,25.0455849],[121.5672918,25.0456627]]}},{"type":"Feature","properties":{"highway":"trunk","name":"環東大道","osm_id":252398631},"geometry":{"type":"LineString","coordinates":[[121.5747935,25.0534943],[121.5767521,25.0545386]]}},{"type":"Feature","properties":{"highway":"trunk","name":"正氣橋","osm_id":252398632},"geometry":{"type":"LineString","coordinates":[[121.5684772,25.047884],[121.5688256,25.048465],[121.5698153,25.050131]]}},{"type":"Feature","properties":{"highway":"secondary","name":"舊宗路二段","osm_id":252398635},"geometry":{"type":"LineString","coordinates":[[121.574816,25.0693308],[121.574822,25.0694278],[121.574834,25.0696414],[121.5748509,25.070059],[121.5748448,25.0704189],[121.5748317,25.0706619],[121.5748252,25.0707817],[121.5748161,25.0708555],[121.5747306,25.0712293],[121.5745567,25.0716373],[121.57453,25.0716812],[121.5744822,25.071745],[121.5740511,25.0723446]]}},{"type":"Feature","properties":{"highway":"trunk","name":"麥帥一橋","osm_id":252494908},"geometry":{"type":"LineString","coordinates":[[121.574742,25.0536288],[121.5711987,25.0517166]]}},{"type":"Feature","properties":{"highway":"secondary","name":"基隆路一段","osm_id":252494921},"geometry":{"type":"LineString","coordinates":[[121.5657929,25.0435296],[121.5655868,25.0432465],[121.5654353,25.0429991]]}},{"type":"Feature","properties":{"highway":"secondary","name":"基隆路一段","osm_id":252494925},"geometry":{"type":"LineString","coordinates":[[121.5668152,25.0452198],[121.5662073,25.0442176],[121.5659075,25.0437199],[121.5658831,25.0436793],[121.5658536,25.0436304],[121.5657929,25.0435296]]}},{"type":"Feature","properties":{"highway":"trunk","name":"市民大道高架道路","osm_id":252494927},"geometry":{"type":"LineString","coordinates":[[121.5684902,25.0479042],[121.5683563,25.0477719],[121.5673673,25.0461248]]}},{"type":"Feature","properties":{"highway":"secondary","name":"舊宗路二段","osm_id":252494932},"geometry":{"type":"LineString","coordinates":[[121.5747051,25.0699787],[121.5746839,25.0694208],[121.5746787,25.0693136],[121.574673,25.0691852],[121.5746695,25.0688289],[121.5746625,25.0686707],[121.5746144,25.0675869],[121.5746163,25.0674933],[121.5746175,25.0673993],[121.5746146,25.0670698],[121.5746575,25.0667297],[121.5747218,25.0664187],[121.5748444,25.066149],[121.5748917,25.0660496],[121.5749402,25.0659477]]}},{"type":"Feature","properties":{"highway":"primary_link","name":"","osm_id":252657367},"geometry":{"type":"LineString","coordinates":[[121.5369054,25.0418106],[121.5369629,25.0416553]]}},{"type":"Feature","properties":{"highway":"secondary","name":"基隆路一段","osm_id":252657370},"geometry":{"type":"LineString","coordinates":[[121.5643364,25.0411128],[121.564267,25.0409863],[121.564051,25.0406322]]}},{"type":"Feature","properties":{"highway":"trunk","name":"建國快速道路","osm_id":252657373},"geometry":{"type":"LineString","coordinates":[[121.536608,25.0456861],[121.5365679,25.0444322]]}},{"type":"Feature","properties":{"highway":"trunk","name":"建國快速道路","osm_id":252657374},"geometry":{"type":"LineString","coordinates":[[121.5365679,25.0444322],[121.5365605,25.0441988],[121.5365738,25.0437277],[121.5366382,25.0430279],[121.5367272,25.0425897],[121.5368034,25.0423477],[121.536901,25.0420688],[121.5370995,25.0415698],[121.5372819,25.0411227]]}},{"type":"Feature","properties":{"highway":"primary","name":"忠孝東路三段","osm_id":252657375},"geometry":{"type":"LineString","coordinates":[[121.537343,25.0417709],[121.5372466,25.0417778]]}},{"type":"Feature","properties":{"highway":"primary","name":"忠孝東路三段","osm_id":252657376},"geometry":{"type":"LineString","coordinates":[[121.5369054,25.0418106],[121.5367723,25.0418254]]}},{"type":"Feature","properties":{"highway":"tertiary","name":"松隆路","osm_id":252657383},"geometry":{"type":"LineString","coordinates":[[121.5657929,25.0435296],[121.5658325,25.0433812]]}},{"type":"Feature","properties":{"highway":"tertiary","name":"永吉路","osm_id":252657385},"geometry":{"type":"LineString","coordinates":[[121.5705596,25.0457042],[121.5703549,25.045705]]}},{"type":"Feature","properties":{"highway":"tertiary","name":"長安東路二段","osm_id":252657390},"geometry":{"type":"LineString","coordinates":[[121.5365879,25.0483926],[121.5369385,25.0483757]]}},{"type":"Feature","properties":{"highway":"primary","name":"中山北路四段","osm_id":254326517},"geometry":{"type":"LineString","coordinates":[[121.5243487,25.0798554],[121.5243447,25.0795704],[121.5244607,25.079142],[121.5247913,25.0779772],[121.5249279,25.077507],[121.5250727,25.0770641]]}},{"type":"Feature","properties":{"highway":"primary","name":"中山北路五段","osm_id":254326518},"geometry":{"type":"LineString","coordinates":[[121.5252328,25.0823772],[121.5251176,25.0821409],[121.525012,25.0819685],[121.5247608,25.0816264],[121.5244535,25.0812134],[121.5243927,25.0810902],[121.5243255,25.0809598],[121.5242855,25.0808366],[121.5242551,25.0806786],[121.5242391,25.0805308],[121.5242391,25.0803663],[121.5242623,25.0802091],[121.5243022,25.0800407],[121.5243125,25.0799972],[121.5243159,25.079983],[121.5243487,25.0798554]]}},{"type":"Feature","properties":{"highway":"tertiary","name":"濱江街","osm_id":254326521},"geometry":{"type":"LineString","coordinates":[[121.5281131,25.070714],[121.5281935,25.0707739],[121.5283357,25.0708064],[121.5286502,25.0708871],[121.5289943,25.070983],[121.529133,25.0710374],[121.5299335,25.0713709],[121.5299844,25.0713918],[121.5300599,25.0714228],[121.5306127,25.0716545],[121.5311216,25.0718908]]}},{"type":"Feature","properties":{"highway":"tertiary","name":"新生北路三段","osm_id":254326526},"geometry":{"type":"LineString","coordinates":[[121.5276981,25.0683068],[121.5276919,25.0682396],[121.5276725,25.0680949],[121.5276612,25.0679488],[121.5276565,25.0677082],[121.5276548,25.0674491],[121.5276493,25.067023],[121.5276487,25.0669708],[121.5276477,25.0669053],[121.5276436,25.0666383],[121.5276331,25.0662287],[121.5276095,25.0648998],[121.5276018,25.0645853],[121.5275917,25.0642129],[121.5275729,25.0636772],[121.5275778,25.0628075],[121.527573,25.0627131]]}},{"type":"Feature","properties":{"highway":"trunk_link","name":"民族東路出口匝道","osm_id":254326528},"geometry":{"type":"LineString","coordinates":[[121.5278242,25.0707999],[121.5278272,25.0707171],[121.5278082,25.0706802],[121.5277755,25.070617]]}},{"type":"Feature","properties":{"highway":"trunk_link","name":"民族東路出口匝道","osm_id":254326529},"geometry":{"type":"LineString","coordinates":[[121.5272392,25.0718621],[121.5274291,25.0716358],[121.5276051,25.0713963],[121.5276805,25.0712821],[121.5277349,25.0711804],[121.5277802,25.0710711],[121.5278032,25.0709787],[121.5278214,25.0708238],[121.5278242,25.0707999]]}},{"type":"Feature","properties":{"highway":"trunk","name":"新生高架道路","osm_id":254326530},"geometry":{"type":"LineString","coordinates":[[121.5268653,25.0723946],[121.5275338,25.0716014],[121.5276369,25.0714619],[121.5277692,25.0712558],[121.527818,25.0711467],[121.5278503,25.0710396],[121.5278731,25.0709257]]}},{"type":"Feature","properties":{"highway":"secondary","name":"光復南路","osm_id":255431326},"geometry":{"type":"LineString","coordinates":[[121.5576145,25.0412833],[121.5576127,25.0411725],[121.5575932,25.0402533],[121.557578,25.039563],[121.5575771,25.0395241],[121.5575731,25.0393422]]}},{"type":"Feature","properties":{"highway":"primary","name":"忠孝東路四段","osm_id":255431333},"geometry":{"type":"LineString","coordinates":[[121.5491111,25.0414462],[121.5492304,25.0414374],[121.5496454,25.0414311],[121.5507018,25.0414053],[121.5507736,25.0414101],[121.5518126,25.0413908],[121.5528894,25.041371],[121.5529768,25.0413694],[121.5530713,25.0413677],[121.5540858,25.041349],[121.5544492,25.0413423],[121.554501,25.0413414],[121.5545981,25.0413396],[121.5547873,25.0413361],[121.5559418,25.0413197],[121.5561173,25.0413116],[121.5563675,25.041307],[121.5565703,25.0413033],[121.5567615,25.0412997],[121.5575016,25.0412856],[121.5576145,25.0412833]]}},{"type":"Feature","properties":{"highway":"primary","name":"忠孝東路四段","osm_id":255431334},"geometry":{"type":"LineString","coordinates":[[121.5576145,25.0412833],[121.5577382,25.0412799]]}},{"type":"Feature","properties":{"highway":"secondary","name":"敦化南路一段","osm_id":255431335},"geometry":{"type":"LineString","coordinates":[[121.5491026,25.0401724],[121.5491029,25.0404246],[121.5491097,25.0412013],[121.5491103,25.0412687],[121.5491102,25.0413212],[121.5491111,25.0414462]]}},{"type":"Feature","properties":{"highway":"secondary","name":"敦化南路一段","osm_id":255431336},"geometry":{"type":"LineString","coordinates":[[121.5491111,25.0414462],[121.549113,25.0415884]]}},{"type":"Feature","properties":{"highway":"trunk_link","name":"長安東路入口匝道","osm_id":260152346},"geometry":{"type":"LineString","coordinates":[[121.5292435,25.0489484],[121.5291398,25.0490352]]}},{"type":"Feature","properties":{"highway":"tertiary","name":"新生北路一段","osm_id":260152352},"geometry":{"type":"LineString","coordinates":[[121.5297572,25.0483436],[121.5296614,25.0484481],[121.5295686,25.0485497],[121.5294492,25.0486791],[121.5293409,25.0488199],[121.5292435,25.0489484],[121.5292286,25.049],[121.5290967,25.0491936],[121.5289612,25.0494],[121.5288401,25.0495977],[121.528756,25.0497431],[121.5286602,25.0499195],[121.5285597,25.0501],[121.5284526,25.0503152],[121.5283522,25.0505423],[121.528211,25.0509109],[121.5281632,25.0510404],[121.528113,25.0511788],[121.5280321,25.0514656],[121.5279657,25.0516905],[121.527906,25.0519078],[121.5278844,25.0520124]]}},{"type":"Feature","properties":{"highway":"tertiary","name":"新生北路三段","osm_id":260152354},"geometry":{"type":"LineString","coordinates":[[121.528064,25.0688376],[121.5281118,25.0706645],[121.5281131,25.070714]]}},{"type":"Feature","properties":{"highway":"trunk","name":"新生高架道路","osm_id":260152355},"geometry":{"type":"LineString","coordinates":[[121.5260982,25.07348],[121.525929,25.0736594],[121.525807,25.0738082],[121.525748,25.0738829],[121.5256273,25.0740493],[121.5255772,25.0741456],[121.5255475,25.0742133],[121.5255088,25.0743258],[121.5255014,25.0743842],[121.5254975,25.0744498],[121.525498,25.0745725],[121.5255449,25.074836],[121.5255938,25.0750648],[121.5256058,25.0751401],[121.5256141,25.0752513],[121.5256066,25.0753682],[121.5255991,25.0754501],[121.5255832,25.0755299],[121.5255649,25.0755924],[121.5255386,25.0756748],[121.5252415,25.0765156],[121.5251495,25.0768358],[121.5251304,25.0769372],[121.5251184,25.0770253],[121.5250996,25.0772142],[121.5250835,25.0773903],[121.5250687,25.0774996],[121.5250486,25.0776357],[121.5249963,25.0778628],[121.5247052,25.0789017]]}},{"type":"Feature","properties":{"highway":"trunk","name":"新生高架道路","osm_id":260152357},"geometry":{"type":"LineString","coordinates":[[121.5308842,25.0464253],[121.5309394,25.046712],[121.5309475,25.0467898],[121.5309414,25.0468693],[121.53093,25.0469228],[121.5309144,25.0469793],[121.5308703,25.047071],[121.5308308,25.0471299],[121.5307837,25.047184],[121.5301088,25.0477965],[121.5297762,25.0481367],[121.5294543,25.0485061],[121.5292362,25.0487908],[121.5290648,25.0490333],[121.52894,25.049218],[121.5288198,25.0494153],[121.5286966,25.0496208],[121.528565,25.0498551],[121.5284464,25.0500843],[121.5283256,25.0503399],[121.528105,25.0508599],[121.5280406,25.0510336],[121.5279679,25.0512583],[121.5278338,25.0517011],[121.5277469,25.0520445],[121.5276903,25.052334],[121.527638,25.0527799],[121.5275964,25.0532234],[121.527575,25.0536133],[121.527571,25.053905]]}},{"type":"Feature","properties":{"highway":"tertiary","name":"新生北路一段","osm_id":260152360},"geometry":{"type":"LineString","coordinates":[[121.5299783,25.0480724],[121.5298505,25.0482345],[121.5297572,25.0483436]]}},{"type":"Feature","properties":{"highway":"tertiary","name":"長安東路二段","osm_id":260152361},"geometry":{"type":"LineString","coordinates":[[121.5297572,25.0483436],[121.5300109,25.0485116]]}},{"type":"Feature","properties":{"highway":"trunk_link","name":"民權東路出口匝道","osm_id":260284692},"geometry":{"type":"LineString","coordinates":[[121.5340165,25.0673919],[121.5341711,25.0672184],[121.5347346,25.0667875],[121.5359383,25.0658475],[121.5361542,25.0656586]]}},{"type":"Feature","properties":{"highway":"secondary_link","name":"建國北路三段","osm_id":260789405},"geometry":{"type":"LineString","coordinates":[[121.5326184,25.0682023],[121.5330501,25.0678732],[121.5330635,25.067863],[121.5332093,25.0677579]]}},{"type":"Feature","properties":{"highway":"tertiary","name":"吉林路","osm_id":260789406},"geometry":{"type":"LineString","coordinates":[[121.5304608,25.0682382],[121.5304632,25.0681613],[121.5304696,25.0677406],[121.5304673,25.0676622],[121.5304724,25.0673407],[121.5304612,25.0669679],[121.5304377,25.066627],[121.5304316,25.0665664],[121.5304257,25.0664968],[121.5303962,25.0660956],[121.5303843,25.0657011],[121.5303836,25.0656774],[121.5303804,25.0655799],[121.5303698,25.0652613],[121.5303596,25.0648863],[121.530358,25.064828],[121.5303545,25.0647125],[121.5303409,25.0643916],[121.5303318,25.0639595],[121.5303195,25.0635498],[121.5303039,25.0631254],[121.5303399,25.0627214],[121.5303358,25.0626244]]}},{"type":"Feature","properties":{"highway":"secondary","name":"敦化北路","osm_id":260789409},"geometry":{"type":"LineString","coordinates":[[121.5507567,25.0615809],[121.5507067,25.0614618]]}},{"type":"Feature","properties":{"highway":"secondary","name":"松江路","osm_id":260789415},"geometry":{"type":"LineString","coordinates":[[121.5332025,25.0671446],[121.5332119,25.0669618],[121.5332071,25.0667746],[121.5332056,25.0667154],[121.5332036,25.0666376],[121.5332057,25.0665477],[121.5332095,25.0664714],[121.5331916,25.0656179],[121.5331818,25.0649458],[121.533181,25.064886],[121.5331805,25.0648483],[121.5331756,25.0647635],[121.5331707,25.0647016],[121.5331642,25.0639755],[121.5331663,25.0638584],[121.5331742,25.0637091],[121.5331645,25.0630642],[121.5331558,25.0627545],[121.5331545,25.0627075],[121.5331539,25.062685],[121.5331517,25.0625671]]}},{"type":"Feature","properties":{"highway":"tertiary","name":"民族東路","osm_id":260789416},"geometry":{"type":"LineString","coordinates":[[121.5326184,25.0682023],[121.5328105,25.0682058],[121.5328722,25.0682069],[121.5329153,25.0682076],[121.5330745,25.0682039]]}},{"type":"Feature","properties":{"highway":"tertiary","name":"民族東路","osm_id":260789417},"geometry":{"type":"LineString","coordinates":[[121.5304608,25.0682382],[121.5306073,25.0682361],[121.5308022,25.0682327],[121.5314191,25.0682228],[121.5318484,25.0682157],[121.5324842,25.0682045],[121.5326184,25.0682023]]}},{"type":"Feature","properties":{"highway":"secondary","name":"民權東路三段","osm_id":260789418},"geometry":{"type":"LineString","coordinates":[[121.5507567,25.0615809],[121.5505576,25.0616143]]}},{"type":"Feature","properties":{"highway":"tertiary_link","name":"","osm_id":260881641},"geometry":{"type":"LineString","coordinates":[[121.5317179,25.0466348],[121.531634,25.0466344],[121.5313836,25.0467965],[121.5312081,25.0466081]]}},{"type":"Feature","properties":{"highway":"tertiary_link","name":"","osm_id":260881642},"geometry":{"type":"LineString","coordinates":[[121.5310633,25.0467076],[121.5312575,25.0468988],[121.5310616,25.0470438],[121.5309028,25.0472133],[121.530861,25.047258]]}},{"type":"Feature","properties":{"highway":"primary","name":"中山北路五段","osm_id":262778910},"geometry":{"type":"LineString","coordinates":[[121.525443,25.0853838],[121.5254075,25.0852068],[121.525389,25.0850379],[121.5253604,25.0843373],[121.5254272,25.0841363]]}},{"type":"Feature","properties":{"highway":"primary","name":"圓山隧道","osm_id":262879945},"geometry":{"type":"LineString","coordinates":[[121.5258465,25.0768706],[121.5255277,25.0769855]]}},{"type":"Feature","properties":{"highway":"secondary","name":"中山北路五段","osm_id":262879954},"geometry":{"type":"LineString","coordinates":[[121.5281681,25.093851],[121.5281779,25.0939108],[121.5282385,25.094272],[121.5282565,25.0944494],[121.5282611,25.0945393],[121.5282557,25.0948089],[121.5282323,25.0950081],[121.5282123,25.0951218],[121.5281875,25.095245],[121.5280822,25.0956546],[121.5280537,25.0957486]]}},{"type":"Feature","properties":{"highway":"tertiary","name":"新生北路三段","osm_id":262879963},"geometry":{"type":"LineString","coordinates":[[121.5278757,25.0626978],[121.5278699,25.0628001],[121.5278692,25.0628478],[121.5279046,25.063198],[121.5279193,25.0635971],[121.5279306,25.0640037],[121.5279334,25.0644501],[121.5279547,25.0648727],[121.5279547,25.0649249],[121.5279611,25.0651046],[121.5279792,25.0657572],[121.5280034,25.066627],[121.528012,25.0669375],[121.5280243,25.0673803],[121.5280351,25.067769],[121.5280436,25.0680775],[121.528045,25.0681352],[121.5280455,25.0681789],[121.5280453,25.0682231],[121.5280469,25.0682904],[121.528052,25.0683787]]}},{"type":"Feature","properties":{"highway":"secondary","name":"民權東路二段","osm_id":262879969},"geometry":{"type":"LineString","coordinates":[[121.5278757,25.0626978],[121.527573,25.0627131]]}},{"type":"Feature","properties":{"highway":"primary","name":"福林路","osm_id":262879973},"geometry":{"type":"LineString","coordinates":[[121.5281681,25.093851],[121.5283236,25.093951],[121.5286696,25.0941636],[121.5291954,25.0945085],[121.5294562,25.0946607],[121.5301703,25.095121],[121.5306683,25.0954435],[121.5307256,25.0954782],[121.5312519,25.0958327],[121.5319273,25.0962764],[121.5321431,25.0964953]]}},{"type":"Feature","properties":{"highway":"secondary","name":"中正路","osm_id":263056093},"geometry":{"type":"LineString","coordinates":[[121.527807,25.0957913],[121.5277199,25.0957731],[121.5272569,25.0956699],[121.5264661,25.0954891],[121.5263304,25.0954584]]}},{"type":"Feature","properties":{"highway":"secondary","name":"中山北路五段","osm_id":263056095},"geometry":{"type":"LineString","coordinates":[[121.527807,25.0957913],[121.5278285,25.0957038]]}},{"type":"Feature","properties":{"highway":"secondary","name":"松江路","osm_id":263056100},"geometry":{"type":"LineString","coordinates":[[121.5331001,25.0614995],[121.5330911,25.0612738],[121.5330851,25.0611396],[121.5330758,25.060504],[121.5330749,25.0604457],[121.5330745,25.0604168],[121.5330932,25.0603318]]}},{"type":"Feature","properties":{"highway":"secondary","name":"民權東路二段","osm_id":263056104},"geometry":{"type":"LineString","coordinates":[[121.533279,25.0624126],[121.5333986,25.0624087],[121.5347897,25.0623705],[121.5349149,25.062367]]}},{"type":"Feature","properties":{"highway":"secondary","name":"民權東路二段","osm_id":263056109},"geometry":{"type":"LineString","coordinates":[[121.527548,25.0625689],[121.5278891,25.0625558]]}},{"type":"Feature","properties":{"highway":"tertiary","name":"金山南路一段","osm_id":263217603},"geometry":{"type":"LineString","coordinates":[[121.5298938,25.0436437],[121.5298609,25.0435111],[121.5298201,25.0433465],[121.5298116,25.0433136],[121.5297829,25.0432221]]}},{"type":"Feature","properties":{"highway":"tertiary","name":"金山北路","osm_id":263217604},"geometry":{"type":"LineString","coordinates":[[121.530165,25.0437086],[121.5302275,25.0438275],[121.5304605,25.0445838],[121.5305732,25.0449579],[121.5307677,25.0456033],[121.530781,25.0456505],[121.5308241,25.0458042],[121.5308296,25.0458238],[121.5308292,25.0459219]]}},{"type":"Feature","properties":{"highway":"primary","name":"中山北路五段505巷","osm_id":263304835},"geometry":{"type":"LineString","coordinates":[[121.528006,25.093765],[121.5279204,25.0937211]]}},{"type":"Feature","properties":{"highway":"secondary","name":"中正路","osm_id":263304837},"geometry":{"type":"LineString","coordinates":[[121.5255085,25.0951811],[121.5256001,25.0952017],[121.5256207,25.0952063],[121.5257267,25.0952303],[121.5259323,25.0952768],[121.5262642,25.0953504],[121.5262949,25.0953568],[121.5265521,25.095415],[121.5268701,25.0954891],[121.5272892,25.095584],[121.5277433,25.0956868],[121.5278285,25.0957038]]}},{"type":"Feature","properties":{"highway":"tertiary","name":"庫倫街","osm_id":264309964},"geometry":{"type":"LineString","coordinates":[[121.5166666,25.0719667],[121.5172775,25.0719484],[121.5173679,25.0719458],[121.5176472,25.0719392],[121.5178418,25.0719342],[121.5184211,25.0719208],[121.5185365,25.0719199]]}},{"type":"Feature","properties":{"highway":"secondary","name":"中山北路五段","osm_id":264408703},"geometry":{"type":"LineString","coordinates":[[121.5273213,25.0977788],[121.5273553,25.097656],[121.5273874,25.0975474],[121.5278546,25.0959032],[121.5278874,25.0958096]]}},{"type":"Feature","properties":{"highway":"secondary","name":"中山北路五段","osm_id":264408850},"geometry":{"type":"LineString","coordinates":[[121.5272414,25.0977626],[121.5272663,25.097696],[121.5272791,25.0976622],[121.5274658,25.0970194],[121.5277778,25.0958862],[121.527807,25.0957913]]}},{"type":"Feature","properties":{"highway":"secondary","name":"敦化北路","osm_id":264410143},"geometry":{"type":"LineString","coordinates":[[121.5504906,25.0614919],[121.5504084,25.0613235]]}},{"type":"Feature","properties":{"highway":"secondary","name":"民權東路三段","osm_id":264410144},"geometry":{"type":"LineString","coordinates":[[121.5504906,25.0614919],[121.5507067,25.0614618]]}},{"type":"Feature","properties":{"highway":"secondary","name":"民權東路四段","osm_id":264427427},"geometry":{"type":"LineString","coordinates":[[121.5510868,25.0615772],[121.5508806,25.0615738]]}},{"type":"Feature","properties":{"highway":"secondary","name":"敦化北路","osm_id":264484756},"geometry":{"type":"LineString","coordinates":[[121.5490498,25.0577816],[121.5490265,25.0576578]]}},{"type":"Feature","properties":{"highway":"tertiary","name":"民生東路五段","osm_id":264484759},"geometry":{"type":"LineString","coordinates":[[121.5682041,25.0592538],[121.567217,25.0591814],[121.5671679,25.0591778],[121.567113,25.0591742],[121.5660007,25.0591005],[121.5659342,25.0590964],[121.5658535,25.0590912],[121.5651159,25.0590532],[121.5650507,25.0590499],[121.5649976,25.0590472],[121.5649789,25.0590468],[121.5648908,25.0590444],[121.5639865,25.0589817],[121.5639004,25.0589756],[121.5638021,25.0589676]]}},{"type":"Feature","properties":{"highway":"primary","name":"中山北路一段","osm_id":264550937},"geometry":{"type":"LineString","coordinates":[[121.5195271,25.0457875],[121.5194481,25.0456107]]}},{"type":"Feature","properties":{"highway":"primary","name":"忠孝西路一段","osm_id":264550938},"geometry":{"type":"LineString","coordinates":[[121.5195271,25.0457875],[121.5192634,25.0458469],[121.5187773,25.0459718],[121.5184874,25.0460405],[121.5175562,25.046261]]}},{"type":"Feature","properties":{"highway":"tertiary","name":"市民大道二段","osm_id":264551742},"geometry":{"type":"LineString","coordinates":[[121.5208196,25.0479795],[121.5209198,25.0479615],[121.5210259,25.0479404],[121.5211789,25.0479166],[121.5213221,25.0479007],[121.5215389,25.0478772],[121.5218418,25.0478546],[121.5221102,25.04784],[121.5221593,25.0478371],[121.5222732,25.0478294],[121.5223792,25.0478212],[121.5225116,25.0478146],[121.5226093,25.0478095],[121.5233989,25.0477685],[121.5237529,25.0477499],[121.5240079,25.0477351],[121.5240418,25.0477338],[121.5241783,25.04772]]}},{"type":"Feature","properties":{"highway":"primary","name":"中山北路一段","osm_id":264551743},"geometry":{"type":"LineString","coordinates":[[121.5208196,25.0479795],[121.5209092,25.0481518]]}},{"type":"Feature","properties":{"highway":"tertiary","name":"民生東路三段","osm_id":264589677},"geometry":{"type":"LineString","coordinates":[[121.5490498,25.0577816],[121.5487977,25.0577836]]}},{"type":"Feature","properties":{"highway":"primary","name":"民權西路","osm_id":264689871},"geometry":{"type":"LineString","coordinates":[[121.5183756,25.0629584],[121.518222,25.0629624]]}},{"type":"Feature","properties":{"highway":"secondary","name":"承德路三段","osm_id":264689872},"geometry":{"type":"LineString","coordinates":[[121.5184306,25.0658601],[121.5184324,25.0659838],[121.5184387,25.0660476],[121.5184411,25.0662026],[121.5184453,25.0664718],[121.5184541,25.0668654],[121.5184597,25.0672051],[121.5184613,25.0673009],[121.5184621,25.0673472],[121.5184657,25.0677009],[121.5184781,25.0680619],[121.5184852,25.068303],[121.5184867,25.0683543],[121.5184883,25.0684088],[121.5184911,25.0685265]]}},{"type":"Feature","properties":{"highway":"secondary","name":"中正路","osm_id":264852811},"geometry":{"type":"LineString","coordinates":[[121.5280537,25.0957486],[121.5281088,25.0957608],[121.5294746,25.0960092],[121.5302785,25.0961559],[121.5303252,25.0961642],[121.5306419,25.0962218],[121.5319442,25.096459],[121.5321431,25.0964953]]}},{"type":"Feature","properties":{"highway":"secondary","name":"中山北路五段","osm_id":264852812},"geometry":{"type":"LineString","coordinates":[[121.5280537,25.0957486],[121.5280311,25.0958385]]}},{"type":"Feature","properties":{"highway":"secondary","name":"復興北路","osm_id":264859962},"geometry":{"type":"LineString","coordinates":[[121.544146,25.0619736],[121.5441474,25.0619516],[121.544149,25.061777],[121.5441371,25.0610426],[121.5441251,25.0603084],[121.5441247,25.0602796],[121.5441241,25.0602452],[121.544123,25.0601799]]}},{"type":"Feature","properties":{"highway":"secondary","name":"民權東路三段","osm_id":264859963},"geometry":{"type":"LineString","coordinates":[[121.5441532,25.0621351],[121.5443199,25.0620944]]}},{"type":"Feature","properties":{"highway":"secondary","name":"承德路三段","osm_id":265725161},"geometry":{"type":"LineString","coordinates":[[121.518222,25.0629624],[121.5182174,25.062827]]}},{"type":"Feature","properties":{"highway":"primary","name":"民權西路","osm_id":265725163},"geometry":{"type":"LineString","coordinates":[[121.5174781,25.0629817],[121.5173675,25.0630002],[121.5170523,25.0630083],[121.5168043,25.0630146],[121.5163985,25.063025],[121.5160585,25.0630337],[121.5159716,25.0630359]]}},{"type":"Feature","properties":{"highway":"primary","name":"民權西路","osm_id":265725164},"geometry":{"type":"LineString","coordinates":[[121.5183691,25.062823],[121.5185273,25.0628188],[121.5188001,25.0628115],[121.5195341,25.0627919],[121.5196408,25.062789]]}},{"type":"Feature","properties":{"highway":"tertiary","name":"民族東路","osm_id":265735268},"geometry":{"type":"LineString","coordinates":[[121.5229855,25.0684836],[121.5228746,25.0684868]]}},{"type":"Feature","properties":{"highway":"primary_link","name":"中山北路三段","osm_id":265735269},"geometry":{"type":"LineString","coordinates":[[121.5229855,25.0684836],[121.5230085,25.0685856],[121.523095,25.0689021],[121.5232784,25.0695541],[121.523465,25.0702366],[121.5235372,25.070508],[121.5235525,25.0705655],[121.5235652,25.0706131],[121.5235483,25.0707371]]}},{"type":"Feature","properties":{"highway":"secondary","name":"民權東路一段","osm_id":265735591},"geometry":{"type":"LineString","coordinates":[[121.527428,25.0625706],[121.527548,25.0625689]]}},{"type":"Feature","properties":{"highway":"secondary","name":"民權東路一段","osm_id":265735748},"geometry":{"type":"LineString","coordinates":[[121.5227163,25.0628383],[121.5226118,25.0628407]]}},{"type":"Feature","properties":{"highway":"primary","name":"中山北路二段","osm_id":265735749},"geometry":{"type":"LineString","coordinates":[[121.5227163,25.0628383],[121.5226862,25.0629747],[121.5225308,25.0636735],[121.5224725,25.0639207]]}},{"type":"Feature","properties":{"highway":"tertiary","name":"民生東路二段","osm_id":265736008},"geometry":{"type":"LineString","coordinates":[[121.5330675,25.0579378],[121.5332075,25.0578685]]}},{"type":"Feature","properties":{"highway":"secondary","name":"松江路","osm_id":265736009},"geometry":{"type":"LineString","coordinates":[[121.5330675,25.0579378],[121.5330577,25.0578098],[121.5330521,25.0574424],[121.5330467,25.0570899],[121.5330419,25.0567798],[121.5330363,25.0564129],[121.5330303,25.0560253],[121.533026,25.0557463]]}},{"type":"Feature","properties":{"highway":"secondary","name":"松江路","osm_id":265736010},"geometry":{"type":"LineString","coordinates":[[121.5332099,25.0580062],[121.5332117,25.0581076],[121.5332161,25.0583677],[121.5332246,25.0588552],[121.5332374,25.059594],[121.5332468,25.0601385],[121.5332478,25.0601967],[121.5332491,25.0602708],[121.5332504,25.060345]]}},{"type":"Feature","properties":{"highway":"tertiary","name":"民生東路二段","osm_id":265736011},"geometry":{"type":"LineString","coordinates":[[121.5332099,25.0580062],[121.5330675,25.0579378]]}},{"type":"Feature","properties":{"highway":"secondary","name":"南京東路五段","osm_id":265738679},"geometry":{"type":"LineString","coordinates":[[121.5638016,25.0514866],[121.5636658,25.0514928],[121.562299,25.0515199]]}},{"type":"Feature","properties":{"highway":"tertiary","name":"三民路","osm_id":265738680},"geometry":{"type":"LineString","coordinates":[[121.5638589,25.0541121],[121.5638535,25.0542194]]}},{"type":"Feature","properties":{"highway":"secondary","name":"南京東路五段","osm_id":265738682},"geometry":{"type":"LineString","coordinates":[[121.5653899,25.0514492],[121.5652322,25.0514522],[121.5650931,25.0514535],[121.5642082,25.0514717],[121.5641692,25.0514725],[121.564103,25.0514739],[121.5640141,25.0514777],[121.5638016,25.0514866]]}},{"type":"Feature","properties":{"highway":"tertiary","name":"東興路","osm_id":265738683},"geometry":{"type":"LineString","coordinates":[[121.5653944,25.050066],[121.5654011,25.0500076],[121.5654034,25.0499852],[121.565407,25.0499493],[121.5654431,25.0495941],[121.5654482,25.0495639]]}},{"type":"Feature","properties":{"highway":"secondary","name":"南京東路五段","osm_id":265738684},"geometry":{"type":"LineString","coordinates":[[121.5684437,25.0511872],[121.5685054,25.0511856],[121.5693863,25.051163],[121.5694314,25.0511618],[121.5694715,25.051161],[121.5696531,25.0511573],[121.5697693,25.0511677],[121.5700617,25.0511626],[121.5702175,25.0511567]]}},{"type":"Feature","properties":{"highway":"secondary","name":"基隆路一段","osm_id":265739420},"geometry":{"type":"LineString","coordinates":[[121.5670629,25.0457318],[121.5670075,25.0456335],[121.5668723,25.0453653],[121.5668152,25.0452198]]}},{"type":"Feature","properties":{"highway":"primary","name":"中山北路四段","osm_id":266052139},"geometry":{"type":"LineString","coordinates":[[121.5258091,25.0749142],[121.5257861,25.0748376],[121.5257735,25.0747817],[121.5257587,25.0747253],[121.5257319,25.0746584],[121.5256769,25.0745775],[121.5256211,25.0745143],[121.5255596,25.0744671],[121.525511,25.0744472]]}},{"type":"Feature","properties":{"highway":"primary","name":"中山北路四段","osm_id":266052141},"geometry":{"type":"LineString","coordinates":[[121.5259271,25.0745114],[121.5261302,25.0745953],[121.526334,25.0747058],[121.5264943,25.0748152],[121.5266042,25.0749129],[121.5266851,25.075037],[121.5267366,25.0751429],[121.5267875,25.0753219],[121.5268034,25.0755358],[121.5268088,25.0756921],[121.5268122,25.0757371]]}},{"type":"Feature","properties":{"highway":"secondary","name":"北安路","osm_id":266053078},"geometry":{"type":"LineString","coordinates":[[121.5331898,25.0779032],[121.5332278,25.0779132],[121.533262,25.0779311],[121.5332905,25.077956],[121.5333116,25.0779863],[121.5333241,25.0780203],[121.5333273,25.078056],[121.5333209,25.0780914],[121.5333054,25.0781243],[121.5332816,25.078153],[121.5332509,25.0781756],[121.5332152,25.0781909]]}},{"type":"Feature","properties":{"highway":"secondary","name":"北安路","osm_id":266053079},"geometry":{"type":"LineString","coordinates":[[121.5331368,25.0781966],[121.5330988,25.0781866],[121.5330646,25.0781687],[121.5330361,25.0781438],[121.533015,25.0781135],[121.5330025,25.0780795],[121.5329993,25.0780438],[121.5330057,25.0780084],[121.5330212,25.0779755],[121.533045,25.0779468],[121.5330757,25.0779242],[121.5331114,25.0779088]]}},{"type":"Feature","properties":{"highway":"secondary","name":"北安路","osm_id":266053080},"geometry":{"type":"LineString","coordinates":[[121.5332152,25.0781909],[121.5331764,25.0781981],[121.5331368,25.0781966]]}},{"type":"Feature","properties":{"highway":"secondary","name":"北安路","osm_id":266053522},"geometry":{"type":"LineString","coordinates":[[121.5504621,25.085395],[121.5505412,25.0854897],[121.550594,25.0855984],[121.5506177,25.0857152],[121.550611,25.0858338],[121.5505743,25.0859477],[121.5505095,25.086051],[121.5504202,25.0861379],[121.5503111,25.0862037]]}},{"type":"Feature","properties":{"highway":"tertiary","name":"建國北路一段","osm_id":268564473},"geometry":{"type":"LineString","coordinates":[[121.5364678,25.0483945],[121.536468,25.048277],[121.5364582,25.0479273],[121.5364444,25.0475362],[121.5364406,25.04718],[121.5364368,25.0468535],[121.5364323,25.0465841],[121.5364182,25.0463093],[121.5364154,25.0462557],[121.5364141,25.0462298],[121.5364065,25.0460224]]}},{"type":"Feature","properties":{"highway":"primary","name":"忠孝東路五段","osm_id":268564475},"geometry":{"type":"LineString","coordinates":[[121.5683956,25.040986],[121.5685671,25.0409822]]}},{"type":"Feature","properties":{"highway":"primary","name":"忠孝東路五段","osm_id":268564476},"geometry":{"type":"LineString","coordinates":[[121.5685671,25.0409822],[121.5686022,25.0409815],[121.5687687,25.0409781],[121.5691105,25.0409714],[121.5700717,25.0409522],[121.5701583,25.0409491],[121.5702291,25.040948],[121.5709817,25.0409338],[121.5718469,25.0409174],[121.5719296,25.0409151]]}},{"type":"Feature","properties":{"highway":"tertiary","name":"松仁路","osm_id":268564480},"geometry":{"type":"LineString","coordinates":[[121.5685671,25.0409822],[121.5687101,25.0411021]]}},{"type":"Feature","properties":{"highway":"secondary","name":"松江路","osm_id":268564482},"geometry":{"type":"LineString","coordinates":[[121.5329341,25.0519475],[121.5329333,25.0518467],[121.53293,25.0514082],[121.5329321,25.0509911],[121.5329321,25.0505378],[121.5329262,25.0502713],[121.5329259,25.0501939]]}},{"type":"Feature","properties":{"highway":"secondary","name":"松江路","osm_id":268564483},"geometry":{"type":"LineString","coordinates":[[121.5330764,25.0519477],[121.533078,25.0521158]]}},{"type":"Feature","properties":{"highway":"tertiary","name":"松隆路","osm_id":268564484},"geometry":{"type":"LineString","coordinates":[[121.5705596,25.0457042],[121.5706636,25.0457936],[121.5707916,25.0459044],[121.5712851,25.0462932],[121.5715415,25.0464669],[121.5720376,25.0467342],[121.5721419,25.046792],[121.5722692,25.0468675],[121.5727463,25.0471378],[121.5729513,25.0472513],[121.5732001,25.0474068],[121.5742916,25.048011],[121.5744204,25.0480823],[121.5744638,25.0481063],[121.5748931,25.0483439],[121.5749973,25.0484025],[121.5752365,25.0484799],[121.5754296,25.0484994],[121.5756334,25.0484508],[121.5758453,25.0483932],[121.5760105,25.0483482],[121.5761842,25.048299],[121.5771247,25.0480328],[121.5773226,25.0479998],[121.5774466,25.0479745],[121.5776295,25.0479631],[121.5777146,25.0479577],[121.5777449,25.0479573],[121.577839,25.0479588]]}},{"type":"Feature","properties":{"highway":"tertiary","name":"民生東路三段","osm_id":268564485},"geometry":{"type":"LineString","coordinates":[[121.5440851,25.0578549],[121.5440107,25.0578556],[121.5439776,25.0578547],[121.5435861,25.0578624],[121.5430393,25.0578706],[121.5423154,25.0578815],[121.5421667,25.0578837],[121.5421127,25.0578848],[121.5418828,25.0578893],[121.5416388,25.0578926],[121.5407968,25.057904],[121.5406929,25.0579054],[121.5406059,25.0579067],[121.5392756,25.0579272],[121.5391869,25.0579286],[121.5391227,25.0579296],[121.537806,25.0579505],[121.5372639,25.0579573],[121.5371765,25.0579593]]}},{"type":"Feature","properties":{"highway":"primary","name":"忠孝東路五段","osm_id":268569312},"geometry":{"type":"LineString","coordinates":[[121.5687101,25.0411021],[121.5683245,25.0411119],[121.5673096,25.0411397],[121.5667797,25.0411527],[121.5663337,25.0411636],[121.5662581,25.0411654],[121.5660004,25.0411719],[121.5658595,25.041176],[121.5652923,25.0411931],[121.5647875,25.0412051],[121.5646488,25.0412047]]}},{"type":"Feature","properties":{"highway":"tertiary","name":"凱達格蘭大道","osm_id":269502155},"geometry":{"type":"LineString","coordinates":[[121.5155861,25.0395764],[121.5157607,25.0395309],[121.5157833,25.039525],[121.5162634,25.0394009],[121.5166458,25.0392987],[121.5171619,25.0391571],[121.5172051,25.0391447],[121.5172478,25.0391323]]}},{"type":"Feature","properties":{"highway":"tertiary","name":"凱達格蘭大道","osm_id":269502157},"geometry":{"type":"LineString","coordinates":[[121.5155861,25.0395764],[121.5153453,25.0396142],[121.5150978,25.039651],[121.5146498,25.0397163],[121.5138366,25.0398353]]}},{"type":"Feature","properties":{"highway":"tertiary","name":"北平東路","osm_id":269505245},"geometry":{"type":"LineString","coordinates":[[121.5220871,25.0467707],[121.5220111,25.0467891],[121.5216521,25.046876],[121.5212375,25.0469763],[121.5210666,25.0470117],[121.5205724,25.0471321],[121.5205298,25.0471425],[121.5204364,25.0471653],[121.5203305,25.0471911]]}},{"type":"Feature","properties":{"highway":"tertiary","name":"濟南路一段","osm_id":269789739},"geometry":{"type":"LineString","coordinates":[[121.5226571,25.0424215],[121.5225321,25.0424452],[121.5221529,25.0425343],[121.5218151,25.0426136],[121.5214207,25.0427088],[121.5210687,25.0427938],[121.5209857,25.042815],[121.5209031,25.0428343],[121.5207556,25.0428689],[121.520344,25.0429704],[121.5202491,25.0429936],[121.5202133,25.0430024],[121.5200186,25.0430501],[121.5199586,25.0430646],[121.5198878,25.0430817],[121.5194304,25.0431927],[121.5193665,25.0432082],[121.5191142,25.0432694],[121.5190414,25.0432872]]}},{"type":"Feature","properties":{"highway":"primary","name":"忠孝西路一段","osm_id":270439718},"geometry":{"type":"LineString","coordinates":[[121.5183014,25.0459858],[121.5181803,25.0460173]]}},{"type":"Feature","properties":{"highway":"tertiary","name":"民族西路","osm_id":273012210},"geometry":{"type":"LineString","coordinates":[[121.5183361,25.0685364],[121.5184911,25.0685265]]}},{"type":"Feature","properties":{"highway":"secondary","name":"承德路三段","osm_id":273012211},"geometry":{"type":"LineString","coordinates":[[121.5182668,25.0658671],[121.5182685,25.0657641],[121.5182629,25.0654389],[121.5182439,25.0643411],[121.5182419,25.0642277],[121.518232,25.063659],[121.5182238,25.0630903],[121.518222,25.0629624]]}},{"type":"Feature","properties":{"highway":"primary","name":"中山南路","osm_id":274809896},"geometry":{"type":"LineString","coordinates":[[121.5191471,25.0445464],[121.5191189,25.0444521],[121.5190645,25.0442678],[121.5189352,25.0438355],[121.518921,25.0437882],[121.5189005,25.0437196],[121.5188275,25.0434757],[121.5188197,25.0434498],[121.51879,25.0433502]]}},{"type":"Feature","properties":{"highway":"tertiary","name":"庫倫街","osm_id":277048235},"geometry":{"type":"LineString","coordinates":[[121.5202962,25.0718363],[121.5201315,25.0718571]]}},{"type":"Feature","properties":{"highway":"primary","name":"中山北路二段","osm_id":278492469},"geometry":{"type":"LineString","coordinates":[[121.5225195,25.0627012],[121.5225465,25.0625779],[121.5227399,25.061761],[121.5228116,25.0613797],[121.5228291,25.0612035],[121.522851,25.0609687],[121.5228519,25.0609363],[121.5228529,25.0605212],[121.5228499,25.0604461],[121.5228445,25.0603122]]}},{"type":"Feature","properties":{"highway":"primary","name":"民權西路","osm_id":278492470},"geometry":{"type":"LineString","coordinates":[[121.5224881,25.0628436],[121.5223727,25.0628463],[121.5219559,25.062856],[121.521431,25.0628582],[121.5209291,25.0628723],[121.5208315,25.0628751]]}},{"type":"Feature","properties":{"highway":"primary","name":"民權西路","osm_id":278492471},"geometry":{"type":"LineString","coordinates":[[121.5226118,25.0628407],[121.5224881,25.0628436]]}},{"type":"Feature","properties":{"highway":"primary","name":"中山北路五段","osm_id":278496838},"geometry":{"type":"LineString","coordinates":[[121.528006,25.093765],[121.5279829,25.0936419],[121.5278914,25.0931192],[121.5277682,25.092404],[121.527521,25.0909933],[121.5274746,25.0906803],[121.5274602,25.0905861],[121.527443,25.0903122],[121.5274433,25.0902605]]}},{"type":"Feature","properties":{"highway":"primary","name":"福德路","osm_id":278496839},"geometry":{"type":"LineString","coordinates":[[121.528006,25.093765],[121.5280658,25.0937963]]}},{"type":"Feature","properties":{"highway":"secondary","name":"中山北路五段","osm_id":278496840},"geometry":{"type":"LineString","coordinates":[[121.5280658,25.0937963],[121.5280714,25.0938256],[121.528149,25.0942254],[121.5281626,25.0943698],[121.5281698,25.0945009],[121.5281771,25.0947784],[121.5281546,25.0949878],[121.5281098,25.0952233],[121.5279959,25.0956378],[121.5279656,25.0957336]]}},{"type":"Feature","properties":{"highway":"primary","name":"福德路","osm_id":278496841},"geometry":{"type":"LineString","coordinates":[[121.5280658,25.0937963],[121.5281681,25.093851]]}},{"type":"Feature","properties":{"highway":"tertiary","name":"長安西路","osm_id":287316013},"geometry":{"type":"LineString","coordinates":[[121.5118561,25.052043],[121.5123477,25.0519579],[121.5132669,25.0517461],[121.5135996,25.0516479],[121.5137937,25.0515943],[121.513851,25.0515788],[121.5139798,25.0515594]]}},{"type":"Feature","properties":{"highway":"secondary","name":"","osm_id":287687566},"geometry":{"type":"LineString","coordinates":[[121.5444891,25.0796797],[121.5444732,25.0797733]]}},{"type":"Feature","properties":{"highway":"secondary","name":"塔悠路","osm_id":287690004},"geometry":{"type":"LineString","coordinates":[[121.5702175,25.0511567],[121.5703367,25.0511513],[121.5704718,25.0511289]]}},{"type":"Feature","properties":{"highway":"tertiary","name":"撫遠街","osm_id":287735310},"geometry":{"type":"LineString","coordinates":[[121.5660234,25.0631795],[121.5659919,25.0633108]]}},{"type":"Feature","properties":{"highway":"tertiary","name":"八德路四段","osm_id":287735313},"geometry":{"type":"LineString","coordinates":[[121.5578747,25.0481941],[121.5579981,25.048213],[121.5580625,25.0482208],[121.5581209,25.0482243],[121.5583662,25.0482438],[121.558432,25.0482491],[121.5584707,25.0482521],[121.5585253,25.0482582],[121.558616,25.0482682],[121.5586428,25.0482709],[121.558698,25.0482776],[121.5587452,25.048283],[121.5588048,25.0482898],[121.559149,25.0483327],[121.5594411,25.0483594],[121.5599742,25.0484037],[121.5600442,25.0484095],[121.5601019,25.048415],[121.560157,25.0484204],[121.5601911,25.0484233],[121.5607086,25.0484733],[121.5607659,25.0484788],[121.5607898,25.0484815],[121.5608683,25.0484899],[121.5609822,25.048502],[121.5611007,25.0485133],[121.5611614,25.0485204],[121.5612174,25.0485243],[121.5620003,25.0486066],[121.5625072,25.0486555],[121.5625685,25.0486614],[121.5626208,25.0486664],[121.5627599,25.0486818]]}},{"type":"Feature","properties":{"highway":"secondary","name":"塔悠路","osm_id":287735319},"geometry":{"type":"LineString","coordinates":[[121.5699019,25.0545468],[121.5698942,25.054591],[121.5698006,25.0551314],[121.569608,25.0562423],[121.5696014,25.0562805],[121.5695933,25.0563271],[121.5695818,25.0563934],[121.5694397,25.0572129],[121.5694331,25.0572512],[121.5694287,25.0572764],[121.5694172,25.0573427],[121.5694017,25.0574326],[121.5693707,25.0576293],[121.5691482,25.0588947],[121.569108,25.0591269],[121.5691032,25.0591541],[121.5690944,25.0592052],[121.5690724,25.0592951]]}},{"type":"Feature","properties":{"highway":"secondary","name":"民權東路五段","osm_id":287735325},"geometry":{"type":"LineString","coordinates":[[121.5660234,25.0631795],[121.5661152,25.0631916]]}},{"type":"Feature","properties":{"highway":"tertiary","name":"","osm_id":287836678},"geometry":{"type":"LineString","coordinates":[[121.5332057,25.0665477],[121.5333521,25.0665823]]}},{"type":"Feature","properties":{"highway":"secondary","name":"新生南路一段","osm_id":288135626},"geometry":{"type":"LineString","coordinates":[[121.5329177,25.0423891],[121.5329204,25.0425179],[121.5329237,25.0432012],[121.5329288,25.0434332]]}},{"type":"Feature","properties":{"highway":"primary","name":"忠孝東路三段","osm_id":288135627},"geometry":{"type":"LineString","coordinates":[[121.5329177,25.0423891],[121.5327802,25.0424169]]}},{"type":"Feature","properties":{"highway":"secondary","name":"新生南路一段","osm_id":288135628},"geometry":{"type":"LineString","coordinates":[[121.5327726,25.0422648],[121.5327678,25.0420967],[121.5327576,25.0417432],[121.5327529,25.0415411],[121.5327506,25.0412908],[121.5327504,25.0409998]]}},{"type":"Feature","properties":{"highway":"secondary","name":"重慶北路一段","osm_id":288878925},"geometry":{"type":"LineString","coordinates":[[121.5133588,25.0495362],[121.513559,25.0501188],[121.5136827,25.0504786],[121.5137217,25.0506178],[121.5138527,25.0510841],[121.5139645,25.0515021],[121.5139798,25.0515594]]}},{"type":"Feature","properties":{"highway":"tertiary","name":"建國南路一段","osm_id":288878926},"geometry":{"type":"LineString","coordinates":[[121.5364065,25.0460224],[121.5364045,25.0459331],[121.5363665,25.044938],[121.536364,25.0448736]]}},{"type":"Feature","properties":{"highway":"secondary","name":"南京東路二段","osm_id":288878933},"geometry":{"type":"LineString","coordinates":[[121.5300934,25.0521362],[121.5299507,25.0521377],[121.5293294,25.052144],[121.5288551,25.0521489],[121.5287752,25.0521497],[121.5279933,25.0521576],[121.5278565,25.052159]]}},{"type":"Feature","properties":{"highway":"tertiary","name":"吉林路","osm_id":288878934},"geometry":{"type":"LineString","coordinates":[[121.5300934,25.0521362],[121.5300892,25.0519806]]}},{"type":"Feature","properties":{"highway":"tertiary","name":"鄭州路","osm_id":288878938},"geometry":{"type":"LineString","coordinates":[[121.5137689,25.0492033],[121.5140581,25.049128],[121.5149336,25.0489],[121.5162785,25.0486962],[121.5163613,25.0486836]]}},{"type":"Feature","properties":{"highway":"secondary","name":"敦化南路一段","osm_id":288878939},"geometry":{"type":"LineString","coordinates":[[121.5489337,25.0482042],[121.5489312,25.0480392],[121.5489301,25.0479619],[121.5489037,25.0461846],[121.5489026,25.046113],[121.5489008,25.0459923],[121.5488876,25.0451044],[121.5488863,25.0450151],[121.5488856,25.0449681]]}},{"type":"Feature","properties":{"highway":"tertiary","name":"長安東路二段","osm_id":288878945},"geometry":{"type":"LineString","coordinates":[[121.5300109,25.0485116],[121.5301269,25.0485094],[121.5314474,25.0484846],[121.5323982,25.0484667],[121.5327593,25.0484647],[121.5328994,25.0484625]]}},{"type":"Feature","properties":{"highway":"tertiary","name":"東興路","osm_id":289004412},"geometry":{"type":"LineString","coordinates":[[121.5655097,25.0489631],[121.5655235,25.0488482],[121.5655365,25.0488206],[121.5655502,25.0487916],[121.5656825,25.0485115],[121.5656983,25.0484809],[121.5657176,25.0484433]]}},{"type":"Feature","properties":{"highway":"tertiary","name":"長安東路一段","osm_id":289004415},"geometry":{"type":"LineString","coordinates":[[121.5245753,25.0491466],[121.5247047,25.0491166],[121.5250751,25.0490308],[121.5254923,25.0489342],[121.5259033,25.0488431],[121.5259489,25.048833],[121.5259664,25.0488291],[121.5263042,25.0487542],[121.5263719,25.0487395],[121.5264289,25.0487263],[121.527449,25.0484925],[121.5280502,25.0483528],[121.5281304,25.0483342],[121.5282027,25.0483174],[121.5282424,25.0483082],[121.5290662,25.0481168],[121.5291274,25.0481026],[121.5291781,25.0480952],[121.5292366,25.0480932],[121.5292939,25.0480965],[121.5293331,25.048102],[121.5293734,25.0481104],[121.5294082,25.0481199],[121.5294904,25.0481698]]}},{"type":"Feature","properties":{"highway":"primary","name":"忠孝東路一段","osm_id":289004416},"geometry":{"type":"LineString","coordinates":[[121.5197151,25.0455801],[121.5198306,25.0455572],[121.5200622,25.0455054],[121.5212516,25.0452394],[121.5214723,25.0451901],[121.5214959,25.0451844],[121.521537,25.0451743],[121.521611,25.045158]]}},{"type":"Feature","properties":{"highway":"tertiary","name":"八德路二段","osm_id":289004418},"geometry":{"type":"LineString","coordinates":[[121.5468407,25.048204],[121.5468791,25.0482047],[121.5469345,25.0482047],[121.5469941,25.0482047],[121.5472451,25.0482047],[121.5473035,25.0482047],[121.5473526,25.0482047],[121.5474292,25.0482051]]}},{"type":"Feature","properties":{"highway":"primary","name":"中山北路一段","osm_id":289004429},"geometry":{"type":"LineString","coordinates":[[121.5217364,25.0497999],[121.5217865,25.049921],[121.5217895,25.0499277],[121.5218105,25.0499791],[121.5220538,25.0505183],[121.5221948,25.050813],[121.5222839,25.0510067],[121.5223651,25.0511988],[121.522426,25.0513685],[121.5225366,25.0517297],[121.5226168,25.05204],[121.5226532,25.0521782]]}},{"type":"Feature","properties":{"highway":"tertiary","name":"八德路四段","osm_id":289004430},"geometry":{"type":"LineString","coordinates":[[121.5655097,25.0489631],[121.5656653,25.0489781],[121.5656978,25.048981],[121.5657417,25.0489848],[121.566102,25.0490166],[121.5661805,25.0490234],[121.5662448,25.0490317],[121.5663152,25.0490403],[121.5663777,25.0490462],[121.5670621,25.0491107],[121.5670972,25.0491141],[121.5671318,25.0491175],[121.5671833,25.0491225]]}},{"type":"Feature","properties":{"highway":"secondary","name":"南京西路","osm_id":289246481},"geometry":{"type":"LineString","coordinates":[[121.5144167,25.0540344],[121.5146101,25.0540716],[121.5146841,25.0540785],[121.514766,25.054065],[121.5148244,25.0540394],[121.5148883,25.0539885],[121.5149295,25.0539359],[121.5149675,25.053897],[121.5150515,25.0538401]]}},{"type":"Feature","properties":{"highway":"secondary","name":"承德路二段","osm_id":289246486},"geometry":{"type":"LineString","coordinates":[[121.518087,25.057291],[121.5180791,25.0572159],[121.5180893,25.0564517],[121.5181031,25.0563109],[121.5181095,25.0557573],[121.518113,25.0553129],[121.5181216,25.0549061],[121.5181239,25.0547785],[121.5181007,25.0546761],[121.5176799,25.0533988],[121.5176462,25.0533148]]}},{"type":"Feature","properties":{"highway":"tertiary","name":"農安街","osm_id":290040218},"geometry":{"type":"LineString","coordinates":[[121.5279547,25.0648727],[121.5284852,25.0648628],[121.5290574,25.0648522],[121.5298318,25.0648377],[121.5302295,25.0648303],[121.5302378,25.0648302],[121.530358,25.064828],[121.5304759,25.0648258],[121.531191,25.0648124],[121.5317414,25.0648015]]}},{"type":"Feature","properties":{"highway":"secondary","name":"復興北路","osm_id":291325259},"geometry":{"type":"LineString","coordinates":[[121.5440785,25.0576884],[121.5440754,25.0575026],[121.5440566,25.0563026],[121.544056,25.0562667],[121.5440552,25.0562132],[121.5440507,25.05603],[121.5440507,25.0559765],[121.5440391,25.0553387],[121.5440272,25.0546282],[121.5440263,25.0545731]]}},{"type":"Feature","properties":{"highway":"tertiary","name":"民生東路三段","osm_id":291325260},"geometry":{"type":"LineString","coordinates":[[121.5442272,25.0576879],[121.5443867,25.057684],[121.5448277,25.0576798],[121.5460853,25.0576628],[121.5461073,25.0576626],[121.5461334,25.0576622],[121.5462255,25.057661],[121.5462883,25.0576602],[121.5473405,25.057646]]}},{"type":"Feature","properties":{"highway":"secondary","name":"承德路三段","osm_id":291356417},"geometry":{"type":"LineString","coordinates":[[121.5183859,25.0705176],[121.5183829,25.0704282],[121.518378,25.0700917],[121.5183717,25.0697355],[121.5183672,25.0695503],[121.5183573,25.0691395],[121.5183436,25.0687796],[121.5183414,25.0687219],[121.5183389,25.068657],[121.5183361,25.0685364]]}},{"type":"Feature","properties":{"highway":"tertiary","name":"酒泉街","osm_id":291356419},"geometry":{"type":"LineString","coordinates":[[121.5161244,25.0719822],[121.5166666,25.0719667]]}},{"type":"Feature","properties":{"highway":"tertiary","name":"公園路","osm_id":293207793},"geometry":{"type":"LineString","coordinates":[[121.5155861,25.0395764],[121.5156183,25.0397091],[121.5156406,25.0397882],[121.5159638,25.0408902],[121.516043,25.0411589],[121.5160828,25.0412951]]}},{"type":"Feature","properties":{"highway":"tertiary","name":"長安東路二段","osm_id":296214427},"geometry":{"type":"LineString","coordinates":[[121.5433739,25.048267],[121.5422519,25.048277],[121.5421469,25.0482776],[121.5420615,25.0482757],[121.5410343,25.0483074]]}},{"type":"Feature","properties":{"highway":"tertiary","name":"建國北路一段","osm_id":296214428},"geometry":{"type":"LineString","coordinates":[[121.5369385,25.0483757],[121.5369459,25.0484862],[121.5369892,25.0493946],[121.5369912,25.049437],[121.5369968,25.0495466],[121.5369983,25.0496212],[121.5370075,25.0500747],[121.5370123,25.0505055],[121.5370172,25.05092],[121.5370293,25.0514945],[121.5370223,25.0518046],[121.5370241,25.0519262]]}},{"type":"Feature","properties":{"highway":"secondary","name":"復興北路","osm_id":296493635},"geometry":{"type":"LineString","coordinates":[[121.5440173,25.0482545],[121.5440204,25.0483646],[121.5440395,25.0490449],[121.5440464,25.0492912],[121.5440608,25.049805],[121.5440632,25.049889],[121.5440706,25.050154],[121.5440719,25.0502016],[121.5440737,25.0502676],[121.5440999,25.0512012],[121.5441106,25.0515775],[121.5441115,25.0516105],[121.5441131,25.0516666],[121.5441158,25.0517699]]}},{"type":"Feature","properties":{"highway":"secondary","name":"復興北路","osm_id":296493636},"geometry":{"type":"LineString","coordinates":[[121.5440063,25.0475992],[121.5440092,25.0477176],[121.5440154,25.0481286],[121.5440173,25.0482545]]}},{"type":"Feature","properties":{"highway":"tertiary","name":"長安東路二段","osm_id":296493637},"geometry":{"type":"LineString","coordinates":[[121.5440173,25.0482545],[121.5441649,25.0482518],[121.544266,25.0482498],[121.5446447,25.0482441],[121.5455127,25.048251],[121.5455757,25.0482515],[121.5456478,25.0482521],[121.5456834,25.0482494]]}},{"type":"Feature","properties":{"highway":"primary","name":"忠孝東路二段","osm_id":297213521},"geometry":{"type":"LineString","coordinates":[[121.528966,25.0433029],[121.5290085,25.0432929],[121.5293589,25.0432018],[121.5294822,25.0431698],[121.5295926,25.0431411],[121.5296461,25.0431272],[121.5297445,25.0431016],[121.5299523,25.0430502]]}},{"type":"Feature","properties":{"highway":"tertiary","name":"杭州南路一段","osm_id":297240250},"geometry":{"type":"LineString","coordinates":[[121.5257785,25.0401911],[121.5257963,25.0402524],[121.5259506,25.040885],[121.5259713,25.0409562],[121.5261201,25.0414683],[121.5261538,25.0415845],[121.5261801,25.0416751],[121.5263019,25.0420896],[121.5264194,25.0424988],[121.5264762,25.0426942],[121.5264941,25.0427567],[121.52653,25.0428795],[121.5265679,25.0430101],[121.5266645,25.0433422],[121.5266812,25.0433999],[121.5267825,25.0437485],[121.5267927,25.0437827],[121.5268271,25.043902]]}},{"type":"Feature","properties":{"highway":"tertiary","name":"杭州南路一段","osm_id":297339418},"geometry":{"type":"LineString","coordinates":[[121.5268271,25.043902],[121.52686,25.0440126]]}},{"type":"Feature","properties":{"highway":"primary","name":"忠孝東路四段","osm_id":297603932},"geometry":{"type":"LineString","coordinates":[[121.5577382,25.0412799],[121.557824,25.041278],[121.5593809,25.0412216],[121.5596561,25.0412135],[121.5610007,25.0411741],[121.5614345,25.0411611],[121.5615828,25.04116]]}},{"type":"Feature","properties":{"highway":"primary","name":"民權西路","osm_id":299291335},"geometry":{"type":"LineString","coordinates":[[121.5168842,25.0628435],[121.517012,25.0628268],[121.5177285,25.0628089],[121.5180371,25.0628012],[121.5182174,25.062827]]}},{"type":"Feature","properties":{"highway":"secondary","name":"中正路","osm_id":299403723},"geometry":{"type":"LineString","coordinates":[[121.5236796,25.0948591],[121.5232131,25.0947524],[121.522861,25.0946755],[121.5225609,25.0946036],[121.5225231,25.0945956]]}},{"type":"Feature","properties":{"highway":"secondary","name":"中正路","osm_id":299403725},"geometry":{"type":"LineString","coordinates":[[121.5225231,25.0945956],[121.5221528,25.0945097],[121.521997,25.0944722],[121.5218983,25.0944533]]}},{"type":"Feature","properties":{"highway":"secondary","name":"承德路二段","osm_id":299403726},"geometry":{"type":"LineString","coordinates":[[121.5181278,25.0584128],[121.5181253,25.0583684],[121.5181047,25.0574656],[121.5180899,25.0573274]]}},{"type":"Feature","properties":{"highway":"primary","name":"民權西路","osm_id":299403731},"geometry":{"type":"LineString","coordinates":[[121.5196408,25.062789],[121.5207141,25.0627603],[121.5208322,25.0627572]]}},{"type":"Feature","properties":{"highway":"primary","name":"民權西路","osm_id":299403732},"geometry":{"type":"LineString","coordinates":[[121.5200993,25.0628958],[121.5197556,25.0629392],[121.5195386,25.0629566],[121.5192556,25.0629657],[121.5185333,25.0629778],[121.5183756,25.0629584]]}},{"type":"Feature","properties":{"highway":"tertiary","name":"庫倫街","osm_id":299804819},"geometry":{"type":"LineString","coordinates":[[121.5185365,25.0719199],[121.518683,25.0719137]]}},{"type":"Feature","properties":{"highway":"tertiary","name":"庫倫街","osm_id":299804820},"geometry":{"type":"LineString","coordinates":[[121.5200368,25.071875],[121.5199319,25.0718831],[121.5188053,25.0719097],[121.518683,25.0719137]]}},{"type":"Feature","properties":{"highway":"secondary","name":"承德路三段","osm_id":299804822},"geometry":{"type":"LineString","coordinates":[[121.5185298,25.0705687],[121.5185345,25.0706652],[121.5185493,25.0711533],[121.5185787,25.0714365],[121.5186194,25.0716413],[121.5186559,25.0717889],[121.518683,25.0719137]]}},{"type":"Feature","properties":{"highway":"secondary","name":"承德路三段","osm_id":299804823},"geometry":{"type":"LineString","coordinates":[[121.5185365,25.0719199],[121.5185139,25.0718183],[121.5184429,25.0714658],[121.5184142,25.0712706],[121.5184065,25.0710731],[121.5183886,25.070669],[121.5183859,25.0705176]]}},{"type":"Feature","properties":{"highway":"secondary","name":"承德路三段","osm_id":299804824},"geometry":{"type":"LineString","coordinates":[[121.5184911,25.0685265],[121.5184947,25.0686538],[121.5185049,25.0691223],[121.5185082,25.0694701],[121.5185069,25.0698612],[121.5185179,25.0702004],[121.5185251,25.0704245],[121.5185298,25.0705687]]}},{"type":"Feature","properties":{"highway":"tertiary","name":"八德路一段","osm_id":300077497},"geometry":{"type":"LineString","coordinates":[[121.5328258,25.0443601],[121.5326481,25.0443188],[121.5320484,25.0441595],[121.5319045,25.044125],[121.5318149,25.0441019],[121.531769,25.0440911],[121.5314678,25.0440205],[121.531175,25.0439504],[121.5307876,25.0438577],[121.5307108,25.0438393],[121.5306358,25.0438213],[121.5303587,25.043755],[121.5303029,25.0437416],[121.5302166,25.0437164],[121.530165,25.0437086]]}},{"type":"Feature","properties":{"highway":"secondary","name":"松江路","osm_id":300077507},"geometry":{"type":"LineString","coordinates":[[121.5330402,25.0484591],[121.5330377,25.0485742],[121.5330489,25.0489738],[121.5330537,25.0492009],[121.533055,25.0493694],[121.5330582,25.0495089],[121.5330616,25.0497641],[121.5330712,25.050124],[121.5330681,25.0501991]]}},{"type":"Feature","properties":{"highway":"tertiary","name":"長安東路二段","osm_id":300077510},"geometry":{"type":"LineString","coordinates":[[121.5330402,25.0484591],[121.5331502,25.0484566],[121.5332972,25.0484538],[121.5339392,25.0484416],[121.5346572,25.0484279],[121.5347283,25.0484277],[121.5347995,25.0484254],[121.535819,25.0484066],[121.5359854,25.0484035],[121.5363839,25.0484007],[121.5364678,25.0483945]]}},{"type":"Feature","properties":{"highway":"tertiary","name":"基河路","osm_id":300090388},"geometry":{"type":"LineString","coordinates":[[121.5194348,25.0940391],[121.5193741,25.0941055],[121.5190079,25.0945063],[121.518943,25.0945773],[121.5184906,25.095072],[121.5184341,25.0951338]]}},{"type":"Feature","properties":{"highway":"tertiary","name":"基河路","osm_id":300090391},"geometry":{"type":"LineString","coordinates":[[121.5184341,25.0951338],[121.5183751,25.0951983],[121.518049,25.0955544],[121.5179423,25.0956709]]}},{"type":"Feature","properties":{"highway":"secondary","name":"承德路三段","osm_id":300090400},"geometry":{"type":"LineString","coordinates":[[121.518683,25.0719137],[121.5187225,25.0720335],[121.5187997,25.0722594],[121.5188744,25.0724353],[121.5190009,25.0726942],[121.51919,25.0730093],[121.5192185,25.0730595],[121.5197104,25.0738758],[121.5197495,25.0739397]]}},{"type":"Feature","properties":{"highway":"primary","name":"民權西路","osm_id":300090401},"geometry":{"type":"LineString","coordinates":[[121.5159716,25.0630359],[121.51588,25.0629543]]}},{"type":"Feature","properties":{"highway":"tertiary","name":"東寧路","osm_id":300503371},"geometry":{"type":"LineString","coordinates":[[121.5627599,25.0486818],[121.5627909,25.0485939],[121.5628011,25.0485265],[121.562813,25.0484478],[121.5628714,25.0480617],[121.562945,25.0475438],[121.5629677,25.0474813],[121.5629987,25.0473595],[121.5630342,25.0472442]]}},{"type":"Feature","properties":{"highway":"trunk_link","name":"","osm_id":300896737},"geometry":{"type":"LineString","coordinates":[[121.5369708,25.0533092],[121.5369875,25.054773],[121.5369436,25.055092]]}},{"type":"Feature","properties":{"highway":"trunk_link","name":"長春路入口匝道","osm_id":300896738},"geometry":{"type":"LineString","coordinates":[[121.5366957,25.0537708],[121.5366513,25.0515576],[121.5367285,25.0510305]]}},{"type":"Feature","properties":{"highway":"trunk_link","name":"永吉路出口匝道","osm_id":301193241},"geometry":{"type":"LineString","coordinates":[[121.5687482,25.0457037],[121.5688408,25.04565]]}},{"type":"Feature","properties":{"highway":"trunk_link","name":"永吉路入口匝道","osm_id":301193242},"geometry":{"type":"LineString","coordinates":[[121.5688417,25.0457478],[121.5687482,25.0457037]]}},{"type":"Feature","properties":{"highway":"secondary","name":"松江路","osm_id":302246990},"geometry":{"type":"LineString","coordinates":[[121.5331647,25.0703127],[121.5331675,25.0702848],[121.5331675,25.0702558],[121.533154,25.0699203],[121.5331097,25.0693726],[121.5330239,25.0688636],[121.5330279,25.0685477],[121.5330291,25.0684949],[121.5330306,25.0684293],[121.5330316,25.0683816],[121.5330337,25.068299]]}},{"type":"Feature","properties":{"highway":"secondary","name":"基隆路一段","osm_id":302320504},"geometry":{"type":"LineString","coordinates":[[121.5695866,25.0495305],[121.5696785,25.0496642],[121.5697298,25.0497406],[121.5702679,25.0506261],[121.570401,25.0508609],[121.570424,25.0509371],[121.5704718,25.0511289]]}},{"type":"Feature","properties":{"highway":"primary","name":"忠孝西路一段","osm_id":303413198},"geometry":{"type":"LineString","coordinates":[[121.5150209,25.0468889],[121.5149376,25.0469099],[121.5145483,25.0470079]]}},{"type":"Feature","properties":{"highway":"secondary","name":"重慶北路二段","osm_id":303567196},"geometry":{"type":"LineString","coordinates":[[121.514022,25.055963],[121.5140036,25.0560157],[121.5139331,25.0563243],[121.5139206,25.0564013],[121.5139059,25.0565438],[121.5138708,25.0568991],[121.5138554,25.0569922]]}},{"type":"Feature","properties":{"highway":"tertiary","name":"市民大道一段","osm_id":303647011},"geometry":{"type":"LineString","coordinates":[[121.5209092,25.0481518],[121.5207935,25.0481732]]}},{"type":"Feature","properties":{"highway":"tertiary","name":"市民大道三段","osm_id":303647013},"geometry":{"type":"LineString","coordinates":[[121.5306115,25.0459788],[121.5308292,25.0459219]]}},{"type":"Feature","properties":{"highway":"tertiary","name":"市民大道三段","osm_id":303647014},"geometry":{"type":"LineString","coordinates":[[121.5439383,25.0449789],[121.5437953,25.0449613],[121.543678,25.0449479],[121.5435556,25.0449334],[121.5431428,25.0448843],[121.542853,25.044852],[121.5427533,25.0448381],[121.5423587,25.0447967],[121.5423184,25.0447932],[121.5423002,25.0447916],[121.5416687,25.0447389],[121.5412823,25.0447096],[121.5412061,25.0447043],[121.5410722,25.0446958],[121.5409001,25.0446958],[121.5408395,25.0446957],[121.5406789,25.044697],[121.5404141,25.0447049],[121.5395953,25.0447402],[121.5395284,25.0447431],[121.5393878,25.0447472],[121.5383451,25.044778],[121.5376953,25.0448085]]}},{"type":"Feature","properties":{"highway":"tertiary","name":"市民大道二段","osm_id":303647015},"geometry":{"type":"LineString","coordinates":[[121.5306685,25.0461496],[121.5305835,25.046174],[121.5303824,25.0462316],[121.5297299,25.0464142],[121.5295472,25.0464655],[121.5294577,25.0464949],[121.5292782,25.046549],[121.5290995,25.0466028],[121.528483,25.0467947],[121.527811,25.0470037],[121.5277459,25.047024],[121.5265463,25.0473946],[121.5264027,25.0474393],[121.5261131,25.047526],[121.5260283,25.0475526],[121.5257042,25.0476421],[121.5253542,25.047721],[121.5250916,25.0477749],[121.5248971,25.0478109],[121.5247179,25.047842],[121.5244304,25.0478839],[121.5243944,25.0478891],[121.5242318,25.0479124]]}},{"type":"Feature","properties":{"highway":"tertiary","name":"市民大道六段","osm_id":303647017},"geometry":{"type":"LineString","coordinates":[[121.5777154,25.0495196],[121.5775796,25.049522],[121.5772911,25.0495129],[121.5765938,25.0494589],[121.5761382,25.0494191],[121.5760272,25.0494078],[121.5759459,25.0494118],[121.5751855,25.0494349],[121.5751454,25.0494345],[121.5740799,25.0494615],[121.5735822,25.0494635],[121.5723777,25.0494743],[121.5722405,25.0494746]]}},{"type":"Feature","properties":{"highway":"tertiary","name":"市民大道四段","osm_id":303647019},"geometry":{"type":"LineString","coordinates":[[121.5439352,25.0447557],[121.5440366,25.0447678],[121.5445389,25.0448277],[121.54512,25.0448944],[121.5452967,25.0449151],[121.5456564,25.0449548],[121.5459112,25.0449767],[121.545971,25.0449828],[121.5462252,25.045],[121.5463078,25.0450034],[121.5464396,25.0450046],[121.546571,25.0449956],[121.5467138,25.0449901],[121.5468415,25.0449815],[121.5469738,25.044971],[121.5471075,25.0449572],[121.5472821,25.0449387],[121.5475843,25.0449044],[121.5481122,25.0448413],[121.5484347,25.0448019],[121.5484981,25.0447941],[121.5485879,25.0447831],[121.5486443,25.0447762]]}},{"type":"Feature","properties":{"highway":"tertiary_link","name":"市民大道三段","osm_id":304148115},"geometry":{"type":"LineString","coordinates":[[121.5306452,25.0460768],[121.5308268,25.0460268]]}},{"type":"Feature","properties":{"highway":"trunk","name":"正氣橋","osm_id":304148117},"geometry":{"type":"LineString","coordinates":[[121.5698153,25.050131],[121.569913,25.0502121],[121.5701453,25.0505842],[121.5703218,25.050825],[121.5705067,25.0510373],[121.5707521,25.0512661],[121.5709974,25.051447],[121.5712528,25.051604]]}},{"type":"Feature","properties":{"highway":"primary","name":"忠孝東路四段","osm_id":304408986},"geometry":{"type":"LineString","coordinates":[[121.5615858,25.041299],[121.5614381,25.0413061],[121.5604689,25.041343],[121.5589821,25.0413937],[121.5578262,25.0414111],[121.5577437,25.0414128]]}},{"type":"Feature","properties":{"highway":"secondary","name":"復興北路","osm_id":304591777},"geometry":{"type":"LineString","coordinates":[[121.5443444,25.0643365],[121.5443451,25.0644159],[121.5443486,25.0648232],[121.5443528,25.0653496],[121.5443611,25.0661305],[121.5443618,25.0661999],[121.5443624,25.0662548],[121.5443661,25.0664142]]}},{"type":"Feature","properties":{"highway":"secondary","name":"南京東路一段","osm_id":306251259},"geometry":{"type":"LineString","coordinates":[[121.5226532,25.0521782],[121.5228464,25.052154],[121.5235713,25.0521234],[121.5236352,25.05212],[121.5241409,25.0520989]]}},{"type":"Feature","properties":{"highway":"primary","name":"中山北路二段","osm_id":306251260},"geometry":{"type":"LineString","coordinates":[[121.5225637,25.0523102],[121.5225358,25.052193]]}},{"type":"Feature","properties":{"highway":"secondary","name":"南京西路","osm_id":306251261},"geometry":{"type":"LineString","coordinates":[[121.5225637,25.0523102],[121.5224547,25.0523173]]}},{"type":"Feature","properties":{"highway":"tertiary","name":"敦煌路","osm_id":306977110},"geometry":{"type":"LineString","coordinates":[[121.5172811,25.0759937],[121.5171419,25.0760216]]}},{"type":"Feature","properties":{"highway":"tertiary","name":"敦煌路","osm_id":306977112},"geometry":{"type":"LineString","coordinates":[[121.5172541,25.0759079],[121.5172748,25.0759027],[121.5172981,25.0758969],[121.5174956,25.0758478],[121.5176438,25.0757993],[121.5177011,25.0757805]]}},{"type":"Feature","properties":{"highway":"tertiary","name":"敦煌路","osm_id":306977113},"geometry":{"type":"LineString","coordinates":[[121.5179199,25.0758318],[121.5177373,25.0758766],[121.5176996,25.0758859],[121.5176836,25.07589],[121.5173183,25.0759841],[121.5172811,25.0759937]]}},{"type":"Feature","properties":{"highway":"tertiary","name":"敦煌路","osm_id":306977115},"geometry":{"type":"LineString","coordinates":[[121.5177011,25.0757805],[121.5177923,25.0757724],[121.5178969,25.0757432],[121.5182791,25.0756448],[121.5187888,25.0755125],[121.5195371,25.0753194],[121.5199202,25.0752229],[121.5200594,25.0751857]]}},{"type":"Feature","properties":{"highway":"secondary_link","name":"","osm_id":307023765},"geometry":{"type":"LineString","coordinates":[[121.5446448,25.0622115],[121.544652,25.0622684],[121.5446609,25.0623462],[121.5446528,25.0624038],[121.5446357,25.0624598],[121.5446099,25.062513],[121.544576,25.0625622],[121.5445346,25.0626066],[121.5444866,25.0626451],[121.544433,25.062677],[121.5443806,25.0626986],[121.5443136,25.0627184]]}},{"type":"Feature","properties":{"highway":"secondary_link","name":"","osm_id":307023766},"geometry":{"type":"LineString","coordinates":[[121.5441678,25.0627207],[121.5441031,25.0627056],[121.5440361,25.0626789],[121.5439775,25.0626442],[121.5439257,25.0626013],[121.5438801,25.0625442],[121.5438483,25.062496],[121.5438332,25.0624616],[121.543816,25.0624075]]}},{"type":"Feature","properties":{"highway":"secondary_link","name":"","osm_id":307023767},"geometry":{"type":"LineString","coordinates":[[121.5438404,25.0622278],[121.5438606,25.062183],[121.5438961,25.0621328],[121.5439468,25.0620793],[121.5439754,25.0620581],[121.5439863,25.0620497],[121.5440707,25.0620025],[121.544103,25.06199],[121.544146,25.0619736]]}},{"type":"Feature","properties":{"highway":"secondary","name":"承德路五段","osm_id":307441287},"geometry":{"type":"LineString","coordinates":[[121.5163012,25.0910441],[121.5164518,25.0909431]]}},{"type":"Feature","properties":{"highway":"primary","name":"百齡橋","osm_id":307441288},"geometry":{"type":"LineString","coordinates":[[121.5163012,25.0910441],[121.5156104,25.0905923]]}},{"type":"Feature","properties":{"highway":"tertiary","name":"林森北路","osm_id":308286090},"geometry":{"type":"LineString","coordinates":[[121.5257603,25.0679124],[121.5257686,25.0674586],[121.5257538,25.0670679],[121.5257489,25.0667304],[121.525748,25.0666702],[121.5257452,25.066584],[121.5257315,25.0661657],[121.525746,25.0657786],[121.5257367,25.0653652],[121.5257296,25.0648833],[121.5257041,25.0644489],[121.525706,25.0643798],[121.5256781,25.0640696],[121.525671,25.0636744],[121.5256678,25.0632729],[121.5256522,25.0628706],[121.5256296,25.0627629]]}},{"type":"Feature","properties":{"highway":"tertiary","name":"吉林路","osm_id":308684352},"geometry":{"type":"LineString","coordinates":[[121.5300226,25.0490239],[121.5300129,25.0486102],[121.5300109,25.0485116]]}},{"type":"Feature","properties":{"highway":"tertiary","name":"吉林路","osm_id":308684357},"geometry":{"type":"LineString","coordinates":[[121.5300682,25.0510309],[121.5300565,25.0505155],[121.5300475,25.0501051],[121.5300386,25.0497306],[121.5300305,25.0493714],[121.5300237,25.0490739],[121.5300226,25.0490239]]}},{"type":"Feature","properties":{"highway":"tertiary","name":"吉林路","osm_id":308799570},"geometry":{"type":"LineString","coordinates":[[121.5303375,25.0624758],[121.5303373,25.0623678],[121.5302878,25.06197],[121.5302737,25.0612522],[121.5302728,25.0612082],[121.5302717,25.0611535],[121.5302574,25.0604238],[121.5302574,25.0603508],[121.5302533,25.0602121],[121.5302479,25.0599372],[121.5302453,25.0598035],[121.5302366,25.0593641],[121.5302292,25.0589875],[121.5302287,25.0589612],[121.5302272,25.0588817],[121.5302198,25.0585045],[121.5302119,25.0581032],[121.5302095,25.0579817],[121.530207,25.0578533],[121.5301983,25.0574095],[121.5301957,25.0572808],[121.5301927,25.0571277],[121.5301863,25.0568018],[121.5301798,25.0564703],[121.5301792,25.0564373],[121.530173,25.056121],[121.5301715,25.0560474],[121.5301702,25.0559825],[121.5301641,25.0556674],[121.5301568,25.0552968],[121.5301515,25.0549402],[121.5301483,25.0548615],[121.5301654,25.0547432],[121.5301389,25.0543818],[121.5301322,25.054044],[121.530125,25.0536745],[121.5301188,25.0533581],[121.5301176,25.0532979],[121.5301109,25.0529583],[121.5301039,25.0526012],[121.5300985,25.0522379],[121.5300934,25.0521362]]}},{"type":"Feature","properties":{"highway":"tertiary","name":"長春路","osm_id":308976804},"geometry":{"type":"LineString","coordinates":[[121.5330059,25.0548245],[121.532909,25.0548072],[121.5328103,25.0548128],[121.532731,25.0548103],[121.5315631,25.0548207],[121.5302912,25.0548591],[121.5301483,25.0548615],[121.5300612,25.0548628],[121.5296545,25.0548698],[121.5295409,25.0548717],[121.5289289,25.0548819],[121.5288687,25.0548829],[121.5287917,25.0548842],[121.5285476,25.0548883],[121.5278292,25.0549003],[121.5277119,25.0549023],[121.5276704,25.0549042]]}},{"type":"Feature","properties":{"highway":"tertiary","name":"林森北路","osm_id":308987019},"geometry":{"type":"LineString","coordinates":[[121.5255153,25.0580539],[121.5255165,25.0581685],[121.5255275,25.0585803],[121.5255362,25.0590212],[121.5255383,25.0590688],[121.5255434,25.0593024],[121.5255531,25.0597395],[121.5255634,25.0602074],[121.5255652,25.0602882],[121.5255673,25.0603792],[121.5255787,25.0608069],[121.5255831,25.0608575],[121.5255953,25.0612367],[121.5256002,25.0614535],[121.5256055,25.0617017],[121.5256265,25.0623574],[121.5256267,25.0624571],[121.5256307,25.0626149]]}},{"type":"Feature","properties":{"highway":"tertiary_link","name":"迴轉道","osm_id":310080654},"geometry":{"type":"LineString","coordinates":[[121.5500679,25.0448362],[121.5500034,25.044804],[121.5499844,25.0447005],[121.5500516,25.0446241]]}},{"type":"Feature","properties":{"highway":"tertiary_link","name":"迴轉道","osm_id":310080655},"geometry":{"type":"LineString","coordinates":[[121.5498396,25.0446454],[121.5499242,25.0447035],[121.5499393,25.0448076],[121.5498726,25.0448581]]}},{"type":"Feature","properties":{"highway":"tertiary","name":"敬業三路","osm_id":310085608},"geometry":{"type":"LineString","coordinates":[[121.5562998,25.0771268],[121.5563421,25.0771909]]}},{"type":"Feature","properties":{"highway":"tertiary","name":"敬業三路","osm_id":310085609},"geometry":{"type":"LineString","coordinates":[[121.5563735,25.0799882],[121.556374,25.0800986],[121.5563798,25.081407],[121.5563824,25.0819766],[121.5563849,25.0825451],[121.5563854,25.0826495],[121.5563858,25.0827531],[121.5563906,25.0838341],[121.5563911,25.0839393]]}},{"type":"Feature","properties":{"highway":"tertiary","name":"敬業三路","osm_id":310085610},"geometry":{"type":"LineString","coordinates":[[121.5563421,25.0771909],[121.5563426,25.077258],[121.5563398,25.0776303],[121.5563526,25.079167],[121.5563538,25.079241],[121.5563563,25.0793115],[121.5563707,25.0798149],[121.5563696,25.0799107]]}},{"type":"Feature","properties":{"highway":"tertiary","name":"敬業三路","osm_id":310085611},"geometry":{"type":"LineString","coordinates":[[121.5563911,25.0839393],[121.5563929,25.0840222],[121.556393,25.0844297],[121.5563735,25.084552],[121.5563066,25.0847342]]}},{"type":"Feature","properties":{"highway":"secondary","name":"樂群一路","osm_id":310085617},"geometry":{"type":"LineString","coordinates":[[121.5563421,25.0771909],[121.5562619,25.0771922]]}},{"type":"Feature","properties":{"highway":"tertiary","name":"樂群二路","osm_id":310085620},"geometry":{"type":"LineString","coordinates":[[121.5562789,25.0799117],[121.5563696,25.0799107]]}},{"type":"Feature","properties":{"highway":"tertiary","name":"寧夏路","osm_id":310620424},"geometry":{"type":"LineString","coordinates":[[121.5155743,25.0570137],[121.5155147,25.0572536],[121.5154096,25.0575026],[121.5152961,25.0578736],[121.5151259,25.0584193]]}},{"type":"Feature","properties":{"highway":"primary","name":"中山北路二段","osm_id":310620428},"geometry":{"type":"LineString","coordinates":[[121.5228193,25.0549798],[121.5228255,25.0550794],[121.5228476,25.0555198],[121.5228524,25.0556154],[121.5228662,25.0558832],[121.5229295,25.0571168],[121.5229507,25.057528],[121.5229626,25.0577743],[121.5229716,25.0579344]]}},{"type":"Feature","properties":{"highway":"primary","name":"中山北路一段","osm_id":310620429},"geometry":{"type":"LineString","coordinates":[[121.5224421,25.0522047],[121.5224058,25.0520724],[121.5222829,25.0516401],[121.5222069,25.0514006],[121.5221197,25.0511868],[121.5220289,25.0509737],[121.5218877,25.0506875],[121.5217657,25.0504239],[121.521574,25.0500162],[121.521571,25.0500095],[121.521547,25.0499584],[121.5214968,25.0498624]]}},{"type":"Feature","properties":{"highway":"tertiary","name":"建國北路二段","osm_id":310620430},"geometry":{"type":"LineString","coordinates":[[121.5367334,25.0602828],[121.5367313,25.0601995],[121.5367213,25.0597931],[121.5367205,25.0597596],[121.5367175,25.0596385],[121.536715,25.0595603],[121.5367142,25.0595346],[121.5367072,25.0588],[121.5367258,25.0580666],[121.5367182,25.0579718]]}},{"type":"Feature","properties":{"highway":"tertiary","name":"建國北路三段","osm_id":310620431},"geometry":{"type":"LineString","coordinates":[[121.5372497,25.0623138],[121.5372569,25.0624571]]}},{"type":"Feature","properties":{"highway":"tertiary","name":"龍江路","osm_id":310620433},"geometry":{"type":"LineString","coordinates":[[121.5405707,25.0561129],[121.5405656,25.05604],[121.5405647,25.0560115],[121.5405558,25.0557382],[121.5405477,25.0554271],[121.5405417,25.0550908],[121.5405323,25.0547493]]}},{"type":"Feature","properties":{"highway":"primary","name":"中山北路二段","osm_id":310677980},"geometry":{"type":"LineString","coordinates":[[121.5224547,25.0523173],[121.5224421,25.0522047]]}},{"type":"Feature","properties":{"highway":"tertiary","name":"撫遠街","osm_id":310677981},"geometry":{"type":"LineString","coordinates":[[121.5655012,25.0659622],[121.5654887,25.0660358],[121.5654828,25.0660703],[121.5654534,25.0662333],[121.5654371,25.0663195],[121.5653781,25.066475],[121.5653164,25.0665842],[121.5651475,25.0667592],[121.5650563,25.0668564],[121.5650212,25.0669202],[121.5650079,25.0670022],[121.565008,25.0670896],[121.5650803,25.0672573],[121.5652279,25.0673788],[121.5666368,25.0678634],[121.5667433,25.0679],[121.5673064,25.0680937]]}},{"type":"Feature","properties":{"highway":"secondary","name":"南京東路五段","osm_id":310677985},"geometry":{"type":"LineString","coordinates":[[121.5702683,25.0513826],[121.5700621,25.0514082],[121.5700331,25.0514097],[121.5696482,25.0514226],[121.5695184,25.0514254],[121.5694755,25.0514263],[121.5694301,25.0514273],[121.5693347,25.0514296],[121.5685485,25.0514475],[121.5685356,25.0514478],[121.5685053,25.0514485],[121.5684837,25.051449],[121.5683493,25.0514515]]}},{"type":"Feature","properties":{"highway":"secondary","name":"南京西路","osm_id":310677986},"geometry":{"type":"LineString","coordinates":[[121.5224547,25.0523173],[121.5222871,25.0523281],[121.5214876,25.0524772],[121.5206359,25.0526323],[121.52051,25.0526586],[121.5202553,25.0527129]]}},{"type":"Feature","properties":{"highway":"secondary","name":"塔悠路","osm_id":310677989},"geometry":{"type":"LineString","coordinates":[[121.568178,25.0636586],[121.5682105,25.0634196],[121.5682167,25.063389],[121.5683989,25.0623155],[121.5684221,25.0621696],[121.568527,25.0616654],[121.5685911,25.0613354],[121.5685981,25.0612993],[121.568614,25.0612172],[121.5686206,25.0611831],[121.5687067,25.0606887],[121.5687708,25.0603309],[121.5687875,25.0602374],[121.5687976,25.0601808],[121.5688115,25.0600818],[121.5688983,25.0594521],[121.568903,25.0594183],[121.5689105,25.0593649],[121.5689206,25.059281]]}},{"type":"Feature","properties":{"highway":"secondary","name":"塔悠路","osm_id":310677990},"geometry":{"type":"LineString","coordinates":[[121.5691412,25.0580731],[121.56916,25.057954],[121.5692137,25.0576635],[121.5692433,25.0575031],[121.56925,25.0574602],[121.5692603,25.0574117],[121.5692753,25.0573271],[121.5692855,25.0572641],[121.56938,25.0566832],[121.5694144,25.0564477],[121.5694194,25.056413],[121.569426,25.0563684],[121.569437,25.0563026],[121.5695369,25.0557248],[121.5695725,25.0555125],[121.5696082,25.0553244],[121.5696363,25.0551515],[121.5696694,25.0549677],[121.5696947,25.0547663],[121.5697125,25.0546654],[121.5697175,25.0546375],[121.5697218,25.0546129],[121.5697323,25.0545573],[121.5697317,25.0544472],[121.5697331,25.054368],[121.5698184,25.0539616],[121.5698859,25.0535911],[121.570006,25.0528641],[121.5700291,25.0527245],[121.5700342,25.0526936],[121.5700402,25.0526575],[121.5700513,25.0526034],[121.5700987,25.0523146],[121.5701718,25.0518805],[121.5702114,25.0516485],[121.5702334,25.0515444],[121.5702683,25.0513826]]}},{"type":"Feature","properties":{"highway":"secondary","name":"南京東路五段","osm_id":310849376},"geometry":{"type":"LineString","coordinates":[[121.5638012,25.0513574],[121.5640112,25.0513529],[121.5640982,25.0513513],[121.56513,25.0513231],[121.565162,25.0513222],[121.5652295,25.0513204],[121.5653946,25.051314]]}},{"type":"Feature","properties":{"highway":"secondary","name":"南京東路五段","osm_id":310849377},"geometry":{"type":"LineString","coordinates":[[121.562299,25.0515199],[121.5622019,25.0515394],[121.5620027,25.0515463],[121.5609378,25.0515648],[121.5607823,25.051554]]}},{"type":"Feature","properties":{"highway":"secondary","name":"撫遠街","osm_id":310849378},"geometry":{"type":"LineString","coordinates":[[121.5683827,25.0683067],[121.5684659,25.0687769],[121.568497,25.0690083],[121.5684937,25.0692919],[121.5684293,25.069558],[121.5683574,25.0697344],[121.5682849,25.0698792],[121.5681316,25.0700815],[121.5679274,25.0702704],[121.5677713,25.070381],[121.5676002,25.0704757],[121.5674192,25.0705504],[121.5672344,25.0706051],[121.5671028,25.0706315],[121.5669471,25.0706524],[121.5668298,25.0706603],[121.5649342,25.0706685]]}},{"type":"Feature","properties":{"highway":"tertiary","name":"撫遠街","osm_id":310849380},"geometry":{"type":"LineString","coordinates":[[121.5683728,25.0592432],[121.5684686,25.0591378],[121.5687604,25.0588166],[121.5688991,25.0586326],[121.5689508,25.0585639],[121.5690608,25.0583307],[121.5690831,25.0582532],[121.5691412,25.0580731]]}},{"type":"Feature","properties":{"highway":"secondary","name":"敦化北路","osm_id":311138393},"geometry":{"type":"LineString","coordinates":[[121.5510259,25.0614588],[121.5510868,25.0615772]]}},{"type":"Feature","properties":{"highway":"secondary","name":"敦化北路","osm_id":311138395},"geometry":{"type":"LineString","coordinates":[[121.5492647,25.0576739],[121.5492853,25.05778]]}},{"type":"Feature","properties":{"highway":"secondary","name":"民權東路四段","osm_id":311138396},"geometry":{"type":"LineString","coordinates":[[121.5510259,25.0614588],[121.5512028,25.0614625],[121.5522031,25.0615724],[121.5528263,25.0616484],[121.5544235,25.0618284],[121.5544559,25.061832],[121.5545003,25.061837],[121.5546031,25.0618473]]}},{"type":"Feature","properties":{"highway":"tertiary","name":"龍江路","osm_id":311319110},"geometry":{"type":"LineString","coordinates":[[121.540514,25.0545403],[121.5405028,25.0542319],[121.5404889,25.0539457],[121.5404822,25.0538183],[121.5404796,25.053664],[121.5404772,25.0533872],[121.5404752,25.0533269],[121.5404719,25.0531049],[121.5404695,25.0528686],[121.5404689,25.0528047],[121.5404637,25.0525349],[121.540467,25.0521237],[121.5404645,25.0520073]]}},{"type":"Feature","properties":{"highway":"secondary","name":"內湖路一段","osm_id":311359937},"geometry":{"type":"LineString","coordinates":[[121.5768573,25.0795258],[121.5767824,25.0795546],[121.5764246,25.0796919],[121.5759569,25.079878],[121.5758159,25.0799321],[121.5744858,25.0804578],[121.5737253,25.0807105],[121.5731901,25.0809147],[121.573148,25.080928],[121.5724285,25.0811549],[121.5722257,25.0812144],[121.5720638,25.0812619],[121.5710064,25.08158],[121.5708982,25.0816125],[121.5708316,25.0816329],[121.5701023,25.081856],[121.5693968,25.082075],[121.5690986,25.0821663],[121.56901,25.0821694],[121.5687752,25.0821777],[121.5684614,25.0821843],[121.5683889,25.0821858],[121.5679895,25.0821941],[121.5669212,25.0822549],[121.5663057,25.0823118],[121.5656809,25.0824048],[121.5655301,25.0824345]]}},{"type":"Feature","properties":{"highway":"primary","name":"忠孝東路四段","osm_id":311359939},"geometry":{"type":"LineString","coordinates":[[121.5488758,25.0415958],[121.5486169,25.0416027]]}},{"type":"Feature","properties":{"highway":"tertiary","name":"撫遠街","osm_id":311359940},"geometry":{"type":"LineString","coordinates":[[121.5659082,25.063289],[121.5659339,25.063168]]}},{"type":"Feature","properties":{"highway":"secondary","name":"敦化南路一段","osm_id":311359941},"geometry":{"type":"LineString","coordinates":[[121.5488758,25.0415958],[121.5488759,25.0414575]]}},{"type":"Feature","properties":{"highway":"tertiary","name":"港墘路","osm_id":311359943},"geometry":{"type":"LineString","coordinates":[[121.576547,25.079047],[121.5765202,25.0790023],[121.5763888,25.0787836],[121.5760155,25.0781715],[121.5759628,25.0780852],[121.57594,25.0780492],[121.5754062,25.0772048],[121.5749455,25.0764839],[121.5748802,25.076372]]}},{"type":"Feature","properties":{"highway":"secondary","name":"民權東路五段","osm_id":311438968},"geometry":{"type":"LineString","coordinates":[[121.5659082,25.063289],[121.5658174,25.0632696],[121.5650663,25.0631693],[121.5650074,25.0631614],[121.5648973,25.0631467],[121.5648307,25.063137]]}},{"type":"Feature","properties":{"highway":"secondary","name":"北安路","osm_id":311576774},"geometry":{"type":"LineString","coordinates":[[121.549524,25.0845381],[121.5496293,25.0847494],[121.5498853,25.0850427],[121.5500169,25.0851449],[121.55021,25.0852649]]}},{"type":"Feature","properties":{"highway":"tertiary","name":"明水路","osm_id":311576779},"geometry":{"type":"LineString","coordinates":[[121.5508998,25.0837679],[121.5508952,25.0838225],[121.5509078,25.0840436],[121.5509408,25.0842417],[121.5509894,25.0844012],[121.5510687,25.0845744],[121.5511655,25.0847375],[121.5512625,25.0848683],[121.5513812,25.0849953],[121.5515074,25.0851129],[121.5516719,25.0852274],[121.5518291,25.0853199],[121.5520571,25.085415],[121.5522227,25.0854659],[121.5523998,25.0855053],[121.5526157,25.0855278],[121.5528671,25.0855856]]}},{"type":"Feature","properties":{"highway":"tertiary","name":"明水路","osm_id":311576780},"geometry":{"type":"LineString","coordinates":[[121.552168,25.0799861],[121.5521358,25.0800935],[121.5518232,25.0809755],[121.5514869,25.0818888],[121.5514639,25.0819506],[121.5514406,25.0820114],[121.5512482,25.0826308],[121.551221,25.0827079],[121.5511911,25.0827845],[121.5510043,25.0833069],[121.5509608,25.0834326],[121.5509246,25.0835802],[121.5509078,25.0836966],[121.5508998,25.0837679]]}},{"type":"Feature","properties":{"highway":"tertiary","name":"樂群二路","osm_id":311576781},"geometry":{"type":"LineString","coordinates":[[121.552168,25.0799861],[121.5520425,25.0799922]]}},{"type":"Feature","properties":{"highway":"primary","name":"台北大橋","osm_id":311689671},"geometry":{"type":"LineString","coordinates":[[121.5107444,25.0629915],[121.5109432,25.0628962],[121.5110488,25.0628733],[121.5111906,25.0628592],[121.5114152,25.0628472],[121.5117504,25.0628547],[121.5123245,25.0628826],[121.5130567,25.062913],[121.51333,25.0629262],[121.5135865,25.0629434],[121.5138601,25.0629669],[121.5141165,25.0629713],[121.5157434,25.0629341],[121.5158233,25.0629589]]}},{"type":"Feature","properties":{"highway":"secondary","name":"中正路","osm_id":311860229},"geometry":{"type":"LineString","coordinates":[[121.5172005,25.0916225],[121.5170342,25.0915054],[121.5164548,25.0911323]]}},{"type":"Feature","properties":{"highway":"secondary","name":"北安路","osm_id":311860239},"geometry":{"type":"LineString","coordinates":[[121.541258,25.0795647],[121.5411709,25.0795621],[121.5401705,25.0795058],[121.5396655,25.0794821],[121.5391672,25.0794487],[121.5390712,25.0794101]]}},{"type":"Feature","properties":{"highway":"tertiary","name":"基河路","osm_id":311860241},"geometry":{"type":"LineString","coordinates":[[121.5195889,25.0938741],[121.5194986,25.0939707],[121.5194348,25.0940391]]}},{"type":"Feature","properties":{"highway":"primary","name":"承德路五段","osm_id":311860243},"geometry":{"type":"LineString","coordinates":[[121.5157958,25.0919988],[121.5141666,25.0959945],[121.5141267,25.0960922]]}},{"type":"Feature","properties":{"highway":"primary","name":"承德路五段","osm_id":311860244},"geometry":{"type":"LineString","coordinates":[[121.5141267,25.0960922],[121.5140747,25.0962209],[121.513465,25.0976941],[121.5134275,25.0978016]]}},{"type":"Feature","properties":{"highway":"tertiary","name":"明水路","osm_id":311860245},"geometry":{"type":"LineString","coordinates":[[121.5520425,25.0799922],[121.5520777,25.0798996],[121.5521543,25.0796454],[121.5521993,25.0794462],[121.5522292,25.0792501]]}},{"type":"Feature","properties":{"highway":"tertiary","name":"明水路","osm_id":311860247},"geometry":{"type":"LineString","coordinates":[[121.5507654,25.0837977],[121.5507705,25.0837191],[121.5507891,25.0836027],[121.550824,25.083432],[121.5508669,25.0832917],[121.5510564,25.082777],[121.5510789,25.0827118],[121.5511099,25.0826308],[121.551317,25.0819908],[121.5513345,25.0819328]]}},{"type":"Feature","properties":{"highway":"primary","name":"百齡橋","osm_id":311860252},"geometry":{"type":"LineString","coordinates":[[121.5164518,25.0909431],[121.5165957,25.0910254]]}},{"type":"Feature","properties":{"highway":"secondary","name":"民權東路五段","osm_id":311964637},"geometry":{"type":"LineString","coordinates":[[121.5631173,25.0627779],[121.5631786,25.0627884],[121.5645081,25.0629717],[121.5646386,25.06299],[121.5646997,25.0629986],[121.5647665,25.0630079],[121.5648489,25.0630189]]}},{"type":"Feature","properties":{"highway":"secondary","name":"中正路","osm_id":311991599},"geometry":{"type":"LineString","coordinates":[[121.5186127,25.0925001],[121.5185232,25.0924462],[121.51771,25.0919567],[121.5176583,25.0919227]]}},{"type":"Feature","properties":{"highway":"secondary","name":"中正路","osm_id":312109407},"geometry":{"type":"LineString","coordinates":[[121.5218983,25.0944533],[121.5217518,25.0944264],[121.5215849,25.0943836],[121.5213161,25.0942611],[121.5210548,25.0941068],[121.520871,25.0939887],[121.5205624,25.0937904],[121.5201159,25.0934979],[121.5199999,25.0934198]]}},{"type":"Feature","properties":{"highway":"secondary","name":"承德路二段","osm_id":312109408},"geometry":{"type":"LineString","coordinates":[[121.5182477,25.057347],[121.5182594,25.0574672],[121.518264,25.0576993],[121.5182745,25.0580888],[121.5182787,25.0583709],[121.5182746,25.0584411],[121.51827,25.0585205],[121.518275,25.0588067],[121.5182807,25.0591509],[121.5182884,25.0595085],[121.5183023,25.0601029],[121.5183044,25.0602073],[121.5183066,25.0603004],[121.518321,25.0609359],[121.5183203,25.0612072],[121.5183253,25.0613665],[121.5183331,25.0616146],[121.5183544,25.0622594],[121.5183661,25.0626801],[121.5183691,25.062823]]}},{"type":"Feature","properties":{"highway":"tertiary","name":"民生西路","osm_id":312109410},"geometry":{"type":"LineString","coordinates":[[121.5180899,25.0573274],[121.5182477,25.057347]]}},{"type":"Feature","properties":{"highway":"tertiary","name":"基隆路一段","osm_id":312614615},"geometry":{"type":"LineString","coordinates":[[121.5642458,25.0403895],[121.5643523,25.040569]]}},{"type":"Feature","properties":{"highway":"secondary","name":"光復南路","osm_id":312713300},"geometry":{"type":"LineString","coordinates":[[121.5577609,25.0481861],[121.5577549,25.0480857],[121.5577447,25.0476415],[121.5577334,25.0471458],[121.5577245,25.0467588],[121.5577221,25.0466537],[121.5577109,25.0461597],[121.557701,25.0457277],[121.5576916,25.0452785],[121.5576921,25.0452085]]}},{"type":"Feature","properties":{"highway":"tertiary","name":"建國北路三段","osm_id":312879610},"geometry":{"type":"LineString","coordinates":[[121.5333775,25.0676535],[121.5335015,25.0675597],[121.5336879,25.0674187],[121.5339506,25.06722],[121.5340762,25.0671238],[121.534128,25.0670841],[121.5341534,25.0670647],[121.5342509,25.06699]]}},{"type":"Feature","properties":{"highway":"secondary","name":"松江路","osm_id":312888362},"geometry":{"type":"LineString","coordinates":[[121.5330059,25.0548245],[121.5330034,25.0546961],[121.5329992,25.0543447],[121.5329913,25.0540077],[121.532981,25.0537621],[121.5329788,25.0537096],[121.532976,25.0536421],[121.5329761,25.0535783],[121.5329625,25.0532705],[121.532957,25.0530596]]}},{"type":"Feature","properties":{"highway":"tertiary","name":"民權西路","osm_id":312929521},"geometry":{"type":"LineString","coordinates":[[121.514702,25.062889],[121.5148826,25.0628796],[121.5156397,25.0628577],[121.5158345,25.0628521],[121.5159625,25.0628816]]}},{"type":"Feature","properties":{"highway":"secondary","name":"民權東路一段","osm_id":313235566},"geometry":{"type":"LineString","coordinates":[[121.5272065,25.0627154],[121.5271118,25.0627321],[121.5258423,25.0627704],[121.5256296,25.0627629]]}},{"type":"Feature","properties":{"highway":"secondary","name":"民權東路三段","osm_id":313235567},"geometry":{"type":"LineString","coordinates":[[121.5370347,25.0623155],[121.5372497,25.0623138]]}},{"type":"Feature","properties":{"highway":"secondary","name":"民權東路二段","osm_id":313235568},"geometry":{"type":"LineString","coordinates":[[121.5370389,25.0624625],[121.536803,25.0624684]]}},{"type":"Feature","properties":{"highway":"secondary","name":"民權東路四段","osm_id":313235569},"geometry":{"type":"LineString","coordinates":[[121.5630247,25.0628993],[121.562939,25.0628937],[121.5607074,25.0625941],[121.5602969,25.0625384],[121.5602512,25.0625322],[121.5602298,25.0625293],[121.5601575,25.0625164],[121.5600958,25.0625091],[121.5600601,25.0625046],[121.5600207,25.0624996],[121.5593321,25.0624129],[121.55927,25.0624051],[121.5591559,25.0623907],[121.5590914,25.0623824],[121.5572876,25.0621393],[121.5566682,25.0621012],[121.5564932,25.0620921],[121.5564501,25.0620895],[121.5563443,25.0620831],[121.5557255,25.062047],[121.5547728,25.0619915],[121.5547403,25.0619896],[121.5546887,25.0619866],[121.5545808,25.0619796],[121.5544859,25.0619713]]}},{"type":"Feature","properties":{"highway":"trunk_link","name":"臺北轉運站出站通道","osm_id":313332505},"geometry":{"type":"LineString","coordinates":[[121.5182344,25.0488625],[121.5181385,25.0487924]]}},{"type":"Feature","properties":{"highway":"secondary","name":"光復北路","osm_id":313675767},"geometry":{"type":"LineString","coordinates":[[121.5578747,25.0481941],[121.5578638,25.0483243],[121.557884,25.0490926],[121.5578856,25.0491656],[121.5578856,25.0492273],[121.5579091,25.0500552],[121.5579255,25.0505124],[121.5579308,25.0509475],[121.5579395,25.051218],[121.5579402,25.0512713],[121.5579424,25.0513301],[121.5579493,25.0514665]]}},{"type":"Feature","properties":{"highway":"trunk_link","name":"光復南路出口匝道","osm_id":313680582},"geometry":{"type":"LineString","coordinates":[[121.556269,25.0448017],[121.5567015,25.0447779]]}},{"type":"Feature","properties":{"highway":"tertiary_link","name":"迴轉道","osm_id":313682484},"geometry":{"type":"LineString","coordinates":[[121.5470262,25.0451759],[121.5469563,25.045159],[121.5469271,25.0450116],[121.5469738,25.044971]]}},{"type":"Feature","properties":{"highway":"tertiary_link","name":"迴轉道","osm_id":313682485},"geometry":{"type":"LineString","coordinates":[[121.54512,25.0448944],[121.5451849,25.0449789],[121.5451726,25.0450788],[121.5451236,25.0451091]]}},{"type":"Feature","properties":{"highway":"tertiary_link","name":"迴轉道","osm_id":313682486},"geometry":{"type":"LineString","coordinates":[[121.5532982,25.0445008],[121.5532143,25.0444761],[121.5532159,25.0442712],[121.5532576,25.0442373]]}},{"type":"Feature","properties":{"highway":"tertiary_link","name":"迴轉道","osm_id":313682487},"geometry":{"type":"LineString","coordinates":[[121.5468415,25.0449815],[121.5468981,25.0450144],[121.5469274,25.04516],[121.5468599,25.0451901]]}},{"type":"Feature","properties":{"highway":"tertiary_link","name":"迴轉道","osm_id":313682488},"geometry":{"type":"LineString","coordinates":[[121.545278,25.0451269],[121.5452036,25.0450825],[121.545219,25.0449838],[121.5452967,25.0449151]]}},{"type":"Feature","properties":{"highway":"tertiary_link","name":"迴轉道","osm_id":313682489},"geometry":{"type":"LineString","coordinates":[[121.5531208,25.0442352],[121.5531649,25.0442586],[121.5531698,25.0443649],[121.5531691,25.0444825],[121.5531256,25.0445115]]}},{"type":"Feature","properties":{"highway":"tertiary_link","name":"","osm_id":313684469},"geometry":{"type":"LineString","coordinates":[[121.52134,25.0480915],[121.5213042,25.048069],[121.5212841,25.0480132],[121.5212854,25.0479524],[121.5213221,25.0479007]]}},{"type":"Feature","properties":{"highway":"tertiary_link","name":"迴轉道","osm_id":313684470},"geometry":{"type":"LineString","coordinates":[[121.5263407,25.0472527],[121.5264097,25.0472534],[121.5264592,25.0473886],[121.5264027,25.0474393]]}},{"type":"Feature","properties":{"highway":"tertiary_link","name":"","osm_id":313684472},"geometry":{"type":"LineString","coordinates":[[121.5237529,25.0477499],[121.5237891,25.0477863],[121.5238032,25.0478403],[121.5237948,25.0478996],[121.5237737,25.0479398]]}},{"type":"Feature","properties":{"highway":"tertiary_link","name":"迴轉道","osm_id":313684474},"geometry":{"type":"LineString","coordinates":[[121.5411,25.0444588],[121.5411549,25.0444807],[121.5411638,25.044634],[121.5410722,25.0446958]]}},{"type":"Feature","properties":{"highway":"tertiary_link","name":"迴轉道","osm_id":313684476},"geometry":{"type":"LineString","coordinates":[[121.5412823,25.0447096],[121.5411932,25.0446317],[121.5411913,25.044481],[121.5412399,25.0444638]]}},{"type":"Feature","properties":{"highway":"tertiary_link","name":"迴轉道","osm_id":313684478},"geometry":{"type":"LineString","coordinates":[[121.5431525,25.0446677],[121.5432242,25.044736],[121.5432106,25.0448509],[121.5431428,25.0448843]]}},{"type":"Feature","properties":{"highway":"tertiary_link","name":"迴轉道","osm_id":313684480},"geometry":{"type":"LineString","coordinates":[[121.5265463,25.0473946],[121.526478,25.047383],[121.5264313,25.0472494],[121.5264759,25.0472131]]}},{"type":"Feature","properties":{"highway":"tertiary_link","name":"迴轉道","osm_id":313684481},"geometry":{"type":"LineString","coordinates":[[121.5290353,25.0464078],[121.5291353,25.04644],[121.5291646,25.0465401],[121.5290995,25.0466028]]}},{"type":"Feature","properties":{"highway":"tertiary_link","name":"迴轉道","osm_id":313684482},"geometry":{"type":"LineString","coordinates":[[121.5292782,25.046549],[121.5291957,25.0465386],[121.529156,25.0464055],[121.5292041,25.0463579]]}},{"type":"Feature","properties":{"highway":"tertiary_link","name":"迴轉道","osm_id":314800955},"geometry":{"type":"LineString","coordinates":[[121.5324073,25.045914],[121.5324528,25.0459237],[121.5324937,25.0459441],[121.5325271,25.0459737],[121.5325503,25.0460104],[121.5325619,25.0460514],[121.5325608,25.0460937],[121.5325415,25.0461444]]}},{"type":"Feature","properties":{"highway":"primary","name":"忠孝東路四段","osm_id":316690653},"geometry":{"type":"LineString","coordinates":[[121.5643364,25.0411128],[121.564579,25.0411035]]}},{"type":"Feature","properties":{"highway":"tertiary","name":"松隆路","osm_id":316836119},"geometry":{"type":"LineString","coordinates":[[121.5704427,25.0455958],[121.5705596,25.0457042]]}},{"type":"Feature","properties":{"highway":"tertiary","name":"永吉路","osm_id":316836120},"geometry":{"type":"LineString","coordinates":[[121.5704427,25.0455958],[121.5708236,25.0455914],[121.5709231,25.0455902],[121.5715134,25.0455734],[121.571997,25.0455551],[121.5720829,25.0455518],[121.572097,25.0455513],[121.5721383,25.0455496],[121.5722295,25.0455463],[121.5726953,25.0455273],[121.5741224,25.0454876],[121.5741867,25.0454858],[121.5742731,25.0454846],[121.5754331,25.0454673],[121.5754806,25.0454666],[121.575557,25.0454644],[121.5769392,25.0454248],[121.5770162,25.0454225],[121.5771109,25.0454194],[121.5776566,25.0454008],[121.5777492,25.0453994]]}},{"type":"Feature","properties":{"highway":"tertiary","name":"建國北路二段","osm_id":316964694},"geometry":{"type":"LineString","coordinates":[[121.5367112,25.0578163],[121.5367058,25.0576783],[121.5367024,25.0574649],[121.53669,25.0569406],[121.5366814,25.0564156],[121.5366798,25.0563532],[121.5366791,25.0563256],[121.5366782,25.0562891],[121.5366745,25.0561979],[121.5366702,25.0560925],[121.5366612,25.0558703],[121.5366522,25.055448],[121.5366509,25.055346],[121.5366275,25.0548538],[121.5366257,25.0547615]]}},{"type":"Feature","properties":{"highway":"tertiary","name":"建國北路二段","osm_id":316964704},"geometry":{"type":"LineString","coordinates":[[121.5371765,25.0579593],[121.5371781,25.0580576],[121.5371905,25.0587999],[121.5372023,25.0594744],[121.5372033,25.0595322],[121.5372032,25.0595542],[121.537203,25.059636],[121.5372049,25.0597547],[121.5372117,25.0601801],[121.5372132,25.060276],[121.5372144,25.0603381],[121.5372284,25.0610922],[121.5372376,25.0618285]]}},{"type":"Feature","properties":{"highway":"tertiary","name":"民生東路三段","osm_id":316964725},"geometry":{"type":"LineString","coordinates":[[121.5371765,25.0579593],[121.5369404,25.0579667]]}},{"type":"Feature","properties":{"highway":"tertiary","name":"民生東路二段","osm_id":316964728},"geometry":{"type":"LineString","coordinates":[[121.5367112,25.0578163],[121.5369383,25.0578258]]}},{"type":"Feature","properties":{"highway":"secondary","name":"民權東路三段","osm_id":317347668},"geometry":{"type":"LineString","coordinates":[[121.5372569,25.0624571],[121.5370389,25.0624625]]}},{"type":"Feature","properties":{"highway":"tertiary","name":"建國北路三段","osm_id":317367932},"geometry":{"type":"LineString","coordinates":[[121.5372569,25.0624571],[121.537262,25.0625598],[121.5372806,25.0634761],[121.5372817,25.0635316],[121.5372849,25.063688],[121.5372859,25.0637408],[121.5372872,25.0638122],[121.5372626,25.0643165],[121.5371907,25.0646159],[121.537122,25.0648223],[121.5371008,25.064886],[121.5370825,25.0649283],[121.5370282,25.065054],[121.53701,25.0650871],[121.5369349,25.0652235],[121.5368319,25.0653875],[121.5365933,25.0657462],[121.5363692,25.0659403],[121.5362191,25.0660699],[121.5359331,25.0662868],[121.5358626,25.0663779],[121.5358034,25.0663916],[121.5352931,25.0668037]]}},{"type":"Feature","properties":{"highway":"secondary","name":"基隆路一段","osm_id":317385445},"geometry":{"type":"LineString","coordinates":[[121.5643902,25.0411963],[121.5643364,25.0411128]]}},{"type":"Feature","properties":{"highway":"primary","name":"忠孝東路四段","osm_id":317385446},"geometry":{"type":"LineString","coordinates":[[121.5643902,25.0411963],[121.5642516,25.0411987],[121.5640213,25.0412076],[121.5636336,25.041221],[121.5627894,25.0412543],[121.5627376,25.0412558],[121.5626681,25.0412584],[121.5617254,25.0412945],[121.5615858,25.041299]]}},{"type":"Feature","properties":{"highway":"tertiary","name":"松隆路","osm_id":317385447},"geometry":{"type":"LineString","coordinates":[[121.5703549,25.045705],[121.5702309,25.0455969],[121.5701247,25.0455023],[121.5700363,25.0454308],[121.5695797,25.0450264],[121.5689678,25.0445756],[121.5688263,25.0444809],[121.5687208,25.0444028],[121.5682494,25.0441181],[121.5680027,25.0439833],[121.5675623,25.0437213],[121.5675279,25.043703],[121.5672579,25.0435377],[121.5671499,25.0434821],[121.567044,25.0434375],[121.5669515,25.0434099],[121.566813,25.0433896],[121.5667026,25.0433847],[121.5665936,25.0433885],[121.5664418,25.0434011],[121.5661206,25.0434294],[121.5660838,25.043432],[121.565958,25.0434582]]}},{"type":"Feature","properties":{"highway":"tertiary","name":"永吉路","osm_id":317385449},"geometry":{"type":"LineString","coordinates":[[121.5703549,25.045705],[121.5701788,25.0457087],[121.568919,25.0457463],[121.5688417,25.0457478]]}},{"type":"Feature","properties":{"highway":"secondary","name":"南京東路三段","osm_id":317388745},"geometry":{"type":"LineString","coordinates":[[121.5424619,25.0518051],[121.5427929,25.0517966],[121.5429632,25.0517973],[121.543105,25.0517932],[121.5434494,25.0517869],[121.5437273,25.0517818],[121.5437527,25.0517814],[121.5437791,25.0517809]]}},{"type":"Feature","properties":{"highway":"secondary","name":"南京東路三段","osm_id":317388746},"geometry":{"type":"LineString","coordinates":[[121.5403053,25.0520081],[121.53976,25.0520188],[121.5388231,25.0520329],[121.53818,25.0520463]]}},{"type":"Feature","properties":{"highway":"tertiary","name":"長春路","osm_id":317388747},"geometry":{"type":"LineString","coordinates":[[121.542134,25.0546054],[121.542063,25.0546118],[121.5406383,25.0546468],[121.5405237,25.0546509]]}},{"type":"Feature","properties":{"highway":"tertiary","name":"長春路","osm_id":317388748},"geometry":{"type":"LineString","coordinates":[[121.5366257,25.0547615],[121.5364998,25.0547578],[121.5363006,25.0547658],[121.5350167,25.0547831],[121.5349477,25.054784],[121.5348187,25.0547858],[121.5347246,25.054787],[121.5336281,25.0548051],[121.5335105,25.0548174],[121.5333677,25.0548193],[121.5333428,25.0548197],[121.5332807,25.0548206],[121.5332538,25.054821],[121.5331419,25.0548238]]}},{"type":"Feature","properties":{"highway":"tertiary","name":"龍江路","osm_id":317388749},"geometry":{"type":"LineString","coordinates":[[121.5404645,25.0520073],[121.5404609,25.0518439]]}},{"type":"Feature","properties":{"highway":"tertiary","name":"撫遠街","osm_id":317406911},"geometry":{"type":"LineString","coordinates":[[121.5659339,25.063168],[121.5659615,25.0630639],[121.5660607,25.0626683],[121.5660775,25.0626094],[121.5661322,25.0624176],[121.5662217,25.0621097],[121.5662855,25.0619136],[121.5663288,25.0617952],[121.5663626,25.0617188]]}},{"type":"Feature","properties":{"highway":"secondary","name":"民權東路五段","osm_id":317406912},"geometry":{"type":"LineString","coordinates":[[121.5659339,25.063168],[121.5660234,25.0631795]]}},{"type":"Feature","properties":{"highway":"trunk_link","name":"大直入口匝道","osm_id":317838356},"geometry":{"type":"LineString","coordinates":[[121.5254615,25.0769661],[121.5254047,25.0769627],[121.5253403,25.0769322],[121.5252439,25.0768717]]}},{"type":"Feature","properties":{"highway":"trunk_link","name":"大直入口匝道","osm_id":317838357},"geometry":{"type":"LineString","coordinates":[[121.5250828,25.0767649],[121.5250681,25.0767419],[121.5250524,25.0767014],[121.52505,25.0766682],[121.5250533,25.0766226],[121.5250634,25.076574],[121.525209,25.076175]]}},{"type":"Feature","properties":{"highway":"trunk_link","name":"大直入口匝道","osm_id":317838359},"geometry":{"type":"LineString","coordinates":[[121.525209,25.076175],[121.5254049,25.0756012],[121.5254565,25.0754394],[121.5254772,25.0753741],[121.5254956,25.0752919],[121.5255086,25.0751748]]}},{"type":"Feature","properties":{"highway":"trunk_link","name":"民生東路出口匝道","osm_id":317839328},"geometry":{"type":"LineString","coordinates":[[121.527641,25.0545193],[121.5277131,25.0573243],[121.5277703,25.0575023]]}},{"type":"Feature","properties":{"highway":"tertiary","name":"林森南路","osm_id":317839331},"geometry":{"type":"LineString","coordinates":[[121.5226571,25.0424215],[121.5226171,25.042315],[121.5225568,25.042112],[121.5224941,25.0419207],[121.5224852,25.0418937],[121.5224533,25.0417934],[121.5224127,25.04166],[121.5222771,25.0410985],[121.5222523,25.0410158]]}},{"type":"Feature","properties":{"highway":"tertiary","name":"濟南路三段","osm_id":317839336},"geometry":{"type":"LineString","coordinates":[[121.5292564,25.0408271],[121.5291321,25.040858]]}},{"type":"Feature","properties":{"highway":"primary","name":"中山北路一段","osm_id":318254709},"geometry":{"type":"LineString","coordinates":[[121.5197858,25.0457359],[121.5202976,25.0468607],[121.520342,25.0469582],[121.5203523,25.0469808],[121.5204364,25.0471653]]}},{"type":"Feature","properties":{"highway":"primary","name":"忠孝東路一段","osm_id":318254711},"geometry":{"type":"LineString","coordinates":[[121.5197858,25.0457359],[121.5196578,25.0457611]]}},{"type":"Feature","properties":{"highway":"primary_link","name":"中山北路四段","osm_id":318382833},"geometry":{"type":"LineString","coordinates":[[121.5254615,25.0769661],[121.5254178,25.0769311],[121.5253528,25.0768924],[121.5253207,25.0768634],[121.5252973,25.0768234],[121.5252937,25.0767867],[121.5252974,25.0767329],[121.5253161,25.0766625],[121.5253297,25.0765492]]}},{"type":"Feature","properties":{"highway":"trunk","name":"新生高架道路","osm_id":318382834},"geometry":{"type":"LineString","coordinates":[[121.5255086,25.0751748],[121.52546,25.0748818],[121.5254202,25.0746827],[121.5254079,25.0745933],[121.5254045,25.074459],[121.5254147,25.0743958],[121.5254217,25.0743408],[121.5254389,25.07426],[121.5254671,25.0741699],[121.525513,25.0740803],[121.5258279,25.0736512]]}},{"type":"Feature","properties":{"highway":"primary","name":"中山北路三段","osm_id":319208670},"geometry":{"type":"LineString","coordinates":[[121.5224725,25.0639207],[121.5224375,25.0641082],[121.522412,25.0642862],[121.5223747,25.064652],[121.5223688,25.0648095],[121.5223647,25.0649189]]}},{"type":"Feature","properties":{"highway":"primary","name":"中山北路二段","osm_id":319208672},"geometry":{"type":"LineString","coordinates":[[121.5222539,25.0638666],[121.5223302,25.0635069],[121.5224544,25.0629852],[121.5224881,25.0628436]]}},{"type":"Feature","properties":{"highway":"tertiary","name":"忠孝東路五段236巷","osm_id":322490510},"geometry":{"type":"LineString","coordinates":[[121.5718653,25.0390152],[121.5718686,25.0391276],[121.5718869,25.0396478],[121.5718887,25.039701],[121.5719002,25.0400411],[121.571902,25.0400959],[121.5719114,25.0403729],[121.5719129,25.0404189],[121.5719287,25.040857],[121.5719296,25.0409151]]}},{"type":"Feature","properties":{"highway":"trunk","name":"堤頂大道一段","osm_id":324294395},"geometry":{"type":"LineString","coordinates":[[121.5726798,25.0617439],[121.5726833,25.0614866],[121.5728749,25.0603676],[121.5730967,25.0590821],[121.5731336,25.0587999],[121.5732775,25.0578832],[121.573356,25.0574009]]}},{"type":"Feature","properties":{"highway":"trunk","name":"堤頂大道一段","osm_id":324294400},"geometry":{"type":"LineString","coordinates":[[121.572269,25.0644624],[121.5722848,25.0641744],[121.5723814,25.0634006],[121.5726798,25.0617439]]}},{"type":"Feature","properties":{"highway":"tertiary","name":"堤頂大道二段","osm_id":324294403},"geometry":{"type":"LineString","coordinates":[[121.5713361,25.0762354],[121.5710423,25.0765592],[121.5706904,25.0768352],[121.570366,25.0770103],[121.5700643,25.077127],[121.5692979,25.0773437],[121.5687721,25.0774908]]}},{"type":"Feature","properties":{"highway":"trunk","name":"正氣橋","osm_id":324294418},"geometry":{"type":"LineString","coordinates":[[121.5697248,25.0499802],[121.5684902,25.0479042]]}},{"type":"Feature","properties":{"highway":"tertiary","name":"瑞光路","osm_id":324294424},"geometry":{"type":"LineString","coordinates":[[121.5748802,25.076372],[121.5748117,25.0764063],[121.5741171,25.0767701],[121.5739786,25.0768426]]}},{"type":"Feature","properties":{"highway":"tertiary","name":"瑞光路","osm_id":324294428},"geometry":{"type":"LineString","coordinates":[[121.5728286,25.0773405],[121.572755,25.0773734],[121.5727223,25.077388],[121.5712695,25.0780247],[121.5710905,25.0781179],[121.5710744,25.078125],[121.5702665,25.0784864],[121.5695651,25.0788001],[121.5694496,25.0788517],[121.5694079,25.0788704],[121.568807,25.0791392],[121.5680936,25.0794583],[121.5676112,25.079674],[121.5674893,25.0797285]]}},{"type":"Feature","properties":{"highway":"tertiary","name":"基隆路一段","osm_id":324318761},"geometry":{"type":"LineString","coordinates":[[121.5643523,25.040569],[121.5645423,25.0408966],[121.5645686,25.0409793],[121.564579,25.0411035]]}},{"type":"Feature","properties":{"highway":"trunk","name":"堤頂大道一段","osm_id":324318768},"geometry":{"type":"LineString","coordinates":[[121.5728302,25.0622306],[121.5726416,25.0633622]]}},{"type":"Feature","properties":{"highway":"secondary","name":"敦化南路一段","osm_id":324741383},"geometry":{"type":"LineString","coordinates":[[121.5486299,25.0426119],[121.5486285,25.0425104],[121.5486187,25.041801],[121.5486182,25.0417638],[121.5486181,25.0417441],[121.548618,25.0417258],[121.5486169,25.0416027]]}},{"type":"Feature","properties":{"highway":"secondary","name":"敦化南路一段","osm_id":324741384},"geometry":{"type":"LineString","coordinates":[[121.5488706,25.042609],[121.5488711,25.04251],[121.5488714,25.042446],[121.5488751,25.0417409],[121.5488752,25.0417231],[121.5488758,25.0415958]]}},{"type":"Feature","properties":{"highway":"secondary","name":"敦化南路一段","osm_id":324741385},"geometry":{"type":"LineString","coordinates":[[121.5486169,25.0416027],[121.5486159,25.0414665]]}},{"type":"Feature","properties":{"highway":"primary","name":"中山北路一段","osm_id":325213923},"geometry":{"type":"LineString","coordinates":[[121.5196578,25.0457611],[121.5196886,25.0458267],[121.5202112,25.0469377],[121.5203305,25.0471911]]}},{"type":"Feature","properties":{"highway":"primary","name":"中山南路","osm_id":325213924},"geometry":{"type":"LineString","coordinates":[[121.5192629,25.0445239],[121.5192346,25.0444262],[121.5192187,25.0443713],[121.5189486,25.0434398],[121.5189336,25.0433879],[121.5189135,25.0433186]]}},{"type":"Feature","properties":{"highway":"secondary","name":"內湖路一段","osm_id":326352584},"geometry":{"type":"LineString","coordinates":[[121.5683844,25.0820889],[121.5684808,25.0820819],[121.5689918,25.0820449],[121.5690749,25.0820389],[121.5697195,25.0818256],[121.5707685,25.0815102],[121.5708579,25.0814831],[121.5709508,25.0814553],[121.5709901,25.0814428],[121.5712039,25.0813796],[121.5714936,25.081293],[121.5720517,25.0811262],[121.5721694,25.0810855],[121.5722637,25.0810528],[121.5730907,25.0807664],[121.5731518,25.0807463],[121.5740981,25.0804175]]}},{"type":"Feature","properties":{"highway":"tertiary","name":"新湖二路","osm_id":326352586},"geometry":{"type":"LineString","coordinates":[[121.5779946,25.0617738],[121.5778967,25.061732],[121.5764317,25.0611068],[121.5763515,25.0610726],[121.5762949,25.0610492],[121.5755377,25.0607357],[121.5755101,25.0607283],[121.5754249,25.0606965],[121.5753489,25.0606734],[121.5744449,25.0605449],[121.5743539,25.0605321],[121.5742705,25.0605206],[121.5733416,25.0604014],[121.5733084,25.0603972],[121.5732198,25.0603858]]}},{"type":"Feature","properties":{"highway":"tertiary","name":"瑞光路","osm_id":326352589},"geometry":{"type":"LineString","coordinates":[[121.5674893,25.0797285],[121.5674265,25.0797561],[121.5651528,25.080755],[121.5650363,25.0808046]]}},{"type":"Feature","properties":{"highway":"tertiary","name":"三民路","osm_id":327528743},"geometry":{"type":"LineString","coordinates":[[121.5638535,25.0542194],[121.5638496,25.0543138],[121.5638485,25.0543593],[121.5638474,25.0543778],[121.5638337,25.0545959],[121.5637865,25.0550223],[121.5637795,25.0550799],[121.5637736,25.0551457],[121.5637358,25.0555074],[121.5637211,25.0556472],[121.5637082,25.0557712],[121.5636774,25.0560659],[121.563665,25.0561848],[121.5636529,25.0563003],[121.5635997,25.0568092]]}},{"type":"Feature","properties":{"highway":"tertiary","name":"民族西路","osm_id":327721856},"geometry":{"type":"LineString","coordinates":[[121.5184911,25.0685265],[121.5186349,25.068522],[121.5186754,25.0685239],[121.5187172,25.068523],[121.5194911,25.0685107],[121.5195377,25.0685095],[121.5196534,25.068509]]}},{"type":"Feature","properties":{"highway":"primary_link","name":"","osm_id":328712882},"geometry":{"type":"LineString","coordinates":[[121.5672993,25.0458252],[121.5672199,25.0456862]]}},{"type":"Feature","properties":{"highway":"secondary_link","name":"","osm_id":328712883},"geometry":{"type":"LineString","coordinates":[[121.5672199,25.0456862],[121.5671673,25.0456012],[121.566938,25.0453221],[121.5668152,25.0452198]]}},{"type":"Feature","properties":{"highway":"secondary","name":"基隆路一段","osm_id":328712884},"geometry":{"type":"LineString","coordinates":[[121.5673934,25.0458103],[121.5674293,25.0458688],[121.5677376,25.0463758],[121.5680022,25.046818],[121.5686961,25.0479792],[121.5687371,25.0480478],[121.5687543,25.0480766],[121.5687763,25.0481134]]}},{"type":"Feature","properties":{"highway":"tertiary","name":"東興路","osm_id":328712885},"geometry":{"type":"LineString","coordinates":[[121.5672993,25.0458252],[121.5671248,25.0458603]]}},{"type":"Feature","properties":{"highway":"tertiary","name":"東興路","osm_id":328712886},"geometry":{"type":"LineString","coordinates":[[121.5673934,25.0458103],[121.5672993,25.0458252]]}},{"type":"Feature","properties":{"highway":"tertiary","name":"永吉路","osm_id":328712887},"geometry":{"type":"LineString","coordinates":[[121.5688408,25.04565],[121.5689167,25.0456475],[121.5691638,25.0456387],[121.5700894,25.0456017],[121.5702309,25.0455969],[121.5704427,25.0455958]]}},{"type":"Feature","properties":{"highway":"secondary","name":"承德路四段","osm_id":328852481},"geometry":{"type":"LineString","coordinates":[[121.5223672,25.0808004],[121.5223334,25.0807377],[121.5221238,25.0803448],[121.5220911,25.0802776]]}},{"type":"Feature","properties":{"highway":"secondary","name":"承德路四段","osm_id":328852482},"geometry":{"type":"LineString","coordinates":[[121.5235702,25.0834021],[121.5236005,25.0836332],[121.5236241,25.0839399],[121.5236251,25.0840276]]}},{"type":"Feature","properties":{"highway":"secondary","name":"敦化北路","osm_id":329022964},"geometry":{"type":"LineString","coordinates":[[121.5492183,25.0543058],[121.5492214,25.0545345],[121.5492386,25.055591],[121.5492398,25.0556647],[121.5492384,25.0557573],[121.5492602,25.0572111],[121.5492605,25.0573562],[121.5492629,25.0575005],[121.5492634,25.0575505],[121.5492638,25.0575838],[121.5492647,25.0576739]]}},{"type":"Feature","properties":{"highway":"secondary","name":"松江路","osm_id":329022965},"geometry":{"type":"LineString","coordinates":[[121.5331419,25.0548238],[121.5331476,25.0549308],[121.5331726,25.0560164],[121.5331924,25.0570995]]}},{"type":"Feature","properties":{"highway":"secondary","name":"重慶北路一段","osm_id":329022966},"geometry":{"type":"LineString","coordinates":[[121.5139798,25.0515594],[121.514,25.0516913],[121.5141117,25.0524222],[121.5141449,25.0526391],[121.5141706,25.0528073],[121.5142124,25.0530055],[121.5142857,25.053405],[121.5143339,25.0536428]]}},{"type":"Feature","properties":{"highway":"tertiary","name":"長安西路","osm_id":329022967},"geometry":{"type":"LineString","coordinates":[[121.5182579,25.0506124],[121.5182995,25.0506028],[121.5188901,25.050466],[121.5193148,25.0503677],[121.5195046,25.0503237],[121.5195595,25.050311],[121.5196154,25.0502981],[121.5199378,25.0502234],[121.5199887,25.0502116],[121.5202061,25.0501613],[121.5202635,25.050148],[121.520331,25.0501334],[121.5204556,25.0501035],[121.5207178,25.0500428],[121.5207771,25.0500291],[121.5213867,25.0498879],[121.5214968,25.0498624]]}},{"type":"Feature","properties":{"highway":"tertiary","name":"長春路","osm_id":329022968},"geometry":{"type":"LineString","coordinates":[[121.5331419,25.0548238],[121.5330059,25.0548245]]}},{"type":"Feature","properties":{"highway":"tertiary","name":"文湖街","osm_id":330466878},"geometry":{"type":"LineString","coordinates":[[121.5640609,25.0864899],[121.5639712,25.0864939],[121.5628969,25.0866624],[121.5628068,25.0866767],[121.5627418,25.0866858],[121.5625717,25.0867095],[121.5624151,25.0867113],[121.5618982,25.0866384],[121.5618537,25.0866222],[121.5616294,25.0865406],[121.5610982,25.0863474],[121.5609576,25.0862646],[121.5608799,25.0862188],[121.5608453,25.0861984],[121.56081,25.0861777],[121.5608035,25.0861738],[121.5607769,25.0861549],[121.5604955,25.0859547],[121.560112,25.0855641],[121.5600878,25.0855296],[121.5600065,25.0853921],[121.5599454,25.085297],[121.5599086,25.0852312],[121.5598715,25.0851706],[121.559827,25.0850945],[121.5597771,25.0850168],[121.5597458,25.0849613]]}},{"type":"Feature","properties":{"highway":"primary","name":"中山南路","osm_id":330745380},"geometry":{"type":"LineString","coordinates":[[121.5193993,25.044492],[121.5194254,25.0445818],[121.5196287,25.0452827],[121.5196553,25.0453742],[121.5196681,25.0454183],[121.5197151,25.0455801]]}},{"type":"Feature","properties":{"highway":"secondary","name":"明水路","osm_id":330746961},"geometry":{"type":"LineString","coordinates":[[121.5506818,25.0773565],[121.5496263,25.0773775],[121.5476871,25.0774285],[121.5457189,25.0774687],[121.5447642,25.0775019],[121.5446037,25.0775064],[121.5445584,25.0775076]]}},{"type":"Feature","properties":{"highway":"primary","name":"中山南路","osm_id":330804412},"geometry":{"type":"LineString","coordinates":[[121.5180434,25.040757],[121.5180122,25.0406539],[121.5176835,25.039555],[121.5176749,25.0395263],[121.5176789,25.0395163],[121.5177115,25.0394156]]}},{"type":"Feature","properties":{"highway":"tertiary","name":"公園路","osm_id":330804415},"geometry":{"type":"LineString","coordinates":[[121.5160828,25.0412951],[121.5161237,25.0414303],[121.5162071,25.0417153],[121.5163005,25.0420266],[121.5164582,25.0425736],[121.5164722,25.0426213],[121.516618,25.0431209],[121.5166614,25.0432661],[121.5166821,25.04333],[121.5166954,25.0433809]]}},{"type":"Feature","properties":{"highway":"tertiary","name":"建國北路三段","osm_id":334816782},"geometry":{"type":"LineString","coordinates":[[121.536803,25.0624684],[121.5367986,25.0623173]]}},{"type":"Feature","properties":{"highway":"secondary","name":"民權東路二段","osm_id":334816784},"geometry":{"type":"LineString","coordinates":[[121.536803,25.0624684],[121.5366748,25.0624716],[121.5363732,25.0624791],[121.5355495,25.0624995],[121.5353092,25.0625054],[121.535012,25.0625128],[121.5349481,25.0625144]]}},{"type":"Feature","properties":{"highway":"secondary","name":"松江路","osm_id":334835602},"geometry":{"type":"LineString","coordinates":[[121.5332075,25.0578685],[121.5332099,25.0580062]]}},{"type":"Feature","properties":{"highway":"tertiary","name":"民生東路二段","osm_id":334835603},"geometry":{"type":"LineString","coordinates":[[121.5332075,25.0578685],[121.5333221,25.0578668],[121.5336755,25.0578615],[121.5348238,25.0578444],[121.5349547,25.0578425],[121.5365619,25.0578185],[121.5367112,25.0578163]]}},{"type":"Feature","properties":{"highway":"secondary","name":"濱江街","osm_id":334835604},"geometry":{"type":"LineString","coordinates":[[121.5578829,25.0719282],[121.5588073,25.0715984],[121.5590905,25.0714955],[121.5601776,25.0711051],[121.5605057,25.0710152],[121.5608045,25.0709433],[121.5610899,25.0708836]]}},{"type":"Feature","properties":{"highway":"secondary","name":"濱江街","osm_id":334835605},"geometry":{"type":"LineString","coordinates":[[121.5511083,25.0723646],[121.5510435,25.0723559],[121.5506602,25.0723042],[121.5506387,25.0723039],[121.550194,25.0722975],[121.5497321,25.0722909],[121.5491072,25.0723043],[121.5476664,25.0723351],[121.5476376,25.0723346]]}},{"type":"Feature","properties":{"highway":"primary","name":"中山北路一段","osm_id":335584584},"geometry":{"type":"LineString","coordinates":[[121.5202103,25.0472555],[121.5201961,25.0472238],[121.5201595,25.0471423]]}},{"type":"Feature","properties":{"highway":"primary","name":"忠孝西路一段","osm_id":335584585},"geometry":{"type":"LineString","coordinates":[[121.5175562,25.046261],[121.5152107,25.0468419],[121.5150209,25.0468889]]}},{"type":"Feature","properties":{"highway":"tertiary","name":"市民大道五段","osm_id":335596319},"geometry":{"type":"LineString","coordinates":[[121.5657921,25.0482049],[121.5658839,25.0482416],[121.5659547,25.0482624],[121.5667844,25.0484941],[121.5668549,25.0485137],[121.5670774,25.0485658],[121.5671993,25.0485958],[121.5672405,25.048606],[121.5673122,25.0486237],[121.5674074,25.0486473],[121.56879,25.0489457],[121.5688371,25.0489557],[121.5688811,25.048965],[121.5688977,25.0489687],[121.5689675,25.0489808]]}},{"type":"Feature","properties":{"highway":"tertiary","name":"東興路","osm_id":335596322},"geometry":{"type":"LineString","coordinates":[[121.5657921,25.0482049],[121.5658394,25.0481024],[121.5662869,25.0471198],[121.5668762,25.0458846],[121.5668926,25.0458503],[121.5669649,25.0457835],[121.5670629,25.0457318]]}},{"type":"Feature","properties":{"highway":"primary","name":"中山北路一段","osm_id":336634148},"geometry":{"type":"LineString","coordinates":[[121.5205722,25.0480266],[121.5205277,25.0479318],[121.5204947,25.0478616],[121.520292,25.04743],[121.5202808,25.0474062],[121.5202103,25.0472555]]}},{"type":"Feature","properties":{"highway":"tertiary","name":"市民大道一段","osm_id":336634149},"geometry":{"type":"LineString","coordinates":[[121.5205722,25.0480266],[121.5207105,25.0479991]]}},{"type":"Feature","properties":{"highway":"primary","name":"忠孝西路一段","osm_id":336634150},"geometry":{"type":"LineString","coordinates":[[121.5194481,25.0456107],[121.5195799,25.0455956]]}},{"type":"Feature","properties":{"highway":"primary","name":"忠孝西路一段","osm_id":336634151},"geometry":{"type":"LineString","coordinates":[[121.5145483,25.0470079],[121.5139444,25.0471555],[121.5134821,25.0472687],[121.5132971,25.0473157]]}},{"type":"Feature","properties":{"highway":"primary","name":"忠孝東路四段","osm_id":336696224},"geometry":{"type":"LineString","coordinates":[[121.5615828,25.04116],[121.5617182,25.0411573],[121.5625807,25.0411387],[121.5626643,25.0411388],[121.5627355,25.0411364],[121.562786,25.0411362],[121.563706,25.0411187],[121.5642025,25.0411132],[121.5643364,25.0411128]]}},{"type":"Feature","properties":{"highway":"secondary_link","name":"舊宗路二段","osm_id":338634180},"geometry":{"type":"LineString","coordinates":[[121.5731407,25.0728337],[121.5732294,25.0729882],[121.5732365,25.0731747],[121.5732325,25.0733423],[121.5732182,25.0734338],[121.5731981,25.0734947],[121.5730788,25.0737103]]}},{"type":"Feature","properties":{"highway":"tertiary","name":"市民大道五段","osm_id":338922081},"geometry":{"type":"LineString","coordinates":[[121.5658228,25.0483567],[121.5657348,25.0483338],[121.5656393,25.0483004],[121.5650719,25.0481023],[121.5649843,25.0480717],[121.5642749,25.0478052],[121.5631732,25.0474013],[121.5631478,25.047392],[121.5629987,25.0473595],[121.5628711,25.0473316],[121.5626997,25.0472576],[121.5619191,25.0469204],[121.5612143,25.0466159],[121.5606297,25.0463633],[121.5603662,25.0462495],[121.5594754,25.0458647],[121.5593754,25.0458215],[121.5592281,25.0457578],[121.5587263,25.0455411],[121.5578805,25.0452622],[121.5578168,25.0452444]]}},{"type":"Feature","properties":{"highway":"secondary","name":"","osm_id":338923674},"geometry":{"type":"LineString","coordinates":[[121.5443588,25.0721908],[121.5443592,25.0723136]]}},{"type":"Feature","properties":{"highway":"secondary","name":"北安路","osm_id":338923676},"geometry":{"type":"LineString","coordinates":[[121.5471344,25.0798336],[121.5474217,25.0798562],[121.5476797,25.0800416],[121.5479578,25.0802479],[121.5481623,25.0804205],[121.5482125,25.0804735],[121.548261,25.0805373],[121.5483323,25.0806202],[121.5484178,25.0807314],[121.5484604,25.0808001],[121.5485107,25.0808946],[121.548577,25.0810252],[121.5486317,25.0811499],[121.5486489,25.0811973],[121.5486609,25.0812453],[121.5488653,25.0820612]]}},{"type":"Feature","properties":{"highway":"secondary","name":"松江路","osm_id":338923678},"geometry":{"type":"LineString","coordinates":[[121.5318645,25.0720285],[121.5319722,25.0719645],[121.5320287,25.0719132],[121.5323039,25.0717525],[121.5323591,25.0717164],[121.5324888,25.0716205],[121.53256,25.0715636],[121.5326924,25.0714346],[121.5328215,25.0712566],[121.5329026,25.071113],[121.532971,25.0709587],[121.5330233,25.0708008],[121.5330555,25.0707109],[121.5331011,25.0705141],[121.5331212,25.0704097],[121.5331647,25.0703127]]}},{"type":"Feature","properties":{"highway":"tertiary","name":"樂群二路","osm_id":338923679},"geometry":{"type":"LineString","coordinates":[[121.552168,25.0799861],[121.5522947,25.079946],[121.5523045,25.0799431],[121.5531389,25.0799371],[121.5532421,25.0799364],[121.5533414,25.0799354],[121.554322,25.079926],[121.5544036,25.0799261]]}},{"type":"Feature","properties":{"highway":"secondary","name":"濱江街","osm_id":338923680},"geometry":{"type":"LineString","coordinates":[[121.5443588,25.0721908],[121.5443945,25.0721837],[121.5445111,25.0721606],[121.5445425,25.0721597],[121.5454328,25.0721328],[121.5459796,25.0721252],[121.5464069,25.0721192],[121.5469412,25.0721118],[121.54718,25.0721754]]}},{"type":"Feature","properties":{"highway":"secondary","name":"","osm_id":338929664},"geometry":{"type":"LineString","coordinates":[[121.5442277,25.0724126],[121.5442257,25.072318]]}},{"type":"Feature","properties":{"highway":"secondary","name":"濱江街","osm_id":338929665},"geometry":{"type":"LineString","coordinates":[[121.5442277,25.0724126],[121.544107,25.0724167],[121.5432018,25.0724422],[121.5424667,25.0724874],[121.5423015,25.0724975]]}},{"type":"Feature","properties":{"highway":"tertiary_link","name":"","osm_id":341696501},"geometry":{"type":"LineString","coordinates":[[121.5275523,25.0538126],[121.5276319,25.0538966],[121.5276317,25.0541577],[121.5277034,25.0542261]]}},{"type":"Feature","properties":{"highway":"tertiary","name":"濟南路二段","osm_id":347293077},"geometry":{"type":"LineString","coordinates":[[121.5327321,25.0401916],[121.532603,25.0401919],[121.5325787,25.0401925],[121.5322404,25.0402007],[121.5322112,25.040204],[121.5320218,25.0402251],[121.5317954,25.0402503],[121.5316679,25.0402645],[121.5315949,25.0402726],[121.5315193,25.0402901],[121.5311082,25.0403853],[121.5310746,25.0403934],[121.530147,25.0406157],[121.5300762,25.0406327],[121.5300182,25.0406453],[121.5300109,25.0406469],[121.5298862,25.0406767],[121.5293421,25.0408068],[121.5292564,25.0408271]]}},{"type":"Feature","properties":{"highway":"secondary","name":"新生南路一段","osm_id":347293081},"geometry":{"type":"LineString","coordinates":[[121.5327321,25.0401916],[121.5327324,25.0400835],[121.5327164,25.0392699]]}},{"type":"Feature","properties":{"highway":"primary","name":"承德路五段","osm_id":348383598},"geometry":{"type":"LineString","coordinates":[[121.5164548,25.0911323],[121.5161512,25.0914052],[121.5159823,25.0916128],[121.5159096,25.0917392],[121.5157958,25.0919988]]}},{"type":"Feature","properties":{"highway":"secondary","name":"復興南路一段","osm_id":348745650},"geometry":{"type":"LineString","coordinates":[[121.5438379,25.0415558],[121.5438394,25.0416839]]}},{"type":"Feature","properties":{"highway":"primary","name":"忠孝東路四段","osm_id":348745651},"geometry":{"type":"LineString","coordinates":[[121.5472106,25.0414992],[121.5472795,25.0414965],[121.5473385,25.041495]]}},{"type":"Feature","properties":{"highway":"primary","name":"忠孝東路四段","osm_id":348745652},"geometry":{"type":"LineString","coordinates":[[121.5438379,25.0415558],[121.5439714,25.0415533],[121.5444504,25.0415449],[121.5446678,25.0415407],[121.5452408,25.0415289],[121.5460347,25.0415238],[121.5461208,25.0415216]]}},{"type":"Feature","properties":{"highway":"tertiary","name":"建國南路一段","osm_id":353392315},"geometry":{"type":"LineString","coordinates":[[121.5367723,25.0418254],[121.5368542,25.0416674]]}},{"type":"Feature","properties":{"highway":"primary","name":"忠孝東路三段","osm_id":353392316},"geometry":{"type":"LineString","coordinates":[[121.5367723,25.0418254],[121.5366156,25.0418489],[121.535477,25.0420093],[121.5353426,25.0420268]]}},{"type":"Feature","properties":{"highway":"tertiary","name":"新生北路一段62巷","osm_id":360843888},"geometry":{"type":"LineString","coordinates":[[121.5308345,25.0461013],[121.5309649,25.0465409],[121.5309884,25.0466197],[121.5310633,25.0467076]]}},{"type":"Feature","properties":{"highway":"tertiary","name":"金山北路","osm_id":360843891},"geometry":{"type":"LineString","coordinates":[[121.5306685,25.0461496],[121.5306452,25.0460768]]}},{"type":"Feature","properties":{"highway":"tertiary","name":"市民大道二段","osm_id":360851262},"geometry":{"type":"LineString","coordinates":[[121.5241783,25.04772],[121.5243524,25.0476989],[121.5243915,25.0476937],[121.5248734,25.047616],[121.5251881,25.0475552],[121.5254997,25.0474823],[121.5256952,25.0474332],[121.525923,25.0473746],[121.5260589,25.0473371],[121.5263407,25.0472527],[121.5264759,25.0472131],[121.5271835,25.046989],[121.5277444,25.0467998],[121.5278733,25.0467645],[121.5290353,25.0464078],[121.5292041,25.0463579],[121.5296694,25.0462279],[121.5302842,25.0460557],[121.5303608,25.046036],[121.5305194,25.0459998],[121.5306115,25.0459788]]}},{"type":"Feature","properties":{"highway":"tertiary","name":"市民大道二段","osm_id":360851263},"geometry":{"type":"LineString","coordinates":[[121.5242318,25.0479124],[121.5240939,25.047916],[121.5237737,25.0479398],[121.523522,25.0479538],[121.5226401,25.048009],[121.5225783,25.0480123],[121.5225295,25.0480149],[121.5224061,25.0480186],[121.5223092,25.0480241],[121.5221082,25.0480368],[121.5215136,25.0480745],[121.5213887,25.0480867],[121.52134,25.0480915],[121.521081,25.0481218],[121.5210485,25.0481275],[121.5209928,25.0481372],[121.5209092,25.0481518]]}},{"type":"Feature","properties":{"highway":"tertiary","name":"錦州橋","osm_id":361305451},"geometry":{"type":"LineString","coordinates":[[121.5274463,25.0602521],[121.5274796,25.0602616]]}},{"type":"Feature","properties":{"highway":"tertiary","name":"新生北路二段","osm_id":361305452},"geometry":{"type":"LineString","coordinates":[[121.5278765,25.0603403],[121.527881,25.0604053],[121.5278408,25.0604637],[121.5278469,25.0606537],[121.5278559,25.0608754],[121.5278654,25.0612618],[121.5278813,25.0616583],[121.5278819,25.0617016],[121.5278865,25.0620409],[121.5278864,25.0624577],[121.5278891,25.0625558]]}},{"type":"Feature","properties":{"highway":"tertiary","name":"新生北路二段","osm_id":361305453},"geometry":{"type":"LineString","coordinates":[[121.5278082,25.0601767],[121.5278338,25.0602972],[121.5278765,25.0603403]]}},{"type":"Feature","properties":{"highway":"tertiary","name":"松信路","osm_id":362289794},"geometry":{"type":"LineString","coordinates":[[121.5719296,25.0409151],[121.5719336,25.0410269],[121.5719367,25.0411138],[121.5719701,25.0420379],[121.571976,25.0422023],[121.5719774,25.0422399],[121.5719795,25.0422991],[121.5719868,25.0424994],[121.57202,25.0434187],[121.572022,25.0434736],[121.5720247,25.0435505],[121.572046,25.0441389],[121.5720587,25.0444898],[121.5720619,25.0445775],[121.572064,25.044636],[121.5720649,25.0446625],[121.572072,25.0448591],[121.5720906,25.045433],[121.572097,25.0455513],[121.5720978,25.0455736],[121.5720994,25.0456177],[121.5721005,25.0456471],[121.5721044,25.0457562],[121.5721386,25.0466997],[121.5721419,25.046792],[121.5721478,25.046956],[121.5721518,25.047073],[121.5721587,25.0472574],[121.5721742,25.0476877],[121.5721773,25.0477714],[121.572181,25.047875],[121.5721827,25.0479223],[121.5721848,25.0479811],[121.5721941,25.0482374],[121.5722254,25.0491425],[121.5722271,25.0492208]]}},{"type":"Feature","properties":{"highway":"primary","name":"忠孝西路一段","osm_id":367214988},"geometry":{"type":"LineString","coordinates":[[121.5150171,25.0467587],[121.5151795,25.0467206],[121.5156358,25.0466072],[121.5161248,25.0464857],[121.5174682,25.0461482]]}},{"type":"Feature","properties":{"highway":"primary","name":"忠孝西路一段","osm_id":367245164},"geometry":{"type":"LineString","coordinates":[[121.5174682,25.0461482],[121.5174787,25.046147],[121.5178584,25.0460394],[121.5183167,25.0459095],[121.5191221,25.0456813]]}},{"type":"Feature","properties":{"highway":"tertiary","name":"民族西路","osm_id":368617667},"geometry":{"type":"LineString","coordinates":[[121.5149134,25.0686177],[121.5149729,25.0686103],[121.5154186,25.0686037],[121.5156889,25.0686007],[121.515737,25.0685991],[121.515822,25.0685959],[121.5158777,25.0685954],[121.5159563,25.0685924],[121.5159975,25.0685916],[121.5160581,25.0685905],[121.5165179,25.0685818],[121.51656,25.0685797],[121.516599,25.0685796],[121.5166492,25.0685798],[121.516803,25.0685754],[121.5168504,25.0685735],[121.5168971,25.0685731],[121.5169162,25.0685727],[121.5169646,25.0685716],[121.5179099,25.0685498]]}},{"type":"Feature","properties":{"highway":"tertiary","name":"劍潭路","osm_id":369846179},"geometry":{"type":"LineString","coordinates":[[121.523629,25.084222],[121.523445,25.0842105]]}},{"type":"Feature","properties":{"highway":"secondary","name":"承德路四段","osm_id":369846182},"geometry":{"type":"LineString","coordinates":[[121.5215135,25.0889586],[121.5214016,25.0890097],[121.5210999,25.0891876],[121.5207704,25.0893663],[121.5205063,25.0894734],[121.5198341,25.0896829],[121.5197774,25.0896974],[121.5194128,25.0897914],[121.5190491,25.0898817],[121.5186919,25.0899392],[121.5184774,25.0899695],[121.5184023,25.089977]]}},{"type":"Feature","properties":{"highway":"secondary","name":"承德路四段","osm_id":369846183},"geometry":{"type":"LineString","coordinates":[[121.523629,25.084222],[121.5236281,25.0843329],[121.5235639,25.0848801],[121.5234435,25.0854536],[121.5234152,25.0856096],[121.5233894,25.0857355],[121.5232293,25.0862036],[121.522904,25.0868375],[121.5226126,25.0873351],[121.5221583,25.0880281],[121.522049,25.0882063],[121.5217192,25.0887312],[121.5216761,25.0887986],[121.5216095,25.0888783]]}},{"type":"Feature","properties":{"highway":"tertiary","name":"農安街","osm_id":371568597},"geometry":{"type":"LineString","coordinates":[[121.5317414,25.0648015],[121.532659,25.064776],[121.5329308,25.0647753],[121.5329942,25.0647751],[121.5329992,25.0647751],[121.5330434,25.0647722],[121.5331756,25.0647635]]}},{"type":"Feature","properties":{"highway":"primary_link","name":"","osm_id":371850659},"geometry":{"type":"LineString","coordinates":[[121.5740306,25.0408732],[121.5740323,25.0409779]]}},{"type":"Feature","properties":{"highway":"tertiary","name":"長春路","osm_id":374332362},"geometry":{"type":"LineString","coordinates":[[121.5487288,25.0544382],[121.5486349,25.0544409],[121.5486123,25.0544415],[121.5485418,25.0544434],[121.5484725,25.0544454],[121.5480132,25.0544582]]}},{"type":"Feature","properties":{"highway":"tertiary","name":"長春路","osm_id":374332363},"geometry":{"type":"LineString","coordinates":[[121.5489859,25.0543686],[121.5487288,25.0544382]]}},{"type":"Feature","properties":{"highway":"secondary","name":"敦化北路","osm_id":374332364},"geometry":{"type":"LineString","coordinates":[[121.5490014,25.056368],[121.5489974,25.0558516],[121.5489964,25.0557267]]}},{"type":"Feature","properties":{"highway":"secondary","name":"敦化北路","osm_id":374332365},"geometry":{"type":"LineString","coordinates":[[121.5491035,25.0580238],[121.5490737,25.0578832],[121.5490498,25.0577816]]}},{"type":"Feature","properties":{"highway":"secondary","name":"敦化北路","osm_id":374332367},"geometry":{"type":"LineString","coordinates":[[121.5489859,25.0543686],[121.5489848,25.0542382],[121.5489845,25.0541893],[121.5489682,25.0520883]]}},{"type":"Feature","properties":{"highway":"secondary","name":"敦化北路","osm_id":374332369},"geometry":{"type":"LineString","coordinates":[[121.5489964,25.0557267],[121.5489956,25.0556221],[121.5489953,25.0555798],[121.5489876,25.0545929],[121.5489872,25.0545356],[121.5489859,25.0543686]]}},{"type":"Feature","properties":{"highway":"secondary","name":"敦化北路","osm_id":374332370},"geometry":{"type":"LineString","coordinates":[[121.5487082,25.0518177],[121.5487095,25.0516711]]}},{"type":"Feature","properties":{"highway":"secondary","name":"敦化北路","osm_id":374332371},"geometry":{"type":"LineString","coordinates":[[121.5490265,25.0576578],[121.5490132,25.0575597],[121.5490103,25.0575166],[121.5490092,25.057372],[121.5490079,25.0571991],[121.5490014,25.056368]]}},{"type":"Feature","properties":{"highway":"secondary","name":"敦化北路","osm_id":374332372},"geometry":{"type":"LineString","coordinates":[[121.5493025,25.0578451],[121.5493083,25.0578644],[121.5493727,25.0580782],[121.5494668,25.0583227]]}},{"type":"Feature","properties":{"highway":"secondary","name":"敦化北路","osm_id":374332374},"geometry":{"type":"LineString","coordinates":[[121.5487977,25.0577836],[121.5487687,25.0576404]]}},{"type":"Feature","properties":{"highway":"secondary","name":"敦化北路","osm_id":374332375},"geometry":{"type":"LineString","coordinates":[[121.5487288,25.0544382],[121.5487266,25.0542469],[121.5487223,25.0538738],[121.5487133,25.053102],[121.5487084,25.0520989]]}},{"type":"Feature","properties":{"highway":"secondary","name":"敦化北路","osm_id":374332376},"geometry":{"type":"LineString","coordinates":[[121.5487687,25.0576404],[121.5487629,25.0575242],[121.5487514,25.0573361]]}},{"type":"Feature","properties":{"highway":"secondary","name":"敦化北路","osm_id":374332377},"geometry":{"type":"LineString","coordinates":[[121.549196,25.051814],[121.5491975,25.0519246],[121.5492141,25.0538233],[121.5492168,25.0541316],[121.5492173,25.0541912],[121.5492176,25.0542307],[121.5492183,25.0543058]]}},{"type":"Feature","properties":{"highway":"secondary","name":"敦化北路","osm_id":374332378},"geometry":{"type":"LineString","coordinates":[[121.5490096,25.0584898],[121.5489499,25.0583574],[121.5488961,25.0582041],[121.5488474,25.0580244],[121.5488372,25.0579788],[121.5488286,25.0579364],[121.5487977,25.0577836]]}},{"type":"Feature","properties":{"highway":"secondary_link","name":"敦化北路","osm_id":374332379},"geometry":{"type":"LineString","coordinates":[[121.548744,25.0563713],[121.548764,25.0563709],[121.5488657,25.0563687],[121.5488967,25.056369],[121.5490014,25.056368]]}},{"type":"Feature","properties":{"highway":"secondary","name":"敦化北路","osm_id":374332380},"geometry":{"type":"LineString","coordinates":[[121.5487514,25.0573361],[121.5487463,25.0566795],[121.548744,25.0563713],[121.5487431,25.0562673],[121.5487412,25.0560016],[121.5487389,25.0556842],[121.5487387,25.0556612],[121.5487344,25.0550602],[121.5487306,25.0546573],[121.5487301,25.0545994],[121.5487296,25.0545368],[121.5487288,25.0544382]]}},{"type":"Feature","properties":{"highway":"tertiary","name":"民生東路三段","osm_id":374332382},"geometry":{"type":"LineString","coordinates":[[121.5487687,25.0576404],[121.5490265,25.0576578]]}},{"type":"Feature","properties":{"highway":"tertiary","name":"民生東路三段","osm_id":374332383},"geometry":{"type":"LineString","coordinates":[[121.5486475,25.0576322],[121.5487687,25.0576404]]}},{"type":"Feature","properties":{"highway":"tertiary","name":"民生東路三段","osm_id":374332384},"geometry":{"type":"LineString","coordinates":[[121.5484273,25.0576289],[121.5485759,25.0576273],[121.5486475,25.0576322]]}},{"type":"Feature","properties":{"highway":"tertiary","name":"民生東路三段","osm_id":374332385},"geometry":{"type":"LineString","coordinates":[[121.5487977,25.0577836],[121.5486472,25.0577845],[121.5474532,25.057802],[121.5464442,25.0578167],[121.5464061,25.0578173],[121.5462874,25.057819],[121.546197,25.0578205],[121.5460887,25.0578219],[121.5448609,25.0578398],[121.5443874,25.0578451],[121.5442343,25.057849]]}},{"type":"Feature","properties":{"highway":"secondary","name":"敦化北路","osm_id":374427262},"geometry":{"type":"LineString","coordinates":[[121.5489664,25.0516675],[121.5489656,25.0515523]]}},{"type":"Feature","properties":{"highway":"secondary","name":"敦化北路","osm_id":374427263},"geometry":{"type":"LineString","coordinates":[[121.5489682,25.0520883],[121.5489674,25.0519914],[121.5489669,25.0519305],[121.5489653,25.051815]]}},{"type":"Feature","properties":{"highway":"secondary","name":"敦化北路","osm_id":374427264},"geometry":{"type":"LineString","coordinates":[[121.5489656,25.0515523],[121.5489676,25.051455],[121.5489521,25.0501746],[121.5489514,25.0501042],[121.5489507,25.0500327],[121.5489503,25.0499876],[121.5489483,25.0497797],[121.5489465,25.0495972]]}},{"type":"Feature","properties":{"highway":"secondary","name":"敦化北路","osm_id":374427265},"geometry":{"type":"LineString","coordinates":[[121.5487095,25.0516711],[121.548712,25.0515571],[121.5487064,25.0512348],[121.5487029,25.0509593],[121.5486985,25.0506216],[121.5486936,25.0502363],[121.5486928,25.0501732],[121.5486919,25.0501024],[121.5486912,25.0500434],[121.5486711,25.0484704],[121.5486701,25.0483978],[121.5486696,25.0483568],[121.548668,25.0482059]]}},{"type":"Feature","properties":{"highway":"secondary","name":"敦化北路","osm_id":374427266},"geometry":{"type":"LineString","coordinates":[[121.5491952,25.0516604],[121.549196,25.051814]]}},{"type":"Feature","properties":{"highway":"secondary","name":"敦化北路","osm_id":374427267},"geometry":{"type":"LineString","coordinates":[[121.5487084,25.0520989],[121.5487084,25.0520509],[121.5487083,25.0520011],[121.5487083,25.0519371],[121.5487082,25.0518177]]}},{"type":"Feature","properties":{"highway":"secondary","name":"敦化北路","osm_id":374427268},"geometry":{"type":"LineString","coordinates":[[121.5491926,25.0513563],[121.5491934,25.0514511],[121.5491938,25.0514965],[121.5491958,25.0515479],[121.5491952,25.0516604]]}},{"type":"Feature","properties":{"highway":"secondary","name":"南京東路三段","osm_id":374427269},"geometry":{"type":"LineString","coordinates":[[121.5437826,25.0519298],[121.5434613,25.0519398],[121.54251,25.0519545]]}},{"type":"Feature","properties":{"highway":"secondary","name":"南京東路三段","osm_id":374427270},"geometry":{"type":"LineString","coordinates":[[121.5487095,25.0516711],[121.5489664,25.0516675]]}},{"type":"Feature","properties":{"highway":"secondary","name":"南京東路三段","osm_id":374427271},"geometry":{"type":"LineString","coordinates":[[121.5487082,25.0518177],[121.5485589,25.0518221]]}},{"type":"Feature","properties":{"highway":"secondary","name":"南京東路四段","osm_id":374427272},"geometry":{"type":"LineString","coordinates":[[121.549196,25.051814],[121.5489653,25.051815]]}},{"type":"Feature","properties":{"highway":"secondary","name":"南京東路四段","osm_id":374427273},"geometry":{"type":"LineString","coordinates":[[121.5493571,25.0516568],[121.5503895,25.0516327],[121.5507033,25.0516325],[121.5508545,25.0516324],[121.5509971,25.0516305],[121.5523473,25.0516075],[121.552404,25.051606],[121.5524729,25.0516057]]}},{"type":"Feature","properties":{"highway":"tertiary","name":"錦州街","osm_id":374461390},"geometry":{"type":"LineString","coordinates":[[121.5330932,25.0603318],[121.5332504,25.060345]]}},{"type":"Feature","properties":{"highway":"tertiary","name":"錦州街","osm_id":374461391},"geometry":{"type":"LineString","coordinates":[[121.5325506,25.0603361],[121.5322682,25.0603408],[121.5316999,25.0603386],[121.5307827,25.0603504],[121.5302574,25.0603508]]}},{"type":"Feature","properties":{"highway":"tertiary","name":"衡陽路","osm_id":374960473},"geometry":{"type":"LineString","coordinates":[[121.5140752,25.0423248],[121.5133033,25.0423217],[121.5132396,25.0423214],[121.5132195,25.0423213]]}},{"type":"Feature","properties":{"highway":"secondary","name":"復興北路","osm_id":375408677},"geometry":{"type":"LineString","coordinates":[[121.5440263,25.0545731],[121.5440234,25.054407],[121.5440068,25.0534627]]}},{"type":"Feature","properties":{"highway":"tertiary","name":"長春路","osm_id":375408687},"geometry":{"type":"LineString","coordinates":[[121.5440263,25.0545731],[121.5439802,25.0545763],[121.5439478,25.0545802],[121.5434988,25.0545792],[121.5429733,25.054589],[121.542222,25.0546031],[121.542134,25.0546054]]}},{"type":"Feature","properties":{"highway":"tertiary","name":"長春路","osm_id":375408688},"geometry":{"type":"LineString","coordinates":[[121.5447837,25.0545485],[121.5443009,25.0545649],[121.54417,25.054569]]}},{"type":"Feature","properties":{"highway":"trunk","name":"建國快速道路","osm_id":375647562},"geometry":{"type":"LineString","coordinates":[[121.5338303,25.0676518],[121.5337038,25.0677739],[121.5335429,25.0679586],[121.5334248,25.0681432],[121.5333176,25.0684056],[121.5332854,25.0685708],[121.5332714,25.0686981],[121.5332746,25.0688235],[121.5333068,25.0691053],[121.5333564,25.0695111],[121.5333914,25.0699653],[121.5334011,25.0701962]]}},{"type":"Feature","properties":{"highway":"trunk","name":"建國快速道路","osm_id":375647563},"geometry":{"type":"LineString","coordinates":[[121.5340165,25.0673919],[121.5359247,25.0659663],[121.5362444,25.0656621],[121.5364697,25.0654094],[121.5366307,25.0651859],[121.5367594,25.0649624],[121.5368667,25.0647292],[121.5369525,25.064457],[121.5369955,25.0641946],[121.5370169,25.0639711],[121.5369311,25.0588979],[121.5368832,25.0582448]]}},{"type":"Feature","properties":{"highway":"tertiary_link","name":"","osm_id":377020369},"geometry":{"type":"LineString","coordinates":[[121.5693662,25.0544099],[121.5693501,25.0545507]]}},{"type":"Feature","properties":{"highway":"secondary_link","name":"迴轉道","osm_id":378922042},"geometry":{"type":"LineString","coordinates":[[121.548372,25.0956546],[121.5484383,25.0956296],[121.5484973,25.0956199],[121.548552,25.0956257],[121.5485997,25.0956629],[121.5486161,25.095711],[121.5485968,25.0958081]]}},{"type":"Feature","properties":{"highway":"trunk","name":"松江大橋","osm_id":380916093},"geometry":{"type":"LineString","coordinates":[[121.5258279,25.0736512],[121.525984,25.0734565],[121.5262638,25.0731414],[121.5268653,25.0723946]]}},{"type":"Feature","properties":{"highway":"primary","name":"","osm_id":381433816},"geometry":{"type":"LineString","coordinates":[[121.5157683,25.0915289],[121.5157929,25.0914014],[121.5158288,25.0912258],[121.5158295,25.0910762],[121.5157914,25.0909195],[121.515736,25.0907859],[121.5156104,25.0905923]]}},{"type":"Feature","properties":{"highway":"primary","name":"中山北路五段","osm_id":381433817},"geometry":{"type":"LineString","coordinates":[[121.5279204,25.0937211],[121.5279078,25.0936386],[121.527821,25.0931268],[121.5277658,25.0927888],[121.5277168,25.0924935],[121.5277018,25.0924161],[121.5276702,25.0922297],[121.527614,25.0919202],[121.5274558,25.09102],[121.5273804,25.0905913],[121.5273671,25.09031],[121.5273699,25.0902653]]}},{"type":"Feature","properties":{"highway":"tertiary","name":"東興路","osm_id":381559799},"geometry":{"type":"LineString","coordinates":[[121.5671248,25.0458603],[121.5670263,25.0458857],[121.5669396,25.0459471]]}},{"type":"Feature","properties":{"highway":"trunk_link","name":"民權東路入口匝道","osm_id":381680997},"geometry":{"type":"LineString","coordinates":[[121.5278692,25.0628478],[121.5278024,25.0629881],[121.5278641,25.0646816]]}},{"type":"Feature","properties":{"highway":"trunk_link","name":"堤頂大道入口匝道","osm_id":381892606},"geometry":{"type":"LineString","coordinates":[[121.5737561,25.057055],[121.5737026,25.0570884],[121.5735888,25.0574178]]}},{"type":"Feature","properties":{"highway":"secondary_link","name":"","osm_id":381892607},"geometry":{"type":"LineString","coordinates":[[121.5737395,25.0567864],[121.573648,25.0567431],[121.5735384,25.0566341]]}},{"type":"Feature","properties":{"highway":"secondary_link","name":"","osm_id":381892610},"geometry":{"type":"LineString","coordinates":[[121.5740152,25.0563935],[121.5739517,25.0564346],[121.5738182,25.0567044],[121.5737395,25.0567864]]}},{"type":"Feature","properties":{"highway":"tertiary","name":"市民大道五段","osm_id":382623046},"geometry":{"type":"LineString","coordinates":[[121.5689547,25.0491359],[121.5674376,25.0487572],[121.5674032,25.0487485],[121.567376,25.0487415],[121.5672857,25.0487187]]}},{"type":"Feature","properties":{"highway":"tertiary","name":"敦煌路","osm_id":382754761},"geometry":{"type":"LineString","coordinates":[[121.5211925,25.0749787],[121.5211309,25.0749968],[121.5203492,25.075195],[121.5203038,25.0752072],[121.520226,25.0752271]]}},{"type":"Feature","properties":{"highway":"secondary","name":"承德路三段","osm_id":382754769},"geometry":{"type":"LineString","coordinates":[[121.520226,25.0752271],[121.5202718,25.0753741]]}},{"type":"Feature","properties":{"highway":"tertiary","name":"敦煌路","osm_id":382754772},"geometry":{"type":"LineString","coordinates":[[121.520226,25.0752271],[121.5200875,25.0752644],[121.5200089,25.0752839],[121.5199459,25.0753016],[121.5179199,25.0758318]]}},{"type":"Feature","properties":{"highway":"secondary","name":"承德路四段","osm_id":382754789},"geometry":{"type":"LineString","coordinates":[[121.5225095,25.080744],[121.5225359,25.0807932],[121.5228526,25.0813836],[121.523001,25.0817043],[121.5231811,25.082108],[121.5232114,25.0821759],[121.5232609,25.0823207],[121.5234622,25.0829095],[121.5235326,25.0831932],[121.5235702,25.0834021]]}},{"type":"Feature","properties":{"highway":"tertiary","name":"市民大道六段","osm_id":382892355},"geometry":{"type":"LineString","coordinates":[[121.5722271,25.0492208],[121.572337,25.049208],[121.5736006,25.0491995],[121.5745261,25.0491933],[121.5753441,25.0492003],[121.5758625,25.0491606],[121.5759749,25.0491433],[121.5760538,25.0491385],[121.5765877,25.0490778],[121.5771015,25.0489392],[121.577302,25.0489329],[121.5775942,25.0489236],[121.5777113,25.0489213]]}},{"type":"Feature","properties":{"highway":"tertiary","name":"松信路","osm_id":382892356},"geometry":{"type":"LineString","coordinates":[[121.5722405,25.0494746],[121.5722368,25.0494254]]}},{"type":"Feature","properties":{"highway":"tertiary","name":"市民大道六段","osm_id":382892357},"geometry":{"type":"LineString","coordinates":[[121.5722405,25.0494746],[121.5720894,25.0494795],[121.5717737,25.0494734]]}},{"type":"Feature","properties":{"highway":"primary","name":"中山北路一段","osm_id":384694135},"geometry":{"type":"LineString","coordinates":[[121.5204364,25.0471653],[121.5205135,25.0473248],[121.5206918,25.0477116],[121.5207332,25.0478015],[121.5207619,25.0478682],[121.5208196,25.0479795]]}},{"type":"Feature","properties":{"highway":"tertiary","name":"鄭州路","osm_id":384694138},"geometry":{"type":"LineString","coordinates":[[121.5163613,25.0486836],[121.5164607,25.0486678]]}},{"type":"Feature","properties":{"highway":"tertiary","name":"北平東路","osm_id":387549845},"geometry":{"type":"LineString","coordinates":[[121.5272909,25.0455104],[121.5272166,25.0455281],[121.5266085,25.0456734],[121.5259289,25.0458367],[121.5257129,25.0458888],[121.525541,25.0459269]]}},{"type":"Feature","properties":{"highway":"secondary","name":"基隆路一段","osm_id":387549846},"geometry":{"type":"LineString","coordinates":[[121.5693364,25.0490413],[121.5693973,25.0491449]]}},{"type":"Feature","properties":{"highway":"secondary","name":"復興北路","osm_id":401376480},"geometry":{"type":"LineString","coordinates":[[121.5442343,25.057849],[121.5442405,25.0579499],[121.5442437,25.0580031],[121.544241,25.0580964],[121.5442556,25.0589866],[121.5442714,25.0600375],[121.5442718,25.0600641],[121.5442724,25.0601055],[121.5442739,25.0601778]]}},{"type":"Feature","properties":{"highway":"tertiary","name":"港墘路","osm_id":401628858},"geometry":{"type":"LineString","coordinates":[[121.572162,25.07448],[121.5722551,25.0745239],[121.5723517,25.0745664]]}},{"type":"Feature","properties":{"highway":"tertiary","name":"瑞光路","osm_id":401628860},"geometry":{"type":"LineString","coordinates":[[121.5749502,25.0763337],[121.5748802,25.076372]]}},{"type":"Feature","properties":{"highway":"tertiary","name":"建國南路一段","osm_id":405980655},"geometry":{"type":"LineString","coordinates":[[121.5382583,25.0391203],[121.5382261,25.0394313],[121.5381322,25.0397837],[121.5380911,25.039923],[121.5380144,25.0401374],[121.5378613,25.0405297],[121.5377819,25.040716],[121.5377496,25.040792]]}},{"type":"Feature","properties":{"highway":"secondary","name":"復興南路一段","osm_id":405980656},"geometry":{"type":"LineString","coordinates":[[121.5437139,25.0416931],[121.5437139,25.041558]]}},{"type":"Feature","properties":{"highway":"secondary","name":"復興南路一段","osm_id":405980657},"geometry":{"type":"LineString","coordinates":[[121.5437649,25.0381548],[121.5437667,25.0382481],[121.5437825,25.0387332],[121.5437885,25.0390418],[121.5438022,25.0397359],[121.5438038,25.0398186],[121.5438051,25.039886],[121.5438236,25.0408272],[121.5438298,25.0411401],[121.5438336,25.0413723],[121.5438379,25.0415558]]}},{"type":"Feature","properties":{"highway":"secondary","name":"南京西路","osm_id":407202550},"geometry":{"type":"LineString","coordinates":[[121.5176462,25.0533148],[121.5175353,25.0533427],[121.5168317,25.0534977],[121.5162461,25.0536431],[121.5161359,25.05367]]}},{"type":"Feature","properties":{"highway":"tertiary","name":"民生東路三段","osm_id":407202567},"geometry":{"type":"LineString","coordinates":[[121.5440785,25.0576884],[121.5442272,25.0576879]]}},{"type":"Feature","properties":{"highway":"tertiary","name":"長安西路","osm_id":407202572},"geometry":{"type":"LineString","coordinates":[[121.5139798,25.0515594],[121.5140949,25.0515334],[121.5147321,25.0513893],[121.5147512,25.0513848],[121.5148521,25.0513621],[121.5148968,25.0513561],[121.5153676,25.0512732],[121.5154408,25.0512603]]}},{"type":"Feature","properties":{"highway":"secondary","name":"北安路","osm_id":407206572},"geometry":{"type":"LineString","coordinates":[[121.5492686,25.0841391],[121.549252,25.0840674],[121.5489751,25.0829428],[121.5489624,25.0828886],[121.5489506,25.0828354],[121.5487772,25.0821355],[121.5487623,25.0820809],[121.5485629,25.0812707],[121.548548,25.081227],[121.5485347,25.0811792],[121.5484904,25.0810659],[121.5484048,25.080893],[121.5482853,25.0807124],[121.5481871,25.0805879],[121.5481286,25.0805305],[121.5480814,25.0804822],[121.5479332,25.0803522],[121.547545,25.0800571],[121.5474232,25.0799697],[121.5473669,25.0799407],[121.547102,25.0799255]]}},{"type":"Feature","properties":{"highway":"tertiary","name":"","osm_id":407513550},"geometry":{"type":"LineString","coordinates":[[121.5278272,25.0707171],[121.5281131,25.070714]]}},{"type":"Feature","properties":{"highway":"tertiary","name":"新生北路三段","osm_id":407513564},"geometry":{"type":"LineString","coordinates":[[121.528052,25.0683787],[121.5280511,25.0684457],[121.528064,25.0688376]]}},{"type":"Feature","properties":{"highway":"secondary","name":"松江路","osm_id":407513567},"geometry":{"type":"LineString","coordinates":[[121.5330337,25.068299],[121.5330745,25.0682039]]}},{"type":"Feature","properties":{"highway":"tertiary","name":"林森北路","osm_id":407513569},"geometry":{"type":"LineString","coordinates":[[121.5242318,25.0479124],[121.5242437,25.047955],[121.5242555,25.0479975],[121.5243373,25.0482914],[121.5244446,25.0486769],[121.524551,25.0490593],[121.5245753,25.0491466]]}},{"type":"Feature","properties":{"highway":"tertiary","name":"林森北路","osm_id":407513570},"geometry":{"type":"LineString","coordinates":[[121.525333,25.0520455],[121.5253183,25.0519394],[121.525272,25.0517584],[121.5251887,25.0514556],[121.5251845,25.0514405],[121.5250996,25.0511359],[121.5249883,25.0507627],[121.5248772,25.0503492],[121.5248633,25.0502978],[121.5247333,25.0498189],[121.5247224,25.0497801],[121.5245817,25.0492719],[121.5245753,25.0491466]]}},{"type":"Feature","properties":{"highway":"tertiary","name":"民族東路","osm_id":407513571},"geometry":{"type":"LineString","coordinates":[[121.528052,25.0683787],[121.5276998,25.0683786]]}},{"type":"Feature","properties":{"highway":"tertiary","name":"民族東路","osm_id":407513572},"geometry":{"type":"LineString","coordinates":[[121.5330337,25.068299],[121.5329163,25.068301],[121.5311984,25.0683327],[121.5308815,25.0683382],[121.5306094,25.0683434],[121.530463,25.0683458]]}},{"type":"Feature","properties":{"highway":"tertiary","name":"長安東路一段","osm_id":407513573},"geometry":{"type":"LineString","coordinates":[[121.5217364,25.0497999],[121.5218384,25.0497754],[121.522164,25.0497002],[121.5225303,25.0496156],[121.5228007,25.0495541],[121.5228469,25.0495395],[121.522912,25.0495253],[121.524434,25.0491789],[121.5245753,25.0491466]]}},{"type":"Feature","properties":{"highway":"secondary","name":"金山南路一段","osm_id":413949761},"geometry":{"type":"LineString","coordinates":[[121.5291321,25.040858],[121.5291074,25.0407707],[121.5289838,25.0403373],[121.5288274,25.0398955],[121.5287771,25.039749],[121.5287153,25.0395688],[121.5286921,25.0395012],[121.528676,25.039455],[121.5285352,25.0390669],[121.5283849,25.0386501],[121.5283115,25.0384522],[121.5282871,25.038359]]}},{"type":"Feature","properties":{"highway":"secondary","name":"內湖路一段","osm_id":413955653},"geometry":{"type":"LineString","coordinates":[[121.5655301,25.0824345],[121.5654298,25.0824633],[121.564902,25.0826345],[121.5647006,25.0827376],[121.5641455,25.0830261],[121.5639738,25.0831075],[121.5636305,25.0832888],[121.5635049,25.0833654],[121.5634334,25.0833987],[121.5616484,25.0843024],[121.5613266,25.0844662],[121.5612109,25.084526],[121.5607905,25.0846638],[121.5603615,25.0847936],[121.5603378,25.0848008],[121.5601114,25.0848704],[121.5597458,25.0849613],[121.5593383,25.0850366],[121.5591741,25.0850669],[121.5590566,25.0850744],[121.5589399,25.0850818],[121.5586667,25.0850276],[121.5583928,25.0849014]]}},{"type":"Feature","properties":{"highway":"secondary","name":"松江路","osm_id":413955655},"geometry":{"type":"LineString","coordinates":[[121.533279,25.0624126],[121.533282,25.062564]]}},{"type":"Feature","properties":{"highway":"secondary","name":"民權東路二段","osm_id":413955656},"geometry":{"type":"LineString","coordinates":[[121.5331269,25.062416],[121.533279,25.0624126]]}},{"type":"Feature","properties":{"highway":"tertiary","name":"濟南路三段","osm_id":413955657},"geometry":{"type":"LineString","coordinates":[[121.5329174,25.0401918],[121.5328788,25.0401917]]}},{"type":"Feature","properties":{"highway":"trunk_link","name":"民權東路出口匝道","osm_id":413973865},"geometry":{"type":"LineString","coordinates":[[121.5361542,25.0656586],[121.5363206,25.0654884],[121.5364592,25.0652325],[121.5365471,25.0649603],[121.536563,25.0649112]]}},{"type":"Feature","properties":{"highway":"tertiary","name":"松信路","osm_id":415177834},"geometry":{"type":"LineString","coordinates":[[121.5722368,25.0494254],[121.5722364,25.0494169],[121.5722315,25.0492748],[121.572231,25.0492604],[121.5722271,25.0492208]]}},{"type":"Feature","properties":{"highway":"secondary","name":"濱江街","osm_id":424128314},"geometry":{"type":"LineString","coordinates":[[121.5358564,25.07267],[121.5358455,25.0726904],[121.5357061,25.072961]]}},{"type":"Feature","properties":{"highway":"secondary","name":"濱江街","osm_id":424128316},"geometry":{"type":"LineString","coordinates":[[121.5354245,25.0724185],[121.5355941,25.0724518],[121.5357252,25.0724833],[121.5358296,25.0724977],[121.5359367,25.0724986],[121.5360292,25.0724883],[121.5360919,25.0724767],[121.5361503,25.0724846]]}},{"type":"Feature","properties":{"highway":"secondary","name":"承德路四段","osm_id":425368872},"geometry":{"type":"LineString","coordinates":[[121.5230545,25.082213],[121.5230291,25.082152],[121.5229304,25.0819154],[121.5227575,25.081534],[121.522399,25.0808602],[121.5223672,25.0808004]]}},{"type":"Feature","properties":{"highway":"secondary","name":"松江路","osm_id":425635502},"geometry":{"type":"LineString","coordinates":[[121.5338125,25.0713866],[121.5339144,25.0715312],[121.5341449,25.0717872]]}},{"type":"Feature","properties":{"highway":"secondary","name":"濱江街","osm_id":425635503},"geometry":{"type":"LineString","coordinates":[[121.5341449,25.0717872],[121.5343007,25.0719356],[121.5344576,25.0720372],[121.5347339,25.0721908],[121.534948,25.0722794],[121.535131,25.0723383],[121.5351976,25.0723565],[121.5354245,25.0724185]]}},{"type":"Feature","properties":{"highway":"tertiary_link","name":"","osm_id":435677303},"geometry":{"type":"LineString","coordinates":[[121.5278463,25.0515626],[121.5276722,25.0515211]]}},{"type":"Feature","properties":{"highway":"tertiary_link","name":"","osm_id":435677305},"geometry":{"type":"LineString","coordinates":[[121.5282655,25.0504538],[121.5283039,25.0505185],[121.5281786,25.0508733],[121.528211,25.0509109]]}},{"type":"Feature","properties":{"highway":"tertiary_link","name":"","osm_id":435677306},"geometry":{"type":"LineString","coordinates":[[121.528113,25.0511788],[121.528033,25.0512669],[121.5279515,25.0515438],[121.5278463,25.0515626]]}},{"type":"Feature","properties":{"highway":"tertiary_link","name":"","osm_id":435677307},"geometry":{"type":"LineString","coordinates":[[121.5280883,25.0503873],[121.5282262,25.0504391],[121.5282655,25.0504538]]}},{"type":"Feature","properties":{"highway":"tertiary_link","name":"","osm_id":435677309},"geometry":{"type":"LineString","coordinates":[[121.5285597,25.0501],[121.5284771,25.0501275],[121.5283393,25.0504395],[121.5282655,25.0504538]]}},{"type":"Feature","properties":{"highway":"secondary","name":"南京東路二段","osm_id":437870654},"geometry":{"type":"LineString","coordinates":[[121.5329341,25.0519475],[121.5330764,25.0519477]]}},{"type":"Feature","properties":{"highway":"tertiary","name":"建國北路二段","osm_id":437870657},"geometry":{"type":"LineString","coordinates":[[121.5366257,25.0547615],[121.5366183,25.0546342],[121.536608,25.0542969],[121.5365847,25.0535941],[121.5365753,25.053158],[121.5365615,25.0525177],[121.5365444,25.052195],[121.5365418,25.0520765]]}},{"type":"Feature","properties":{"highway":"secondary","name":"承德路三段","osm_id":437870658},"geometry":{"type":"LineString","coordinates":[[121.5183361,25.0685364],[121.5183315,25.0684106],[121.5183096,25.0673512],[121.5183083,25.0672859],[121.5183065,25.0672091],[121.5182976,25.066817],[121.5182842,25.0663918],[121.5182734,25.0659879],[121.5182668,25.0658671]]}},{"type":"Feature","properties":{"highway":"secondary","name":"松江路","osm_id":437870661},"geometry":{"type":"LineString","coordinates":[[121.5329341,25.0521165],[121.5329341,25.0519475]]}},{"type":"Feature","properties":{"highway":"tertiary","name":"長春路","osm_id":437870662},"geometry":{"type":"LineString","coordinates":[[121.5405237,25.0546509],[121.5403945,25.0546532],[121.5390903,25.0546831],[121.5385046,25.0546817],[121.5378393,25.0547062],[121.5373386,25.0547247]]}},{"type":"Feature","properties":{"highway":"tertiary","name":"寧夏路","osm_id":437873096},"geometry":{"type":"LineString","coordinates":[[121.5143405,25.0608077],[121.5143139,25.0608858],[121.5141025,25.0615684],[121.5141404,25.0616598],[121.5141991,25.0618077]]}},{"type":"Feature","properties":{"highway":"secondary","name":"中正路","osm_id":439921243},"geometry":{"type":"LineString","coordinates":[[121.5219146,25.0943692],[121.5220183,25.0943873],[121.522364,25.0944692],[121.5225433,25.0945097],[121.5225828,25.0945185],[121.5230323,25.0946204],[121.5231346,25.0946436],[121.5236728,25.0947654],[121.523744,25.0947815],[121.5245554,25.0949657],[121.5246346,25.0949837]]}},{"type":"Feature","properties":{"highway":"trunk","name":"堤頂大道一段","osm_id":442788100},"geometry":{"type":"LineString","coordinates":[[121.5722055,25.0746013],[121.5722551,25.0745239]]}},{"type":"Feature","properties":{"highway":"tertiary","name":"瑞光路","osm_id":442788101},"geometry":{"type":"LineString","coordinates":[[121.5769318,25.0751111],[121.5768362,25.075174],[121.5766938,25.0752577],[121.5760927,25.075673],[121.5760124,25.0757294],[121.5759115,25.0757849],[121.5755701,25.0759804],[121.575463,25.0760409],[121.5754081,25.0760731],[121.5750569,25.0762729],[121.5749502,25.0763337]]}},{"type":"Feature","properties":{"highway":"secondary","name":"舊宗路二段","osm_id":442790073},"geometry":{"type":"LineString","coordinates":[[121.5740511,25.0723446],[121.5738905,25.0725672],[121.5735733,25.0730708],[121.5730788,25.0737103],[121.5726064,25.0743685],[121.5724313,25.0746015]]}},{"type":"Feature","properties":{"highway":"tertiary_link","name":"迴轉道","osm_id":445405189},"geometry":{"type":"LineString","coordinates":[[121.5278147,25.0524476],[121.5277428,25.0525484],[121.5276949,25.0529338],[121.5276694,25.0529496],[121.527591,25.0529644]]}},{"type":"Feature","properties":{"highway":"tertiary","name":"堤頂大道二段","osm_id":449379849},"geometry":{"type":"LineString","coordinates":[[121.5606951,25.0842945],[121.56086,25.0840234],[121.5613214,25.0829133],[121.561611,25.0822355],[121.5617747,25.0818711],[121.5621368,25.0811034],[121.5624667,25.0805763],[121.5624895,25.0805453],[121.5625271,25.0804827],[121.5625814,25.0803859]]}},{"type":"Feature","properties":{"highway":"trunk","name":"堤頂大道二段","osm_id":449379850},"geometry":{"type":"LineString","coordinates":[[121.5628583,25.0803112],[121.5627668,25.0804243],[121.5626784,25.0805531],[121.5626306,25.0806417],[121.5626172,25.0806636],[121.562287,25.0812055],[121.5616754,25.0824979],[121.5614313,25.0831756],[121.5610987,25.0839481],[121.5608278,25.0843319],[121.5607823,25.0844233]]}},{"type":"Feature","properties":{"highway":"tertiary","name":"堤頂大道二段","osm_id":449379851},"geometry":{"type":"LineString","coordinates":[[121.5606917,25.0845192],[121.5603578,25.0847849],[121.5603378,25.0848008]]}},{"type":"Feature","properties":{"highway":"trunk","name":"堤頂大道二段","osm_id":449379852},"geometry":{"type":"LineString","coordinates":[[121.5687169,25.077437],[121.5684,25.0775278],[121.5683756,25.0775348],[121.5677989,25.0776951],[121.5671686,25.07787],[121.5661493,25.0781567],[121.5649155,25.0785454],[121.5645507,25.0786936],[121.5645293,25.0787065],[121.5643518,25.0788144]]}},{"type":"Feature","properties":{"highway":"tertiary","name":"堤頂大道二段","osm_id":449379853},"geometry":{"type":"LineString","coordinates":[[121.5687721,25.0774908],[121.5685587,25.077551],[121.5684289,25.0775876],[121.5683335,25.0776145],[121.5665802,25.078109],[121.5649644,25.078611],[121.5646354,25.0787323],[121.5645731,25.0787736],[121.5644119,25.0788815]]}},{"type":"Feature","properties":{"highway":"secondary_link","name":"","osm_id":449379854},"geometry":{"type":"LineString","coordinates":[[121.5679203,25.0775002],[121.5679679,25.0774528],[121.5679821,25.0774139],[121.5679868,25.0773593],[121.567976,25.0773064],[121.5679357,25.0772365],[121.5678724,25.0771807]]}},{"type":"Feature","properties":{"highway":"trunk","name":"堤頂大道二段","osm_id":449379856},"geometry":{"type":"LineString","coordinates":[[121.568611,25.0773759],[121.5689163,25.0772851],[121.5697183,25.0770542],[121.5701858,25.0768979],[121.5705112,25.0767386],[121.5707855,25.0765313],[121.5710078,25.0763248],[121.5711544,25.0761262],[121.5713356,25.0758808],[121.571848,25.0751521],[121.5721736,25.0746508],[121.5722055,25.0746013]]}},{"type":"Feature","properties":{"highway":"tertiary","name":"堤頂大道二段","osm_id":449379860},"geometry":{"type":"LineString","coordinates":[[121.5684867,25.0773287],[121.568702,25.0772608],[121.5691212,25.0771193],[121.5695799,25.0770003],[121.5699366,25.0768934],[121.5703497,25.0767306],[121.5706662,25.0765338],[121.5709693,25.0762545],[121.5710897,25.0760872],[121.5712455,25.0758706],[121.5720899,25.0745975],[121.5721132,25.0745624]]}},{"type":"Feature","properties":{"highway":"trunk","name":"堤頂大道二段","osm_id":449379865},"geometry":{"type":"LineString","coordinates":[[121.5723517,25.0745664],[121.5722987,25.0746436]]}},{"type":"Feature","properties":{"highway":"tertiary","name":"港墘路","osm_id":449379866},"geometry":{"type":"LineString","coordinates":[[121.5724313,25.0746015],[121.5725022,25.0746272],[121.5736362,25.0750602],[121.5739718,25.0752045],[121.5741922,25.0753405],[121.5743996,25.0755209],[121.5745286,25.075671],[121.5746238,25.0757962],[121.5749056,25.0762603],[121.5749502,25.0763337]]}},{"type":"Feature","properties":{"highway":"trunk","name":"堤頂大道二段","osm_id":449379867},"geometry":{"type":"LineString","coordinates":[[121.564282,25.0788551],[121.5641677,25.0789335],[121.5641484,25.0789462],[121.5640331,25.079041],[121.5637005,25.0793641],[121.5633893,25.0797212],[121.563,25.0801477],[121.5628902,25.0802751],[121.5628583,25.0803112]]}},{"type":"Feature","properties":{"highway":"tertiary","name":"基湖路","osm_id":449379868},"geometry":{"type":"LineString","coordinates":[[121.5643453,25.0789257],[121.564282,25.0788551]]}},{"type":"Feature","properties":{"highway":"tertiary","name":"堤頂大道二段","osm_id":449379869},"geometry":{"type":"LineString","coordinates":[[121.5641794,25.078735],[121.5642496,25.078694],[121.5644557,25.0785935],[121.5646258,25.0785162],[121.5649692,25.0783753],[121.5664208,25.0779268],[121.5671247,25.0777292],[121.5675146,25.0776198],[121.5679203,25.0775002],[121.5683273,25.077377],[121.5684867,25.0773287]]}},{"type":"Feature","properties":{"highway":"trunk","name":"堤頂大道二段","osm_id":449379870},"geometry":{"type":"LineString","coordinates":[[121.5642409,25.0788089],[121.5643122,25.0787684],[121.5644993,25.0786603],[121.5647177,25.0785387],[121.5650664,25.0784099],[121.5664771,25.0779875],[121.5675332,25.0777002],[121.5683628,25.0774506],[121.568611,25.0773759]]}},{"type":"Feature","properties":{"highway":"tertiary","name":"樂群二路","osm_id":449379874},"geometry":{"type":"LineString","coordinates":[[121.5625271,25.0804827],[121.5624378,25.0804343],[121.5624066,25.0804174],[121.5623521,25.0803879],[121.5618989,25.0801363],[121.5618262,25.0800932],[121.56174,25.0800468],[121.5615492,25.0799722],[121.5614952,25.0799607],[121.5612305,25.0799505],[121.560871,25.0799472],[121.5603127,25.0799492],[121.5602114,25.0799511],[121.5601465,25.0799508],[121.5597083,25.0799553],[121.5596475,25.0799557],[121.5595896,25.0799555],[121.5586293,25.0799624],[121.5585081,25.0799633]]}},{"type":"Feature","properties":{"highway":"tertiary","name":"敬業三路","osm_id":449395536},"geometry":{"type":"LineString","coordinates":[[121.5563696,25.0799107],[121.5563735,25.0799882]]}},{"type":"Feature","properties":{"highway":"tertiary","name":"敬業三路","osm_id":449395537},"geometry":{"type":"LineString","coordinates":[[121.5562839,25.0799882],[121.5562789,25.0799117]]}},{"type":"Feature","properties":{"highway":"tertiary","name":"樂群二路","osm_id":449395543},"geometry":{"type":"LineString","coordinates":[[121.5585081,25.0799633],[121.5584184,25.0799646],[121.5575277,25.0799777]]}},{"type":"Feature","properties":{"highway":"tertiary","name":"樂群二路","osm_id":449395544},"geometry":{"type":"LineString","coordinates":[[121.5563735,25.0799882],[121.5562839,25.0799882]]}},{"type":"Feature","properties":{"highway":"tertiary","name":"樂群二路","osm_id":449395545},"geometry":{"type":"LineString","coordinates":[[121.5628783,25.0804242],[121.5626784,25.0805531],[121.5625941,25.0805193],[121.5625271,25.0804827]]}},{"type":"Feature","properties":{"highway":"tertiary","name":"樂群二路","osm_id":449395546},"geometry":{"type":"LineString","coordinates":[[121.5562839,25.0799882],[121.5561837,25.0799881],[121.5544728,25.0800109],[121.5543909,25.0800119]]}},{"type":"Feature","properties":{"highway":"tertiary","name":"樂群二路","osm_id":449395547},"geometry":{"type":"LineString","coordinates":[[121.5543909,25.0800119],[121.5542985,25.0800106],[121.5533304,25.0800216],[121.5532193,25.0800229],[121.5531135,25.0800231],[121.5522768,25.0800246],[121.5522689,25.0800218],[121.552168,25.0799861]]}},{"type":"Feature","properties":{"highway":"tertiary","name":"港墘路","osm_id":449395548},"geometry":{"type":"LineString","coordinates":[[121.5722055,25.0746013],[121.5721132,25.0745624]]}},{"type":"Feature","properties":{"highway":"secondary","name":"敦化北路","osm_id":450750322},"geometry":{"type":"LineString","coordinates":[[121.5529105,25.0632618],[121.5524532,25.0632495],[121.5519427,25.0632413]]}},{"type":"Feature","properties":{"highway":"primary","name":"民權西路","osm_id":450750323},"geometry":{"type":"LineString","coordinates":[[121.5225195,25.0627012],[121.5226448,25.0626975]]}},{"type":"Feature","properties":{"highway":"primary","name":"中山北路二段","osm_id":450750325},"geometry":{"type":"LineString","coordinates":[[121.5224881,25.0628436],[121.5225195,25.0627012]]}},{"type":"Feature","properties":{"highway":"tertiary_link","name":"市民大道五段","osm_id":453793967},"geometry":{"type":"LineString","coordinates":[[121.557824,25.0450423],[121.5578922,25.0450686],[121.5585265,25.0452858],[121.5589219,25.0454936]]}},{"type":"Feature","properties":{"highway":"secondary","name":"松江路","osm_id":454315060},"geometry":{"type":"LineString","coordinates":[[121.5335913,25.0699763],[121.5336146,25.0703321],[121.5336313,25.0708099],[121.533655,25.0710425],[121.5337216,25.0712181],[121.5338125,25.0713866]]}},{"type":"Feature","properties":{"highway":"secondary","name":"南京東路五段","osm_id":454329104},"geometry":{"type":"LineString","coordinates":[[121.5673432,25.0514127],[121.5672815,25.0514153],[121.566283,25.0514313],[121.566248,25.0514319],[121.5662169,25.0514324],[121.5661576,25.051433],[121.5660667,25.0514312],[121.5656853,25.0514442],[121.5656601,25.0514451],[121.5656297,25.0514461],[121.5653899,25.0514492]]}},{"type":"Feature","properties":{"highway":"secondary","name":"南京東路五段","osm_id":454931327},"geometry":{"type":"LineString","coordinates":[[121.5653946,25.051314],[121.5656273,25.0513095],[121.5659649,25.0512958],[121.5659996,25.0512944],[121.5660666,25.0512917],[121.5661553,25.0512901]]}},{"type":"Feature","properties":{"highway":"tertiary","name":"林森北路","osm_id":455875846},"geometry":{"type":"LineString","coordinates":[[121.5254241,25.053892],[121.5253992,25.053839],[121.5253843,25.0538109],[121.5253619,25.0523653],[121.5253598,25.0522958],[121.5253519,25.052194],[121.525333,25.0520455]]}},{"type":"Feature","properties":{"highway":"secondary","name":"北安路","osm_id":461206603},"geometry":{"type":"LineString","coordinates":[[121.5563066,25.0847342],[121.5562376,25.0847515],[121.556189,25.0847633],[121.5560148,25.0848162]]}},{"type":"Feature","properties":{"highway":"secondary","name":"北安路","osm_id":461206604},"geometry":{"type":"LineString","coordinates":[[121.5560148,25.0848162],[121.5552464,25.0850414],[121.5551195,25.0850788]]}},{"type":"Feature","properties":{"highway":"secondary","name":"北安路","osm_id":461206605},"geometry":{"type":"LineString","coordinates":[[121.5550671,25.0849307],[121.5553316,25.0848487]]}},{"type":"Feature","properties":{"highway":"primary","name":"中山北路二段","osm_id":468047661},"geometry":{"type":"LineString","coordinates":[[121.5226532,25.0521782],[121.5226704,25.0523033]]}},{"type":"Feature","properties":{"highway":"tertiary","name":"長春路","osm_id":468047663},"geometry":{"type":"LineString","coordinates":[[121.5228193,25.0549798],[121.5227063,25.0549909]]}},{"type":"Feature","properties":{"highway":"secondary","name":"南京東路三段","osm_id":472093921},"geometry":{"type":"LineString","coordinates":[[121.5485589,25.0518221],[121.5475527,25.0518463],[121.5468166,25.0518616],[121.5467934,25.0518621],[121.5467076,25.0518639]]}},{"type":"Feature","properties":{"highway":"tertiary","name":"渭水路","osm_id":484988951},"geometry":{"type":"LineString","coordinates":[[121.5350631,25.0456884],[121.5353295,25.0456234],[121.5353708,25.0455898],[121.5354423,25.0455134]]}},{"type":"Feature","properties":{"highway":"tertiary","name":"渭水路","osm_id":484988952},"geometry":{"type":"LineString","coordinates":[[121.5356246,25.0456344],[121.5354932,25.0456941],[121.5352551,25.0456963],[121.5350631,25.0456884]]}},{"type":"Feature","properties":{"highway":"primary","name":"福林路","osm_id":496469073},"geometry":{"type":"LineString","coordinates":[[121.5357394,25.0988577],[121.5352219,25.0985131],[121.5350501,25.0984034],[121.5346082,25.0981032],[121.5345841,25.0980867],[121.5343942,25.0979632],[121.5343071,25.0979085],[121.533821,25.0975895],[121.5329057,25.0969965],[121.532359,25.0966424],[121.5321186,25.0965878]]}},{"type":"Feature","properties":{"highway":"secondary","name":"舊宗路二段","osm_id":501772317},"geometry":{"type":"LineString","coordinates":[[121.5747494,25.0674909],[121.5747538,25.0675815],[121.5747942,25.0688337],[121.5748019,25.069064],[121.574807,25.0691803]]}},{"type":"Feature","properties":{"highway":"tertiary","name":"民生東路五段","osm_id":501772319},"geometry":{"type":"LineString","coordinates":[[121.5683728,25.0592432],[121.5684532,25.0592524]]}},{"type":"Feature","properties":{"highway":"secondary","name":"復興北路","osm_id":501772322},"geometry":{"type":"LineString","coordinates":[[121.5442272,25.0576879],[121.5442343,25.057849]]}},{"type":"Feature","properties":{"highway":"tertiary","name":"民生東路三段","osm_id":501772323},"geometry":{"type":"LineString","coordinates":[[121.5442343,25.057849],[121.5440851,25.0578549]]}},{"type":"Feature","properties":{"highway":"tertiary","name":"堤頂大道二段","osm_id":501774054},"geometry":{"type":"LineString","coordinates":[[121.5721132,25.0745624],[121.572162,25.07448]]}},{"type":"Feature","properties":{"highway":"secondary","name":"故宮路","osm_id":504124890},"geometry":{"type":"LineString","coordinates":[[121.5467351,25.09761],[121.547098,25.0967685],[121.547116,25.0967251],[121.5471937,25.0965726],[121.5472472,25.0964916],[121.5473217,25.0963958],[121.5473548,25.0963644],[121.5473995,25.0963249],[121.5474613,25.0962691],[121.5476026,25.0961774],[121.5477542,25.0961042],[121.5479832,25.0960145],[121.548123,25.0959439],[121.5482354,25.0958486],[121.5483195,25.0957483],[121.548372,25.0956546],[121.5484217,25.0955158],[121.5484537,25.0953258]]}},{"type":"Feature","properties":{"highway":"secondary","name":"民權東路三段","osm_id":506316028},"geometry":{"type":"LineString","coordinates":[[121.5443199,25.0620944],[121.5445033,25.0620632],[121.54458,25.0620494],[121.544743,25.0620348],[121.5449184,25.0620289],[121.5464471,25.0620074],[121.5465123,25.0620065],[121.546587,25.0620055],[121.5466574,25.0620045]]}},{"type":"Feature","properties":{"highway":"secondary","name":"復興北路","osm_id":506316029},"geometry":{"type":"LineString","coordinates":[[121.5443199,25.0620944],[121.5443125,25.0622755]]}},{"type":"Feature","properties":{"highway":"secondary","name":"復興北路","osm_id":506316030},"geometry":{"type":"LineString","coordinates":[[121.54417,25.054569],[121.544171,25.054628],[121.5441793,25.0550788],[121.5441941,25.0559012],[121.5441946,25.0559265],[121.5441955,25.0559776],[121.5441978,25.0560844],[121.5441997,25.0562098],[121.5442156,25.057056],[121.5442239,25.0575079],[121.5442272,25.0576879]]}},{"type":"Feature","properties":{"highway":"tertiary","name":"長春路","osm_id":506316031},"geometry":{"type":"LineString","coordinates":[[121.54417,25.054569],[121.5440263,25.0545731]]}},{"type":"Feature","properties":{"highway":"secondary","name":"復興北路","osm_id":506316032},"geometry":{"type":"LineString","coordinates":[[121.5440041,25.0533108],[121.5439761,25.0523879]]}},{"type":"Feature","properties":{"highway":"secondary","name":"復興北路","osm_id":506316033},"geometry":{"type":"LineString","coordinates":[[121.5441473,25.053308],[121.544167,25.0544059],[121.54417,25.054569]]}},{"type":"Feature","properties":{"highway":"secondary","name":"復興北路","osm_id":506316034},"geometry":{"type":"LineString","coordinates":[[121.5439679,25.0519303],[121.5439733,25.0517728]]}},{"type":"Feature","properties":{"highway":"secondary","name":"復興北路","osm_id":506316035},"geometry":{"type":"LineString","coordinates":[[121.5439733,25.0517728],[121.5439695,25.0516795],[121.543945,25.0507026],[121.5439392,25.0504848],[121.5439335,25.0502669],[121.5439318,25.0502046],[121.5439306,25.0501565],[121.5439242,25.0499167],[121.5439031,25.0491193],[121.5439022,25.0490858],[121.5438833,25.0483682],[121.5438797,25.0482567]]}},{"type":"Feature","properties":{"highway":"secondary","name":"南京東路三段","osm_id":506316036},"geometry":{"type":"LineString","coordinates":[[121.5439733,25.0517728],[121.5441158,25.0517699]]}},{"type":"Feature","properties":{"highway":"secondary","name":"南京東路三段","osm_id":506316037},"geometry":{"type":"LineString","coordinates":[[121.5443112,25.0517628],[121.5447357,25.051754],[121.5454972,25.0517383],[121.5457056,25.0517406]]}},{"type":"Feature","properties":{"highway":"secondary","name":"復興北路","osm_id":506316038},"geometry":{"type":"LineString","coordinates":[[121.5441158,25.0517699],[121.544138,25.0519283]]}},{"type":"Feature","properties":{"highway":"secondary","name":"復興北路","osm_id":506316039},"geometry":{"type":"LineString","coordinates":[[121.544138,25.0519283],[121.5441381,25.0520148],[121.5441424,25.0526243]]}},{"type":"Feature","properties":{"highway":"secondary","name":"南京東路三段","osm_id":506316040},"geometry":{"type":"LineString","coordinates":[[121.544138,25.0519283],[121.5439679,25.0519303]]}},{"type":"Feature","properties":{"highway":"secondary","name":"復興南路一段","osm_id":506316041},"geometry":{"type":"LineString","coordinates":[[121.5437875,25.0447395],[121.5437839,25.0446452],[121.5437763,25.0443148],[121.5437634,25.0437567],[121.5437442,25.0431387],[121.5437429,25.0430968],[121.5437347,25.0427933],[121.543721,25.0422993],[121.5437125,25.0418448],[121.5437139,25.0416931]]}},{"type":"Feature","properties":{"highway":"tertiary","name":"市民大道三段","osm_id":506316042},"geometry":{"type":"LineString","coordinates":[[121.5437875,25.0447395],[121.5439352,25.0447557]]}},{"type":"Feature","properties":{"highway":"primary","name":"忠孝東路四段","osm_id":506316043},"geometry":{"type":"LineString","coordinates":[[121.5438394,25.0416839],[121.5437139,25.0416931]]}},{"type":"Feature","properties":{"highway":"primary","name":"忠孝東路一段","osm_id":506322836},"geometry":{"type":"LineString","coordinates":[[121.5216503,25.0452937],[121.5215783,25.0453094],[121.5215159,25.0453238],[121.5213324,25.0453691],[121.520623,25.0455444],[121.520094,25.0456727],[121.5199958,25.0456941],[121.5199058,25.0457116],[121.5197858,25.0457359]]}},{"type":"Feature","properties":{"highway":"primary","name":"忠孝東路一段","osm_id":506322837},"geometry":{"type":"LineString","coordinates":[[121.5233641,25.0448699],[121.523211,25.0449069],[121.5228237,25.0450049],[121.5224898,25.0450869],[121.5218053,25.0452551],[121.5217398,25.0452713],[121.5216503,25.0452937]]}},{"type":"Feature","properties":{"highway":"primary","name":"忠孝東路二段","osm_id":506322840},"geometry":{"type":"LineString","coordinates":[[121.5297829,25.0432221],[121.5296862,25.0432467],[121.529393,25.0433263],[121.5290033,25.0434305]]}},{"type":"Feature","properties":{"highway":"tertiary","name":"金山南路一段","osm_id":506322841},"geometry":{"type":"LineString","coordinates":[[121.5297829,25.0432221],[121.5297445,25.0431016],[121.5297193,25.0430118],[121.5296218,25.0426694],[121.5295326,25.0423669],[121.5293888,25.041829],[121.5292614,25.0413907],[121.5291742,25.0410313]]}},{"type":"Feature","properties":{"highway":"primary","name":"忠孝東路二段","osm_id":506322842},"geometry":{"type":"LineString","coordinates":[[121.5299523,25.0430502],[121.5300491,25.0430242],[121.5306186,25.0428672],[121.5307233,25.0428366]]}},{"type":"Feature","properties":{"highway":"tertiary","name":"金山南路一段","osm_id":506322843},"geometry":{"type":"LineString","coordinates":[[121.5299523,25.0430502],[121.5299832,25.0431658]]}},{"type":"Feature","properties":{"highway":"tertiary","name":"金山南路一段","osm_id":506322844},"geometry":{"type":"LineString","coordinates":[[121.5299832,25.0431658],[121.5300141,25.0432579],[121.5301006,25.0435143],[121.5301119,25.0435477],[121.5301252,25.0435852],[121.530165,25.0437086]]}},{"type":"Feature","properties":{"highway":"primary","name":"忠孝東路二段","osm_id":506322845},"geometry":{"type":"LineString","coordinates":[[121.5299832,25.0431658],[121.5298311,25.0432085],[121.5297829,25.0432221]]}},{"type":"Feature","properties":{"highway":"primary","name":"忠孝東路二段","osm_id":506322846},"geometry":{"type":"LineString","coordinates":[[121.5307233,25.0428366],[121.5308455,25.0428003],[121.5311667,25.0427105],[121.5321009,25.0424414],[121.5323462,25.042376],[121.532434,25.0423526],[121.5325479,25.0423222],[121.5326264,25.0423013],[121.5327726,25.0422648]]}},{"type":"Feature","properties":{"highway":"primary","name":"忠孝東路二段","osm_id":506322848},"geometry":{"type":"LineString","coordinates":[[121.5307596,25.0429529],[121.5306559,25.0429801],[121.5301929,25.0431093],[121.530085,25.0431395],[121.5299832,25.0431658]]}},{"type":"Feature","properties":{"highway":"secondary","name":"新生南路一段","osm_id":506322850},"geometry":{"type":"LineString","coordinates":[[121.5327802,25.0424169],[121.5327726,25.0422648]]}},{"type":"Feature","properties":{"highway":"primary","name":"忠孝東路三段","osm_id":506322851},"geometry":{"type":"LineString","coordinates":[[121.5329138,25.0422422],[121.53314,25.0422061],[121.5336552,25.0421321],[121.5342061,25.0420517],[121.5347012,25.0419781],[121.5353251,25.0418932]]}},{"type":"Feature","properties":{"highway":"secondary","name":"新生南路一段","osm_id":506322852},"geometry":{"type":"LineString","coordinates":[[121.5329138,25.0422422],[121.5329177,25.0423891]]}},{"type":"Feature","properties":{"highway":"primary","name":"忠孝東路三段","osm_id":506322853},"geometry":{"type":"LineString","coordinates":[[121.5353251,25.0418932],[121.5354526,25.0418752],[121.5357234,25.041835],[121.5366055,25.0417036],[121.5368542,25.0416674]]}},{"type":"Feature","properties":{"highway":"primary","name":"忠孝東路三段","osm_id":506322854},"geometry":{"type":"LineString","coordinates":[[121.5353426,25.0420268],[121.5339535,25.0422308],[121.5332423,25.0423345],[121.5332073,25.0423396],[121.5331684,25.0423463],[121.5329177,25.0423891]]}},{"type":"Feature","properties":{"highway":"primary","name":"忠孝東路三段","osm_id":506322856},"geometry":{"type":"LineString","coordinates":[[121.5373088,25.0416279],[121.5374029,25.0416224]]}},{"type":"Feature","properties":{"highway":"tertiary","name":"建國南路一段","osm_id":506322857},"geometry":{"type":"LineString","coordinates":[[121.5372719,25.0406761],[121.5373141,25.0405686],[121.5373185,25.0405548],[121.5374321,25.0401993],[121.5374424,25.0401529],[121.5374869,25.03984],[121.5374971,25.0397684]]}},{"type":"Feature","properties":{"highway":"primary","name":"忠孝東路三段","osm_id":506322858},"geometry":{"type":"LineString","coordinates":[[121.5368542,25.0416674],[121.5369629,25.0416553]]}},{"type":"Feature","properties":{"highway":"primary","name":"忠孝東路四段","osm_id":506322859},"geometry":{"type":"LineString","coordinates":[[121.5461208,25.0415216],[121.5462547,25.0415166],[121.5463481,25.041514],[121.5471396,25.0414998],[121.5472106,25.0414992]]}},{"type":"Feature","properties":{"highway":"tertiary","name":"大安路一段","osm_id":506322860},"geometry":{"type":"LineString","coordinates":[[121.5461208,25.0415216],[121.5461604,25.0416532],[121.5461709,25.0417393],[121.5461736,25.0419436],[121.5461593,25.0421892],[121.5461668,25.042561],[121.5461689,25.0426623],[121.5461697,25.0426931],[121.5461802,25.0431009],[121.5461909,25.0435869],[121.5461976,25.0440097],[121.5462084,25.0442576],[121.5462144,25.0443785],[121.5462164,25.0444496],[121.5462215,25.0449204],[121.5462252,25.045]]}},{"type":"Feature","properties":{"highway":"primary","name":"忠孝東路四段","osm_id":506322861},"geometry":{"type":"LineString","coordinates":[[121.5472095,25.0416319],[121.5471402,25.0416326],[121.5466372,25.0416426],[121.5462584,25.0416518],[121.5461604,25.0416532],[121.5460265,25.041655],[121.5452562,25.0416689],[121.5444525,25.04167],[121.5439715,25.0416782],[121.5438394,25.0416839]]}},{"type":"Feature","properties":{"highway":"secondary","name":"敦化南路一段","osm_id":506322865},"geometry":{"type":"LineString","coordinates":[[121.549113,25.0415884],[121.5491143,25.0417191],[121.5491147,25.0417663],[121.5491293,25.0420936],[121.5491228,25.0423843],[121.5491236,25.0424382],[121.5491245,25.0425092],[121.5491257,25.0426043]]}},{"type":"Feature","properties":{"highway":"primary","name":"忠孝東路四段","osm_id":506322866},"geometry":{"type":"LineString","coordinates":[[121.549113,25.0415884],[121.548901,25.0415955]]}},{"type":"Feature","properties":{"highway":"primary","name":"忠孝東路四段","osm_id":506322868},"geometry":{"type":"LineString","coordinates":[[121.548901,25.0415955],[121.5488758,25.0415958]]}},{"type":"Feature","properties":{"highway":"secondary","name":"敦化南路一段","osm_id":506322869},"geometry":{"type":"LineString","coordinates":[[121.5488759,25.0414575],[121.5488744,25.0413291],[121.5488737,25.0412621],[121.5488643,25.0404279],[121.5488483,25.0390073],[121.5488456,25.0388446],[121.5488448,25.0387952]]}},{"type":"Feature","properties":{"highway":"secondary","name":"敦化南路一段","osm_id":506322871},"geometry":{"type":"LineString","coordinates":[[121.5486159,25.0414665],[121.5486158,25.041336],[121.5486154,25.041279],[121.5486106,25.0405461],[121.5486054,25.0397423],[121.5486002,25.0389471]]}},{"type":"Feature","properties":{"highway":"primary","name":"忠孝東路四段","osm_id":506322872},"geometry":{"type":"LineString","coordinates":[[121.5486159,25.0414665],[121.5488759,25.0414575]]}},{"type":"Feature","properties":{"highway":"primary","name":"忠孝東路四段","osm_id":506339431},"geometry":{"type":"LineString","coordinates":[[121.5529787,25.0415189],[121.5528975,25.0415203],[121.5519005,25.0415265],[121.5507791,25.0415463],[121.5507021,25.0415464],[121.5496405,25.041576],[121.5493418,25.0415863],[121.5493252,25.0415869],[121.5492846,25.0415869],[121.5492354,25.041587],[121.549113,25.0415884]]}},{"type":"Feature","properties":{"highway":"primary","name":"忠孝東路四段","osm_id":506339435},"geometry":{"type":"LineString","coordinates":[[121.5544785,25.04148],[121.5544117,25.0414817],[121.5540166,25.041492],[121.5530889,25.041516],[121.5529787,25.0415189]]}},{"type":"Feature","properties":{"highway":"tertiary","name":"延吉街","osm_id":506339439},"geometry":{"type":"LineString","coordinates":[[121.5544785,25.04148],[121.554501,25.0413414],[121.5545209,25.0412488],[121.5546511,25.0407641],[121.5547764,25.0402979],[121.5549022,25.0398294],[121.5550249,25.0393724],[121.5551528,25.0389199],[121.5551986,25.0387259],[121.5552684,25.0384359]]}},{"type":"Feature","properties":{"highway":"secondary","name":"光復南路","osm_id":506339442},"geometry":{"type":"LineString","coordinates":[[121.5577437,25.0414128],[121.5577478,25.0415313],[121.5577633,25.0420403],[121.5578808,25.0421465],[121.557883,25.0426289],[121.5578884,25.0435203],[121.5578921,25.0436875],[121.5577942,25.0437598],[121.5578165,25.0444059],[121.5578288,25.0448927],[121.557825,25.0449939]]}},{"type":"Feature","properties":{"highway":"primary","name":"忠孝東路四段","osm_id":506339446},"geometry":{"type":"LineString","coordinates":[[121.5577437,25.0414128],[121.5576181,25.0414157]]}},{"type":"Feature","properties":{"highway":"secondary","name":"基隆路一段","osm_id":506339449},"geometry":{"type":"LineString","coordinates":[[121.5646488,25.0412047],[121.5647414,25.0413502],[121.5648564,25.041542],[121.5649666,25.0417182],[121.5654947,25.04265]]}},{"type":"Feature","properties":{"highway":"secondary","name":"南京西路","osm_id":506351786},"geometry":{"type":"LineString","coordinates":[[121.5204547,25.0525756],[121.5206155,25.0525456],[121.52145,25.0523895],[121.521517,25.0523769],[121.5222732,25.0522362],[121.5224421,25.0522047]]}},{"type":"Feature","properties":{"highway":"primary","name":"中山北路二段","osm_id":506351807},"geometry":{"type":"LineString","coordinates":[[121.5226704,25.0523033],[121.5226879,25.052469],[121.5226971,25.0528001],[121.52272,25.0532091],[121.522765,25.0540088],[121.5227922,25.0544767],[121.522813,25.0548821],[121.5228193,25.0549798]]}},{"type":"Feature","properties":{"highway":"secondary","name":"南京東路一段","osm_id":506351814},"geometry":{"type":"LineString","coordinates":[[121.5226704,25.0523033],[121.5225637,25.0523102]]}},{"type":"Feature","properties":{"highway":"secondary","name":"南京西路","osm_id":506351821},"geometry":{"type":"LineString","coordinates":[[121.5224421,25.0522047],[121.5225358,25.052193]]}},{"type":"Feature","properties":{"highway":"primary","name":"中山北路二段","osm_id":506351826},"geometry":{"type":"LineString","coordinates":[[121.5225637,25.0523102],[121.5225729,25.0524601],[121.5227007,25.0548859],[121.5227063,25.0549909]]}},{"type":"Feature","properties":{"highway":"secondary","name":"南京東路一段","osm_id":506351837},"geometry":{"type":"LineString","coordinates":[[121.5225358,25.052193],[121.5226532,25.0521782]]}},{"type":"Feature","properties":{"highway":"tertiary","name":"林森北路","osm_id":506351842},"geometry":{"type":"LineString","coordinates":[[121.5254102,25.0520419],[121.5254237,25.0521906]]}},{"type":"Feature","properties":{"highway":"tertiary","name":"林森北路","osm_id":506351847},"geometry":{"type":"LineString","coordinates":[[121.5254237,25.0521906],[121.5254326,25.0522916],[121.5254331,25.0523578]]}},{"type":"Feature","properties":{"highway":"secondary","name":"南京東路一段","osm_id":506351852},"geometry":{"type":"LineString","coordinates":[[121.5254237,25.0521906],[121.5253519,25.052194],[121.5252199,25.0521992],[121.5244758,25.0522313],[121.5236533,25.0522685]]}},{"type":"Feature","properties":{"highway":"secondary","name":"南京東路一段","osm_id":506351857},"geometry":{"type":"LineString","coordinates":[[121.525333,25.0520455],[121.5254102,25.0520419]]}},{"type":"Feature","properties":{"highway":"secondary","name":"南京東路二段","osm_id":506351863},"geometry":{"type":"LineString","coordinates":[[121.5278844,25.0520124],[121.5280109,25.0520105],[121.5288546,25.0519978],[121.5289762,25.051996],[121.5290186,25.0519953]]}},{"type":"Feature","properties":{"highway":"tertiary","name":"新生北路二段","osm_id":506351870},"geometry":{"type":"LineString","coordinates":[[121.5275269,25.0521624],[121.5275582,25.0520173]]}},{"type":"Feature","properties":{"highway":"tertiary","name":"新生北路二段","osm_id":506351875},"geometry":{"type":"LineString","coordinates":[[121.5278565,25.052159],[121.5278431,25.0522565],[121.5278147,25.0524476],[121.5277876,25.0526287],[121.5277333,25.0530685],[121.5277184,25.0532185],[121.5277083,25.0534007],[121.5277054,25.0537201],[121.5277079,25.0540384],[121.5277034,25.0542261],[121.5276995,25.0543914],[121.5277119,25.0549023],[121.5277109,25.0549803],[121.5277036,25.0553325],[121.527717,25.0554045],[121.5277332,25.0559455],[121.5277408,25.0561995],[121.5277532,25.0568595],[121.5277691,25.0574425],[121.5277703,25.0575023],[121.5277774,25.0578239],[121.5277791,25.0578993],[121.5277826,25.058019],[121.5277846,25.0581362],[121.527785,25.0582482],[121.5277858,25.0585188],[121.5277896,25.0589769],[121.5277906,25.0593369],[121.5277907,25.0593702],[121.5278024,25.0598246],[121.5278082,25.0601767]]}},{"type":"Feature","properties":{"highway":"secondary","name":"南京東路二段","osm_id":506351882},"geometry":{"type":"LineString","coordinates":[[121.5278565,25.052159],[121.5275269,25.0521624]]}},{"type":"Feature","properties":{"highway":"secondary","name":"南京東路二段","osm_id":506359599},"geometry":{"type":"LineString","coordinates":[[121.5300892,25.0519806],[121.5302207,25.0519798],[121.5314154,25.051973],[121.5315061,25.0519725]]}},{"type":"Feature","properties":{"highway":"tertiary","name":"吉林路","osm_id":506359600},"geometry":{"type":"LineString","coordinates":[[121.5300892,25.0519806],[121.5300875,25.0518808],[121.5300777,25.0514483],[121.5300682,25.0510309]]}},{"type":"Feature","properties":{"highway":"secondary","name":"南京東路二段","osm_id":506359602},"geometry":{"type":"LineString","coordinates":[[121.5315061,25.0519725],[121.5315966,25.0519581],[121.5328059,25.051948],[121.5329341,25.0519475]]}},{"type":"Feature","properties":{"highway":"secondary","name":"南京東路二段","osm_id":506359605},"geometry":{"type":"LineString","coordinates":[[121.5313214,25.0521262],[121.5312298,25.0521423],[121.5302215,25.0521496],[121.5300934,25.0521362]]}},{"type":"Feature","properties":{"highway":"secondary","name":"松江路","osm_id":506359611},"geometry":{"type":"LineString","coordinates":[[121.533078,25.0521158],[121.5330815,25.0522276],[121.5330969,25.0529217],[121.5331148,25.0534692],[121.5331169,25.0535318],[121.5331183,25.0535753],[121.5331201,25.0536415],[121.5331228,25.0538624]]}},{"type":"Feature","properties":{"highway":"secondary","name":"南京東路二段","osm_id":506359614},"geometry":{"type":"LineString","coordinates":[[121.533078,25.0521158],[121.5329341,25.0521165]]}},{"type":"Feature","properties":{"highway":"secondary","name":"南京東路二段","osm_id":506359617},"geometry":{"type":"LineString","coordinates":[[121.535439,25.051942],[121.5355386,25.0519256],[121.5355911,25.0519248],[121.5360351,25.0519181],[121.536395,25.0519127],[121.5365369,25.0519348]]}},{"type":"Feature","properties":{"highway":"secondary","name":"南京東路二段","osm_id":506359623},"geometry":{"type":"LineString","coordinates":[[121.5343505,25.0520881],[121.5341629,25.0521077],[121.5336165,25.0521112],[121.5331965,25.052114],[121.533078,25.0521158]]}},{"type":"Feature","properties":{"highway":"secondary","name":"南京東路三段","osm_id":506359630},"geometry":{"type":"LineString","coordinates":[[121.5370241,25.0519262],[121.537189,25.0519224],[121.5375115,25.051916],[121.5384842,25.0518914],[121.5392316,25.0518793]]}},{"type":"Feature","properties":{"highway":"tertiary","name":"建國北路一段","osm_id":506359633},"geometry":{"type":"LineString","coordinates":[[121.5370241,25.0519262],[121.5370268,25.0520644]]}},{"type":"Feature","properties":{"highway":"secondary","name":"南京東路三段","osm_id":506359643},"geometry":{"type":"LineString","coordinates":[[121.5406165,25.0518417],[121.5419517,25.0518153]]}},{"type":"Feature","properties":{"highway":"tertiary","name":"龍江路","osm_id":506359646},"geometry":{"type":"LineString","coordinates":[[121.5404609,25.0518439],[121.5404584,25.0517272],[121.5404456,25.051267],[121.5404391,25.0508236],[121.5404403,25.0506396],[121.5404425,25.0504836],[121.5404313,25.0499727],[121.5404205,25.049534],[121.5404154,25.0491786],[121.5404098,25.0487941],[121.5404081,25.0484293],[121.5404047,25.0483277],[121.5404026,25.048222],[121.5403887,25.0477446],[121.540388,25.0472781],[121.5405108,25.0468466],[121.5405186,25.0468193],[121.5405466,25.0467335]]}},{"type":"Feature","properties":{"highway":"secondary","name":"南京東路四段","osm_id":506359662},"geometry":{"type":"LineString","coordinates":[[121.5535218,25.0515731],[121.5535855,25.0515582],[121.5537023,25.051554],[121.5543904,25.0515337],[121.5544225,25.0515327],[121.5544868,25.0515292],[121.5547982,25.0515258],[121.5548344,25.0515252],[121.5548794,25.0515244]]}},{"type":"Feature","properties":{"highway":"secondary","name":"南京東路四段","osm_id":506359668},"geometry":{"type":"LineString","coordinates":[[121.5510065,25.0517499],[121.5509007,25.0517715],[121.5503875,25.051799],[121.5499789,25.0518108],[121.5499276,25.0518123],[121.54985,25.0518137],[121.5494435,25.0518201],[121.5494255,25.0518204],[121.5493593,25.0518218],[121.549196,25.051814]]}},{"type":"Feature","properties":{"highway":"secondary","name":"南京東路四段","osm_id":506359672},"geometry":{"type":"LineString","coordinates":[[121.5552405,25.0515322],[121.5563881,25.0515019]]}},{"type":"Feature","properties":{"highway":"secondary","name":"南京東路四段","osm_id":506359676},"geometry":{"type":"LineString","coordinates":[[121.5551163,25.05169],[121.554884,25.0516952],[121.5537114,25.0517142],[121.5529829,25.0517297],[121.5529446,25.0517304],[121.5528562,25.0517322],[121.5526396,25.0517288]]}},{"type":"Feature","properties":{"highway":"secondary","name":"南京東路四段","osm_id":506359679},"geometry":{"type":"LineString","coordinates":[[121.5567376,25.0516524],[121.5566273,25.0516671],[121.5565209,25.0516687],[121.5564683,25.051671],[121.5563977,25.0516715],[121.5562399,25.051674],[121.5553325,25.0516967],[121.555301,25.0516975],[121.5552432,25.0516989],[121.5551163,25.05169]]}},{"type":"Feature","properties":{"highway":"secondary","name":"南京東路五段","osm_id":506389476},"geometry":{"type":"LineString","coordinates":[[121.5609347,25.0514164],[121.5625929,25.0513823],[121.5635401,25.0513628],[121.5635863,25.0513618],[121.5636614,25.0513603],[121.5638012,25.0513574]]}},{"type":"Feature","properties":{"highway":"secondary","name":"南京東路五段","osm_id":506389480},"geometry":{"type":"LineString","coordinates":[[121.5607823,25.051554],[121.5606459,25.0515563],[121.5594011,25.0515824],[121.5593607,25.0515832],[121.5592898,25.0515847],[121.5591879,25.0515884],[121.5587814,25.0515986]]}},{"type":"Feature","properties":{"highway":"secondary","name":"南京東路五段","osm_id":506389484},"geometry":{"type":"LineString","coordinates":[[121.5661553,25.0512901],[121.5662155,25.0512884],[121.5672643,25.0512718],[121.5673626,25.0512703]]}},{"type":"Feature","properties":{"highway":"primary","name":"民權西路","osm_id":506596676},"geometry":{"type":"LineString","coordinates":[[121.5208322,25.0627572],[121.5209258,25.0627547],[121.5213466,25.0627434]]}},{"type":"Feature","properties":{"highway":"primary","name":"民權西路","osm_id":506596678},"geometry":{"type":"LineString","coordinates":[[121.5208315,25.0628751],[121.520724,25.0628781],[121.5200993,25.0628958]]}},{"type":"Feature","properties":{"highway":"secondary","name":"民權東路一段","osm_id":506596684},"geometry":{"type":"LineString","coordinates":[[121.5228528,25.0626913],[121.5236122,25.0626688],[121.524044,25.062656],[121.5242886,25.0626487],[121.5246746,25.0626373]]}},{"type":"Feature","properties":{"highway":"secondary","name":"民權東路一段","osm_id":506597799},"geometry":{"type":"LineString","coordinates":[[121.5256307,25.0626149],[121.5258355,25.0626099],[121.5273358,25.0625598],[121.527428,25.0625706]]}},{"type":"Feature","properties":{"highway":"tertiary","name":"林森北路","osm_id":506597800},"geometry":{"type":"LineString","coordinates":[[121.5256307,25.0626149],[121.5256296,25.0627629]]}},{"type":"Feature","properties":{"highway":"secondary","name":"民權東路一段","osm_id":506597801},"geometry":{"type":"LineString","coordinates":[[121.5256296,25.0627629],[121.5255182,25.0627665],[121.5243623,25.0627969]]}},{"type":"Feature","properties":{"highway":"tertiary","name":"新生北路三段","osm_id":506597802},"geometry":{"type":"LineString","coordinates":[[121.527573,25.0627131],[121.527548,25.0625689]]}},{"type":"Feature","properties":{"highway":"secondary","name":"民權東路二段","osm_id":506597804},"geometry":{"type":"LineString","coordinates":[[121.5278891,25.0625558],[121.5280441,25.0625511],[121.5289065,25.0625235],[121.5289948,25.0625228]]}},{"type":"Feature","properties":{"highway":"secondary","name":"民權東路二段","osm_id":506597805},"geometry":{"type":"LineString","coordinates":[[121.5293173,25.0625125],[121.5294977,25.0624986],[121.5302109,25.0624639],[121.5303375,25.0624758]]}},{"type":"Feature","properties":{"highway":"secondary","name":"民權東路二段","osm_id":506597807},"geometry":{"type":"LineString","coordinates":[[121.5290027,25.0626597],[121.5289109,25.0626649],[121.5280517,25.0626943],[121.5278757,25.0626978]]}},{"type":"Feature","properties":{"highway":"secondary","name":"民權東路二段","osm_id":506597809},"geometry":{"type":"LineString","coordinates":[[121.5357809,25.0623433],[121.5358968,25.0623255],[121.5366718,25.0623035],[121.5367986,25.0623173]]}},{"type":"Feature","properties":{"highway":"secondary","name":"民權東路二段","osm_id":506597810},"geometry":{"type":"LineString","coordinates":[[121.5343323,25.0625297],[121.5342565,25.0625468],[121.5334997,25.062569],[121.5334371,25.0625708],[121.5334027,25.0625718],[121.533282,25.062564]]}},{"type":"Feature","properties":{"highway":"secondary","name":"民權東路二段","osm_id":506597811},"geometry":{"type":"LineString","coordinates":[[121.5367986,25.0623173],[121.5370347,25.0623155]]}},{"type":"Feature","properties":{"highway":"secondary","name":"民權東路三段","osm_id":506597812},"geometry":{"type":"LineString","coordinates":[[121.5372497,25.0623138],[121.5373674,25.0623129],[121.5392478,25.0622941],[121.5397889,25.062294]]}},{"type":"Feature","properties":{"highway":"secondary","name":"民權東路三段","osm_id":506599419},"geometry":{"type":"LineString","coordinates":[[121.5408285,25.0622906],[121.5410096,25.0622893],[121.5422615,25.0622797],[121.5423164,25.062279],[121.5423651,25.0622789],[121.5424485,25.0622781]]}},{"type":"Feature","properties":{"highway":"secondary","name":"民權東路三段","osm_id":506599421},"geometry":{"type":"LineString","coordinates":[[121.5408775,25.0624384],[121.540687,25.0624397],[121.5382675,25.062456]]}},{"type":"Feature","properties":{"highway":"secondary","name":"民權東路三段","osm_id":506599423},"geometry":{"type":"LineString","coordinates":[[121.5479242,25.0619654],[121.5480376,25.0619439],[121.5495475,25.0616577]]}},{"type":"Feature","properties":{"highway":"secondary","name":"民權東路三段","osm_id":506599424},"geometry":{"type":"LineString","coordinates":[[121.5454716,25.0621666],[121.5453313,25.0621809],[121.5450025,25.0621843],[121.5448579,25.0621883],[121.5447465,25.0621955],[121.5446448,25.0622115],[121.5445635,25.0622253],[121.5445432,25.0622293],[121.5445141,25.0622339],[121.5443125,25.0622755]]}},{"type":"Feature","properties":{"highway":"secondary","name":"民權東路三段","osm_id":506599425},"geometry":{"type":"LineString","coordinates":[[121.54793,25.0621167],[121.5478357,25.0621314],[121.5469408,25.0621471],[121.5468997,25.0621476],[121.5468133,25.0621485],[121.546659,25.0621507]]}},{"type":"Feature","properties":{"highway":"secondary","name":"敦化北路","osm_id":506599427},"geometry":{"type":"LineString","coordinates":[[121.5508038,25.0614554],[121.5508806,25.0615738]]}},{"type":"Feature","properties":{"highway":"secondary","name":"民權東路四段","osm_id":506599428},"geometry":{"type":"LineString","coordinates":[[121.5508038,25.0614554],[121.5510259,25.0614588]]}},{"type":"Feature","properties":{"highway":"secondary","name":"民權東路四段","osm_id":506599429},"geometry":{"type":"LineString","coordinates":[[121.5546031,25.0618473],[121.5546995,25.0618559],[121.5558496,25.0619212],[121.5562426,25.0619453],[121.5562811,25.0619469],[121.5563528,25.0619498],[121.5564154,25.0619548],[121.5572884,25.0620061],[121.5589711,25.0622272],[121.5590215,25.0622338],[121.5591186,25.0622466],[121.5591842,25.0622555],[121.559955,25.0623588],[121.560006,25.0623657],[121.5600457,25.062371],[121.5600823,25.0623759],[121.5601779,25.0623887],[121.56025,25.0624001],[121.5628164,25.0627407],[121.5628754,25.0627485],[121.5629533,25.0627588],[121.5630354,25.0627682],[121.5631173,25.0627779]]}},{"type":"Feature","properties":{"highway":"tertiary","name":"光復北路","osm_id":506599430},"geometry":{"type":"LineString","coordinates":[[121.5546031,25.0618473],[121.5546167,25.0617584]]}},{"type":"Feature","properties":{"highway":"trunk","name":"堤頂大道一段","osm_id":506599431},"geometry":{"type":"LineString","coordinates":[[121.5724177,25.0651155],[121.5723519,25.0659116],[121.572345,25.0661864],[121.5723411,25.0663392],[121.5723626,25.0666697],[121.5723818,25.0667593],[121.5724308,25.0669883],[121.5725002,25.0672139],[121.5726132,25.0675812],[121.5730745,25.0688445],[121.5731818,25.0692138],[121.5732355,25.0694956],[121.5732676,25.0698048],[121.5732672,25.0698708],[121.5732617,25.0708169]]}},{"type":"Feature","properties":{"highway":"secondary","name":"民權東路六段","osm_id":506599432},"geometry":{"type":"LineString","coordinates":[[121.5724177,25.0651155],[121.5722318,25.0650619]]}},{"type":"Feature","properties":{"highway":"secondary","name":"中山北路五段","osm_id":515126266},"geometry":{"type":"LineString","coordinates":[[121.5279656,25.0957336],[121.5279433,25.0958205]]}},{"type":"Feature","properties":{"highway":"secondary","name":"中正路","osm_id":515126267},"geometry":{"type":"LineString","coordinates":[[121.5279656,25.0957336],[121.5280537,25.0957486]]}},{"type":"Feature","properties":{"highway":"secondary","name":"中山北路五段","osm_id":515126268},"geometry":{"type":"LineString","coordinates":[[121.5280311,25.0958385],[121.5280051,25.0959367],[121.5279511,25.0961237],[121.527829,25.0965332],[121.5276602,25.0971353],[121.5275274,25.0976222],[121.5275031,25.0977257]]}},{"type":"Feature","properties":{"highway":"secondary","name":"中正路","osm_id":515126269},"geometry":{"type":"LineString","coordinates":[[121.5280311,25.0958385],[121.5279433,25.0958205]]}},{"type":"Feature","properties":{"highway":"secondary","name":"中正路","osm_id":515126270},"geometry":{"type":"LineString","coordinates":[[121.5279433,25.0958205],[121.5278874,25.0958096]]}},{"type":"Feature","properties":{"highway":"secondary","name":"中山北路五段","osm_id":515126271},"geometry":{"type":"LineString","coordinates":[[121.5279112,25.0957222],[121.5279378,25.0956247],[121.5280482,25.0952175],[121.5280986,25.0949668],[121.5281178,25.0947335],[121.5281066,25.0944958],[121.5281018,25.0943871],[121.5280906,25.0942843],[121.5280102,25.0937884],[121.528006,25.093765]]}},{"type":"Feature","properties":{"highway":"secondary","name":"中正路","osm_id":515126272},"geometry":{"type":"LineString","coordinates":[[121.5278285,25.0957038],[121.5279112,25.0957222]]}},{"type":"Feature","properties":{"highway":"secondary","name":"中山北路五段","osm_id":515126273},"geometry":{"type":"LineString","coordinates":[[121.5278285,25.0957038],[121.5278561,25.0956076],[121.5279686,25.0951944],[121.528017,25.0949581],[121.5280306,25.0948429],[121.5280378,25.0947422],[121.528037,25.0945053],[121.5280082,25.0942828],[121.527963,25.0940035],[121.5279244,25.0937544],[121.5279204,25.0937211]]}},{"type":"Feature","properties":{"highway":"primary","name":"中山北路五段","osm_id":515126274},"geometry":{"type":"LineString","coordinates":[[121.5274924,25.0902594],[121.5274924,25.0903114],[121.5275002,25.0904582],[121.5275082,25.0905825],[121.5275458,25.0908267],[121.5276234,25.0913281],[121.5277914,25.0922932],[121.5279322,25.0930996],[121.528033,25.0936365],[121.5280658,25.0937963]]}},{"type":"Feature","properties":{"highway":"primary","name":"中山北路五段","osm_id":515126280},"geometry":{"type":"LineString","coordinates":[[121.5275842,25.0902485],[121.5275738,25.0903137],[121.5275866,25.090568],[121.5275957,25.0906416],[121.5278296,25.0919807],[121.5278713,25.0922307],[121.528026,25.0930855],[121.5281228,25.0936201],[121.5281681,25.093851]]}},{"type":"Feature","properties":{"highway":"primary","name":"中山北路五段","osm_id":515126282},"geometry":{"type":"LineString","coordinates":[[121.5274433,25.0902605],[121.5274578,25.0901311],[121.5274962,25.0898608],[121.5275226,25.0896275],[121.527529,25.0894463],[121.5275226,25.0892196],[121.527505,25.0890457],[121.5274794,25.0888804],[121.527461,25.0887964],[121.5274194,25.0886303],[121.5273445,25.0884021],[121.5272731,25.088226],[121.527166,25.0880145],[121.5270797,25.0878678],[121.5269835,25.0877045],[121.5267328,25.0873843],[121.5266886,25.0873321],[121.5263897,25.0869675],[121.5261255,25.0866523],[121.5260067,25.0864899],[121.5259465,25.0864024],[121.525882,25.0862981],[121.5258032,25.0861618],[121.5257268,25.0860098],[121.5256693,25.0858522]]}},{"type":"Feature","properties":{"highway":"primary","name":"中山北路五段","osm_id":515126284},"geometry":{"type":"LineString","coordinates":[[121.5273699,25.0902653],[121.5273796,25.0901453],[121.5274178,25.0898659],[121.527429,25.0896326],[121.5274426,25.0894239],[121.5274426,25.0893],[121.5274354,25.0891681],[121.5274058,25.0889362],[121.5273782,25.0888107],[121.527337,25.0886689],[121.5272966,25.088537],[121.5272218,25.0883247],[121.527137,25.088118],[121.5270282,25.0879151],[121.5269095,25.0877305],[121.5267617,25.0875291],[121.5266379,25.0873746],[121.5266203,25.0873536],[121.5260293,25.0866489],[121.5258096,25.0863165],[121.5256599,25.0860349],[121.5256198,25.0859349]]}},{"type":"Feature","properties":{"highway":"primary","name":"中山北路五段","osm_id":515126285},"geometry":{"type":"LineString","coordinates":[[121.5257504,25.0856002],[121.525768,25.0857611],[121.5258201,25.0859176],[121.5258689,25.0860241],[121.5259201,25.0861183],[121.5259814,25.0862299],[121.5260953,25.0864071],[121.5263814,25.0867666],[121.5265889,25.0870161],[121.5267911,25.0872536],[121.5268208,25.0872877],[121.5268421,25.0873135],[121.52697,25.0874723],[121.5271282,25.0876906],[121.5272658,25.087932],[121.5273815,25.088155],[121.5274931,25.0884325],[121.527597,25.0887726],[121.5276282,25.0889906],[121.5276486,25.0891735],[121.527661,25.089379],[121.5276514,25.0895913],[121.5276378,25.0897166],[121.5276234,25.0898854],[121.527593,25.0901492],[121.5275842,25.0902485]]}},{"type":"Feature","properties":{"highway":"primary","name":"中山北路五段","osm_id":515126286},"geometry":{"type":"LineString","coordinates":[[121.5256944,25.0857898],[121.5257721,25.0859936],[121.5258361,25.0861321],[121.5259045,25.0862552],[121.5259817,25.0863755],[121.5260588,25.0864803],[121.5261785,25.0866357],[121.526303,25.0867915],[121.5267278,25.0873],[121.52678,25.0873587],[121.5269217,25.0875436],[121.5270588,25.087739],[121.5271887,25.0879568],[121.5273089,25.0881803],[121.5274043,25.0884394],[121.5275094,25.0887798],[121.5275102,25.0887856],[121.5275418,25.0889833],[121.5275678,25.0891994],[121.5275724,25.0896245],[121.5275427,25.089883],[121.5274986,25.0901818],[121.5274924,25.0902594]]}},{"type":"Feature","properties":{"highway":"primary","name":"中山北路五段","osm_id":515126288},"geometry":{"type":"LineString","coordinates":[[121.5256693,25.0858522],[121.5255777,25.0855667],[121.5255225,25.0853253],[121.5254905,25.0851311],[121.5254685,25.0849591],[121.5254643,25.0847612],[121.5254553,25.0844141],[121.5254498,25.0843301],[121.5254272,25.0841363]]}},{"type":"Feature","properties":{"highway":"primary","name":"中山北路三段","osm_id":515156236},"geometry":{"type":"LineString","coordinates":[[121.5227334,25.0684131],[121.5227074,25.0683189],[121.5223396,25.0669417],[121.5223198,25.0668675]]}},{"type":"Feature","properties":{"highway":"tertiary","name":"民族西路","osm_id":515156237},"geometry":{"type":"LineString","coordinates":[[121.5227334,25.0684131],[121.5228521,25.068403]]}},{"type":"Feature","properties":{"highway":"primary","name":"中山北路三段","osm_id":515156239},"geometry":{"type":"LineString","coordinates":[[121.5228521,25.068403],[121.5228292,25.0683175],[121.5224543,25.066914],[121.5224341,25.0668433]]}},{"type":"Feature","properties":{"highway":"primary","name":"中山北路三段","osm_id":515156240},"geometry":{"type":"LineString","coordinates":[[121.5228521,25.068403],[121.5228746,25.0684868]]}},{"type":"Feature","properties":{"highway":"tertiary","name":"民族西路","osm_id":515156241},"geometry":{"type":"LineString","coordinates":[[121.5228521,25.068403],[121.5229667,25.0684003]]}},{"type":"Feature","properties":{"highway":"tertiary","name":"民族東路","osm_id":515156244},"geometry":{"type":"LineString","coordinates":[[121.5228746,25.0684868],[121.522755,25.0684892]]}},{"type":"Feature","properties":{"highway":"primary","name":"中山北路三段","osm_id":515156248},"geometry":{"type":"LineString","coordinates":[[121.5224341,25.0668433],[121.5224182,25.0667608],[121.5223322,25.0663125],[121.5222893,25.0659401],[121.5222564,25.0654542],[121.5222601,25.0649757],[121.5222607,25.064908]]}},{"type":"Feature","properties":{"highway":"tertiary","name":"德惠街","osm_id":515156249},"geometry":{"type":"LineString","coordinates":[[121.5224341,25.0668433],[121.5223198,25.0668675]]}},{"type":"Feature","properties":{"highway":"primary","name":"中山北路三段","osm_id":515156250},"geometry":{"type":"LineString","coordinates":[[121.5223198,25.0668675],[121.5222984,25.0667822],[121.5222973,25.0667779],[121.5222627,25.0665951],[121.5222091,25.0662932],[121.5221746,25.0660021],[121.5221616,25.0657477],[121.5221491,25.0654986],[121.5221441,25.0652868],[121.5221456,25.0649624],[121.522146,25.0648887]]}},{"type":"Feature","properties":{"highway":"primary","name":"中山北路三段","osm_id":515156251},"geometry":{"type":"LineString","coordinates":[[121.5225447,25.06682],[121.522563,25.0668877],[121.5225716,25.0669193],[121.5226523,25.0672195],[121.5228908,25.068115],[121.5229284,25.0682529],[121.5229465,25.0683178],[121.5229667,25.0684003]]}},{"type":"Feature","properties":{"highway":"tertiary","name":"德惠街","osm_id":515156252},"geometry":{"type":"LineString","coordinates":[[121.5225447,25.06682],[121.5224341,25.0668433]]}},{"type":"Feature","properties":{"highway":"tertiary","name":"農安街","osm_id":515156254},"geometry":{"type":"LineString","coordinates":[[121.5222607,25.064908],[121.5223647,25.0649189]]}},{"type":"Feature","properties":{"highway":"primary","name":"中山北路三段","osm_id":515156255},"geometry":{"type":"LineString","coordinates":[[121.5223647,25.0649189],[121.5223658,25.0649878],[121.5223662,25.0650136],[121.5223646,25.0653341],[121.5223718,25.0655757],[121.5223902,25.0658115],[121.5224107,25.0660149],[121.5224505,25.0663199],[121.5225276,25.0667287],[121.5225299,25.0667408],[121.5225447,25.06682]]}},{"type":"Feature","properties":{"highway":"tertiary","name":"農安街","osm_id":515156256},"geometry":{"type":"LineString","coordinates":[[121.5223647,25.0649189],[121.5224221,25.0649241],[121.5228949,25.0649525],[121.5242703,25.0649255],[121.5257296,25.0648833],[121.5263116,25.0648957],[121.5270872,25.064884],[121.5274275,25.0648649]]}},{"type":"Feature","properties":{"highway":"primary","name":"中山北路三段","osm_id":515156257},"geometry":{"type":"LineString","coordinates":[[121.5222607,25.064908],[121.5222669,25.064804],[121.5222833,25.0645279],[121.5223598,25.063936]]}},{"type":"Feature","properties":{"highway":"primary","name":"中山北路三段","osm_id":515156259},"geometry":{"type":"LineString","coordinates":[[121.522146,25.0648887],[121.5221469,25.0647975],[121.5221473,25.0647621],[121.5221673,25.0644969],[121.5221884,25.0643423],[121.5222091,25.0641668],[121.5222191,25.0640872],[121.5222434,25.0639396],[121.5222539,25.0638666]]}},{"type":"Feature","properties":{"highway":"tertiary","name":"農安街","osm_id":515156260},"geometry":{"type":"LineString","coordinates":[[121.522146,25.0648887],[121.5222607,25.064908]]}},{"type":"Feature","properties":{"highway":"primary","name":"中山北路二段","osm_id":515156263},"geometry":{"type":"LineString","coordinates":[[121.5229661,25.0603388],[121.5229603,25.0602045],[121.5228681,25.0580902],[121.5228607,25.0579211]]}},{"type":"Feature","properties":{"highway":"primary","name":"中山北路二段","osm_id":515156264},"geometry":{"type":"LineString","coordinates":[[121.5228445,25.0603122],[121.5228396,25.0602113],[121.5228204,25.0598165],[121.5228164,25.0597213],[121.5227968,25.059252],[121.5227906,25.0591032],[121.522788,25.0590408],[121.522773,25.058684],[121.5227684,25.058574],[121.5227489,25.0580938],[121.5227432,25.0579069]]}},{"type":"Feature","properties":{"highway":"primary","name":"中山北路二段","osm_id":515156266},"geometry":{"type":"LineString","coordinates":[[121.5230812,25.060365],[121.5230823,25.0604106],[121.5230886,25.0606818],[121.5230893,25.060833],[121.5230827,25.060997],[121.5230527,25.0612417],[121.5230195,25.0614793],[121.5229812,25.0617432],[121.522781,25.0625735]]}},{"type":"Feature","properties":{"highway":"tertiary","name":"錦州街","osm_id":515156267},"geometry":{"type":"LineString","coordinates":[[121.5230812,25.060365],[121.5229661,25.0603388]]}},{"type":"Feature","properties":{"highway":"tertiary","name":"民生東路一段","osm_id":515156273},"geometry":{"type":"LineString","coordinates":[[121.5255153,25.0580539],[121.5256215,25.0580523],[121.5264581,25.0580394]]}},{"type":"Feature","properties":{"highway":"primary","name":"中山北路二段","osm_id":515156275},"geometry":{"type":"LineString","coordinates":[[121.5227432,25.0579069],[121.5227371,25.0577776],[121.5227217,25.0575321],[121.522698,25.0570369],[121.5226798,25.0566895],[121.5226551,25.0561864],[121.5226353,25.0558021],[121.5226141,25.0554352],[121.5225977,25.0550995],[121.5225914,25.0550023]]}},{"type":"Feature","properties":{"highway":"primary","name":"中山北路二段","osm_id":515156277},"geometry":{"type":"LineString","coordinates":[[121.5229716,25.0579344],[121.5229771,25.0580869],[121.523038,25.0593921],[121.5230586,25.0598565],[121.5230738,25.0601981],[121.5230812,25.060365]]}},{"type":"Feature","properties":{"highway":"tertiary","name":"民生東路一段","osm_id":515156278},"geometry":{"type":"LineString","coordinates":[[121.5228607,25.0579211],[121.5229716,25.0579344]]}},{"type":"Feature","properties":{"highway":"primary","name":"中山北路二段","osm_id":515156284},"geometry":{"type":"LineString","coordinates":[[121.5225914,25.0550023],[121.5225849,25.0548897],[121.5225717,25.0546007],[121.5225527,25.0543139],[121.5225349,25.0539574],[121.5225105,25.0535106],[121.522486,25.0530608],[121.5224738,25.0524524],[121.5224547,25.0523173]]}},{"type":"Feature","properties":{"highway":"tertiary","name":"長春路","osm_id":515156286},"geometry":{"type":"LineString","coordinates":[[121.5227063,25.0549909],[121.5225914,25.0550023]]}},{"type":"Feature","properties":{"highway":"primary","name":"中山北路一段","osm_id":515156287},"geometry":{"type":"LineString","coordinates":[[121.5214968,25.0498624],[121.5214584,25.0497845],[121.5214558,25.0497795],[121.521252,25.049386],[121.5210165,25.0489163],[121.5207639,25.048407],[121.5207316,25.048342],[121.520713,25.0483044],[121.5207046,25.0482892],[121.5206589,25.0481982]]}},{"type":"Feature","properties":{"highway":"tertiary","name":"長安東路一段","osm_id":515156291},"geometry":{"type":"LineString","coordinates":[[121.5216305,25.0498283],[121.5217364,25.0497999]]}},{"type":"Feature","properties":{"highway":"primary","name":"中山北路一段","osm_id":515156296},"geometry":{"type":"LineString","coordinates":[[121.5207105,25.0479991],[121.5206618,25.0478954],[121.5206236,25.0478143],[121.5204,25.047339],[121.5203305,25.0471911]]}},{"type":"Feature","properties":{"highway":"primary","name":"中山北路一段","osm_id":515156298},"geometry":{"type":"LineString","coordinates":[[121.5207105,25.0479991],[121.5207783,25.0481432],[121.5207935,25.0481732]]}},{"type":"Feature","properties":{"highway":"tertiary","name":"市民大道一段","osm_id":515156299},"geometry":{"type":"LineString","coordinates":[[121.5207105,25.0479991],[121.5208196,25.0479795]]}},{"type":"Feature","properties":{"highway":"primary","name":"中山北路一段","osm_id":515156300},"geometry":{"type":"LineString","coordinates":[[121.5209092,25.0481518],[121.5209344,25.0482007],[121.5209424,25.0482161],[121.5209737,25.0482795],[121.5212921,25.0489099],[121.5215379,25.0493964],[121.5216798,25.0496705],[121.5216858,25.049685],[121.5216884,25.04969],[121.5217364,25.0497999]]}},{"type":"Feature","properties":{"highway":"primary","name":"中山北路一段","osm_id":515156302},"geometry":{"type":"LineString","coordinates":[[121.5207935,25.0481732],[121.5208359,25.0482571],[121.5208563,25.0482975],[121.52158,25.0497285],[121.5216305,25.0498283]]}},{"type":"Feature","properties":{"highway":"tertiary","name":"市民大道一段","osm_id":515156304},"geometry":{"type":"LineString","coordinates":[[121.5207935,25.0481732],[121.5206589,25.0481982]]}},{"type":"Feature","properties":{"highway":"tertiary","name":"市民大道一段","osm_id":515156305},"geometry":{"type":"LineString","coordinates":[[121.5206589,25.0481982],[121.5205899,25.0482104],[121.5200253,25.0483105],[121.5197056,25.0483672],[121.519141,25.0484519],[121.5190627,25.0484636],[121.5189535,25.0484792],[121.5188149,25.048499],[121.5186683,25.0485227]]}},{"type":"Feature","properties":{"highway":"primary","name":"中山北路一段","osm_id":515156306},"geometry":{"type":"LineString","coordinates":[[121.5206589,25.0481982],[121.5205722,25.0480266]]}},{"type":"Feature","properties":{"highway":"primary","name":"中山北路一段","osm_id":515156313},"geometry":{"type":"LineString","coordinates":[[121.5201595,25.0471423],[121.5201051,25.0470252],[121.5200231,25.0468497],[121.519952,25.0466973],[121.5197656,25.0463017],[121.5196516,25.0460696]]}},{"type":"Feature","properties":{"highway":"primary","name":"忠孝東路一段","osm_id":515156319},"geometry":{"type":"LineString","coordinates":[[121.5195799,25.0455956],[121.5197151,25.0455801]]}},{"type":"Feature","properties":{"highway":"primary","name":"中山南路","osm_id":515166734},"geometry":{"type":"LineString","coordinates":[[121.51879,25.0433502],[121.5187549,25.0432266],[121.5184949,25.042311],[121.5184746,25.0422394],[121.5184655,25.0422076],[121.51844,25.0421201],[121.5184244,25.0420664],[121.5183918,25.041948]]}},{"type":"Feature","properties":{"highway":"tertiary","name":"濟南路一段","osm_id":515166736},"geometry":{"type":"LineString","coordinates":[[121.5189135,25.0433186],[121.51879,25.0433502]]}},{"type":"Feature","properties":{"highway":"primary","name":"中山南路","osm_id":515166738},"geometry":{"type":"LineString","coordinates":[[121.5190414,25.0432872],[121.5190747,25.0433995],[121.5192138,25.0438676],[121.519316,25.0442117],[121.5193545,25.0443411],[121.5193708,25.0443959],[121.5193993,25.044492]]}},{"type":"Feature","properties":{"highway":"tertiary","name":"濟南路一段","osm_id":515166739},"geometry":{"type":"LineString","coordinates":[[121.5190414,25.0432872],[121.5189135,25.0433186]]}},{"type":"Feature","properties":{"highway":"primary","name":"中山南路","osm_id":515166740},"geometry":{"type":"LineString","coordinates":[[121.5183918,25.041948],[121.5183405,25.0417729],[121.5182862,25.0415878],[121.5181379,25.0410871],[121.5180955,25.0409376],[121.5180715,25.0408561],[121.5180434,25.040757]]}},{"type":"Feature","properties":{"highway":"primary","name":"中山南路","osm_id":515166747},"geometry":{"type":"LineString","coordinates":[[121.5189135,25.0433186],[121.518878,25.0431962],[121.518859,25.0431307],[121.5185583,25.0420933],[121.518541,25.0420336],[121.5185048,25.0419087]]}},{"type":"Feature","properties":{"highway":"primary","name":"中山南路","osm_id":515166752},"geometry":{"type":"LineString","coordinates":[[121.5185048,25.0419087],[121.5184603,25.0417554],[121.5184577,25.0417467],[121.5182017,25.0408635],[121.5181893,25.0408206],[121.5181626,25.0407285]]}},{"type":"Feature","properties":{"highway":"tertiary","name":"長安東路二段","osm_id":515177074},"geometry":{"type":"LineString","coordinates":[[121.5328994,25.0484625],[121.5330402,25.0484591]]}},{"type":"Feature","properties":{"highway":"secondary","name":"松江路","osm_id":515177075},"geometry":{"type":"LineString","coordinates":[[121.5328994,25.0484625],[121.5328947,25.0483363],[121.5328857,25.0479489],[121.5328872,25.0475669]]}},{"type":"Feature","properties":{"highway":"primary","name":"中山北路二段","osm_id":515288824},"geometry":{"type":"LineString","coordinates":[[121.5228488,25.057695],[121.522853,25.0577759],[121.5228607,25.0579211]]}},{"type":"Feature","properties":{"highway":"primary","name":"中山北路五段","osm_id":515730128},"geometry":{"type":"LineString","coordinates":[[121.5243447,25.0807678],[121.524439,25.0809122],[121.5244893,25.0810104],[121.5245517,25.0811102],[121.5246462,25.0812516],[121.5250935,25.0818445],[121.5252105,25.0820217],[121.5252687,25.0821306],[121.5252951,25.08218],[121.5255686,25.0827741],[121.5256054,25.0829065],[121.5256166,25.0829949],[121.5256246,25.0830688],[121.5256314,25.0831908],[121.5256213,25.08333],[121.525605,25.083443],[121.5255986,25.083515],[121.5255795,25.0837438],[121.5255763,25.0839045],[121.5255851,25.0840097],[121.5256029,25.0841407]]}},{"type":"Feature","properties":{"highway":"trunk","name":"新生高架道路","osm_id":515730129},"geometry":{"type":"LineString","coordinates":[[121.5247052,25.0789017],[121.5246023,25.0792678]]}},{"type":"Feature","properties":{"highway":"tertiary","name":"安和路一段","osm_id":518980173},"geometry":{"type":"LineString","coordinates":[[121.5513703,25.0379954],[121.5513625,25.0380446],[121.5513494,25.0381013],[121.5512578,25.0382146],[121.5508902,25.0385442],[121.5507506,25.0386716],[121.5504,25.0389914],[121.5498584,25.0394854],[121.5496236,25.0396995],[121.5494096,25.0398947],[121.5493692,25.0399316],[121.5491872,25.0400976],[121.5491026,25.0401724]]}},{"type":"Feature","properties":{"highway":"tertiary","name":"市民大道四段","osm_id":518982573},"geometry":{"type":"LineString","coordinates":[[121.5491411,25.044937],[121.5489311,25.044962]]}},{"type":"Feature","properties":{"highway":"secondary","name":"敦化南路一段","osm_id":518982574},"geometry":{"type":"LineString","coordinates":[[121.5491411,25.044937],[121.5491483,25.0449907],[121.549151,25.0459481],[121.5491512,25.0460166],[121.5491515,25.0461058],[121.5491541,25.0461719],[121.5491572,25.0471591],[121.5491617,25.0479114],[121.549162,25.047973],[121.5491624,25.0480368],[121.5491664,25.0482029]]}},{"type":"Feature","properties":{"highway":"tertiary","name":"市民大道四段","osm_id":518982576},"geometry":{"type":"LineString","coordinates":[[121.5489311,25.044962],[121.5488856,25.0449681]]}},{"type":"Feature","properties":{"highway":"secondary","name":"敦化南路一段","osm_id":518982577},"geometry":{"type":"LineString","coordinates":[[121.5486443,25.0447762],[121.5486437,25.0446937],[121.5486434,25.0446428],[121.5486345,25.0436751],[121.5486342,25.0436369],[121.5486333,25.0435393],[121.5486305,25.0427822],[121.5486303,25.0427342],[121.5486302,25.0427041],[121.5486299,25.0426119]]}},{"type":"Feature","properties":{"highway":"tertiary","name":"市民大道四段","osm_id":518982578},"geometry":{"type":"LineString","coordinates":[[121.5486443,25.0447762],[121.5488814,25.0447471]]}},{"type":"Feature","properties":{"highway":"secondary","name":"敦化南路一段","osm_id":518982579},"geometry":{"type":"LineString","coordinates":[[121.5488814,25.0447471],[121.548881,25.0446669],[121.5488808,25.0446183],[121.5488759,25.0436644],[121.5488756,25.0436065],[121.5488754,25.0435677],[121.5488712,25.0427413],[121.548871,25.0427062],[121.5488706,25.042609]]}},{"type":"Feature","properties":{"highway":"tertiary","name":"市民大道四段","osm_id":518982580},"geometry":{"type":"LineString","coordinates":[[121.5488814,25.0447471],[121.5489278,25.0447411]]}},{"type":"Feature","properties":{"highway":"secondary","name":"敦化南路一段","osm_id":518982581},"geometry":{"type":"LineString","coordinates":[[121.5488856,25.0449681],[121.5488814,25.0447471]]}},{"type":"Feature","properties":{"highway":"tertiary","name":"市民大道四段","osm_id":518982582},"geometry":{"type":"LineString","coordinates":[[121.5488856,25.0449681],[121.5486457,25.0449924]]}},{"type":"Feature","properties":{"highway":"tertiary","name":"市民大道四段","osm_id":518982584},"geometry":{"type":"LineString","coordinates":[[121.5489278,25.0447411],[121.5491395,25.0447156]]}},{"type":"Feature","properties":{"highway":"secondary","name":"敦化南路一段","osm_id":518982585},"geometry":{"type":"LineString","coordinates":[[121.5486457,25.0449924],[121.5486443,25.0447762]]}},{"type":"Feature","properties":{"highway":"tertiary","name":"市民大道四段","osm_id":518982586},"geometry":{"type":"LineString","coordinates":[[121.5486457,25.0449924],[121.5485914,25.0449983],[121.5481203,25.0450496],[121.5472561,25.0451487],[121.5470262,25.0451759],[121.5469418,25.0451826],[121.5468599,25.0451901],[121.5467442,25.0451987],[121.5464816,25.0452056],[121.5460253,25.0452039],[121.5459206,25.0451954],[121.545576,25.0451549],[121.545278,25.0451269],[121.5451236,25.0451091],[121.545078,25.0451037],[121.5449916,25.0450936],[121.5440408,25.0449901],[121.5439383,25.0449789]]}},{"type":"Feature","properties":{"highway":"secondary","name":"敦化南路一段","osm_id":518982587},"geometry":{"type":"LineString","coordinates":[[121.5491395,25.0447156],[121.5491411,25.044937]]}},{"type":"Feature","properties":{"highway":"tertiary","name":"市民大道四段","osm_id":518982588},"geometry":{"type":"LineString","coordinates":[[121.5491395,25.0447156],[121.5492237,25.0447071],[121.549683,25.0446608],[121.5498396,25.0446454],[121.5500516,25.0446241],[121.5508101,25.0445426],[121.5509044,25.0445339],[121.5517946,25.0443789],[121.5519885,25.0443482],[121.5522774,25.0443109],[121.5523461,25.0443024],[121.5524543,25.0442867],[121.5527495,25.0442525],[121.5529959,25.044233],[121.5531208,25.0442352],[121.5532576,25.0442373],[121.5535649,25.0442331],[121.5537594,25.0442475],[121.55426,25.0443028],[121.5544407,25.0443247],[121.5546972,25.0443785],[121.5550431,25.0444511],[121.5551393,25.0444713],[121.5554278,25.0445342],[121.555636,25.044574],[121.5567015,25.0447779],[121.5571249,25.0448595],[121.5574786,25.0449278],[121.557603,25.044965],[121.5576844,25.0449905]]}},{"type":"Feature","properties":{"highway":"tertiary","name":"八德路二段","osm_id":518992771},"geometry":{"type":"LineString","coordinates":[[121.5489337,25.0482042],[121.5491664,25.0482029]]}},{"type":"Feature","properties":{"highway":"secondary","name":"敦化南路一段","osm_id":518992772},"geometry":{"type":"LineString","coordinates":[[121.548668,25.0482059],[121.5486669,25.0480422],[121.5486599,25.0470391],[121.5486551,25.0463559],[121.5486549,25.0463158],[121.5486547,25.0462806],[121.5486542,25.0462155],[121.5486472,25.0451993],[121.5486468,25.0451383],[121.5486474,25.045043],[121.5486457,25.0449924]]}},{"type":"Feature","properties":{"highway":"tertiary","name":"八德路二段","osm_id":518992773},"geometry":{"type":"LineString","coordinates":[[121.548668,25.0482059],[121.5489337,25.0482042]]}},{"type":"Feature","properties":{"highway":"trunk_link","name":"","osm_id":519643765},"geometry":{"type":"LineString","coordinates":[[121.5146828,25.0491209],[121.5141427,25.049245]]}},{"type":"Feature","properties":{"highway":"trunk_link","name":"重慶北路出口匝道","osm_id":519643766},"geometry":{"type":"LineString","coordinates":[[121.5141427,25.049245],[121.5133644,25.0494352],[121.5132513,25.0494613]]}},{"type":"Feature","properties":{"highway":"trunk_link","name":"重慶北路出口匝道","osm_id":519643768},"geometry":{"type":"LineString","coordinates":[[121.5141427,25.049245],[121.5139165,25.0494124]]}},{"type":"Feature","properties":{"highway":"trunk_link","name":"重慶北路入口匝道","osm_id":519643770},"geometry":{"type":"LineString","coordinates":[[121.5137689,25.0492033],[121.5141427,25.049245]]}},{"type":"Feature","properties":{"highway":"trunk","name":"新生高架道路","osm_id":550496018},"geometry":{"type":"LineString","coordinates":[[121.5246023,25.0792678],[121.5245543,25.0794373],[121.5244777,25.0797082],[121.5244687,25.0797402],[121.5244279,25.0798695]]}},{"type":"Feature","properties":{"highway":"trunk","name":"新生高架道路","osm_id":550496019},"geometry":{"type":"LineString","coordinates":[[121.5245247,25.079246],[121.5246337,25.0788829]]}},{"type":"Feature","properties":{"highway":"primary","name":"忠孝東路五段","osm_id":550544430},"geometry":{"type":"LineString","coordinates":[[121.5769706,25.0408636],[121.5768995,25.0408647],[121.575502,25.0409437],[121.5753351,25.0409475],[121.5752711,25.040949],[121.5741424,25.0409753],[121.5740323,25.0409779],[121.5739674,25.0409794],[121.5725345,25.0410129],[121.5720707,25.0410237],[121.5719336,25.0410269],[121.5718505,25.0410296],[121.5713737,25.04104],[121.5706149,25.0410577],[121.5704541,25.0410614],[121.5702295,25.0410656],[121.5701605,25.0410668],[121.5700757,25.0410702],[121.5691144,25.0410927],[121.568772,25.0411007],[121.5687101,25.0411021]]}},{"type":"Feature","properties":{"highway":"trunk","name":"麥帥一橋","osm_id":552513838},"geometry":{"type":"LineString","coordinates":[[121.5722124,25.0521163],[121.5747935,25.0534943]]}},{"type":"Feature","properties":{"highway":"tertiary_link","name":"","osm_id":557553452},"geometry":{"type":"LineString","coordinates":[[121.5618564,25.058722],[121.5619623,25.058654],[121.5628154,25.0587115],[121.5628668,25.0587149],[121.5628975,25.058717],[121.5630579,25.0587289]]}},{"type":"Feature","properties":{"highway":"tertiary_link","name":"","osm_id":557553453},"geometry":{"type":"LineString","coordinates":[[121.5630314,25.0589908],[121.5628801,25.0589789],[121.5628235,25.0589745],[121.5619333,25.0589126],[121.5618455,25.0588147]]}},{"type":"Feature","properties":{"highway":"tertiary_link","name":"","osm_id":557553454},"geometry":{"type":"LineString","coordinates":[[121.5649789,25.0590468],[121.5648848,25.0591168],[121.5640289,25.0590687],[121.5639748,25.0590648],[121.5638872,25.0590586],[121.5637705,25.0590495]]}},{"type":"Feature","properties":{"highway":"tertiary_link","name":"","osm_id":557553455},"geometry":{"type":"LineString","coordinates":[[121.5637951,25.0587886],[121.5639284,25.0587982],[121.5648213,25.0588638],[121.5648696,25.0588693],[121.5649082,25.0588737],[121.5649769,25.0589594]]}},{"type":"Feature","properties":{"highway":"tertiary","name":"三民路","osm_id":557553456},"geometry":{"type":"LineString","coordinates":[[121.5632308,25.0614477],[121.563226,25.0615032],[121.5632097,25.0616947],[121.5632045,25.0617561],[121.5632003,25.0618044],[121.5631959,25.0618604],[121.5631949,25.0618736],[121.5631941,25.0618821],[121.5631884,25.0619439],[121.5631646,25.0622962],[121.5631347,25.0626511],[121.5631279,25.0627009],[121.5631173,25.0627779]]}},{"type":"Feature","properties":{"highway":"tertiary","name":"光復北路","osm_id":557563419},"geometry":{"type":"LineString","coordinates":[[121.5556138,25.0562384],[121.5556004,25.0563113],[121.5555841,25.0563988],[121.5555785,25.0564287],[121.5555364,25.0566547]]}},{"type":"Feature","properties":{"highway":"secondary","name":"敦化北路","osm_id":557563424},"geometry":{"type":"LineString","coordinates":[[121.5494668,25.0583227],[121.5498856,25.059136],[121.5505281,25.0604666]]}},{"type":"Feature","properties":{"highway":"tertiary","name":"民生東路五段","osm_id":557566166},"geometry":{"type":"LineString","coordinates":[[121.5615667,25.0587965],[121.5615069,25.0587913],[121.560572,25.0587071],[121.5605234,25.0587064],[121.5603915,25.0586955],[121.558395,25.0585526],[121.5583575,25.0585497],[121.558214,25.0585395],[121.5570729,25.0584587],[121.5570231,25.0584552],[121.5569187,25.0584474],[121.5565068,25.0584129],[121.5553429,25.0583284],[121.5552262,25.0583182]]}},{"type":"Feature","properties":{"highway":"tertiary","name":"民生東路五段","osm_id":557843845},"geometry":{"type":"LineString","coordinates":[[121.5597308,25.0585563],[121.5603982,25.0586046],[121.5605273,25.0586139],[121.5605781,25.0586176],[121.5615102,25.0586933],[121.5615761,25.0587001],[121.5616427,25.0587071],[121.5618564,25.058722]]}},{"type":"Feature","properties":{"highway":"tertiary","name":"市民大道一段","osm_id":557913218},"geometry":{"type":"LineString","coordinates":[[121.5186117,25.0483347],[121.5189013,25.0482935],[121.5189919,25.0482806],[121.5191074,25.0482642],[121.5197287,25.0481671],[121.5203006,25.0480777],[121.5204739,25.0480451],[121.5205103,25.0480382],[121.5205722,25.0480266]]}},{"type":"Feature","properties":{"highway":"trunk_link","name":"臺北轉運站出站通道","osm_id":581377324},"geometry":{"type":"LineString","coordinates":[[121.5181385,25.0487924],[121.5181158,25.048778],[121.5180941,25.048767],[121.5180639,25.0487553],[121.5180302,25.0487462],[121.5179957,25.0487414],[121.5176869,25.0487371],[121.517467,25.0487359],[121.5166273,25.0488765],[121.5164157,25.0488374]]}},{"type":"Feature","properties":{"highway":"secondary","name":"松江路","osm_id":593840517},"geometry":{"type":"LineString","coordinates":[[121.5330932,25.0603318],[121.533092,25.0602715],[121.5330747,25.0593211],[121.5330755,25.0591659]]}},{"type":"Feature","properties":{"highway":"secondary","name":"松江路","osm_id":593840518},"geometry":{"type":"LineString","coordinates":[[121.5332504,25.060345],[121.5332507,25.0604125],[121.5332608,25.0610607],[121.5332649,25.0613747],[121.5332659,25.0614487]]}},{"type":"Feature","properties":{"highway":"tertiary","name":"錦州街","osm_id":593840519},"geometry":{"type":"LineString","coordinates":[[121.5373081,25.0602747],[121.5378135,25.0602676],[121.5378558,25.060267],[121.5378978,25.0602664],[121.5391513,25.0602488],[121.5392198,25.060248],[121.5392806,25.0602484],[121.540675,25.0602294],[121.5407463,25.0602268],[121.5408179,25.0602258],[121.5419107,25.0602107],[121.5420128,25.0602092],[121.5423303,25.0602048],[121.5423866,25.060204],[121.542448,25.0602032],[121.542588,25.0602013],[121.5435854,25.0601873],[121.5436311,25.0601867],[121.5436762,25.0601861]]}},{"type":"Feature","properties":{"highway":"secondary","name":"松江路","osm_id":593841520},"geometry":{"type":"LineString","coordinates":[[121.5330651,25.0509325],[121.5330816,25.0509945],[121.5330818,25.0513562],[121.5330889,25.0518439],[121.5330764,25.0519477]]}},{"type":"Feature","properties":{"highway":"secondary","name":"松江路","osm_id":593841522},"geometry":{"type":"LineString","coordinates":[[121.5329259,25.0501939],[121.5329273,25.0501246],[121.5329186,25.0497805],[121.5329169,25.0493842]]}},{"type":"Feature","properties":{"highway":"secondary","name":"松江路","osm_id":593842811},"geometry":{"type":"LineString","coordinates":[[121.5330248,25.0475643],[121.5330389,25.0476378],[121.5330519,25.0479445],[121.533059,25.0483335],[121.5330402,25.0484591]]}},{"type":"Feature","properties":{"highway":"secondary","name":"松江路","osm_id":593842812},"geometry":{"type":"LineString","coordinates":[[121.5328823,25.0471021],[121.5328816,25.047029],[121.5328739,25.046615],[121.5328578,25.046075],[121.5328512,25.0459566]]}},{"type":"Feature","properties":{"highway":"secondary","name":"松江路","osm_id":593844216},"geometry":{"type":"LineString","coordinates":[[121.5329813,25.045846],[121.5329849,25.0459553],[121.5330111,25.0470305],[121.5330141,25.0470992]]}},{"type":"Feature","properties":{"highway":"tertiary","name":"新生北路一段","osm_id":593844218},"geometry":{"type":"LineString","coordinates":[[121.5327809,25.0458681],[121.5328929,25.0457957],[121.5329999,25.045756]]}},{"type":"Feature","properties":{"highway":"secondary","name":"新生北路一段","osm_id":593844221},"geometry":{"type":"LineString","coordinates":[[121.5327809,25.0458681],[121.5327774,25.0456434],[121.5327766,25.0455758]]}},{"type":"Feature","properties":{"highway":"tertiary","name":"市民大道三段","osm_id":593847700},"geometry":{"type":"LineString","coordinates":[[121.5329955,25.0455158],[121.5328894,25.0455443]]}},{"type":"Feature","properties":{"highway":"tertiary","name":"八德路二段","osm_id":593847701},"geometry":{"type":"LineString","coordinates":[[121.5347673,25.0450393],[121.5346656,25.0449707]]}},{"type":"Feature","properties":{"highway":"tertiary","name":"市民大道三段","osm_id":593847702},"geometry":{"type":"LineString","coordinates":[[121.5345193,25.0448603],[121.5347412,25.0448223],[121.5348054,25.0448116],[121.5350372,25.0447795],[121.5353374,25.0447445],[121.5362588,25.044675],[121.5363596,25.0446674],[121.5369054,25.0446398]]}},{"type":"Feature","properties":{"highway":"tertiary","name":"八德路二段","osm_id":593847703},"geometry":{"type":"LineString","coordinates":[[121.5345193,25.0448603],[121.5343201,25.0447859],[121.5340055,25.0446684],[121.5337759,25.0445871],[121.5331644,25.0444366],[121.5330006,25.0443975]]}},{"type":"Feature","properties":{"highway":"tertiary_link","name":"市民大道三段","osm_id":593847704},"geometry":{"type":"LineString","coordinates":[[121.5346656,25.0449707],[121.5348354,25.0449399],[121.5351029,25.044898],[121.5353505,25.0448684],[121.535707,25.0448306],[121.5362421,25.0447929],[121.5362672,25.0447911],[121.5363623,25.0447845]]}},{"type":"Feature","properties":{"highway":"tertiary","name":"八德路二段","osm_id":593847705},"geometry":{"type":"LineString","coordinates":[[121.5346656,25.0449707],[121.5345193,25.0448603]]}},{"type":"Feature","properties":{"highway":"tertiary","name":"市民大道三段","osm_id":593849711},"geometry":{"type":"LineString","coordinates":[[121.536364,25.0448736],[121.5362734,25.0448778],[121.5360408,25.0448885],[121.5357109,25.0449101],[121.5354594,25.0449386],[121.5349266,25.0450147],[121.5347673,25.0450393]]}},{"type":"Feature","properties":{"highway":"tertiary","name":"建國南路一段","osm_id":593849715},"geometry":{"type":"LineString","coordinates":[[121.536364,25.0448736],[121.5363623,25.0447845]]}},{"type":"Feature","properties":{"highway":"tertiary","name":"市民大道三段","osm_id":593849718},"geometry":{"type":"LineString","coordinates":[[121.5369054,25.0446398],[121.5369963,25.0446355],[121.5378515,25.0446034],[121.538322,25.0445781],[121.538709,25.0445584],[121.5391208,25.0445402],[121.5394209,25.0445231],[121.5397003,25.0445073],[121.5399655,25.0444965],[121.5401924,25.0444845],[121.5405854,25.0444672],[121.540679,25.0444631],[121.5407582,25.0444623],[121.5411,25.0444588],[121.5412399,25.0444638],[121.5413865,25.044471],[121.5416867,25.0444986],[121.5419776,25.0445324],[121.5420217,25.0445375],[121.5421703,25.0445548],[121.542296,25.0445681],[121.5423345,25.0445722],[121.5423634,25.0445753],[121.542381,25.0445773],[121.5424291,25.044583],[121.5431525,25.0446677],[121.5435931,25.0447168],[121.5436721,25.0447253],[121.5437875,25.0447395]]}},{"type":"Feature","properties":{"highway":"tertiary","name":"建國南路一段","osm_id":593849721},"geometry":{"type":"LineString","coordinates":[[121.5369054,25.0446398],[121.5369088,25.0447742]]}},{"type":"Feature","properties":{"highway":"tertiary_link","name":"市民大道三段","osm_id":593849724},"geometry":{"type":"LineString","coordinates":[[121.5363623,25.0447845],[121.5369088,25.0447742]]}},{"type":"Feature","properties":{"highway":"trunk_link","name":"建國南路出口匝道","osm_id":593852343},"geometry":{"type":"LineString","coordinates":[[121.5378714,25.0447264],[121.5376953,25.0448085]]}},{"type":"Feature","properties":{"highway":"trunk_link","name":"","osm_id":593852344},"geometry":{"type":"LineString","coordinates":[[121.5378714,25.0447264],[121.5389175,25.0446605]]}},{"type":"Feature","properties":{"highway":"tertiary","name":"建國南路一段","osm_id":593852345},"geometry":{"type":"LineString","coordinates":[[121.5369106,25.0448425],[121.5369101,25.0449339],[121.5369078,25.0453824],[121.5369133,25.0458502],[121.5369139,25.0459017],[121.5369147,25.0459733],[121.5369195,25.0461247]]}},{"type":"Feature","properties":{"highway":"tertiary","name":"市民大道三段","osm_id":593852346},"geometry":{"type":"LineString","coordinates":[[121.5369106,25.0448425],[121.536364,25.0448736]]}},{"type":"Feature","properties":{"highway":"tertiary_link","name":"市民大道三段","osm_id":594658757},"geometry":{"type":"LineString","coordinates":[[121.5308268,25.0460268],[121.5308978,25.0460019],[121.5326622,25.0455139],[121.5327758,25.045485]]}},{"type":"Feature","properties":{"highway":"tertiary","name":"金山北路","osm_id":594658758},"geometry":{"type":"LineString","coordinates":[[121.5308268,25.0460268],[121.5308345,25.0461013]]}},{"type":"Feature","properties":{"highway":"tertiary","name":"金山北路","osm_id":594658759},"geometry":{"type":"LineString","coordinates":[[121.5306452,25.0460768],[121.5306115,25.0459788]]}},{"type":"Feature","properties":{"highway":"tertiary","name":"市民大道三段","osm_id":594658760},"geometry":{"type":"LineString","coordinates":[[121.5316405,25.045692],[121.5317796,25.0456543],[121.5319151,25.0456137],[121.5321424,25.0455456],[121.532638,25.0454044],[121.532664,25.0453979],[121.5327771,25.0453616]]}},{"type":"Feature","properties":{"highway":"tertiary","name":"金山北路","osm_id":594658761},"geometry":{"type":"LineString","coordinates":[[121.5308292,25.0459219],[121.5308268,25.0460268]]}},{"type":"Feature","properties":{"highway":"tertiary","name":"金山北路","osm_id":594658762},"geometry":{"type":"LineString","coordinates":[[121.5306115,25.0459788],[121.5305888,25.0458914],[121.5305827,25.0458727],[121.5305275,25.0457047],[121.5304525,25.0456539],[121.5303347,25.0452764],[121.5300222,25.0441763],[121.5299348,25.0438138],[121.5299283,25.0437867],[121.5299227,25.0437635],[121.5298938,25.0436437]]}},{"type":"Feature","properties":{"highway":"tertiary","name":"市民大道三段","osm_id":594658763},"geometry":{"type":"LineString","coordinates":[[121.5308345,25.0461013],[121.5306685,25.0461496]]}},{"type":"Feature","properties":{"highway":"secondary_link","name":"","osm_id":599378057},"geometry":{"type":"LineString","coordinates":[[121.5464141,25.0773244],[121.5467571,25.0773272],[121.5479621,25.0773008],[121.5481894,25.0773228]]}},{"type":"Feature","properties":{"highway":"secondary","name":"大直橋","osm_id":599378058},"geometry":{"type":"LineString","coordinates":[[121.5443753,25.0730156],[121.5443914,25.0734905],[121.5444083,25.0744779],[121.5444398,25.0750385],[121.54447,25.076712]]}},{"type":"Feature","properties":{"highway":"secondary","name":"北安路","osm_id":599378884},"geometry":{"type":"LineString","coordinates":[[121.5488653,25.0820612],[121.5488792,25.0821161],[121.5490498,25.082814],[121.5490628,25.0828709],[121.5490766,25.0829209],[121.5493554,25.084045],[121.5493712,25.0841136]]}},{"type":"Feature","properties":{"highway":"tertiary","name":"明水路","osm_id":599378886},"geometry":{"type":"LineString","coordinates":[[121.5513345,25.0819328],[121.5513551,25.0818748],[121.5516626,25.0810541],[121.5520073,25.0800788],[121.5520425,25.0799922]]}},{"type":"Feature","properties":{"highway":"trunk_link","name":"市民大道入口匝道","osm_id":607889835},"geometry":{"type":"LineString","coordinates":[[121.5626997,25.0472576],[121.5623756,25.0470762],[121.5613545,25.0466348],[121.5609855,25.046461],[121.5604526,25.0462256]]}},{"type":"Feature","properties":{"highway":"secondary","name":"中正路","osm_id":611558404},"geometry":{"type":"LineString","coordinates":[[121.5263304,25.0954584],[121.5262739,25.0954456],[121.5259534,25.095373],[121.5257687,25.0953309],[121.525683,25.0953118],[121.5255934,25.0952915],[121.5255703,25.0952862],[121.5251578,25.0951928],[121.5246107,25.0950683]]}},{"type":"Feature","properties":{"highway":"primary","name":"忠孝東路三段","osm_id":623877957},"geometry":{"type":"LineString","coordinates":[[121.5437139,25.0416931],[121.5435485,25.0416959],[121.5430163,25.0417071],[121.54262,25.0417116],[121.5417653,25.0417212],[121.5416409,25.0417226]]}},{"type":"Feature","properties":{"highway":"primary","name":"忠孝東路三段","osm_id":623877960},"geometry":{"type":"LineString","coordinates":[[121.5416396,25.0415805],[121.5417611,25.0415792],[121.5424752,25.0415714],[121.543546,25.0415598],[121.5437139,25.041558]]}},{"type":"Feature","properties":{"highway":"primary","name":"忠孝東路一段","osm_id":665599322},"geometry":{"type":"LineString","coordinates":[[121.5215159,25.0453238],[121.5207817,25.0454292]]}},{"type":"Feature","properties":{"highway":"tertiary","name":"建國北路三段","osm_id":668037871},"geometry":{"type":"LineString","coordinates":[[121.5349335,25.0664651],[121.5352918,25.0661662],[121.535341,25.066135],[121.5353934,25.0661101],[121.5357476,25.0658327],[121.5361895,25.0654469],[121.5362254,25.0654061],[121.5362729,25.065352],[121.5363665,25.0652455],[121.5365041,25.0650115],[121.5365386,25.0649527],[121.536563,25.0649112]]}},{"type":"Feature","properties":{"highway":"primary","name":"忠孝東路三段","osm_id":668037874},"geometry":{"type":"LineString","coordinates":[[121.5369629,25.0416553],[121.5373088,25.0416279]]}},{"type":"Feature","properties":{"highway":"trunk","name":"建國快速道路","osm_id":668037878},"geometry":{"type":"LineString","coordinates":[[121.5377074,25.0248692],[121.5377608,25.0262565],[121.5377755,25.0285981],[121.5378399,25.0319949],[121.5378988,25.035554],[121.5379109,25.0360935],[121.5379149,25.0367836],[121.5379283,25.0372751],[121.5379364,25.037808],[121.5379538,25.0387035],[121.5379337,25.0392272],[121.5378828,25.0397035],[121.5377969,25.0401118],[121.5376467,25.0405589],[121.5375683,25.0407428]]}},{"type":"Feature","properties":{"highway":"trunk","name":"市民大道高架道路","osm_id":668070774},"geometry":{"type":"LineString","coordinates":[[121.5184518,25.0485155],[121.5176198,25.0486556]]}},{"type":"Feature","properties":{"highway":"trunk","name":"市民大道高架道路","osm_id":668070788},"geometry":{"type":"LineString","coordinates":[[121.5177083,25.0484794],[121.5184222,25.0483928]]}},{"type":"Feature","properties":{"highway":"tertiary","name":"劍潭路","osm_id":682831561},"geometry":{"type":"LineString","coordinates":[[121.5255086,25.0841377],[121.5256029,25.0841407]]}},{"type":"Feature","properties":{"highway":"tertiary","name":"民權西路","osm_id":686241184},"geometry":{"type":"LineString","coordinates":[[121.5136869,25.0629103],[121.5138196,25.0629116],[121.5139882,25.062907],[121.5140786,25.0629045],[121.514702,25.062889]]}},{"type":"Feature","properties":{"highway":"tertiary","name":"蘭州街","osm_id":686241185},"geometry":{"type":"LineString","coordinates":[[121.514702,25.062889],[121.5148011,25.063082]]}},{"type":"Feature","properties":{"highway":"trunk","name":"堤頂大道一段","osm_id":696614541},"geometry":{"type":"LineString","coordinates":[[121.5735888,25.0574178],[121.5735534,25.0577522],[121.5730641,25.0608009],[121.5730178,25.0613435],[121.5728872,25.0620807],[121.5728302,25.0622306]]}},{"type":"Feature","properties":{"highway":"tertiary","name":"撫遠街","osm_id":697788022},"geometry":{"type":"LineString","coordinates":[[121.5683827,25.0683067],[121.5682128,25.0683034]]}},{"type":"Feature","properties":{"highway":"secondary","name":"北安路","osm_id":730830600},"geometry":{"type":"LineString","coordinates":[[121.5389218,25.0777779],[121.5381302,25.0778221],[121.5376447,25.0778536],[121.535558,25.0779639],[121.534997,25.0779939],[121.5341851,25.0780411],[121.5338078,25.0780644],[121.5336186,25.0780992],[121.5333801,25.078156],[121.5332152,25.0781909]]}},{"type":"Feature","properties":{"highway":"tertiary","name":"明水路","osm_id":730830601},"geometry":{"type":"LineString","coordinates":[[121.5522292,25.0792501],[121.552234,25.0791314],[121.552218,25.0789087],[121.5521874,25.0787454],[121.5521309,25.0785564],[121.5520494,25.0783775],[121.5519076,25.0781471],[121.5517916,25.0780062],[121.5516461,25.0778604],[121.5515695,25.0777954],[121.5515338,25.077771],[121.551345,25.0776399],[121.5511609,25.0775476],[121.550999,25.0774796],[121.5506818,25.0773565]]}},{"type":"Feature","properties":{"highway":"tertiary","name":"基湖路","osm_id":730830602},"geometry":{"type":"LineString","coordinates":[[121.5631576,25.0761538],[121.5631562,25.0760833]]}},{"type":"Feature","properties":{"highway":"secondary","name":"樂群一路","osm_id":730830603},"geometry":{"type":"LineString","coordinates":[[121.5631576,25.0761538],[121.5623685,25.0761534],[121.5622177,25.0761602],[121.5620804,25.0761831],[121.5579432,25.0770628],[121.5576301,25.0771199],[121.5573768,25.0771493],[121.5570613,25.0771745],[121.5565373,25.0771852],[121.5564687,25.0771875]]}},{"type":"Feature","properties":{"highway":"secondary","name":"樂群一路","osm_id":730830604},"geometry":{"type":"LineString","coordinates":[[121.5564687,25.0771219],[121.5565353,25.0771199],[121.5570507,25.0771083],[121.5573668,25.0770852],[121.557616,25.0770551],[121.5579132,25.0769996],[121.5620899,25.0761111],[121.5621878,25.0760982],[121.5623296,25.0760897],[121.5631562,25.0760833]]}},{"type":"Feature","properties":{"highway":"tertiary","name":"明水路","osm_id":730830605},"geometry":{"type":"LineString","coordinates":[[121.550867,25.0772556],[121.5510644,25.0773437],[121.5513909,25.0775294],[121.5516561,25.0777013],[121.5518063,25.0778416],[121.5519399,25.0779868],[121.5520605,25.0781477],[121.5521579,25.0783164],[121.5522107,25.0784289],[121.5522607,25.0785472],[121.5523046,25.0787052],[121.5523409,25.0788784],[121.5523607,25.0790802],[121.552363,25.079249],[121.5523414,25.0794346],[121.5522972,25.0796332],[121.5522127,25.0798827],[121.552168,25.0799861]]}},{"type":"Feature","properties":{"highway":"secondary","name":"北安路","osm_id":730830606},"geometry":{"type":"LineString","coordinates":[[121.5331898,25.0779032],[121.533356,25.0779411],[121.5335625,25.0779769],[121.5336248,25.0779769],[121.5349934,25.0778854],[121.535353,25.0778692],[121.5376388,25.0777552],[121.5381263,25.0777285],[121.538956,25.0776747]]}},{"type":"Feature","properties":{"highway":"tertiary","name":"環山路一段","osm_id":732390617},"geometry":{"type":"LineString","coordinates":[[121.5655737,25.082615],[121.5655722,25.0827696],[121.5655701,25.0829978],[121.5655698,25.0830303],[121.5655669,25.0833444],[121.5655626,25.0837938],[121.5655608,25.0839954],[121.5655562,25.0844809],[121.5655553,25.0845767],[121.5655543,25.0846847],[121.5655479,25.0853719],[121.56555,25.0854471],[121.5655464,25.085531],[121.5655645,25.0862804],[121.5655699,25.0863852]]}},{"type":"Feature","properties":{"highway":"tertiary","name":"寧夏路","osm_id":732390618},"geometry":{"type":"LineString","coordinates":[[121.5147663,25.0595047],[121.5147366,25.0595923],[121.5145652,25.0601151]]}},{"type":"Feature","properties":{"highway":"secondary","name":"承德路二段","osm_id":732390620},"geometry":{"type":"LineString","coordinates":[[121.5182174,25.062827],[121.5182117,25.0626823],[121.5181789,25.0616187],[121.5181776,25.0615607],[121.5181674,25.0611817],[121.5181761,25.0609187],[121.5181641,25.0603021],[121.5181645,25.0602139]]}},{"type":"Feature","properties":{"highway":"secondary","name":"北安路","osm_id":732411485},"geometry":{"type":"LineString","coordinates":[[121.5503111,25.0862037],[121.5501685,25.0862491]]}},{"type":"Feature","properties":{"highway":"secondary","name":"北安路","osm_id":732411487},"geometry":{"type":"LineString","coordinates":[[121.555963,25.0846698],[121.5560901,25.0846281]]}},{"type":"Feature","properties":{"highway":"secondary","name":"北安路","osm_id":732411488},"geometry":{"type":"LineString","coordinates":[[121.5553316,25.0848487],[121.555963,25.0846698]]}},{"type":"Feature","properties":{"highway":"secondary","name":"北安路","osm_id":732411489},"geometry":{"type":"LineString","coordinates":[[121.549491,25.0857709],[121.549491,25.0857271],[121.5495059,25.0856299]]}},{"type":"Feature","properties":{"highway":"secondary","name":"北安路","osm_id":732411490},"geometry":{"type":"LineString","coordinates":[[121.5501685,25.0862491],[121.5500178,25.0862585],[121.5498571,25.0862272],[121.5497132,25.0861553],[121.5495982,25.0860489],[121.549522,25.0859171],[121.549491,25.0857709]]}},{"type":"Feature","properties":{"highway":"secondary","name":"北安路","osm_id":732411491},"geometry":{"type":"LineString","coordinates":[[121.55021,25.0852649],[121.5503477,25.0853118],[121.5504621,25.085395]]}},{"type":"Feature","properties":{"highway":"secondary","name":"北安路","osm_id":732411492},"geometry":{"type":"LineString","coordinates":[[121.5495059,25.0856299],[121.5495506,25.085519],[121.5496223,25.0854203],[121.549717,25.0853391],[121.5498299,25.0852799],[121.5499547,25.0852456],[121.5500849,25.0852383],[121.55021,25.0852649]]}},{"type":"Feature","properties":{"highway":"tertiary","name":"基湖路","osm_id":733033727},"geometry":{"type":"LineString","coordinates":[[121.564282,25.0788551],[121.5642409,25.0788089]]}},{"type":"Feature","properties":{"highway":"trunk","name":"堤頂大道二段","osm_id":733033728},"geometry":{"type":"LineString","coordinates":[[121.5625535,25.0805851],[121.5625941,25.0805193],[121.5626591,25.080409],[121.5627413,25.0803005],[121.5627836,25.0802502],[121.5633525,25.0796198],[121.5636592,25.0792938],[121.564059,25.078927],[121.5641227,25.0788856],[121.5642409,25.0788089]]}},{"type":"Feature","properties":{"highway":"secondary","name":"光復南路","osm_id":746296430},"geometry":{"type":"LineString","coordinates":[[121.5576844,25.0449905],[121.5576832,25.0448892],[121.5576741,25.0442792],[121.5576693,25.0439487],[121.5576671,25.0437969],[121.5576632,25.0435239],[121.5576573,25.0431115],[121.5576553,25.0430328],[121.5576423,25.0425264],[121.557638,25.0423402],[121.5576241,25.0417443],[121.5576221,25.0415336],[121.5576181,25.0414157]]}},{"type":"Feature","properties":{"highway":"tertiary","name":"林森北路","osm_id":759988496},"geometry":{"type":"LineString","coordinates":[[121.5254241,25.053892],[121.5254252,25.0539436],[121.5254314,25.0542231],[121.5254333,25.0543063],[121.5254343,25.0543616],[121.5254354,25.0544045],[121.5254436,25.0548272],[121.5254472,25.0549402],[121.525449,25.0550216],[121.5254566,25.0553663],[121.5254575,25.0554053],[121.5254649,25.0557401],[121.5254658,25.0557809],[121.5254669,25.0558328],[121.5254742,25.056162],[121.5254753,25.0562408],[121.5254769,25.0562864],[121.5254846,25.0566367],[121.5254927,25.0570035],[121.5255034,25.0574864],[121.525514,25.0579371],[121.5255153,25.0580539]]}},{"type":"Feature","properties":{"highway":"tertiary","name":"新生北路二段","osm_id":759988500},"geometry":{"type":"LineString","coordinates":[[121.527548,25.0625689],[121.5275394,25.0624597],[121.5275267,25.0616579],[121.5275108,25.0611853],[121.5274796,25.0602616],[121.527459,25.0593629],[121.5274583,25.0593351],[121.5274417,25.0587184],[121.5274377,25.0585167],[121.5274322,25.0581494],[121.5274327,25.0580244]]}},{"type":"Feature","properties":{"highway":"secondary","name":"光復南路","osm_id":764011472},"geometry":{"type":"LineString","coordinates":[[121.5578214,25.0451338],[121.5578168,25.0452444]]}},{"type":"Feature","properties":{"highway":"trunk_link","name":"光復南路入口匝道","osm_id":764011473},"geometry":{"type":"LineString","coordinates":[[121.5570672,25.0450908],[121.556628,25.0449293]]}},{"type":"Feature","properties":{"highway":"secondary","name":"大直橋","osm_id":765770904},"geometry":{"type":"LineString","coordinates":[[121.5443647,25.0724135],[121.5443645,25.0724925],[121.5443753,25.0730156]]}},{"type":"Feature","properties":{"highway":"secondary","name":"濱江街","osm_id":765770905},"geometry":{"type":"LineString","coordinates":[[121.5443647,25.0724135],[121.5442277,25.0724126]]}},{"type":"Feature","properties":{"highway":"tertiary","name":"光復北路","osm_id":769378425},"geometry":{"type":"LineString","coordinates":[[121.5544662,25.0625739],[121.5544767,25.0625165],[121.554553,25.0621306],[121.5545627,25.0620813],[121.5545808,25.0619796],[121.5546031,25.0618473]]}},{"type":"Feature","properties":{"highway":"tertiary","name":"金山南路一段","osm_id":771228577},"geometry":{"type":"LineString","coordinates":[[121.5292564,25.0408271],[121.5292948,25.0409331],[121.5293128,25.0409829]]}},{"type":"Feature","properties":{"highway":"tertiary","name":"金山南路一段","osm_id":771228578},"geometry":{"type":"LineString","coordinates":[[121.5291742,25.0410313],[121.5291588,25.0409681],[121.5291321,25.040858]]}},{"type":"Feature","properties":{"highway":"secondary","name":"舊宗路二段","osm_id":771577725},"geometry":{"type":"LineString","coordinates":[[121.574807,25.0691803],[121.574816,25.0693308]]}},{"type":"Feature","properties":{"highway":"tertiary","name":"撫遠街","osm_id":772891691},"geometry":{"type":"LineString","coordinates":[[121.5663626,25.0617188],[121.5663973,25.0616459],[121.5665231,25.0613865],[121.5666564,25.0611483],[121.5670015,25.0607318],[121.5670451,25.0606793],[121.5670616,25.0606593],[121.567109,25.0606087],[121.5671336,25.0605824],[121.5677312,25.0599188],[121.5677647,25.0598817],[121.5678547,25.0597888],[121.5678976,25.0597436],[121.5681886,25.0594372],[121.5682421,25.0593808],[121.5682787,25.0593423],[121.5683728,25.0592432]]}},{"type":"Feature","properties":{"highway":"tertiary","name":"民生圓環","osm_id":772891695},"geometry":{"type":"LineString","coordinates":[[121.5630247,25.0588142],[121.5630579,25.0587289],[121.5631208,25.0586464],[121.5632063,25.0585828],[121.563308,25.058543],[121.5633945,25.0585305],[121.5634108,25.0585317],[121.5634629,25.0585353],[121.5634938,25.0585375],[121.5635937,25.0585691],[121.5636822,25.0586247],[121.563751,25.0586996],[121.5637951,25.0587886],[121.5638111,25.0588787],[121.5638103,25.0589048],[121.5638097,25.0589234],[121.5638051,25.05895],[121.5638021,25.0589676],[121.5637705,25.0590495],[121.5637078,25.0591329],[121.5636221,25.0591973],[121.56352,25.0592377],[121.5634258,25.0592507],[121.563407,25.0592502],[121.5633771,25.0592493],[121.5633717,25.0592486],[121.563329,25.0592426],[121.5632372,25.0592135],[121.5631466,25.0591577],[121.5630762,25.0590815],[121.5630314,25.0589908],[121.5630162,25.0589084],[121.5630166,25.0588844],[121.563017,25.058861],[121.5630216,25.0588328],[121.5630247,25.0588142]]}},{"type":"Feature","properties":{"highway":"secondary","name":"復興北路","osm_id":772891698},"geometry":{"type":"LineString","coordinates":[[121.5441532,25.0621351],[121.544146,25.0619736]]}},{"type":"Feature","properties":{"highway":"secondary","name":"民權東路三段","osm_id":772891699},"geometry":{"type":"LineString","coordinates":[[121.5438404,25.0622278],[121.5439261,25.0622018],[121.5439622,25.0621898],[121.5440586,25.062158],[121.5441532,25.0621351]]}},{"type":"Feature","properties":{"highway":"secondary","name":"濱江街","osm_id":773061585},"geometry":{"type":"LineString","coordinates":[[121.5347278,25.0730705],[121.5347825,25.073058],[121.5348415,25.0730496],[121.5349149,25.0730432],[121.5354233,25.0730475],[121.5355294,25.0730533],[121.5356314,25.0731019]]}},{"type":"Feature","properties":{"highway":"secondary","name":"濱江街","osm_id":773061587},"geometry":{"type":"LineString","coordinates":[[121.5334798,25.073688],[121.5333831,25.0737274],[121.5332887,25.0737603],[121.533196,25.0737759],[121.5331071,25.0737786],[121.533033,25.0737713]]}},{"type":"Feature","properties":{"highway":"secondary","name":"濱江街","osm_id":773061588},"geometry":{"type":"LineString","coordinates":[[121.533892,25.073482],[121.5334798,25.073688]]}},{"type":"Feature","properties":{"highway":"secondary","name":"濱江街","osm_id":779270991},"geometry":{"type":"LineString","coordinates":[[121.5476376,25.0723346],[121.5473799,25.0723247]]}},{"type":"Feature","properties":{"highway":"secondary","name":"濱江街","osm_id":779270992},"geometry":{"type":"LineString","coordinates":[[121.5476376,25.0723346],[121.547513,25.0723544],[121.5473906,25.0723633],[121.5457071,25.0724025],[121.545021,25.0724119]]}},{"type":"Feature","properties":{"highway":"secondary","name":"濱江街","osm_id":779270993},"geometry":{"type":"LineString","coordinates":[[121.5396125,25.0725771],[121.5388,25.0726038],[121.538594,25.0726025],[121.5384966,25.0726077],[121.5382856,25.0726103],[121.5372872,25.0726499],[121.5368733,25.0726337],[121.5368132,25.0726314],[121.5367682,25.0726296],[121.53662,25.0726238]]}},{"type":"Feature","properties":{"highway":"secondary","name":"濱江街","osm_id":779270994},"geometry":{"type":"LineString","coordinates":[[121.5398924,25.0725691],[121.5396125,25.0725771]]}},{"type":"Feature","properties":{"highway":"secondary","name":"濱江街","osm_id":779270995},"geometry":{"type":"LineString","coordinates":[[121.5399739,25.072564],[121.5398924,25.0725691]]}},{"type":"Feature","properties":{"highway":"secondary","name":"濱江街","osm_id":779270996},"geometry":{"type":"LineString","coordinates":[[121.5467902,25.0723383],[121.5444235,25.07239],[121.5429868,25.0724456],[121.5399739,25.072564]]}},{"type":"Feature","properties":{"highway":"secondary","name":"濱江街","osm_id":779270997},"geometry":{"type":"LineString","coordinates":[[121.5473799,25.0723247],[121.5467902,25.0723383]]}},{"type":"Feature","properties":{"highway":"secondary","name":"濱江街","osm_id":779270998},"geometry":{"type":"LineString","coordinates":[[121.5476376,25.0723346],[121.5474021,25.0722837],[121.5468158,25.0722964],[121.5467872,25.072297],[121.5466778,25.072266]]}},{"type":"Feature","properties":{"highway":"secondary","name":"濱江街","osm_id":779270999},"geometry":{"type":"LineString","coordinates":[[121.5466778,25.072266],[121.5445421,25.0723097],[121.5445133,25.0723103],[121.5443592,25.0723136]]}},{"type":"Feature","properties":{"highway":"secondary","name":"","osm_id":779271000},"geometry":{"type":"LineString","coordinates":[[121.5443592,25.0723136],[121.5443647,25.0724135]]}},{"type":"Feature","properties":{"highway":"secondary","name":"","osm_id":779271001},"geometry":{"type":"LineString","coordinates":[[121.5442247,25.0721949],[121.5442453,25.072086],[121.5442554,25.0713856]]}},{"type":"Feature","properties":{"highway":"secondary","name":"濱江街","osm_id":779271002},"geometry":{"type":"LineString","coordinates":[[121.5442247,25.0721949],[121.544261,25.0721938],[121.5443588,25.0721908]]}},{"type":"Feature","properties":{"highway":"secondary","name":"濱江街","osm_id":779271004},"geometry":{"type":"LineString","coordinates":[[121.5401645,25.0724796],[121.5421765,25.0723908],[121.5422937,25.0723856],[121.5423588,25.0723827]]}},{"type":"Feature","properties":{"highway":"secondary","name":"濱江街","osm_id":779271005},"geometry":{"type":"LineString","coordinates":[[121.54718,25.0721754],[121.5472543,25.0721741],[121.5476944,25.0721665],[121.5478981,25.072163],[121.5484383,25.0721536],[121.5487512,25.0721482],[121.5489998,25.0721439],[121.5498301,25.0721313],[121.5499593,25.0721293],[121.5501816,25.0721279],[121.5503458,25.0721298],[121.5506783,25.0721337],[121.551055,25.0721443],[121.5510809,25.072145],[121.5511243,25.0721463],[121.5512076,25.0721508],[121.5513702,25.0721539]]}},{"type":"Feature","properties":{"highway":"secondary","name":"濱江街","osm_id":779271006},"geometry":{"type":"LineString","coordinates":[[121.5394007,25.0723968],[121.5396111,25.0723563],[121.5399449,25.0723371],[121.5408011,25.0723114],[121.5412314,25.0722961],[121.5418057,25.0722738],[121.5419311,25.0722884]]}},{"type":"Feature","properties":{"highway":"secondary","name":"濱江街","osm_id":779271007},"geometry":{"type":"LineString","coordinates":[[121.5469746,25.0721695],[121.54718,25.0721754]]}},{"type":"Feature","properties":{"highway":"secondary","name":"濱江街","osm_id":779271008},"geometry":{"type":"LineString","coordinates":[[121.5468255,25.0721739],[121.5469746,25.0721695]]}},{"type":"Feature","properties":{"highway":"secondary","name":"濱江跨越橋","osm_id":779271009},"geometry":{"type":"LineString","coordinates":[[121.5399488,25.072402],[121.542962,25.0722749],[121.544406,25.0722248],[121.5468255,25.0721739]]}},{"type":"Feature","properties":{"highway":"secondary","name":"濱江街","osm_id":779271010},"geometry":{"type":"LineString","coordinates":[[121.5394007,25.0723968],[121.539628,25.0724086],[121.5399488,25.072402]]}},{"type":"Feature","properties":{"highway":"secondary","name":"濱江街","osm_id":779271011},"geometry":{"type":"LineString","coordinates":[[121.5424254,25.072272],[121.5426161,25.0722658]]}},{"type":"Feature","properties":{"highway":"secondary","name":"濱江街","osm_id":779271012},"geometry":{"type":"LineString","coordinates":[[121.5419311,25.0722884],[121.5422007,25.0722795],[121.5423155,25.0722756],[121.5424254,25.072272]]}},{"type":"Feature","properties":{"highway":"secondary_link","name":"","osm_id":779271014},"geometry":{"type":"LineString","coordinates":[[121.5423015,25.0724975],[121.5423588,25.0723827]]}},{"type":"Feature","properties":{"highway":"secondary","name":"濱江街","osm_id":779271015},"geometry":{"type":"LineString","coordinates":[[121.5423015,25.0724975],[121.5422637,25.0725012],[121.5419055,25.0725367],[121.5398878,25.0726158],[121.5396125,25.0725771]]}},{"type":"Feature","properties":{"highway":"secondary","name":"濱江街","osm_id":779271016},"geometry":{"type":"LineString","coordinates":[[121.545021,25.0724119],[121.5445936,25.0724131],[121.5445533,25.0724135],[121.5445156,25.0724143],[121.5443647,25.0724135]]}},{"type":"Feature","properties":{"highway":"secondary","name":"濱江街","osm_id":779271017},"geometry":{"type":"LineString","coordinates":[[121.5394007,25.0723968],[121.5396109,25.0724549],[121.5400234,25.0724452],[121.5401645,25.0724796]]}},{"type":"Feature","properties":{"highway":"secondary","name":"濱江街","osm_id":779271018},"geometry":{"type":"LineString","coordinates":[[121.5442257,25.072318],[121.5443592,25.0723136]]}},{"type":"Feature","properties":{"highway":"secondary","name":"","osm_id":779271019},"geometry":{"type":"LineString","coordinates":[[121.5442257,25.072318],[121.5442254,25.0722842],[121.5442249,25.0722234],[121.5442247,25.0721949]]}},{"type":"Feature","properties":{"highway":"secondary","name":"濱江街","osm_id":779271021},"geometry":{"type":"LineString","coordinates":[[121.5466778,25.072266],[121.5467725,25.0722302],[121.5469983,25.0722269],[121.54718,25.0721754]]}},{"type":"Feature","properties":{"highway":"secondary","name":"濱江街","osm_id":779271022},"geometry":{"type":"LineString","coordinates":[[121.5423588,25.0723827],[121.5424944,25.0723781],[121.5441057,25.0723229],[121.5442257,25.072318]]}},{"type":"Feature","properties":{"highway":"secondary_link","name":"","osm_id":779271023},"geometry":{"type":"LineString","coordinates":[[121.5423588,25.0723827],[121.5424254,25.072272]]}},{"type":"Feature","properties":{"highway":"secondary","name":"濱江街","osm_id":779271025},"geometry":{"type":"LineString","coordinates":[[121.5401645,25.0724796],[121.5400199,25.0725142],[121.5398055,25.0725242],[121.5396125,25.0725771]]}},{"type":"Feature","properties":{"highway":"secondary","name":"濱江街","osm_id":779271027},"geometry":{"type":"LineString","coordinates":[[121.5426161,25.0722658],[121.5432693,25.0722261],[121.5439785,25.0722018],[121.5440135,25.0722005],[121.5441038,25.0721975],[121.5442247,25.0721949]]}},{"type":"Feature","properties":{"highway":"tertiary","name":"新生北路三段","osm_id":793191066},"geometry":{"type":"LineString","coordinates":[[121.527779,25.0707177],[121.5277778,25.0706827],[121.5277755,25.070617],[121.5277042,25.0685451],[121.5277023,25.0684903],[121.5277003,25.0684311],[121.5276998,25.0683786],[121.5276981,25.0683068]]}},{"type":"Feature","properties":{"highway":"tertiary","name":"建國北路三段","osm_id":793234597},"geometry":{"type":"LineString","coordinates":[[121.5352931,25.0668037],[121.5347175,25.067242],[121.5346692,25.0672787],[121.5346464,25.0672961],[121.5345643,25.0673586]]}},{"type":"Feature","properties":{"highway":"secondary","name":"舊宗路一段","osm_id":793234603},"geometry":{"type":"LineString","coordinates":[[121.5752225,25.065643],[121.5751306,25.0658255],[121.5750545,25.0659506]]}},{"type":"Feature","properties":{"highway":"primary","name":"忠孝東路五段","osm_id":793234604},"geometry":{"type":"LineString","coordinates":[[121.5719296,25.0409151],[121.5720665,25.0409124],[121.5724673,25.0409044],[121.5739622,25.0408746],[121.5740306,25.0408732],[121.5741373,25.0408711],[121.5752688,25.0408486],[121.5754221,25.0408455],[121.5755007,25.0408439],[121.5761831,25.0408303]]}},{"type":"Feature","properties":{"highway":"primary","name":"忠孝東路五段","osm_id":793234605},"geometry":{"type":"LineString","coordinates":[[121.5650887,25.0410894],[121.5659218,25.0410578],[121.5659962,25.041055],[121.566141,25.0410496]]}},{"type":"Feature","properties":{"highway":"secondary","name":"塔悠路","osm_id":793234606},"geometry":{"type":"LineString","coordinates":[[121.5722042,25.0499765],[121.5722652,25.0499185]]}},{"type":"Feature","properties":{"highway":"tertiary","name":"八德路四段","osm_id":793234607},"geometry":{"type":"LineString","coordinates":[[121.5723518,25.0500466],[121.5722042,25.0499765]]}},{"type":"Feature","properties":{"highway":"secondary","name":"民權東路六段","osm_id":793234609},"geometry":{"type":"LineString","coordinates":[[121.5749402,25.0659477],[121.5748581,25.0659212],[121.5741287,25.0656818],[121.5724177,25.0651155]]}},{"type":"Feature","properties":{"highway":"tertiary_link","name":"","osm_id":801414441},"geometry":{"type":"LineString","coordinates":[[121.5189535,25.0484792],[121.5189134,25.0484543],[121.5188882,25.0484209],[121.5188715,25.0483862],[121.5188688,25.0483504],[121.5188852,25.0483164],[121.5189013,25.0482935]]}},{"type":"Feature","properties":{"highway":"tertiary_link","name":"","osm_id":801414442},"geometry":{"type":"LineString","coordinates":[[121.5186117,25.0483347],[121.5186489,25.0483489],[121.5186854,25.0483732],[121.5187075,25.0484066],[121.5187042,25.0484528],[121.5186941,25.0484868],[121.5186683,25.0485227]]}},{"type":"Feature","properties":{"highway":"tertiary","name":"市民大道六段","osm_id":802123172},"geometry":{"type":"LineString","coordinates":[[121.5716557,25.0492259],[121.5721306,25.0492216],[121.5722271,25.0492208]]}},{"type":"Feature","properties":{"highway":"tertiary","name":"市民大道六段","osm_id":802123173},"geometry":{"type":"LineString","coordinates":[[121.5693973,25.0491449],[121.5690695,25.0491441]]}},{"type":"Feature","properties":{"highway":"tertiary","name":"市民大道六段","osm_id":802123174},"geometry":{"type":"LineString","coordinates":[[121.5717737,25.0494734],[121.5714564,25.0494655],[121.5708225,25.0494035],[121.5705636,25.0493532],[121.5703492,25.0492993],[121.5701852,25.0492653],[121.5696237,25.0491681],[121.569581,25.0491607],[121.5695445,25.0491593],[121.5693973,25.0491449]]}},{"type":"Feature","properties":{"highway":"secondary_link","name":"","osm_id":812596117},"geometry":{"type":"LineString","coordinates":[[121.5643716,25.0705234],[121.5643765,25.070666]]}},{"type":"Feature","properties":{"highway":"secondary_link","name":"","osm_id":812596118},"geometry":{"type":"LineString","coordinates":[[121.5578348,25.0719469],[121.5578924,25.0721182]]}},{"type":"Feature","properties":{"highway":"secondary","name":"內湖路一段","osm_id":816944388},"geometry":{"type":"LineString","coordinates":[[121.5740981,25.0804175],[121.575399,25.0799144],[121.5757403,25.0797813],[121.5763483,25.0795441],[121.5766994,25.0794046],[121.5767674,25.0793776]]}},{"type":"Feature","properties":{"highway":"tertiary","name":"瑞光路","osm_id":816944389},"geometry":{"type":"LineString","coordinates":[[121.5739786,25.0768426],[121.5739547,25.0768529],[121.5739073,25.0768735],[121.5737762,25.0769302],[121.573373,25.0771033],[121.5729066,25.0773036],[121.5728286,25.0773405]]}},{"type":"Feature","properties":{"highway":"tertiary","name":"劍潭路","osm_id":820819909},"geometry":{"type":"LineString","coordinates":[[121.5248884,25.0842789],[121.5248588,25.0842839],[121.5247866,25.0842853]]}},{"type":"Feature","properties":{"highway":"tertiary","name":"劍潭路","osm_id":820819910},"geometry":{"type":"LineString","coordinates":[[121.5250618,25.0842446],[121.5248884,25.0842789]]}},{"type":"Feature","properties":{"highway":"tertiary","name":"劍潭路","osm_id":820819911},"geometry":{"type":"LineString","coordinates":[[121.5248446,25.0840942],[121.5250178,25.0840585]]}},{"type":"Feature","properties":{"highway":"tertiary","name":"劍潭路","osm_id":820819912},"geometry":{"type":"LineString","coordinates":[[121.5247287,25.0841103],[121.5248118,25.0841006],[121.5248446,25.0840942]]}},{"type":"Feature","properties":{"highway":"primary","name":"中山北路四段","osm_id":822577904},"geometry":{"type":"LineString","coordinates":[[121.5251796,25.0768348],[121.5252538,25.0766949],[121.5253297,25.0765492]]}},{"type":"Feature","properties":{"highway":"primary","name":"中山北路五段","osm_id":822577906},"geometry":{"type":"LineString","coordinates":[[121.5254202,25.0827567],[121.5254759,25.0830969],[121.5255086,25.0841377]]}},{"type":"Feature","properties":{"highway":"primary","name":"中山北路五段","osm_id":822577908},"geometry":{"type":"LineString","coordinates":[[121.5244279,25.0798695],[121.5243975,25.0799953],[121.5243543,25.0801989],[121.5243279,25.0803627],[121.5243231,25.0804888],[121.5243311,25.0806301],[121.5243447,25.0807678]]}},{"type":"Feature","properties":{"highway":"primary","name":"中山北路四段","osm_id":822577915},"geometry":{"type":"LineString","coordinates":[[121.5250727,25.0770641],[121.5251548,25.0768851],[121.5251796,25.0768348]]}},{"type":"Feature","properties":{"highway":"primary","name":"中山北路五段","osm_id":822577917},"geometry":{"type":"LineString","coordinates":[[121.5254272,25.0841363],[121.525404,25.083709],[121.5254056,25.0832626],[121.5253864,25.0829945],[121.5253304,25.0827018],[121.5252984,25.0825612],[121.5252328,25.0823772]]}},{"type":"Feature","properties":{"highway":"tertiary","name":"市民大道一段","osm_id":822920808},"geometry":{"type":"LineString","coordinates":[[121.5186683,25.0485227],[121.518121,25.0486083],[121.5180661,25.0486167],[121.5173754,25.0487227],[121.5165498,25.0488523]]}},{"type":"Feature","properties":{"highway":"tertiary","name":"市民大道一段","osm_id":822920809},"geometry":{"type":"LineString","coordinates":[[121.518054,25.0484091],[121.5180689,25.0484068],[121.5186117,25.0483347]]}},{"type":"Feature","properties":{"highway":"tertiary","name":"民生東路二段","osm_id":823329839},"geometry":{"type":"LineString","coordinates":[[121.5277613,25.0580194],[121.5277826,25.058019],[121.527889,25.0580174],[121.5288423,25.0580028],[121.5288959,25.0580019],[121.528993,25.0580004],[121.5301143,25.0579832],[121.5302095,25.0579817]]}},{"type":"Feature","properties":{"highway":"tertiary","name":"庫倫街","osm_id":824598114},"geometry":{"type":"LineString","coordinates":[[121.5201315,25.0718571],[121.520099,25.0718635],[121.5200368,25.071875]]}},{"type":"Feature","properties":{"highway":"tertiary","name":"庫倫街","osm_id":824598115},"geometry":{"type":"LineString","coordinates":[[121.5204013,25.0718362],[121.5203334,25.0718309],[121.5202962,25.0718363]]}},{"type":"Feature","properties":{"highway":"secondary_link","name":"","osm_id":824890737},"geometry":{"type":"LineString","coordinates":[[121.5492306,25.086259],[121.5493552,25.0862636],[121.5494275,25.0862812],[121.5496541,25.0863991],[121.5497,25.0864487],[121.5497623,25.0865585]]}},{"type":"Feature","properties":{"highway":"tertiary","name":"長春路","osm_id":827859751},"geometry":{"type":"LineString","coordinates":[[121.5370857,25.0547341],[121.5366257,25.0547615]]}},{"type":"Feature","properties":{"highway":"tertiary","name":"建國北路二段","osm_id":827859752},"geometry":{"type":"LineString","coordinates":[[121.5370818,25.0561826],[121.5370827,25.056288],[121.5370882,25.0569632],[121.5371139,25.0576809]]}},{"type":"Feature","properties":{"highway":"tertiary_link","name":"市民大道六段","osm_id":832423539},"geometry":{"type":"LineString","coordinates":[[121.5717737,25.0494734],[121.5715006,25.0494932],[121.5714159,25.0494934],[121.5712929,25.0494929],[121.5712444,25.0495156],[121.5712203,25.0495557],[121.571209,25.0497436],[121.5712044,25.0497821],[121.5711967,25.0498478]]}},{"type":"Feature","properties":{"highway":"secondary","name":"承德路四段","osm_id":834699499},"geometry":{"type":"LineString","coordinates":[[121.5214713,25.0887922],[121.52154,25.0887236],[121.5215623,25.0886959],[121.5216536,25.0885464],[121.5218773,25.088205],[121.522396,25.0873833],[121.5226219,25.0870133],[121.5227566,25.0867731],[121.5230203,25.0862628],[121.5231168,25.0860179],[121.5232034,25.0857563],[121.5232771,25.0854223],[121.5233778,25.0848913],[121.5233887,25.0847791],[121.5234319,25.0843171],[121.523445,25.0842105]]}},{"type":"Feature","properties":{"highway":"secondary_link","name":"","osm_id":846770308},"geometry":{"type":"LineString","coordinates":[[121.5358564,25.07267],[121.5358744,25.0726177],[121.5359202,25.0725765],[121.5359798,25.0725503],[121.5360491,25.0725322],[121.5360891,25.0725252],[121.5361503,25.0724846]]}},{"type":"Feature","properties":{"highway":"secondary","name":"濱江街","osm_id":846770309},"geometry":{"type":"LineString","coordinates":[[121.53662,25.0726238],[121.5361808,25.0725972],[121.5360999,25.0725993],[121.5360358,25.072607],[121.5359543,25.0726256],[121.5359089,25.0726511],[121.5358564,25.07267]]}},{"type":"Feature","properties":{"highway":"secondary","name":"濱江街","osm_id":846770310},"geometry":{"type":"LineString","coordinates":[[121.5341249,25.0733556],[121.533892,25.073482]]}},{"type":"Feature","properties":{"highway":"secondary","name":"濱江街","osm_id":846770311},"geometry":{"type":"LineString","coordinates":[[121.533033,25.0737713],[121.5329425,25.0737786],[121.5328726,25.0737691],[121.5327897,25.0737428]]}},{"type":"Feature","properties":{"highway":"secondary","name":"濱江街","osm_id":846770312},"geometry":{"type":"LineString","coordinates":[[121.5328603,25.0737004],[121.5329411,25.0737247],[121.533033,25.0737713]]}},{"type":"Feature","properties":{"highway":"secondary","name":"濱江街","osm_id":846770313},"geometry":{"type":"LineString","coordinates":[[121.5327897,25.0737428],[121.5324426,25.0736364]]}},{"type":"Feature","properties":{"highway":"secondary","name":"濱江街","osm_id":846770314},"geometry":{"type":"LineString","coordinates":[[121.5324848,25.0735896],[121.5328603,25.0737004]]}},{"type":"Feature","properties":{"highway":"secondary","name":"濱江街","osm_id":846770315},"geometry":{"type":"LineString","coordinates":[[121.5324426,25.0736364],[121.5323717,25.0736118],[121.5322576,25.0735647],[121.5321644,25.0735107],[121.5320825,25.0734469],[121.5320248,25.0733913],[121.5319659,25.0733207],[121.5319322,25.0732706],[121.5318904,25.0731958],[121.5318433,25.0731022]]}},{"type":"Feature","properties":{"highway":"secondary","name":"濱江街","osm_id":846770316},"geometry":{"type":"LineString","coordinates":[[121.5315365,25.0722431],[121.5315914,25.0723785]]}},{"type":"Feature","properties":{"highway":"secondary","name":"承德路三段","osm_id":857513616},"geometry":{"type":"LineString","coordinates":[[121.5202163,25.0751456],[121.520226,25.0752271]]}},{"type":"Feature","properties":{"highway":"tertiary","name":"敦煌路","osm_id":857513617},"geometry":{"type":"LineString","coordinates":[[121.5202163,25.0751456],[121.5203257,25.0751155],[121.5211565,25.0748896],[121.5212915,25.0748971]]}},{"type":"Feature","properties":{"highway":"trunk_link","name":"大直入口匝道","osm_id":858961973},"geometry":{"type":"LineString","coordinates":[[121.5252439,25.0768717],[121.5251796,25.0768348],[121.5251419,25.0768096],[121.5251104,25.0767887],[121.5250828,25.0767649]]}},{"type":"Feature","properties":{"highway":"secondary","name":"明水路","osm_id":860377094},"geometry":{"type":"LineString","coordinates":[[121.544557,25.0774222],[121.5446049,25.077423],[121.5476846,25.0773479],[121.5479916,25.0773375],[121.5481894,25.0773228],[121.550867,25.0772556]]}},{"type":"Feature","properties":{"highway":"secondary","name":"南京東路三段","osm_id":866002956},"geometry":{"type":"LineString","coordinates":[[121.5370268,25.0520644],[121.5365418,25.0520765]]}},{"type":"Feature","properties":{"highway":"secondary","name":"北安路","osm_id":866318724},"geometry":{"type":"LineString","coordinates":[[121.5504621,25.085395],[121.5506389,25.0854896],[121.550805,25.0855568]]}},{"type":"Feature","properties":{"highway":"secondary","name":"北安路","osm_id":866318725},"geometry":{"type":"LineString","coordinates":[[121.5493712,25.0841136],[121.549387,25.0841819],[121.54944,25.0843576],[121.549524,25.0845381]]}},{"type":"Feature","properties":{"highway":"secondary_link","name":"","osm_id":866318726},"geometry":{"type":"LineString","coordinates":[[121.5518649,25.0773048],[121.5517312,25.0773423],[121.5513993,25.0773776],[121.5513644,25.0773879],[121.5513504,25.0774043],[121.5513537,25.0774292],[121.5513909,25.0775294]]}},{"type":"Feature","properties":{"highway":"secondary","name":"北安路","osm_id":866318728},"geometry":{"type":"LineString","coordinates":[[121.547102,25.0799255],[121.5469146,25.0799208],[121.5448033,25.0798123],[121.5447414,25.0798086],[121.5444732,25.0797733],[121.544366,25.0797591]]}},{"type":"Feature","properties":{"highway":"secondary","name":"北安路","osm_id":866318730},"geometry":{"type":"LineString","coordinates":[[121.5444891,25.0796797],[121.5447188,25.0797066],[121.5448157,25.0797175],[121.5450323,25.0797276],[121.5451777,25.0797337],[121.5459616,25.0797782],[121.5469229,25.0798262],[121.5471344,25.0798336]]}},{"type":"Feature","properties":{"highway":"secondary_link","name":"","osm_id":866318746},"geometry":{"type":"LineString","coordinates":[[121.549524,25.0845381],[121.5496364,25.0846491],[121.5497497,25.0847942],[121.5499462,25.0849892],[121.5501326,25.0851276],[121.5507013,25.0854629],[121.550805,25.0855568]]}},{"type":"Feature","properties":{"highway":"tertiary","name":"敬業三路","osm_id":882789873},"geometry":{"type":"LineString","coordinates":[[121.5563066,25.0847342],[121.5562841,25.084572]]}},{"type":"Feature","properties":{"highway":"secondary","name":"北安路","osm_id":882789874},"geometry":{"type":"LineString","coordinates":[[121.5560901,25.0846281],[121.556231,25.0845859],[121.5562841,25.084572]]}},{"type":"Feature","properties":{"highway":"tertiary","name":"松仁路","osm_id":904425959},"geometry":{"type":"LineString","coordinates":[[121.5685218,25.0390749],[121.5685237,25.0391813],[121.5685545,25.0404859],[121.5685648,25.0409029],[121.5685671,25.0409822]]}},{"type":"Feature","properties":{"highway":"secondary","name":"承德路一段","osm_id":904425963},"geometry":{"type":"LineString","coordinates":[[121.5169549,25.0509118],[121.5169246,25.0508098],[121.5168336,25.0504617],[121.5167054,25.0500072],[121.5166839,25.0499169],[121.5166174,25.0496875],[121.5165924,25.0495968],[121.5164727,25.0491626],[121.5163898,25.048876]]}},{"type":"Feature","properties":{"highway":"tertiary","name":"長安西路","osm_id":904425964},"geometry":{"type":"LineString","coordinates":[[121.5154408,25.0512603],[121.5155372,25.0512381],[121.5158685,25.0511619],[121.5161146,25.0511052],[121.5165297,25.0510044],[121.5168095,25.0509453],[121.5169549,25.0509118]]}},{"type":"Feature","properties":{"highway":"secondary","name":"承德路二段","osm_id":904425965},"geometry":{"type":"LineString","coordinates":[[121.5176462,25.0533148],[121.5176005,25.0532381]]}},{"type":"Feature","properties":{"highway":"secondary","name":"南京西路","osm_id":904425966},"geometry":{"type":"LineString","coordinates":[[121.5177952,25.0532818],[121.5176462,25.0533148]]}},{"type":"Feature","properties":{"highway":"tertiary","name":"林森北路","osm_id":905113646},"geometry":{"type":"LineString","coordinates":[[121.5237959,25.0463474],[121.5238283,25.0464637],[121.5238389,25.0465018],[121.5241414,25.0475877],[121.5241498,25.0476179],[121.5241783,25.04772]]}},{"type":"Feature","properties":{"highway":"tertiary","name":"林森北路","osm_id":905113648},"geometry":{"type":"LineString","coordinates":[[121.5237959,25.0463474],[121.5237538,25.0462034],[121.5237425,25.0461645],[121.5236842,25.0459651],[121.5236439,25.0458274],[121.5235084,25.0453636],[121.5234077,25.0450191],[121.523402,25.0449995],[121.5233641,25.0448699]]}},{"type":"Feature","properties":{"highway":"tertiary","name":"建國北路三段","osm_id":905113649},"geometry":{"type":"LineString","coordinates":[[121.5342509,25.06699],[121.5343142,25.0669414],[121.5349335,25.0664651]]}},{"type":"Feature","properties":{"highway":"tertiary","name":"林森北路","osm_id":905113651},"geometry":{"type":"LineString","coordinates":[[121.5245753,25.0491466],[121.5246473,25.0492561],[121.5247917,25.0497617],[121.5248142,25.0498447],[121.5249354,25.05028],[121.5249543,25.0503479],[121.5250615,25.0507347],[121.5251685,25.0511199],[121.5252564,25.0514361],[121.5253534,25.0517854],[121.5253944,25.0519312],[121.5254102,25.0520419]]}},{"type":"Feature","properties":{"highway":"trunk","name":"市民大道高架道路","osm_id":906806085},"geometry":{"type":"LineString","coordinates":[[121.5423481,25.0446409],[121.545346,25.044987]]}},{"type":"Feature","properties":{"highway":"tertiary","name":"市民大道三段","osm_id":906806086},"geometry":{"type":"LineString","coordinates":[[121.5376953,25.0448085],[121.5369705,25.0448399],[121.5369106,25.0448425]]}},{"type":"Feature","properties":{"highway":"trunk","name":"市民大道高架道路","osm_id":906806087},"geometry":{"type":"LineString","coordinates":[[121.5454434,25.0450811],[121.5423394,25.0447574]]}},{"type":"Feature","properties":{"highway":"trunk","name":"建國快速道路","osm_id":906806093},"geometry":{"type":"LineString","coordinates":[[121.5372819,25.0411227],[121.5373,25.0410772],[121.5375072,25.0405881],[121.5376574,25.0401409],[121.5377755,25.0396646],[121.5378184,25.0392952],[121.5378506,25.0388092],[121.5378224,25.0377958]]}},{"type":"Feature","properties":{"highway":"tertiary","name":"長安西路","osm_id":906806094},"geometry":{"type":"LineString","coordinates":[[121.5169549,25.0509118],[121.5171257,25.0508746]]}},{"type":"Feature","properties":{"highway":"secondary","name":"承德路一段","osm_id":906806095},"geometry":{"type":"LineString","coordinates":[[121.5167625,25.0496525],[121.5168272,25.0498871],[121.5168503,25.0499715],[121.5169809,25.0504493],[121.5170727,25.0507809],[121.5171257,25.0508746]]}},{"type":"Feature","properties":{"highway":"secondary","name":"承德路一段","osm_id":906806098},"geometry":{"type":"LineString","coordinates":[[121.5165498,25.0488523],[121.5166635,25.0492885],[121.5167391,25.0495649],[121.5167625,25.0496525]]}},{"type":"Feature","properties":{"highway":"tertiary","name":"市民大道一段","osm_id":906806101},"geometry":{"type":"LineString","coordinates":[[121.5165498,25.0488523],[121.5163898,25.048876]]}},{"type":"Feature","properties":{"highway":"trunk_link","name":"光復南路入口匝道","osm_id":906877159},"geometry":{"type":"LineString","coordinates":[[121.556628,25.0449293],[121.5555042,25.0446961],[121.5549892,25.0446353]]}},{"type":"Feature","properties":{"highway":"primary","name":"忠孝東路一段","osm_id":909299062},"geometry":{"type":"LineString","coordinates":[[121.5251197,25.0444362],[121.5249728,25.0444726],[121.5236017,25.0448123],[121.5235224,25.0448286],[121.5233641,25.0448699]]}},{"type":"Feature","properties":{"highway":"tertiary","name":"林森北路","osm_id":909299063},"geometry":{"type":"LineString","coordinates":[[121.5233641,25.0448699],[121.5233288,25.044749]]}},{"type":"Feature","properties":{"highway":"tertiary","name":"建國北路二段","osm_id":910567290},"geometry":{"type":"LineString","coordinates":[[121.5372376,25.0618285],[121.5372447,25.0622147],[121.5372497,25.0623138]]}},{"type":"Feature","properties":{"highway":"trunk","name":"建國快速道路","osm_id":910567291},"geometry":{"type":"LineString","coordinates":[[121.5366887,25.0444713],[121.5367272,25.045687],[121.5367965,25.0478729],[121.5368096,25.0485636],[121.5368667,25.0515793],[121.5369436,25.055092],[121.5369338,25.0559506],[121.5369678,25.0582505]]}},{"type":"Feature","properties":{"highway":"trunk","name":"建國快速道路","osm_id":910567292},"geometry":{"type":"LineString","coordinates":[[121.5375683,25.0407428],[121.5374643,25.0409866],[121.5372712,25.0414629],[121.537003,25.0421036],[121.5369107,25.042355],[121.5368327,25.0426225],[121.5367348,25.0431542],[121.5366811,25.0437277],[121.5366785,25.0441502],[121.5366887,25.0444713]]}},{"type":"Feature","properties":{"highway":"primary_link","name":"","osm_id":910567293},"geometry":{"type":"LineString","coordinates":[[121.5373088,25.0416279],[121.5372466,25.0417778]]}},{"type":"Feature","properties":{"highway":"primary","name":"忠孝東路三段","osm_id":910567294},"geometry":{"type":"LineString","coordinates":[[121.5372466,25.0417778],[121.5369054,25.0418106]]}},{"type":"Feature","properties":{"highway":"secondary","name":"基隆路一段","osm_id":910959589},"geometry":{"type":"LineString","coordinates":[[121.5671248,25.0458603],[121.5670629,25.0457318]]}},{"type":"Feature","properties":{"highway":"secondary","name":"基隆路一段","osm_id":910959592},"geometry":{"type":"LineString","coordinates":[[121.5685581,25.0482627],[121.5685182,25.0481969],[121.5672562,25.0461163],[121.5672131,25.0460453],[121.5672014,25.0460259],[121.5671537,25.045917],[121.5671248,25.0458603]]}},{"type":"Feature","properties":{"highway":"secondary","name":"基隆路一段","osm_id":910959593},"geometry":{"type":"LineString","coordinates":[[121.5687763,25.0481134],[121.5689532,25.0484116],[121.5692638,25.0489221],[121.5692839,25.048955],[121.5693027,25.0489863],[121.5693364,25.0490413]]}},{"type":"Feature","properties":{"highway":"secondary_link","name":"","osm_id":910959594},"geometry":{"type":"LineString","coordinates":[[121.5685581,25.0482627],[121.5687763,25.0481134]]}},{"type":"Feature","properties":{"highway":"trunk","name":"建國快速道路","osm_id":910959595},"geometry":{"type":"LineString","coordinates":[[121.5368832,25.0582448],[121.5368454,25.0572071],[121.536824,25.0561259],[121.5368023,25.0540286],[121.536801,25.0539741],[121.5367674,25.0526117],[121.5367285,25.0510305],[121.536695,25.0492369],[121.5366785,25.0478924],[121.536608,25.0456861]]}},{"type":"Feature","properties":{"highway":"tertiary","name":"建國北路二段","osm_id":910959596},"geometry":{"type":"LineString","coordinates":[[121.5367986,25.0623173],[121.5367961,25.062234],[121.5367939,25.0617554]]}},{"type":"Feature","properties":{"highway":"secondary","name":"舊宗路二段","osm_id":911605210},"geometry":{"type":"LineString","coordinates":[[121.5746758,25.0708088],[121.574716,25.0704286],[121.5747051,25.0699787]]}},{"type":"Feature","properties":{"highway":"secondary","name":"舊宗路二段","osm_id":911605211},"geometry":{"type":"LineString","coordinates":[[121.5740812,25.0721052],[121.5742282,25.0718981],[121.5743577,25.0716945],[121.5744034,25.0716059],[121.574451,25.0715046],[121.5745147,25.0713475],[121.5745769,25.071194],[121.5746274,25.0710404],[121.5746629,25.0708898],[121.5746758,25.0708088]]}},{"type":"Feature","properties":{"highway":"trunk","name":"堤頂大道一段","osm_id":911605212},"geometry":{"type":"LineString","coordinates":[[121.5732617,25.0708169],[121.5732549,25.0719907],[121.5732432,25.0721756],[121.5732261,25.0723582],[121.5731862,25.0726297],[121.5731681,25.0727182],[121.5731407,25.0728337],[121.5730886,25.0730585],[121.5730168,25.0732929],[121.5729488,25.0734869],[121.572855,25.0737146],[121.5727544,25.0739333],[121.5726729,25.0740861],[121.5725296,25.0743295]]}},{"type":"Feature","properties":{"highway":"secondary","name":"敦化北路","osm_id":949910241},"geometry":{"type":"LineString","coordinates":[[121.5507789,25.0632572],[121.5507665,25.0631817],[121.5507682,25.0630977]]}},{"type":"Feature","properties":{"highway":"secondary","name":"敦化北路","osm_id":949910247},"geometry":{"type":"LineString","coordinates":[[121.5531517,25.0631648],[121.5531455,25.0633038]]}},{"type":"Feature","properties":{"highway":"secondary","name":"中正路","osm_id":981970576},"geometry":{"type":"LineString","coordinates":[[121.5177828,25.0917752],[121.5178261,25.0918053],[121.5184786,25.0922589],[121.51861,25.0923502],[121.518695,25.0924093]]}},{"type":"Feature","properties":{"highway":"secondary","name":"中正路","osm_id":981970577},"geometry":{"type":"LineString","coordinates":[[121.5176583,25.0919227],[121.5174785,25.0918048],[121.5172005,25.0916225]]}},{"type":"Feature","properties":{"highway":"secondary","name":"承德路四段","osm_id":981970578},"geometry":{"type":"LineString","coordinates":[[121.5222206,25.0802276],[121.5222692,25.0802971],[121.5224752,25.0806825],[121.5225095,25.080744]]}},{"type":"Feature","properties":{"highway":"secondary","name":"南京西路","osm_id":1005508437},"geometry":{"type":"LineString","coordinates":[[121.5176005,25.0532381],[121.5177714,25.0531982],[121.5179088,25.0531661],[121.5188804,25.0529392]]}},{"type":"Feature","properties":{"highway":"secondary","name":"南京西路","osm_id":1005508440},"geometry":{"type":"LineString","coordinates":[[121.5189567,25.0530132],[121.5179328,25.05325],[121.5177952,25.0532818]]}},{"type":"Feature","properties":{"highway":"tertiary","name":"長安西路","osm_id":1012478862},"geometry":{"type":"LineString","coordinates":[[121.5171257,25.0508746],[121.5172546,25.0508447],[121.5175541,25.0507754],[121.517753,25.0507293],[121.5181692,25.050633],[121.5182579,25.0506124]]}},{"type":"Feature","properties":{"highway":"secondary","name":"民權東路二段","osm_id":1014060893},"geometry":{"type":"LineString","coordinates":[[121.5349481,25.0625144],[121.5347927,25.0625182],[121.5343323,25.0625297]]}},{"type":"Feature","properties":{"highway":"secondary","name":"民權東路二段","osm_id":1014060894},"geometry":{"type":"LineString","coordinates":[[121.5321477,25.0624435],[121.532257,25.0624257],[121.5328882,25.0624077],[121.5329535,25.0624058],[121.5330135,25.0624041],[121.5331269,25.062416]]}},{"type":"Feature","properties":{"highway":"secondary","name":"民權東路二段","osm_id":1014060895},"geometry":{"type":"LineString","coordinates":[[121.5289948,25.0625228],[121.5290925,25.0625188],[121.5293173,25.0625125]]}},{"type":"Feature","properties":{"highway":"secondary","name":"民權東路二段","osm_id":1014060896},"geometry":{"type":"LineString","coordinates":[[121.5303358,25.0626244],[121.5302128,25.0626276],[121.5297894,25.0626529]]}},{"type":"Feature","properties":{"highway":"secondary","name":"民權東路一段","osm_id":1014060900},"geometry":{"type":"LineString","coordinates":[[121.527573,25.0627131],[121.5274695,25.0627119],[121.5274199,25.0627115],[121.5272065,25.0627154]]}},{"type":"Feature","properties":{"highway":"secondary","name":"民權東路一段","osm_id":1014060901},"geometry":{"type":"LineString","coordinates":[[121.5246746,25.0626373],[121.5248303,25.0626211],[121.5250318,25.0626152],[121.5254951,25.0626018],[121.5256307,25.0626149]]}},{"type":"Feature","properties":{"highway":"secondary","name":"民權東路一段","osm_id":1014060902},"geometry":{"type":"LineString","coordinates":[[121.5237138,25.0628143],[121.5232482,25.0628406],[121.5228352,25.0628522],[121.5227163,25.0628383]]}},{"type":"Feature","properties":{"highway":"primary","name":"民權西路","osm_id":1014060914},"geometry":{"type":"LineString","coordinates":[[121.5213466,25.0627434],[121.5216952,25.0627076],[121.5220281,25.0626985],[121.522421,25.0626878],[121.5225195,25.0627012]]}},{"type":"Feature","properties":{"highway":"primary","name":"民權西路","osm_id":1014060917},"geometry":{"type":"LineString","coordinates":[[121.5159625,25.0628816],[121.5160491,25.0628793],[121.5161195,25.0628774],[121.5163402,25.0628594],[121.5168842,25.0628435]]}},{"type":"Feature","properties":{"highway":"primary","name":"民權西路","osm_id":1014060918},"geometry":{"type":"LineString","coordinates":[[121.518222,25.0629624],[121.5180408,25.0629671],[121.5174781,25.0629817]]}},{"type":"Feature","properties":{"highway":"primary","name":"台北大橋","osm_id":1014060929},"geometry":{"type":"LineString","coordinates":[[121.51588,25.0629543],[121.5158233,25.0629589]]}},{"type":"Feature","properties":{"highway":"secondary","name":"民權東路三段","osm_id":1015062342},"geometry":{"type":"LineString","coordinates":[[121.5489453,25.0619184],[121.5487188,25.0619664],[121.5484686,25.0620196],[121.5481674,25.0620837],[121.5481267,25.0620924],[121.5480715,25.0620987],[121.54793,25.0621167]]}},{"type":"Feature","properties":{"highway":"secondary","name":"民權東路三段","osm_id":1015062344},"geometry":{"type":"LineString","coordinates":[[121.5466574,25.0620045],[121.5468183,25.0620043],[121.5470441,25.0619991]]}},{"type":"Feature","properties":{"highway":"secondary","name":"民權東路三段","osm_id":1015062348},"geometry":{"type":"LineString","coordinates":[[121.5470441,25.0619991],[121.5471653,25.061983],[121.5477038,25.061971],[121.5477505,25.0619691],[121.54783,25.0619671],[121.5479242,25.0619654]]}},{"type":"Feature","properties":{"highway":"secondary","name":"民權東路三段","osm_id":1015062349},"geometry":{"type":"LineString","coordinates":[[121.546659,25.0621507],[121.5465911,25.0621518],[121.5463487,25.062155],[121.5461574,25.0621575],[121.5454716,25.0621666]]}},{"type":"Feature","properties":{"highway":"secondary","name":"民權東路三段","osm_id":1015062364},"geometry":{"type":"LineString","coordinates":[[121.543167,25.0622729],[121.5432648,25.0622592],[121.5436167,25.0622538],[121.5437404,25.062247],[121.5438404,25.0622278]]}},{"type":"Feature","properties":{"highway":"secondary","name":"民權東路三段","osm_id":1015062368},"geometry":{"type":"LineString","coordinates":[[121.5418499,25.0624329],[121.5417546,25.0624462],[121.5411301,25.0624521],[121.5410858,25.0624525],[121.5410141,25.0624532],[121.5408775,25.0624384]]}},{"type":"Feature","properties":{"highway":"secondary","name":"民權東路三段","osm_id":1015062369},"geometry":{"type":"LineString","coordinates":[[121.5397889,25.062294],[121.5399014,25.0622791],[121.5405591,25.0622754],[121.5406102,25.0622751],[121.5406863,25.0622747],[121.5408285,25.0622906]]}},{"type":"Feature","properties":{"highway":"secondary","name":"民權東路三段","osm_id":1015062376},"geometry":{"type":"LineString","coordinates":[[121.5382675,25.062456],[121.5381053,25.0624724],[121.5373715,25.0624794],[121.5372569,25.0624571]]}},{"type":"Feature","properties":{"highway":"secondary","name":"民權東路二段","osm_id":1015062377},"geometry":{"type":"LineString","coordinates":[[121.5349149,25.062367],[121.5349842,25.0623651],[121.5357809,25.0623433]]}},{"type":"Feature","properties":{"highway":"secondary","name":"光復南路","osm_id":1044271656},"geometry":{"type":"LineString","coordinates":[[121.5576885,25.0394278],[121.5576907,25.0395218],[121.5577077,25.0402502],[121.5577328,25.041115],[121.5577346,25.0411752],[121.5577382,25.0412799]]}},{"type":"Feature","properties":{"highway":"secondary","name":"承德路三段","osm_id":1047754576},"geometry":{"type":"LineString","coordinates":[[121.5197495,25.0739397],[121.5197777,25.0739884],[121.5199014,25.074314],[121.52019,25.0750739],[121.5202163,25.0751456]]}},{"type":"Feature","properties":{"highway":"secondary","name":"承德路三段","osm_id":1047754578},"geometry":{"type":"LineString","coordinates":[[121.5200594,25.0751857],[121.5200328,25.0751162],[121.519619,25.0740394],[121.5195952,25.0739882]]}},{"type":"Feature","properties":{"highway":"secondary","name":"承德路三段","osm_id":1047754579},"geometry":{"type":"LineString","coordinates":[[121.5201513,25.0754249],[121.5200875,25.0752644],[121.5200594,25.0751857]]}},{"type":"Feature","properties":{"highway":"trunk_link","name":"民族東路入口匝道","osm_id":1052026705},"geometry":{"type":"LineString","coordinates":[[121.528064,25.0688376],[121.5280071,25.0689281]]}},{"type":"Feature","properties":{"highway":"trunk_link","name":"大直出口匝道","osm_id":1052026706},"geometry":{"type":"LineString","coordinates":[[121.5260706,25.0744392],[121.5261552,25.0744936],[121.5263744,25.0746139],[121.5265602,25.074723],[121.5266539,25.0748017],[121.5267305,25.0749002],[121.5268613,25.0751414]]}},{"type":"Feature","properties":{"highway":"tertiary","name":"光復北路","osm_id":1059586390},"geometry":{"type":"LineString","coordinates":[[121.5552262,25.0583182],[121.5552433,25.0582301]]}},{"type":"Feature","properties":{"highway":"tertiary","name":"光復北路","osm_id":1059586393},"geometry":{"type":"LineString","coordinates":[[121.5546167,25.0617584],[121.5546252,25.0617102],[121.5547877,25.0607914],[121.5548596,25.0603953],[121.554873,25.0603216],[121.5548869,25.0602453],[121.5549531,25.0598812],[121.5552169,25.0583742],[121.5552262,25.0583182]]}},{"type":"Feature","properties":{"highway":"secondary","name":"金山南路一段","osm_id":1064294860},"geometry":{"type":"LineString","coordinates":[[121.5283333,25.0381416],[121.5283589,25.0382105],[121.5283734,25.0382493],[121.5283891,25.0382907],[121.5284125,25.0383525],[121.5284483,25.0384486],[121.528521,25.0386525],[121.5286652,25.0390457],[121.5286949,25.0391305],[121.5287718,25.0393504],[121.5287999,25.0394307],[121.528816,25.0394769],[121.5288362,25.0395321],[121.5289555,25.0398585],[121.5291124,25.0402997],[121.5291592,25.0404713],[121.5292317,25.040737],[121.5292564,25.0408271]]}},{"type":"Feature","properties":{"highway":"secondary","name":"承德路四段","osm_id":1064354690},"geometry":{"type":"LineString","coordinates":[[121.5184023,25.089977],[121.5183242,25.0899888],[121.5182062,25.0900106],[121.5180364,25.0900588],[121.5178482,25.0901372],[121.5176929,25.0902282],[121.5174521,25.0904049],[121.5167341,25.090924],[121.5165957,25.0910254]]}},{"type":"Feature","properties":{"highway":"secondary","name":"承德路四段","osm_id":1064354692},"geometry":{"type":"LineString","coordinates":[[121.5164518,25.0909431],[121.5166365,25.0908181],[121.5170265,25.0905284],[121.5174825,25.090195],[121.5176866,25.0900527],[121.5178657,25.0899617],[121.5180304,25.089904],[121.5182711,25.0898452],[121.5183224,25.0898385],[121.5183959,25.0898288]]}},{"type":"Feature","properties":{"highway":"secondary","name":"南京東路一段","osm_id":1064488307},"geometry":{"type":"LineString","coordinates":[[121.5275269,25.0521624],[121.5274139,25.0521638],[121.5266848,25.052175]]}},{"type":"Feature","properties":{"highway":"secondary","name":"南京東路一段","osm_id":1064488309},"geometry":{"type":"LineString","coordinates":[[121.5236533,25.0522685],[121.5236132,25.0522692],[121.5233877,25.0522692],[121.52303,25.0522857],[121.5228579,25.0522932],[121.5226704,25.0523033]]}},{"type":"Feature","properties":{"highway":"secondary","name":"南京東路二段","osm_id":1064488310},"geometry":{"type":"LineString","coordinates":[[121.5290186,25.0519953],[121.5291132,25.0519788],[121.5299483,25.0519697],[121.5300892,25.0519806]]}},{"type":"Feature","properties":{"highway":"secondary","name":"南京東路一段","osm_id":1064488312},"geometry":{"type":"LineString","coordinates":[[121.5241409,25.0520989],[121.5243411,25.0520719],[121.5252119,25.052033],[121.525333,25.0520455]]}},{"type":"Feature","properties":{"highway":"tertiary_link","name":"","osm_id":1064493789},"geometry":{"type":"LineString","coordinates":[[121.5273793,25.0538088],[121.5275523,25.0538126]]}},{"type":"Feature","properties":{"highway":"tertiary_link","name":"迴轉道","osm_id":1064493790},"geometry":{"type":"LineString","coordinates":[[121.527591,25.0529644],[121.5274221,25.0529566]]}},{"type":"Feature","properties":{"highway":"tertiary","name":"新生北路一段","osm_id":1064501314},"geometry":{"type":"LineString","coordinates":[[121.5288701,25.0489916],[121.5290101,25.0487888],[121.5292481,25.0484766],[121.5293992,25.0482863],[121.5294904,25.0481698]]}},{"type":"Feature","properties":{"highway":"secondary","name":"南京東路二段","osm_id":1064513042},"geometry":{"type":"LineString","coordinates":[[121.5315065,25.052125],[121.5314144,25.0521256],[121.5313214,25.0521262]]}},{"type":"Feature","properties":{"highway":"secondary","name":"南京東路二段","osm_id":1064534419},"geometry":{"type":"LineString","coordinates":[[121.5347941,25.0520875],[121.5346929,25.0520864],[121.5343505,25.0520881]]}},{"type":"Feature","properties":{"highway":"secondary","name":"南京東路二段","osm_id":1064534423},"geometry":{"type":"LineString","coordinates":[[121.5347922,25.0519535],[121.5348974,25.0519501],[121.535439,25.051942]]}},{"type":"Feature","properties":{"highway":"secondary","name":"南京東路三段","osm_id":1064752970},"geometry":{"type":"LineString","coordinates":[[121.5392316,25.0518793],[121.5393431,25.0518643],[121.5403023,25.0518461]]}},{"type":"Feature","properties":{"highway":"secondary","name":"南京東路三段","osm_id":1064752971},"geometry":{"type":"LineString","coordinates":[[121.53818,25.0520463],[121.5380767,25.0520632],[121.5371943,25.0520843]]}},{"type":"Feature","properties":{"highway":"secondary","name":"南京東路四段","osm_id":1064813494},"geometry":{"type":"LineString","coordinates":[[121.5573096,25.0516326],[121.5571167,25.0516444],[121.5567376,25.0516524]]}},{"type":"Feature","properties":{"highway":"secondary","name":"南京東路四段","osm_id":1064813495},"geometry":{"type":"LineString","coordinates":[[121.5526396,25.0517288],[121.5524779,25.0517246],[121.5511481,25.0517495],[121.5510065,25.0517499]]}},{"type":"Feature","properties":{"highway":"secondary","name":"南京東路四段","osm_id":1064813498},"geometry":{"type":"LineString","coordinates":[[121.552856,25.0515819],[121.5533383,25.0515747],[121.5535218,25.0515731]]}},{"type":"Feature","properties":{"highway":"secondary","name":"南京東路三段","osm_id":1064813502},"geometry":{"type":"LineString","coordinates":[[121.5457056,25.0517406],[121.5465756,25.0517251],[121.5466092,25.0517245],[121.5466374,25.051724],[121.5467004,25.0517224],[121.5471238,25.0517125]]}},{"type":"Feature","properties":{"highway":"secondary","name":"南京東路三段","osm_id":1064813503},"geometry":{"type":"LineString","coordinates":[[121.5471238,25.0517125],[121.5472055,25.0516999],[121.5474317,25.0516905],[121.5474651,25.0516892],[121.547551,25.0516856],[121.5478656,25.0516771],[121.5478876,25.0516765],[121.547919,25.0516756],[121.5484494,25.0516608],[121.5484879,25.0516603],[121.548555,25.05166]]}},{"type":"Feature","properties":{"highway":"secondary","name":"南京東路三段","osm_id":1064813504},"geometry":{"type":"LineString","coordinates":[[121.5467076,25.0518639],[121.5466412,25.0518651],[121.5458866,25.0518806]]}},{"type":"Feature","properties":{"highway":"secondary","name":"南京東路三段","osm_id":1064813506},"geometry":{"type":"LineString","coordinates":[[121.541952,25.0519587],[121.5416958,25.0519654]]}},{"type":"Feature","properties":{"highway":"secondary","name":"南京東路三段","osm_id":1064813507},"geometry":{"type":"LineString","coordinates":[[121.5458866,25.0518806],[121.5458077,25.0518946],[121.5453849,25.0519033],[121.5444,25.0519223],[121.5443708,25.0519229],[121.5443146,25.051924],[121.544138,25.0519283]]}},{"type":"Feature","properties":{"highway":"secondary","name":"南京東路三段","osm_id":1064813511},"geometry":{"type":"LineString","coordinates":[[121.54251,25.0519545],[121.5421481,25.0519547]]}},{"type":"Feature","properties":{"highway":"secondary","name":"南京東路三段","osm_id":1064813513},"geometry":{"type":"LineString","coordinates":[[121.5416958,25.0519654],[121.5415774,25.0519808],[121.5413945,25.0519858],[121.5410586,25.0519952],[121.5406231,25.0520073]]}},{"type":"Feature","properties":{"highway":"secondary","name":"南京東路三段","osm_id":1064813516},"geometry":{"type":"LineString","coordinates":[[121.542146,25.0518125],[121.5424619,25.0518051]]}},{"type":"Feature","properties":{"highway":"secondary","name":"南京東路五段","osm_id":1064870211},"geometry":{"type":"LineString","coordinates":[[121.5587814,25.0515986],[121.5585737,25.0515946],[121.5582177,25.0516016],[121.5581832,25.0516023],[121.5580948,25.051604],[121.5580381,25.0516068]]}},{"type":"Feature","properties":{"highway":"secondary","name":"南京東路五段","osm_id":1064870212},"geometry":{"type":"LineString","coordinates":[[121.5597555,25.0514296],[121.5598668,25.0514138],[121.5601077,25.0514009],[121.5606394,25.0513878],[121.5607999,25.0514214]]}},{"type":"Feature","properties":{"highway":"tertiary","name":"敦煌路","osm_id":1065211120},"geometry":{"type":"LineString","coordinates":[[121.5200594,25.0751857],[121.5202163,25.0751456]]}},{"type":"Feature","properties":{"highway":"secondary","name":"承德路四段","osm_id":1065211123},"geometry":{"type":"LineString","coordinates":[[121.5220911,25.0802776],[121.5220567,25.0802012]]}},{"type":"Feature","properties":{"highway":"secondary","name":"重慶北路二段","osm_id":1065839812},"geometry":{"type":"LineString","coordinates":[[121.5141766,25.0548057],[121.5142379,25.0545914],[121.5142954,25.0543704],[121.5143234,25.0542244],[121.5142974,25.0540658]]}},{"type":"Feature","properties":{"highway":"secondary","name":"南京西路","osm_id":1066050215},"geometry":{"type":"LineString","coordinates":[[121.5142974,25.0540658],[121.5144167,25.0540344]]}},{"type":"Feature","properties":{"highway":"secondary","name":"新生南路一段","osm_id":1068234499},"geometry":{"type":"LineString","coordinates":[[121.5329288,25.0434332],[121.5329569,25.0436127],[121.5329652,25.043666],[121.5329863,25.0438011],[121.5329958,25.0442713],[121.5330006,25.0443975]]}},{"type":"Feature","properties":{"highway":"secondary","name":"新生南路一段","osm_id":1068234502},"geometry":{"type":"LineString","coordinates":[[121.5327504,25.0409998],[121.5327854,25.0408319],[121.5327819,25.040395],[121.5327804,25.0403212],[121.5327797,25.0402834],[121.5327321,25.0401916]]}},{"type":"Feature","properties":{"highway":"secondary","name":"松江路","osm_id":1068439965},"geometry":{"type":"LineString","coordinates":[[121.5333584,25.0669539],[121.5333699,25.0673334],[121.533371,25.0673813],[121.5333725,25.0674428],[121.5333745,25.0675281],[121.5333775,25.0676535]]}},{"type":"Feature","properties":{"highway":"secondary","name":"松江路","osm_id":1068439966},"geometry":{"type":"LineString","coordinates":[[121.5332093,25.0677579],[121.5332118,25.0676415],[121.5332115,25.067627],[121.5332025,25.0671446]]}},{"type":"Feature","properties":{"highway":"secondary","name":"松江路","osm_id":1068439969},"geometry":{"type":"LineString","coordinates":[[121.5330755,25.0591659],[121.5330783,25.0584663],[121.5330775,25.0582001],[121.5330774,25.0581434],[121.5330772,25.0580907],[121.5330675,25.0579378]]}},{"type":"Feature","properties":{"highway":"secondary","name":"松江路","osm_id":1068439970},"geometry":{"type":"LineString","coordinates":[[121.5331269,25.062416],[121.5331251,25.0623253],[121.5331141,25.061931],[121.5331001,25.0614995]]}},{"type":"Feature","properties":{"highway":"secondary","name":"松江路","osm_id":1068439972},"geometry":{"type":"LineString","coordinates":[[121.5332659,25.0614487],[121.5332725,25.0618149],[121.5332852,25.0621585],[121.5332884,25.062245],[121.5332904,25.0623003],[121.533279,25.0624126]]}},{"type":"Feature","properties":{"highway":"secondary","name":"松江路","osm_id":1068439975},"geometry":{"type":"LineString","coordinates":[[121.5331924,25.0570995],[121.5332106,25.0571477],[121.5332194,25.0576459],[121.5332203,25.0576962],[121.5332217,25.0577732],[121.5332075,25.0578685]]}},{"type":"Feature","properties":{"highway":"secondary","name":"松江路","osm_id":1068439976},"geometry":{"type":"LineString","coordinates":[[121.533026,25.0557463],[121.5330043,25.0556],[121.5329873,25.055493],[121.5329811,25.0552577],[121.5329772,25.0550603],[121.5329761,25.0550064],[121.5329747,25.0549344],[121.5330059,25.0548245]]}},{"type":"Feature","properties":{"highway":"secondary","name":"松江路","osm_id":1068439983},"geometry":{"type":"LineString","coordinates":[[121.5331228,25.0538624],[121.5331384,25.0540148],[121.533149,25.0543553],[121.5331539,25.0545551],[121.5331552,25.0546107],[121.5331572,25.0546919],[121.5331419,25.0548238]]}},{"type":"Feature","properties":{"highway":"secondary","name":"松江路","osm_id":1068439985},"geometry":{"type":"LineString","coordinates":[[121.532957,25.0530596],[121.5329249,25.052986],[121.5329172,25.0529263],[121.5329126,25.0525752],[121.53291,25.0522288],[121.5329341,25.0521165]]}},{"type":"Feature","properties":{"highway":"secondary","name":"松江路","osm_id":1068439989},"geometry":{"type":"LineString","coordinates":[[121.5330681,25.0501991],[121.5330651,25.0502719],[121.533068,25.0506409],[121.5330651,25.0509325]]}},{"type":"Feature","properties":{"highway":"secondary","name":"松江路","osm_id":1068439991},"geometry":{"type":"LineString","coordinates":[[121.5328723,25.0489938],[121.5328656,25.0485777],[121.5328994,25.0484625]]}},{"type":"Feature","properties":{"highway":"secondary","name":"松江路","osm_id":1068439992},"geometry":{"type":"LineString","coordinates":[[121.5329169,25.0493842],[121.5328914,25.0493206],[121.5328723,25.0489938]]}},{"type":"Feature","properties":{"highway":"secondary","name":"松江路","osm_id":1068439994},"geometry":{"type":"LineString","coordinates":[[121.5328872,25.0475669],[121.5328853,25.0471952],[121.5328823,25.0471021]]}},{"type":"Feature","properties":{"highway":"secondary","name":"松江路","osm_id":1068439995},"geometry":{"type":"LineString","coordinates":[[121.5330141,25.0470992],[121.5330178,25.0471926],[121.5330248,25.0475643]]}},{"type":"Feature","properties":{"highway":"secondary","name":"新生北路一段","osm_id":1068439999},"geometry":{"type":"LineString","coordinates":[[121.5329883,25.0453065],[121.5329923,25.0454234],[121.5329955,25.0455158]]}},{"type":"Feature","properties":{"highway":"secondary","name":"新生北路一段","osm_id":1068440000},"geometry":{"type":"LineString","coordinates":[[121.5328512,25.0459566],[121.5327809,25.0458681]]}},{"type":"Feature","properties":{"highway":"tertiary","name":"渭水路","osm_id":1068440001},"geometry":{"type":"LineString","coordinates":[[121.5335965,25.045704],[121.5333608,25.0457328],[121.5332189,25.0457552],[121.5331152,25.0457752]]}},{"type":"Feature","properties":{"highway":"secondary","name":"新生北路一段","osm_id":1068440002},"geometry":{"type":"LineString","coordinates":[[121.5329999,25.045756],[121.5329813,25.045846]]}},{"type":"Feature","properties":{"highway":"tertiary","name":"市民大道三段","osm_id":1068440004},"geometry":{"type":"LineString","coordinates":[[121.5327771,25.0453616],[121.5328849,25.0453349],[121.5329883,25.0453065],[121.5331097,25.0452743],[121.5331299,25.0452669],[121.5340426,25.0450201],[121.5343892,25.0449065],[121.5345193,25.0448603]]}},{"type":"Feature","properties":{"highway":"secondary","name":"新生北路一段","osm_id":1068440005},"geometry":{"type":"LineString","coordinates":[[121.5327766,25.0455758],[121.5327758,25.045485]]}},{"type":"Feature","properties":{"highway":"tertiary","name":"市民大道三段","osm_id":1068440006},"geometry":{"type":"LineString","coordinates":[[121.5347673,25.0450393],[121.5346339,25.0450614],[121.5345368,25.0450881],[121.5340687,25.0452047],[121.533112,25.0454833],[121.5329955,25.0455158]]}},{"type":"Feature","properties":{"highway":"tertiary_link","name":"市民大道三段","osm_id":1068440007},"geometry":{"type":"LineString","coordinates":[[121.5329923,25.0454234],[121.533111,25.0453915],[121.5345583,25.0449965],[121.5346656,25.0449707]]}},{"type":"Feature","properties":{"highway":"tertiary_link","name":"市民大道三段","osm_id":1068440008},"geometry":{"type":"LineString","coordinates":[[121.5327758,25.045485],[121.5328876,25.0454524]]}},{"type":"Feature","properties":{"highway":"secondary","name":"濱江街","osm_id":1069309316},"geometry":{"type":"LineString","coordinates":[[121.5341249,25.0733556],[121.53417,25.0733187],[121.5343724,25.0732304]]}},{"type":"Feature","properties":{"highway":"secondary","name":"民權大橋","osm_id":1070996017},"geometry":{"type":"LineString","coordinates":[[121.5674316,25.0634986],[121.566501,25.0633652]]}},{"type":"Feature","properties":{"highway":"secondary","name":"民權東路五段","osm_id":1070996018},"geometry":{"type":"LineString","coordinates":[[121.566501,25.0633652],[121.5663781,25.0633569],[121.5662905,25.0633637]]}},{"type":"Feature","properties":{"highway":"tertiary","name":"健康路","osm_id":1071561131},"geometry":{"type":"LineString","coordinates":[[121.5699019,25.0545468],[121.5697323,25.0545573],[121.5696272,25.0545644],[121.5693501,25.0545507],[121.5690921,25.054533],[121.5686872,25.0544934],[121.5675674,25.054414],[121.5674637,25.0543953],[121.5674494,25.0543927],[121.5674103,25.0543857]]}},{"type":"Feature","properties":{"highway":"secondary","name":"塔悠路","osm_id":1071561132},"geometry":{"type":"LineString","coordinates":[[121.570065,25.0539417],[121.5699771,25.0542677],[121.5699452,25.0543862],[121.5699407,25.0544029],[121.5699324,25.0544338],[121.5699197,25.0544807],[121.5699019,25.0545468]]}},{"type":"Feature","properties":{"highway":"secondary","name":"塔悠路","osm_id":1071561133},"geometry":{"type":"LineString","coordinates":[[121.5704995,25.0513312],[121.5704751,25.0515239],[121.5704612,25.0515934],[121.5702991,25.0526654],[121.5702961,25.0526819],[121.5702936,25.0526983],[121.5701038,25.0537386],[121.570065,25.0539417]]}},{"type":"Feature","properties":{"highway":"secondary","name":"","osm_id":1071561137},"geometry":{"type":"LineString","coordinates":[[121.5695866,25.0495305],[121.5695304,25.0496285],[121.5702945,25.0508946],[121.5704718,25.0511289]]}},{"type":"Feature","properties":{"highway":"secondary","name":"基隆路一段","osm_id":1071653475},"geometry":{"type":"LineString","coordinates":[[121.5672918,25.0456627],[121.5673934,25.0458103]]}},{"type":"Feature","properties":{"highway":"tertiary","name":"永吉路","osm_id":1071653477},"geometry":{"type":"LineString","coordinates":[[121.5672918,25.0456627],[121.5673898,25.0456604],[121.5687482,25.0456245],[121.5688408,25.04565]]}},{"type":"Feature","properties":{"highway":"tertiary","name":"永吉路","osm_id":1071653478},"geometry":{"type":"LineString","coordinates":[[121.5688417,25.0457478],[121.5687546,25.0457794],[121.567599,25.0458054],[121.5675544,25.0458061],[121.5674708,25.0458083],[121.5673934,25.0458103]]}},{"type":"Feature","properties":{"highway":"secondary","name":"堤頂大道一段","osm_id":1076843335},"geometry":{"type":"LineString","coordinates":[[121.5755961,25.0551025],[121.5752069,25.0552663],[121.5749176,25.0554226]]}},{"type":"Feature","properties":{"highway":"trunk","name":"堤頂大道一段","osm_id":1076843336},"geometry":{"type":"LineString","coordinates":[[121.5724954,25.0641696],[121.5724177,25.0651155]]}},{"type":"Feature","properties":{"highway":"trunk","name":"堤頂大道一段","osm_id":1076843337},"geometry":{"type":"LineString","coordinates":[[121.5726416,25.0633622],[121.5726002,25.0635044],[121.5725452,25.0639418],[121.5724954,25.0641696]]}},{"type":"Feature","properties":{"highway":"secondary","name":"堤頂大道一段","osm_id":1076843358},"geometry":{"type":"LineString","coordinates":[[121.5746494,25.0553302],[121.5748681,25.055208],[121.5751349,25.0550939],[121.57545,25.0549773],[121.575701,25.0548951]]}},{"type":"Feature","properties":{"highway":"secondary","name":"堤頂大道一段","osm_id":1076843359},"geometry":{"type":"LineString","coordinates":[[121.5735384,25.0566341],[121.5736544,25.056374],[121.5737724,25.0561675],[121.573924,25.0559549],[121.5740796,25.0557699],[121.5742962,25.0555554],[121.5744711,25.0554145],[121.5746494,25.0553302]]}},{"type":"Feature","properties":{"highway":"trunk","name":"新生高架道路","osm_id":1079151555},"geometry":{"type":"LineString","coordinates":[[121.5297245,25.0480869],[121.5301889,25.0476218],[121.5306985,25.0471652],[121.5307533,25.0471069],[121.5307869,25.0470592],[121.5308189,25.0470027],[121.530846,25.0469356],[121.530861,25.0468778],[121.530865,25.0468147],[121.5308616,25.0467472],[121.5308413,25.046664]]}},{"type":"Feature","properties":{"highway":"tertiary","name":"港墘路","osm_id":1089686563},"geometry":{"type":"LineString","coordinates":[[121.5723517,25.0745664],[121.5724313,25.0746015]]}},{"type":"Feature","properties":{"highway":"secondary","name":"光復南路","osm_id":1095692938},"geometry":{"type":"LineString","coordinates":[[121.5577633,25.0420403],[121.5577906,25.0435199],[121.5577942,25.0437598]]}},{"type":"Feature","properties":{"highway":"secondary","name":"光復南路","osm_id":1125954415},"geometry":{"type":"LineString","coordinates":[[121.5576886,25.0451059],[121.5576844,25.0449905]]}},{"type":"Feature","properties":{"highway":"tertiary_link","name":"","osm_id":1125954416},"geometry":{"type":"LineString","coordinates":[[121.5576886,25.0451059],[121.5578214,25.0451338]]}},{"type":"Feature","properties":{"highway":"secondary","name":"光復南路","osm_id":1125954417},"geometry":{"type":"LineString","coordinates":[[121.557824,25.0450423],[121.5578214,25.0451338]]}},{"type":"Feature","properties":{"highway":"tertiary","name":"市民大道四段","osm_id":1125954418},"geometry":{"type":"LineString","coordinates":[[121.5576844,25.0449905],[121.557824,25.0450423]]}},{"type":"Feature","properties":{"highway":"secondary","name":"光復南路","osm_id":1125954419},"geometry":{"type":"LineString","coordinates":[[121.5576921,25.0452085],[121.5576886,25.0451059]]}},{"type":"Feature","properties":{"highway":"tertiary","name":"市民大道四段","osm_id":1125954420},"geometry":{"type":"LineString","coordinates":[[121.5576921,25.0452085],[121.5576153,25.0451925]]}},{"type":"Feature","properties":{"highway":"tertiary","name":"市民大道四段","osm_id":1125954421},"geometry":{"type":"LineString","coordinates":[[121.5576153,25.0451925],[121.5575668,25.0451815],[121.5570672,25.0450908],[121.556673,25.0450138],[121.5561505,25.0449135],[121.5551475,25.0447107],[121.5547506,25.0446476],[121.5543799,25.0445959],[121.554273,25.044583],[121.5537795,25.0445125],[121.5532982,25.0445008],[121.5531256,25.0445115],[121.5529144,25.0445186],[121.5524412,25.0445553],[121.5519827,25.0446006],[121.5510059,25.044725],[121.5509178,25.0447359],[121.5507087,25.0447571],[121.5505799,25.0447751],[121.5500679,25.0448362],[121.5498726,25.0448581],[121.5496721,25.0448759],[121.5493403,25.0449118],[121.5492802,25.0449183],[121.5492263,25.0449241],[121.5491411,25.044937]]}},{"type":"Feature","properties":{"highway":"secondary","name":"光復南路","osm_id":1125954422},"geometry":{"type":"LineString","coordinates":[[121.5578168,25.0452444],[121.5578158,25.0452874],[121.5578268,25.0457047],[121.5578368,25.0461701],[121.5578473,25.0466576],[121.5578495,25.0467587],[121.5578578,25.0471474],[121.5578683,25.0476374],[121.5578763,25.0480101],[121.557877,25.0480394],[121.557878,25.0480874],[121.5578747,25.0481941]]}},{"type":"Feature","properties":{"highway":"secondary","name":"光復南路","osm_id":1125954423},"geometry":{"type":"LineString","coordinates":[[121.557825,25.0449939],[121.557824,25.0450423]]}},{"type":"Feature","properties":{"highway":"tertiary_link","name":"","osm_id":1126120637},"geometry":{"type":"LineString","coordinates":[[121.5578214,25.0451338],[121.5578796,25.0451464],[121.5579773,25.0451709]]}},{"type":"Feature","properties":{"highway":"tertiary","name":"市民大道五段","osm_id":1126120638},"geometry":{"type":"LineString","coordinates":[[121.5579773,25.0451709],[121.5583716,25.0452952],[121.5586733,25.0454044],[121.5589219,25.0454936],[121.5594331,25.0457134],[121.5596847,25.0458222],[121.5597462,25.0458488],[121.5599466,25.045932],[121.5600014,25.0459552]]}},{"type":"Feature","properties":{"highway":"tertiary_link","name":"","osm_id":1126953795},"geometry":{"type":"LineString","coordinates":[[121.5634393,25.0580389],[121.5635362,25.0580452]]}},{"type":"Feature","properties":{"highway":"tertiary_link","name":"","osm_id":1126953796},"geometry":{"type":"LineString","coordinates":[[121.5635362,25.0580452],[121.5636353,25.0580482]]}},{"type":"Feature","properties":{"highway":"tertiary_link","name":"","osm_id":1126953797},"geometry":{"type":"LineString","coordinates":[[121.5633408,25.058033],[121.5634393,25.0580389]]}},{"type":"Feature","properties":{"highway":"tertiary","name":"三民路","osm_id":1126953799},"geometry":{"type":"LineString","coordinates":[[121.5635362,25.0580452],[121.563511,25.0583483],[121.5635044,25.0584281],[121.5634938,25.0585375]]}},{"type":"Feature","properties":{"highway":"tertiary","name":"三民路","osm_id":1126953800},"geometry":{"type":"LineString","coordinates":[[121.5633945,25.0585305],[121.5634033,25.0584219],[121.5634393,25.0580389]]}},{"type":"Feature","properties":{"highway":"trunk_link","name":"長安東路入口匝道","osm_id":1132431141},"geometry":{"type":"LineString","coordinates":[[121.5306428,25.0471275],[121.530697,25.0470704],[121.5307265,25.0470364],[121.5307582,25.0469933],[121.5307924,25.0469356],[121.5308127,25.0468827],[121.5308288,25.0468274],[121.5308388,25.0467539],[121.5308413,25.046664]]}},{"type":"Feature","properties":{"highway":"trunk_link","name":"長安東路出口匝道","osm_id":1132431142},"geometry":{"type":"LineString","coordinates":[[121.5279078,25.0511959],[121.5280754,25.0505495]]}},{"type":"Feature","properties":{"highway":"trunk_link","name":"長安東路入口匝道","osm_id":1132431143},"geometry":{"type":"LineString","coordinates":[[121.5282782,25.0506128],[121.5281358,25.0509498],[121.5279679,25.0512583]]}},{"type":"Feature","properties":{"highway":"trunk_link","name":"民生東路出口匝道","osm_id":1132431144},"geometry":{"type":"LineString","coordinates":[[121.527571,25.053905],[121.527641,25.0545193]]}},{"type":"Feature","properties":{"highway":"trunk_link","name":"長春路出口匝道","osm_id":1132431145},"geometry":{"type":"LineString","coordinates":[[121.5275488,25.0574504],[121.527477,25.0567174]]}},{"type":"Feature","properties":{"highway":"trunk_link","name":"民權東路入口匝道","osm_id":1132431146},"geometry":{"type":"LineString","coordinates":[[121.5278641,25.0646816],[121.5278172,25.0650521]]}},{"type":"Feature","properties":{"highway":"trunk_link","name":"民族東路入口匝道","osm_id":1132431147},"geometry":{"type":"LineString","coordinates":[[121.5277189,25.0658128],[121.5277544,25.0654761]]}},{"type":"Feature","properties":{"highway":"trunk_link","name":"民族東路入口匝道","osm_id":1132431148},"geometry":{"type":"LineString","coordinates":[[121.5280071,25.0689281],[121.5280272,25.0698491]]}},{"type":"Feature","properties":{"highway":"trunk_link","name":"民族東路出口匝道","osm_id":1132431149},"geometry":{"type":"LineString","coordinates":[[121.5268653,25.0723946],[121.5271047,25.0720447],[121.5272392,25.0718621]]}},{"type":"Feature","properties":{"highway":"trunk","name":"松江大橋","osm_id":1132431150},"geometry":{"type":"LineString","coordinates":[[121.5269519,25.0724478],[121.5266271,25.0728449],[121.5262704,25.0732785],[121.5260982,25.07348]]}},{"type":"Feature","properties":{"highway":"trunk_link","name":"長安東路出口匝道","osm_id":1132431808},"geometry":{"type":"LineString","coordinates":[[121.5308842,25.0464253],[121.5309267,25.0465133],[121.5309649,25.0466051],[121.5309978,25.046698]]}},{"type":"Feature","properties":{"highway":"trunk_link","name":"八德路出口匝道","osm_id":1132433052},"geometry":{"type":"LineString","coordinates":[[121.5306665,25.0460846],[121.5305448,25.0458299]]}},{"type":"Feature","properties":{"highway":"trunk_link","name":"八德路入口匝道","osm_id":1132433053},"geometry":{"type":"LineString","coordinates":[[121.5307018,25.0456289],[121.5308122,25.0462036]]}},{"type":"Feature","properties":{"highway":"tertiary","name":"長春路","osm_id":1228676670},"geometry":{"type":"LineString","coordinates":[[121.5274237,25.0549076],[121.5273886,25.0549077],[121.5273227,25.0549108],[121.5272407,25.0549102],[121.5270025,25.0549142],[121.5268879,25.0549161],[121.5263503,25.0549251],[121.5255301,25.0549388],[121.5254472,25.0549402],[121.5253478,25.0549369],[121.5243468,25.0549587],[121.5242186,25.0549608],[121.5234246,25.0549731],[121.5233821,25.0549742],[121.5229672,25.0549651],[121.5229204,25.0549698],[121.5228193,25.0549798]]}},{"type":"Feature","properties":{"highway":"tertiary","name":"長春路","osm_id":1228676671},"geometry":{"type":"LineString","coordinates":[[121.5276704,25.0549042],[121.5274237,25.0549076]]}},{"type":"Feature","properties":{"highway":"tertiary","name":"渭水路","osm_id":1239087512},"geometry":{"type":"LineString","coordinates":[[121.5329999,25.045756],[121.5331147,25.045729]]}},{"type":"Feature","properties":{"highway":"tertiary","name":"渭水路","osm_id":1239087513},"geometry":{"type":"LineString","coordinates":[[121.5331152,25.0457752],[121.5329813,25.045846]]}},{"type":"Feature","properties":{"highway":"tertiary","name":"渭水路","osm_id":1239087514},"geometry":{"type":"LineString","coordinates":[[121.5331147,25.045729],[121.5332086,25.0457163],[121.5335965,25.045704]]}},{"type":"Feature","properties":{"highway":"secondary","name":"塔悠路","osm_id":1241455201},"geometry":{"type":"LineString","coordinates":[[121.5680061,25.0664166],[121.5680327,25.0665073],[121.568165,25.0672124],[121.5683388,25.0680911],[121.5683478,25.0681364],[121.5683658,25.0682276],[121.5683827,25.0683067]]}},{"type":"Feature","properties":{"highway":"secondary","name":"民權大橋","osm_id":1241641158},"geometry":{"type":"LineString","coordinates":[[121.5711285,25.0645404],[121.5690605,25.0638482],[121.5687238,25.0637394],[121.5684824,25.0636775],[121.5682182,25.0636191],[121.5679329,25.0635704],[121.5674316,25.0634986]]}},{"type":"Feature","properties":{"highway":"secondary","name":"民權大橋","osm_id":1241641160},"geometry":{"type":"LineString","coordinates":[[121.5665204,25.0632571],[121.5674192,25.0633851]]}},{"type":"Feature","properties":{"highway":"secondary","name":"民權大橋","osm_id":1241641162},"geometry":{"type":"LineString","coordinates":[[121.5674192,25.0633851],[121.5679692,25.0634635],[121.5682478,25.0635122],[121.5686152,25.0635925],[121.5691047,25.0637442],[121.5711308,25.0644226]]}},{"type":"Feature","properties":{"highway":"tertiary","name":"堤頂大道二段","osm_id":1257895204},"geometry":{"type":"LineString","coordinates":[[121.5721235,25.075094],[121.5719426,25.0753604],[121.5713361,25.0762354]]}},{"type":"Feature","properties":{"highway":"trunk","name":"市民大道高架道路","osm_id":1272677946},"geometry":{"type":"LineString","coordinates":[[121.5673673,25.0461248],[121.5672716,25.0460131],[121.5671697,25.0459217],[121.5670626,25.0458252],[121.5669846,25.0457619],[121.5668911,25.0456959],[121.5667909,25.0456374],[121.5665966,25.0455487],[121.5650691,25.0449794],[121.5649339,25.0449376],[121.5647476,25.0448925],[121.5645688,25.0448443],[121.5644347,25.0448339],[121.5643006,25.0448346],[121.5640002,25.044854],[121.5637059,25.0448985],[121.5633641,25.044958]]}},{"type":"Feature","properties":{"highway":"trunk","name":"麥帥二橋","osm_id":1272677947},"geometry":{"type":"LineString","coordinates":[[121.5701228,25.052607],[121.5702568,25.0517997],[121.5702786,25.0515761],[121.5702725,25.051316],[121.5702346,25.0511038],[121.5701701,25.0508854],[121.5700494,25.050623],[121.5698442,25.0502707],[121.5697248,25.0499802]]}},{"type":"Feature","properties":{"highway":"trunk","name":"市民大道高架道路","osm_id":1272682373},"geometry":{"type":"LineString","coordinates":[[121.5630867,25.0449198],[121.5632452,25.0448919],[121.5635832,25.044836],[121.5639144,25.0447874],[121.5642551,25.0447533],[121.5646086,25.0447481],[121.5647739,25.0447474],[121.564843,25.0447543],[121.5649206,25.0447717],[121.5649829,25.0447894],[121.5650487,25.044812],[121.5665807,25.0453606]]}},{"type":"Feature","properties":{"highway":"trunk","name":"市民大道高架道路","osm_id":1272682374},"geometry":{"type":"LineString","coordinates":[[121.545346,25.044987],[121.5457865,25.0450302],[121.5459625,25.045045],[121.5461815,25.0450539],[121.5463863,25.0450572],[121.5466053,25.0450509],[121.5469694,25.0450326],[121.5478893,25.0449366],[121.5498447,25.0447093],[121.551364,25.0445147]]}},{"type":"Feature","properties":{"highway":"trunk","name":"麥帥一橋","osm_id":1272683351},"geometry":{"type":"LineString","coordinates":[[121.5712528,25.051604],[121.5722124,25.0521163]]}},{"type":"Feature","properties":{"highway":"tertiary","name":"館前路","osm_id":1273622085},"geometry":{"type":"LineString","coordinates":[[121.515027,25.0455141],[121.5150238,25.045978]]}},{"type":"Feature","properties":{"highway":"secondary","name":"至善路二段","osm_id":1274344064},"geometry":{"type":"LineString","coordinates":[[121.5432011,25.0972243],[121.5430624,25.0972332]]}},{"type":"Feature","properties":{"highway":"secondary","name":"民權東路一段","osm_id":1274538499},"geometry":{"type":"LineString","coordinates":[[121.5243623,25.0627969],[121.5242983,25.0627987],[121.5237138,25.0628143]]}},{"type":"Feature","properties":{"highway":"tertiary","name":"民生東路五段","osm_id":1274613227},"geometry":{"type":"LineString","coordinates":[[121.5638111,25.0588787],[121.5639146,25.0588856],[121.5648682,25.058952]]}},{"type":"Feature","properties":{"highway":"tertiary","name":"民生東路五段","osm_id":1274737187},"geometry":{"type":"LineString","coordinates":[[121.5618455,25.0588147],[121.5616346,25.0588036],[121.5615667,25.0587965]]}},{"type":"Feature","properties":{"highway":"tertiary","name":"民生東路五段","osm_id":1274737192},"geometry":{"type":"LineString","coordinates":[[121.5618564,25.058722],[121.5628629,25.0588023],[121.5628917,25.0588046],[121.5630247,25.0588142]]}},{"type":"Feature","properties":{"highway":"tertiary","name":"民生東路三段","osm_id":1274737497},"geometry":{"type":"LineString","coordinates":[[121.5473405,25.057646],[121.5477269,25.0576408],[121.5483505,25.0576302],[121.5483879,25.0576296],[121.5484273,25.0576289]]}},{"type":"Feature","properties":{"highway":"tertiary","name":"民權西路","osm_id":1279838969},"geometry":{"type":"LineString","coordinates":[[121.5148011,25.063082],[121.5138442,25.0631141],[121.5137149,25.0631189]]}},{"type":"Feature","properties":{"highway":"tertiary","name":"民族東路","osm_id":1280909685},"geometry":{"type":"LineString","coordinates":[[121.5330745,25.0682039],[121.5333384,25.068194]]}},{"type":"Feature","properties":{"highway":"secondary","name":"松江路","osm_id":1280909686},"geometry":{"type":"LineString","coordinates":[[121.5330745,25.0682039],[121.5331179,25.0681085],[121.5331813,25.0679431],[121.5331835,25.0679288],[121.5331986,25.0678288],[121.5332093,25.0677579]]}},{"type":"Feature","properties":{"highway":"tertiary","name":"民族東路","osm_id":1280909688},"geometry":{"type":"LineString","coordinates":[[121.5333384,25.068194],[121.533524,25.0681928]]}},{"type":"Feature","properties":{"highway":"secondary","name":"南京東路五段","osm_id":1285923336},"geometry":{"type":"LineString","coordinates":[[121.558435,25.0514597],[121.5590226,25.0514449],[121.5590776,25.0514435],[121.5591622,25.0514414],[121.5592885,25.051438],[121.5597555,25.0514296]]}},{"type":"Feature","properties":{"highway":"trunk_link","name":"","osm_id":1290411619},"geometry":{"type":"LineString","coordinates":[[121.5369637,25.0526875],[121.5369708,25.0533092]]}},{"type":"Feature","properties":{"highway":"trunk_link","name":"","osm_id":1290411620},"geometry":{"type":"LineString","coordinates":[[121.5370282,25.0522734],[121.5369637,25.0526875]]}},{"type":"Feature","properties":{"highway":"trunk_link","name":"長春路入口匝道","osm_id":1290411621},"geometry":{"type":"LineString","coordinates":[[121.5367124,25.0546056],[121.5366957,25.0537708]]}},{"type":"Feature","properties":{"highway":"trunk_link","name":"長春路入口匝道","osm_id":1290411622},"geometry":{"type":"LineString","coordinates":[[121.5366257,25.0547615],[121.5366967,25.054629],[121.5367124,25.0546056]]}},{"type":"Feature","properties":{"highway":"tertiary","name":"市民大道五段","osm_id":1290438180},"geometry":{"type":"LineString","coordinates":[[121.5600014,25.0459552],[121.5604758,25.0461821],[121.5610082,25.0464202],[121.5613824,25.0465739],[121.561881,25.0467455]]}},{"type":"Feature","properties":{"highway":"tertiary","name":"市民大道五段","osm_id":1290438181},"geometry":{"type":"LineString","coordinates":[[121.561881,25.0467455],[121.5628572,25.0471831],[121.5629121,25.0472078],[121.5630342,25.0472442],[121.5631925,25.0472915],[121.5640397,25.0475901],[121.5643165,25.0476877],[121.5656259,25.0481449],[121.5656532,25.0481544],[121.5656989,25.0481704],[121.5657921,25.0482049]]}},{"type":"Feature","properties":{"highway":"trunk_link","name":"","osm_id":1290438184},"geometry":{"type":"LineString","coordinates":[[121.5604526,25.0462256],[121.5598717,25.0459625]]}},{"type":"Feature","properties":{"highway":"tertiary","name":"長春路","osm_id":1291644840},"geometry":{"type":"LineString","coordinates":[[121.5373386,25.0547247],[121.5372035,25.0547297],[121.5370857,25.0547341]]}},{"type":"Feature","properties":{"highway":"tertiary","name":"堤頂大道二段","osm_id":1291749712},"geometry":{"type":"LineString","coordinates":[[121.5607823,25.0844233],[121.5606917,25.0845192]]}},{"type":"Feature","properties":{"highway":"trunk","name":"堤頂大道一段","osm_id":1291749713},"geometry":{"type":"LineString","coordinates":[[121.5725296,25.0743295],[121.5723517,25.0745664]]}},{"type":"Feature","properties":{"highway":"trunk","name":"堤頂大道一段","osm_id":1291749714},"geometry":{"type":"LineString","coordinates":[[121.573356,25.0574009],[121.5734197,25.0570098],[121.5735384,25.0566341]]}},{"type":"Feature","properties":{"highway":"secondary","name":"堤頂大道一段","osm_id":1291749715},"geometry":{"type":"LineString","coordinates":[[121.5749176,25.0554226],[121.5747835,25.0554924],[121.5745165,25.0557046],[121.5741732,25.0560559],[121.5739702,25.0563213],[121.5738081,25.0566195],[121.5737395,25.0567864]]}},{"type":"Feature","properties":{"highway":"tertiary","name":"光復北路","osm_id":1304451709},"geometry":{"type":"LineString","coordinates":[[121.5559563,25.0545921],[121.5559108,25.0546699],[121.5558929,25.0547368],[121.555885,25.0547732],[121.5558764,25.0548125],[121.5557834,25.0552547],[121.555777,25.0552874],[121.5557709,25.0553212],[121.5557623,25.0553714]]}},{"type":"Feature","properties":{"highway":"tertiary","name":"光復北路","osm_id":1304451710},"geometry":{"type":"LineString","coordinates":[[121.5573096,25.0516326],[121.5572667,25.0517541],[121.5572591,25.0517767],[121.5572493,25.051806],[121.5571419,25.0521253],[121.5571204,25.0521765],[121.5570917,25.0522495],[121.556986,25.0525525],[121.5569711,25.0525954],[121.5569551,25.0526345],[121.5569369,25.0526877],[121.5569178,25.0527417],[121.556809,25.05305],[121.5567905,25.0531024],[121.5566666,25.0534531],[121.5566535,25.0534899],[121.5566385,25.0535325],[121.5565917,25.0536212]]}},{"type":"Feature","properties":{"highway":"tertiary","name":"光復北路","osm_id":1304451711},"geometry":{"type":"LineString","coordinates":[[121.5573607,25.0514823],[121.5573096,25.0516326]]}},{"type":"Feature","properties":{"highway":"secondary","name":"基隆路一段","osm_id":1308944456},"geometry":{"type":"LineString","coordinates":[[121.5654353,25.0429991],[121.5647681,25.0418778],[121.5646725,25.0416977],[121.5645378,25.0414594],[121.5643902,25.0411963]]}},{"type":"Feature","properties":{"highway":"secondary","name":"復興北路","osm_id":1312615413},"geometry":{"type":"LineString","coordinates":[[121.5439761,25.0523879],[121.5439674,25.0521019],[121.5439667,25.0520788],[121.5439648,25.0520164],[121.5439679,25.0519303]]}},{"type":"Feature","properties":{"highway":"secondary","name":"復興北路","osm_id":1312615414},"geometry":{"type":"LineString","coordinates":[[121.5441424,25.0526243],[121.5441473,25.053308]]}},{"type":"Feature","properties":{"highway":"tertiary","name":"八德路二段","osm_id":1312616704},"geometry":{"type":"LineString","coordinates":[[121.5438654,25.0475633],[121.5440063,25.0475992],[121.5441454,25.0476335],[121.5442162,25.0476503],[121.5442633,25.0476615],[121.5449455,25.0478235],[121.5452472,25.0478953],[121.5455512,25.0479676],[121.545607,25.0479808],[121.5456968,25.0480022],[121.5458956,25.0480466]]}},{"type":"Feature","properties":{"highway":"secondary","name":"復興南路一段","osm_id":1312616705},"geometry":{"type":"LineString","coordinates":[[121.5438654,25.0475633],[121.5438611,25.047438],[121.5438537,25.0470794],[121.5438469,25.0468991],[121.5438351,25.0464469],[121.5438099,25.0455628],[121.5437968,25.0450231],[121.5437953,25.0449613]]}},{"type":"Feature","properties":{"highway":"tertiary","name":"市民大道一段","osm_id":1317071635},"geometry":{"type":"LineString","coordinates":[[121.5178241,25.0484449],[121.518054,25.0484091]]}},{"type":"Feature","properties":{"highway":"secondary","name":"南京西路","osm_id":1317072846},"geometry":{"type":"LineString","coordinates":[[121.5161104,25.0535895],[121.516224,25.0535647],[121.517504,25.0532524],[121.5176005,25.0532381]]}},{"type":"Feature","properties":{"highway":"tertiary","name":"杭州南路一段","osm_id":1320961817},"geometry":{"type":"LineString","coordinates":[[121.5252001,25.0383004],[121.5252094,25.0383327],[121.5252338,25.0384177],[121.5252504,25.0384725],[121.5253306,25.038751],[121.5253615,25.0388574],[121.5254063,25.0390235],[121.5254291,25.0390985],[121.5254891,25.0392957],[121.5255862,25.039549],[121.5256004,25.0395997],[121.5256483,25.0397664],[121.5257366,25.0400474],[121.525745,25.0400761],[121.5257785,25.0401911]]}},{"type":"Feature","properties":{"highway":"secondary","name":"北安路","osm_id":1320970788},"geometry":{"type":"LineString","coordinates":[[121.5412674,25.0794797],[121.5413443,25.0794874],[121.5424661,25.079546],[121.5428627,25.0795647],[121.5441203,25.0796417],[121.5443616,25.0796671],[121.5444891,25.0796797]]}},{"type":"Feature","properties":{"highway":"secondary","name":"北安路","osm_id":1320970789},"geometry":{"type":"LineString","coordinates":[[121.544366,25.0797591],[121.5441143,25.0797288],[121.5428577,25.0796534],[121.5413387,25.0795677],[121.541258,25.0795647]]}},{"type":"Feature","properties":{"highway":"tertiary","name":"樂群二路","osm_id":1321444213},"geometry":{"type":"LineString","coordinates":[[121.5575277,25.0799777],[121.5568516,25.0799832],[121.5564791,25.0799863],[121.5563735,25.0799882]]}},{"type":"Feature","properties":{"highway":"secondary","name":"承德路四段","osm_id":1321803202},"geometry":{"type":"LineString","coordinates":[[121.5216095,25.0888783],[121.5215135,25.0889586]]}},{"type":"Feature","properties":{"highway":"tertiary","name":"基河路","osm_id":1321803203},"geometry":{"type":"LineString","coordinates":[[121.522763,25.0897674],[121.5226763,25.0898784],[121.5225904,25.0899864],[121.5224473,25.090173],[121.5222788,25.0903946],[121.5222386,25.0904485],[121.5221498,25.0905577],[121.5220729,25.0906516],[121.5215854,25.0912873],[121.5215367,25.0913508],[121.5214999,25.0914003],[121.5212874,25.0916858],[121.5209206,25.0921787],[121.5208825,25.0922301],[121.5206836,25.0924983],[121.5201622,25.0932013],[121.5200719,25.093323]]}},{"type":"Feature","properties":{"highway":"tertiary","name":"基河路","osm_id":1321803204},"geometry":{"type":"LineString","coordinates":[[121.5249985,25.0850778],[121.5251845,25.0857539],[121.5251635,25.085924]]}},{"type":"Feature","properties":{"highway":"tertiary","name":"陽光街","osm_id":1323084277},"geometry":{"type":"LineString","coordinates":[[121.5740511,25.0723446],[121.5751378,25.072607],[121.5752668,25.0726382],[121.5753421,25.0726564],[121.576028,25.072822],[121.5760946,25.0728381]]}},{"type":"Feature","properties":{"highway":"secondary","name":"北安路","osm_id":1323132614},"geometry":{"type":"LineString","coordinates":[[121.5551195,25.0850788],[121.5548096,25.085171],[121.5541352,25.0853693],[121.5539465,25.0854122],[121.5538587,25.0854352],[121.5529492,25.0857169],[121.552693,25.0858121]]}},{"type":"Feature","properties":{"highway":"secondary","name":"明水路","osm_id":1323132629},"geometry":{"type":"LineString","coordinates":[[121.5445584,25.0775076],[121.544208,25.0774938],[121.544168,25.0774954],[121.541687,25.0776297],[121.539095,25.0777687],[121.5390129,25.0777743]]}},{"type":"Feature","properties":{"highway":"secondary","name":"樂群一路","osm_id":1329236912},"geometry":{"type":"LineString","coordinates":[[121.568611,25.0773759],[121.5684867,25.0773287]]}},{"type":"Feature","properties":{"highway":"secondary","name":"樂群一路","osm_id":1329236913},"geometry":{"type":"LineString","coordinates":[[121.5687721,25.0774908],[121.5687169,25.077437],[121.568611,25.0773759]]}},{"type":"Feature","properties":{"highway":"tertiary","name":"堤頂大道二段","osm_id":1329236914},"geometry":{"type":"LineString","coordinates":[[121.5625814,25.0803859],[121.5626253,25.0802984],[121.5626421,25.0802736],[121.5630916,25.0797843],[121.5634818,25.0793595],[121.5636763,25.0791478],[121.5640116,25.0788612],[121.564063,25.0788218],[121.5641794,25.078735]]}},{"type":"Feature","properties":{"highway":"tertiary","name":"基湖路","osm_id":1329236915},"geometry":{"type":"LineString","coordinates":[[121.5642409,25.0788089],[121.5642219,25.0787874],[121.5641794,25.078735]]}},{"type":"Feature","properties":{"highway":"tertiary","name":"寧夏路","osm_id":1330095470},"geometry":{"type":"LineString","coordinates":[[121.5145652,25.0601151],[121.5143738,25.0607389],[121.5143405,25.0608077]]}},{"type":"Feature","properties":{"highway":"secondary","name":"民權東路一段","osm_id":1334245295},"geometry":{"type":"LineString","coordinates":[[121.5226448,25.0626975],[121.5227569,25.0626942]]}},{"type":"Feature","properties":{"highway":"primary","name":"中山北路一段","osm_id":1334245296},"geometry":{"type":"LineString","coordinates":[[121.522781,25.0625735],[121.5227569,25.0626942]]}},{"type":"Feature","properties":{"highway":"trunk","name":"堤頂大道一段","osm_id":1334593905},"geometry":{"type":"LineString","coordinates":[[121.5722551,25.0745239],[121.5725495,25.0740284],[121.5726548,25.0738153],[121.572866,25.0733312],[121.5729297,25.0731302],[121.5730015,25.0728579],[121.5730265,25.0727369]]}},{"type":"Feature","properties":{"highway":"tertiary","name":"港墘路","osm_id":1334593906},"geometry":{"type":"LineString","coordinates":[[121.5723748,25.0746782],[121.5722987,25.0746436]]}},{"type":"Feature","properties":{"highway":"tertiary","name":"堤頂大道二段","osm_id":1334593907},"geometry":{"type":"LineString","coordinates":[[121.5723748,25.0746782],[121.5723333,25.074745],[121.5721235,25.075094]]}},{"type":"Feature","properties":{"highway":"trunk","name":"堤頂大道二段","osm_id":1334593908},"geometry":{"type":"LineString","coordinates":[[121.5722987,25.0746436],[121.5722592,25.0747038],[121.5715721,25.0757293],[121.571242,25.0761788],[121.5711543,25.0762982],[121.5709129,25.0765436],[121.5705267,25.0768375],[121.5702424,25.0769784],[121.5698481,25.0771096],[121.5692285,25.0772772],[121.5687169,25.077437]]}},{"type":"Feature","properties":{"highway":"tertiary","name":"港墘路","osm_id":1334593909},"geometry":{"type":"LineString","coordinates":[[121.5722987,25.0746436],[121.5722055,25.0746013]]}},{"type":"Feature","properties":{"highway":"tertiary","name":"市民大道三段","osm_id":1334904386},"geometry":{"type":"LineString","coordinates":[[121.5327766,25.0455758],[121.5326608,25.0456049],[121.531882,25.0458165],[121.5309151,25.0460838],[121.5308345,25.0461013]]}},{"type":"Feature","properties":{"highway":"secondary","name":"新生北路一段","osm_id":1334904387},"geometry":{"type":"LineString","coordinates":[[121.5327758,25.045485],[121.5327771,25.0453616]]}},{"type":"Feature","properties":{"highway":"tertiary_link","name":"市民大道三段","osm_id":1334904388},"geometry":{"type":"LineString","coordinates":[[121.5328876,25.0454524],[121.5329923,25.0454234]]}},{"type":"Feature","properties":{"highway":"tertiary","name":"市民大道三段","osm_id":1334904390},"geometry":{"type":"LineString","coordinates":[[121.5328894,25.0455443],[121.5327766,25.0455758]]}},{"type":"Feature","properties":{"highway":"tertiary","name":"八德路一段","osm_id":1334905223},"geometry":{"type":"LineString","coordinates":[[121.5298938,25.0436437],[121.5297872,25.0436187],[121.5297595,25.0436113],[121.5297025,25.0435977],[121.5292607,25.0434921],[121.5290033,25.0434305]]}},{"type":"Feature","properties":{"highway":"tertiary","name":"八德路一段","osm_id":1334905225},"geometry":{"type":"LineString","coordinates":[[121.530165,25.0437086],[121.5298938,25.0436437]]}},{"type":"Feature","properties":{"highway":"tertiary","name":"逸仙路","osm_id":1335104685},"geometry":{"type":"LineString","coordinates":[[121.5615828,25.04116],[121.5615858,25.041299]]}},{"type":"Feature","properties":{"highway":"tertiary","name":"逸仙路","osm_id":1335104686},"geometry":{"type":"LineString","coordinates":[[121.5615402,25.0391995],[121.5615426,25.0393124],[121.5615462,25.0394782],[121.5615467,25.0395013],[121.5615541,25.0398373],[121.5615627,25.0402351],[121.5615717,25.0406505],[121.5615806,25.0410577],[121.5615828,25.04116]]}},{"type":"Feature","properties":{"highway":"secondary","name":"敦化北路","osm_id":1340005955},"geometry":{"type":"LineString","coordinates":[[121.550806,25.0625232],[121.5508384,25.0624127]]}},{"type":"Feature","properties":{"highway":"secondary","name":"敦化北路","osm_id":1340005956},"geometry":{"type":"LineString","coordinates":[[121.551669,25.0634655],[121.5513212,25.0634592]]}},{"type":"Feature","properties":{"highway":"secondary","name":"敦化北路","osm_id":1340005957},"geometry":{"type":"LineString","coordinates":[[121.5513212,25.0634592],[121.5509713,25.0634506]]}},{"type":"Feature","properties":{"highway":"secondary","name":"敦化北路","osm_id":1340005958},"geometry":{"type":"LineString","coordinates":[[121.5509713,25.0634506],[121.5508791,25.0634337],[121.5508245,25.0633997],[121.5507969,25.0633436],[121.5507789,25.0632572]]}},{"type":"Feature","properties":{"highway":"secondary","name":"敦化北路","osm_id":1340006923},"geometry":{"type":"LineString","coordinates":[[121.5531734,25.0627617],[121.5531564,25.0630755]]}},{"type":"Feature","properties":{"highway":"secondary","name":"敦化北路","osm_id":1340006924},"geometry":{"type":"LineString","coordinates":[[121.5531412,25.0633975],[121.5530919,25.0634506],[121.5530307,25.0634772],[121.5529373,25.0634915],[121.5525333,25.0634831],[121.5524458,25.0634813],[121.5520405,25.0634729]]}},{"type":"Feature","properties":{"highway":"secondary","name":"敦化北路","osm_id":1340180046},"geometry":{"type":"LineString","coordinates":[[121.5508806,25.0615738],[121.5509295,25.0616647],[121.5509432,25.0616958],[121.5510319,25.0618797],[121.5510853,25.0619945]]}},{"type":"Feature","properties":{"highway":"secondary","name":"敦化北路","osm_id":1340180047},"geometry":{"type":"LineString","coordinates":[[121.5508384,25.0624127],[121.5509533,25.0621447],[121.5509682,25.0620504],[121.5509422,25.0619521],[121.5509245,25.0619163]]}},{"type":"Feature","properties":{"highway":"secondary","name":"民權東路三段","osm_id":1340182122},"geometry":{"type":"LineString","coordinates":[[121.5495475,25.0616577],[121.5498672,25.0616015],[121.5502994,25.0615255],[121.5503377,25.0615188],[121.5503622,25.0615153],[121.5504906,25.0614919]]}},{"type":"Feature","properties":{"highway":"secondary","name":"民權東路四段","osm_id":1340182123},"geometry":{"type":"LineString","coordinates":[[121.5544859,25.0619713],[121.5519935,25.0616864]]}},{"type":"Feature","properties":{"highway":"secondary","name":"民權東路三段","osm_id":1340182124},"geometry":{"type":"LineString","coordinates":[[121.5505576,25.0616143],[121.5503932,25.0616472],[121.5499147,25.0617356]]}},{"type":"Feature","properties":{"highway":"secondary","name":"民權東路四段","osm_id":1340182125},"geometry":{"type":"LineString","coordinates":[[121.5508806,25.0615738],[121.5507567,25.0615809]]}},{"type":"Feature","properties":{"highway":"secondary","name":"民權東路四段","osm_id":1340182126},"geometry":{"type":"LineString","coordinates":[[121.5519935,25.0616864],[121.5518083,25.0616497],[121.5513281,25.061595],[121.5512632,25.0615876],[121.5512141,25.061582],[121.5510868,25.0615772]]}},{"type":"Feature","properties":{"highway":"secondary","name":"敦化北路","osm_id":1340415847},"geometry":{"type":"LineString","coordinates":[[121.5527606,25.0623449],[121.5528667,25.0623492],[121.5529582,25.0623563],[121.5530418,25.0623906],[121.5531082,25.0624481]]}},{"type":"Feature","properties":{"highway":"secondary","name":"民權東路六段","osm_id":1341356325},"geometry":{"type":"LineString","coordinates":[[121.5750545,25.0659506],[121.5749402,25.0659477]]}},{"type":"Feature","properties":{"highway":"tertiary","name":"林森北路","osm_id":1347363384},"geometry":{"type":"LineString","coordinates":[[121.5241783,25.04772],[121.5242318,25.0479124]]}},{"type":"Feature","properties":{"highway":"tertiary","name":"襄陽路","osm_id":1358006742},"geometry":{"type":"LineString","coordinates":[[121.5141021,25.0434051],[121.5145934,25.0433916],[121.5150164,25.0433799]]}},{"type":"Feature","properties":{"highway":"secondary","name":"敦化北路","osm_id":1370337663},"geometry":{"type":"LineString","coordinates":[[121.5520405,25.0634729],[121.5518606,25.0634691],[121.5518161,25.0634682]]}},{"type":"Feature","properties":{"highway":"tertiary","name":"長春路","osm_id":1370770793},"geometry":{"type":"LineString","coordinates":[[121.5480132,25.0544582],[121.5463499,25.0545046],[121.5461893,25.0545102]]}},{"type":"Feature","properties":{"highway":"tertiary","name":"長春路","osm_id":1370772866},"geometry":{"type":"LineString","coordinates":[[121.5461893,25.0545102],[121.5460612,25.0545137],[121.5447837,25.0545485]]}},{"type":"Feature","properties":{"highway":"secondary","name":"敦化北路","osm_id":1371014519},"geometry":{"type":"LineString","coordinates":[[121.550508,25.0609643],[121.5493811,25.0587183],[121.5492422,25.0584351],[121.5491615,25.0582411],[121.5491035,25.0580238]]}},{"type":"Feature","properties":{"highway":"secondary","name":"敦化北路","osm_id":1371014520},"geometry":{"type":"LineString","coordinates":[[121.5496319,25.0597555],[121.5491328,25.0587445]]}},{"type":"Feature","properties":{"highway":"tertiary","name":"龍江路","osm_id":1371644867},"geometry":{"type":"LineString","coordinates":[[121.5405323,25.0547493],[121.5405237,25.0546509]]}},{"type":"Feature","properties":{"highway":"tertiary","name":"龍江路","osm_id":1371644869},"geometry":{"type":"LineString","coordinates":[[121.5405237,25.0546509],[121.540514,25.0545403]]}},{"type":"Feature","properties":{"highway":"tertiary","name":"興安街","osm_id":1371644883},"geometry":{"type":"LineString","coordinates":[[121.5370818,25.0561826],[121.5370204,25.0561849],[121.5367656,25.0561945],[121.5366745,25.0561979]]}},{"type":"Feature","properties":{"highway":"tertiary","name":"建國北路二段","osm_id":1371644884},"geometry":{"type":"LineString","coordinates":[[121.5370857,25.0547341],[121.5370836,25.054837],[121.5370775,25.0551369],[121.5370785,25.0554617],[121.5370809,25.0559992],[121.5370811,25.056033],[121.5370813,25.0560766],[121.5370818,25.0561826]]}},{"type":"Feature","properties":{"highway":"secondary","name":"南京東路五段","osm_id":1371667005},"geometry":{"type":"LineString","coordinates":[[121.5607999,25.0514214],[121.5609347,25.0514164]]}},{"type":"Feature","properties":{"highway":"secondary","name":"南京東路五段","osm_id":1371667007},"geometry":{"type":"LineString","coordinates":[[121.5579493,25.0514665],[121.5580948,25.0514636]]}},{"type":"Feature","properties":{"highway":"secondary","name":"南京東路四段","osm_id":1371667009},"geometry":{"type":"LineString","coordinates":[[121.5571143,25.0514889],[121.5573607,25.0514823]]}},{"type":"Feature","properties":{"highway":"secondary","name":"南京東路四段","osm_id":1371667011},"geometry":{"type":"LineString","coordinates":[[121.5551177,25.0515376],[121.5552405,25.0515322]]}},{"type":"Feature","properties":{"highway":"secondary","name":"南京東路四段","osm_id":1371667013},"geometry":{"type":"LineString","coordinates":[[121.5563881,25.0515019],[121.5568395,25.0514942]]}},{"type":"Feature","properties":{"highway":"secondary","name":"南京東路四段","osm_id":1371667014},"geometry":{"type":"LineString","coordinates":[[121.5568395,25.0514942],[121.5570252,25.051491],[121.5570545,25.0514903],[121.5571143,25.0514889]]}},{"type":"Feature","properties":{"highway":"secondary","name":"南京東路四段","osm_id":1371667015},"geometry":{"type":"LineString","coordinates":[[121.5548794,25.0515244],[121.5551177,25.0515376]]}},{"type":"Feature","properties":{"highway":"secondary","name":"南京東路四段","osm_id":1371667018},"geometry":{"type":"LineString","coordinates":[[121.5527163,25.0515962],[121.552856,25.0515819]]}},{"type":"Feature","properties":{"highway":"secondary","name":"南京東路四段","osm_id":1371667019},"geometry":{"type":"LineString","coordinates":[[121.5524729,25.0516057],[121.5527163,25.0515962]]}},{"type":"Feature","properties":{"highway":"secondary","name":"南京東路四段","osm_id":1371667021},"geometry":{"type":"LineString","coordinates":[[121.5491952,25.0516604],[121.5493571,25.0516568]]}},{"type":"Feature","properties":{"highway":"secondary","name":"南京東路三段","osm_id":1371667024},"geometry":{"type":"LineString","coordinates":[[121.548555,25.05166],[121.5487095,25.0516711]]}},{"type":"Feature","properties":{"highway":"secondary","name":"南京東路三段","osm_id":1371669476},"geometry":{"type":"LineString","coordinates":[[121.5441158,25.0517699],[121.5443112,25.0517628]]}},{"type":"Feature","properties":{"highway":"secondary","name":"南京東路三段","osm_id":1371669477},"geometry":{"type":"LineString","coordinates":[[121.5437791,25.0517809],[121.5438803,25.0517767],[121.5439733,25.0517728]]}},{"type":"Feature","properties":{"highway":"secondary","name":"南京東路三段","osm_id":1371669480},"geometry":{"type":"LineString","coordinates":[[121.542062,25.0518145],[121.542146,25.0518125]]}},{"type":"Feature","properties":{"highway":"secondary","name":"南京東路三段","osm_id":1371669481},"geometry":{"type":"LineString","coordinates":[[121.5404609,25.0518439],[121.5406165,25.0518417]]}},{"type":"Feature","properties":{"highway":"secondary","name":"南京東路三段","osm_id":1371669483},"geometry":{"type":"LineString","coordinates":[[121.5419517,25.0518153],[121.542062,25.0518145]]}},{"type":"Feature","properties":{"highway":"secondary","name":"南京東路三段","osm_id":1371669486},"geometry":{"type":"LineString","coordinates":[[121.5403023,25.0518461],[121.5404609,25.0518439]]}},{"type":"Feature","properties":{"highway":"secondary","name":"南京東路三段","osm_id":1371669488},"geometry":{"type":"LineString","coordinates":[[121.5420558,25.0519562],[121.541952,25.0519587]]}},{"type":"Feature","properties":{"highway":"secondary","name":"南京東路三段","osm_id":1371669490},"geometry":{"type":"LineString","coordinates":[[121.5421481,25.0519547],[121.5420558,25.0519562]]}},{"type":"Feature","properties":{"highway":"secondary","name":"南京東路三段","osm_id":1371669491},"geometry":{"type":"LineString","coordinates":[[121.5404645,25.0520073],[121.5403053,25.0520081]]}},{"type":"Feature","properties":{"highway":"secondary","name":"南京東路三段","osm_id":1371669494},"geometry":{"type":"LineString","coordinates":[[121.5406231,25.0520073],[121.5404645,25.0520073]]}},{"type":"Feature","properties":{"highway":"secondary","name":"南京東路三段","osm_id":1371669496},"geometry":{"type":"LineString","coordinates":[[121.5371943,25.0520843],[121.5370268,25.0520644]]}},{"type":"Feature","properties":{"highway":"secondary","name":"南京東路三段","osm_id":1371669499},"geometry":{"type":"LineString","coordinates":[[121.5439679,25.0519303],[121.5438808,25.0519301],[121.5437826,25.0519298]]}},{"type":"Feature","properties":{"highway":"secondary","name":"基隆路車行地下道","osm_id":1376754805},"geometry":{"type":"LineString","coordinates":[[121.5657929,25.0435296],[121.5656527,25.0432118],[121.565356,25.0427079]]}},{"type":"Feature","properties":{"highway":"tertiary","name":"松隆路","osm_id":1376756439},"geometry":{"type":"LineString","coordinates":[[121.5658923,25.0434852],[121.5657929,25.0435296]]}},{"type":"Feature","properties":{"highway":"secondary","name":"基隆路車行地下道","osm_id":1376756440},"geometry":{"type":"LineString","coordinates":[[121.5658325,25.0433812],[121.5658923,25.0434852]]}},{"type":"Feature","properties":{"highway":"tertiary","name":"松隆路","osm_id":1376756441},"geometry":{"type":"LineString","coordinates":[[121.5658325,25.0433812],[121.5658952,25.0433495]]}},{"type":"Feature","properties":{"highway":"secondary","name":"基隆路一段","osm_id":1376756442},"geometry":{"type":"LineString","coordinates":[[121.5658952,25.0433495],[121.565958,25.0434582]]}},{"type":"Feature","properties":{"highway":"tertiary","name":"松隆路","osm_id":1376756443},"geometry":{"type":"LineString","coordinates":[[121.5658952,25.0433495],[121.5660686,25.0433104],[121.5665001,25.0432674],[121.5666765,25.0432625],[121.5668125,25.0432695],[121.5669467,25.0432905],[121.5671015,25.0433328],[121.5671965,25.043371],[121.5673094,25.043428],[121.567375,25.0434651],[121.5676014,25.0436056],[121.5676786,25.0436595],[121.5687342,25.0443184],[121.5688072,25.0443696],[121.5690253,25.0445088],[121.569088,25.0445499],[121.5693901,25.0447643],[121.569547,25.0448901],[121.5700979,25.0453452],[121.5702091,25.0454336],[121.5704427,25.0455958]]}},{"type":"Feature","properties":{"highway":"tertiary","name":"松隆路","osm_id":1376756446},"geometry":{"type":"LineString","coordinates":[[121.565958,25.0434582],[121.5658923,25.0434852]]}},{"type":"Feature","properties":{"highway":"secondary","name":"基隆路一段","osm_id":1376756447},"geometry":{"type":"LineString","coordinates":[[121.565958,25.0434582],[121.5660201,25.0435592]]}},{"type":"Feature","properties":{"highway":"secondary_link","name":"","osm_id":1376756448},"geometry":{"type":"LineString","coordinates":[[121.5658325,25.0433812],[121.565958,25.0434582]]}},{"type":"Feature","properties":{"highway":"tertiary","name":"民生東路五段","osm_id":1376914513},"geometry":{"type":"LineString","coordinates":[[121.5690724,25.0592951],[121.5689206,25.059281]]}},{"type":"Feature","properties":{"highway":"secondary","name":"南京東路五段","osm_id":1376951913},"geometry":{"type":"LineString","coordinates":[[121.5673626,25.0512703],[121.5675327,25.0512135],[121.5682795,25.0511907],[121.5683016,25.0511901],[121.5683444,25.0511891],[121.5684437,25.0511872]]}},{"type":"Feature","properties":{"highway":"secondary","name":"南京東路五段","osm_id":1376951915},"geometry":{"type":"LineString","coordinates":[[121.5683493,25.0514515],[121.5682506,25.0514545],[121.5675342,25.0514641],[121.5673432,25.0514127]]}},{"type":"Feature","properties":{"highway":"tertiary","name":"光復北路","osm_id":1377247447},"geometry":{"type":"LineString","coordinates":[[121.5565917,25.0536212],[121.556506,25.0537519],[121.5564692,25.053808],[121.5564371,25.0538569],[121.5559848,25.0545469],[121.5559661,25.0545754],[121.5559563,25.0545921]]}},{"type":"Feature","properties":{"highway":"tertiary","name":"光復北路","osm_id":1377247449},"geometry":{"type":"LineString","coordinates":[[121.5557409,25.0554909],[121.5557314,25.0555469],[121.5556883,25.0558033]]}},{"type":"Feature","properties":{"highway":"tertiary","name":"光復北路","osm_id":1377247454},"geometry":{"type":"LineString","coordinates":[[121.5554666,25.0570296],[121.5554571,25.0570807],[121.5554529,25.0571034],[121.5554361,25.0571936],[121.5554266,25.0572446]]}},{"type":"Feature","properties":{"highway":"tertiary","name":"光復北路","osm_id":1377247455},"geometry":{"type":"LineString","coordinates":[[121.5554266,25.0572446],[121.5554149,25.0573061],[121.5554063,25.0573517],[121.5554011,25.0573812],[121.5553941,25.0574194],[121.5553207,25.0578148]]}},{"type":"Feature","properties":{"highway":"tertiary","name":"光復北路","osm_id":1377247456},"geometry":{"type":"LineString","coordinates":[[121.5553207,25.0578148],[121.5553051,25.0578982]]}},{"type":"Feature","properties":{"highway":"tertiary","name":"光復北路","osm_id":1377247457},"geometry":{"type":"LineString","coordinates":[[121.5553051,25.0578982],[121.5552504,25.0581919],[121.5552433,25.0582301]]}},{"type":"Feature","properties":{"highway":"tertiary","name":"光復北路","osm_id":1377247458},"geometry":{"type":"LineString","coordinates":[[121.5555364,25.0566547],[121.5554666,25.0570296]]}},{"type":"Feature","properties":{"highway":"tertiary","name":"光復北路","osm_id":1377247459},"geometry":{"type":"LineString","coordinates":[[121.5557623,25.0553714],[121.5557516,25.0554338],[121.5557409,25.0554909]]}},{"type":"Feature","properties":{"highway":"tertiary","name":"光復北路","osm_id":1377247460},"geometry":{"type":"LineString","coordinates":[[121.5556883,25.0558033],[121.5556368,25.0560958],[121.555631,25.0561271],[121.5556245,25.0561618],[121.5556138,25.0562384]]}},{"type":"Feature","properties":{"highway":"tertiary","name":"八德路四段","osm_id":1377428794},"geometry":{"type":"LineString","coordinates":[[121.5673145,25.0491422],[121.5673689,25.0491471],[121.5674189,25.0491532],[121.5674758,25.0491601],[121.5686513,25.0493028],[121.5688789,25.0493304],[121.5689181,25.0493368],[121.5689665,25.0493415],[121.5692013,25.0493749]]}},{"type":"Feature","properties":{"highway":"tertiary","name":"八德路四段","osm_id":1377428795},"geometry":{"type":"LineString","coordinates":[[121.5671833,25.0491225],[121.5673145,25.0491422]]}},{"type":"Feature","properties":{"highway":"secondary","name":"北安路","osm_id":1395655769},"geometry":{"type":"LineString","coordinates":[[121.5390712,25.0794101],[121.5390202,25.0793081],[121.5389217,25.0779318],[121.5389218,25.0777779]]}},{"type":"Feature","properties":{"highway":"secondary","name":"北安路","osm_id":1396246283},"geometry":{"type":"LineString","coordinates":[[121.538956,25.0776747],[121.5390129,25.0777743],[121.5390203,25.077931],[121.5390938,25.0791272],[121.5391102,25.0792641],[121.5391333,25.0793112],[121.5391779,25.0793527]]}},{"type":"Feature","properties":{"highway":"tertiary","name":"民生西路","osm_id":1409403096},"geometry":{"type":"LineString","coordinates":[[121.5182477,25.057347],[121.5183777,25.0573632],[121.5191221,25.0574559],[121.5191897,25.0574643]]}},{"type":"Feature","properties":{"highway":"tertiary","name":"民生東路三段","osm_id":1409452851},"geometry":{"type":"LineString","coordinates":[[121.5369383,25.0578258],[121.5371308,25.0578339]]}},{"type":"Feature","properties":{"highway":"secondary","name":"松江路","osm_id":1409474984},"geometry":{"type":"LineString","coordinates":[[121.5333521,25.0665823],[121.5333546,25.0666394],[121.5333584,25.0669539]]}},{"type":"Feature","properties":{"highway":"primary","name":"中山北路一段","osm_id":1409651779},"geometry":{"type":"LineString","coordinates":[[121.5227569,25.0626942],[121.5227163,25.0628383]]}},{"type":"Feature","properties":{"highway":"secondary","name":"民權東路一段","osm_id":1409651780},"geometry":{"type":"LineString","coordinates":[[121.5227569,25.0626942],[121.5228528,25.0626913]]}},{"type":"Feature","properties":{"highway":"secondary","name":"塔悠路","osm_id":1409652502},"geometry":{"type":"LineString","coordinates":[[121.567849,25.0664436],[121.5678282,25.0662939],[121.5677975,25.0657593],[121.5678289,25.0655018],[121.5678535,25.0653499],[121.5678729,25.0652479],[121.5678851,25.0651867],[121.567992,25.0645913],[121.5681503,25.0637967],[121.5681564,25.063766],[121.5681662,25.0637169],[121.568178,25.0636586]]}},{"type":"Feature","properties":{"highway":"secondary","name":"塔悠路","osm_id":1409652504},"geometry":{"type":"LineString","coordinates":[[121.5683255,25.063678],[121.5683142,25.0637457],[121.5680672,25.0652164],[121.5680539,25.065277],[121.5680321,25.0653676],[121.5679959,25.0655285],[121.5679772,25.0656306],[121.5679418,25.0660254],[121.5679554,25.0661725],[121.567959,25.0662108],[121.5679666,25.0662928],[121.5680061,25.0664166]]}},{"type":"Feature","properties":{"highway":"tertiary","name":"東興路","osm_id":1409660774},"geometry":{"type":"LineString","coordinates":[[121.5653946,25.051314],[121.5653904,25.0512043],[121.5653875,25.0507277]]}},{"type":"Feature","properties":{"highway":"tertiary","name":"健康路","osm_id":1409676529},"geometry":{"type":"LineString","coordinates":[[121.5672909,25.0542818],[121.5674187,25.0542911],[121.5685719,25.0543598],[121.5691852,25.0543974],[121.5693662,25.0544099],[121.5695335,25.0544239],[121.569585,25.0544283],[121.5696449,25.0544333],[121.5697317,25.0544472],[121.5699197,25.0544807]]}},{"type":"Feature","properties":{"highway":"secondary","name":"敦化北路","osm_id":1409723183},"geometry":{"type":"LineString","coordinates":[[121.5506853,25.0607795],[121.5508241,25.0610557],[121.5508358,25.0610802],[121.550854,25.0611182],[121.5508833,25.0611798],[121.5510259,25.0614588]]}},{"type":"Feature","properties":{"highway":"secondary","name":"八德路四段","osm_id":1409965099},"geometry":{"type":"LineString","coordinates":[[121.575991,25.050071],[121.5759196,25.0500845],[121.5745206,25.0500463],[121.5742182,25.0500446],[121.5737978,25.0500393],[121.5725434,25.0500217],[121.5723518,25.0500466]]}},{"type":"Feature","properties":{"highway":"secondary","name":"復興北路","osm_id":1413003557},"geometry":{"type":"LineString","coordinates":[[121.5443291,25.0633621],[121.5443298,25.0634163],[121.5443335,25.0636951],[121.54434,25.0640817],[121.5443403,25.0641336],[121.5443417,25.0641968],[121.5443444,25.0643365]]}},{"type":"Feature","properties":{"highway":"secondary","name":"濱江街","osm_id":1413458946},"geometry":{"type":"LineString","coordinates":[[121.5513668,25.0723878],[121.5511083,25.0723646]]}},{"type":"Feature","properties":{"highway":"secondary_link","name":"","osm_id":1413458947},"geometry":{"type":"LineString","coordinates":[[121.5513702,25.0721539],[121.5513696,25.0721988],[121.5513673,25.0723531],[121.5513668,25.0723878]]}},{"type":"Feature","properties":{"highway":"secondary","name":"濱江街","osm_id":1413458962},"geometry":{"type":"LineString","coordinates":[[121.5513702,25.0721539],[121.5518372,25.0721749],[121.5527962,25.072213],[121.552905,25.0722172],[121.5535472,25.0722421],[121.5537806,25.0722428],[121.5543653,25.0722446],[121.555283,25.0722209],[121.555696,25.0722102],[121.5559573,25.0721975],[121.5565915,25.0721668],[121.5567927,25.0721514],[121.5569962,25.0721268],[121.5572576,25.0720826]]}},{"type":"Feature","properties":{"highway":"secondary","name":"濱江街","osm_id":1413458964},"geometry":{"type":"LineString","coordinates":[[121.5572576,25.0720826],[121.5574587,25.0720442],[121.557699,25.071982],[121.5577462,25.0719698],[121.5578154,25.0719519],[121.5578348,25.0719469],[121.5578829,25.0719282]]}},{"type":"Feature","properties":{"highway":"secondary","name":"濱江街","osm_id":1413458967},"geometry":{"type":"LineString","coordinates":[[121.562205,25.0706772],[121.5625413,25.0706362],[121.5633322,25.0705513],[121.5637628,25.0705258],[121.5641025,25.0705181],[121.5643716,25.0705234]]}},{"type":"Feature","properties":{"highway":"secondary","name":"濱江街","osm_id":1413458968},"geometry":{"type":"LineString","coordinates":[[121.5610899,25.0708836],[121.5613811,25.0708165],[121.5616746,25.0707589],[121.5618986,25.0707197],[121.562205,25.0706772]]}},{"type":"Feature","properties":{"highway":"secondary","name":"塔悠路","osm_id":1413458971},"geometry":{"type":"LineString","coordinates":[[121.5679467,25.0669617],[121.5678742,25.0665933],[121.5678675,25.0665683],[121.5678625,25.0665495],[121.567849,25.0664436]]}},{"type":"Feature","properties":{"highway":"secondary","name":"濱江街","osm_id":1413458972},"geometry":{"type":"LineString","coordinates":[[121.5579437,25.0721049],[121.5578924,25.0721182],[121.5577227,25.072169],[121.5575838,25.0722058],[121.557538,25.0722149],[121.557314,25.072274],[121.5571004,25.0723315],[121.55708,25.072337],[121.5568121,25.0723507],[121.5563183,25.0723759],[121.556185,25.0723804],[121.5556624,25.0723982],[121.5550653,25.0724186],[121.5548913,25.0724245],[121.5547403,25.0724245],[121.5537142,25.0724245],[121.5534966,25.0724245],[121.5526424,25.072418],[121.5517739,25.0724114],[121.5517252,25.0724086],[121.5516887,25.0724065],[121.5513668,25.0723878]]}},{"type":"Feature","properties":{"highway":"secondary","name":"濱江街","osm_id":1413458974},"geometry":{"type":"LineString","coordinates":[[121.5583524,25.0719943],[121.558074,25.0720696],[121.5580399,25.0720789],[121.5579437,25.0721049]]}},{"type":"Feature","properties":{"highway":"secondary","name":"撫遠街","osm_id":1413458975},"geometry":{"type":"LineString","coordinates":[[121.5649342,25.0706685],[121.5646009,25.0706645],[121.5643765,25.070666]]}},{"type":"Feature","properties":{"highway":"secondary","name":"民權東路三段","osm_id":1413470415},"geometry":{"type":"LineString","coordinates":[[121.5499147,25.0617356],[121.5491492,25.0618801],[121.5489453,25.0619184]]}},{"type":"Feature","properties":{"highway":"primary","name":"中山南路","osm_id":1416292779},"geometry":{"type":"LineString","coordinates":[[121.5178434,25.0393842],[121.5179147,25.0394639],[121.5179199,25.0394738],[121.5180514,25.0399223]]}},{"type":"Feature","properties":{"highway":"secondary","name":"光復南路","osm_id":1417641280},"geometry":{"type":"LineString","coordinates":[[121.5578921,25.0436875],[121.5578957,25.0438544],[121.5579526,25.0439709],[121.5579621,25.0444972],[121.5579133,25.0445905],[121.5579157,25.0448959],[121.5579151,25.0449968]]}},{"type":"Feature","properties":{"highway":"primary","name":"中山北路一段","osm_id":1420922746},"geometry":{"type":"LineString","coordinates":[[121.5196516,25.0460696],[121.5195751,25.0458909],[121.5195271,25.0457875]]}},{"type":"Feature","properties":{"highway":"secondary","name":"民權東路五段","osm_id":1429723259},"geometry":{"type":"LineString","coordinates":[[121.5648489,25.0630189],[121.5649195,25.0630282],[121.565011,25.063042],[121.5657284,25.0631415],[121.5657755,25.0631481],[121.5658411,25.0631571],[121.5659339,25.063168]]}},{"type":"Feature","properties":{"highway":"secondary","name":"民權東路五段","osm_id":1429723261},"geometry":{"type":"LineString","coordinates":[[121.5648307,25.063137],[121.5647498,25.0631266],[121.5632411,25.0629225],[121.5631937,25.0629166],[121.5631633,25.0629129],[121.5631005,25.0629064],[121.5630247,25.0628993]]}},{"type":"Feature","properties":{"highway":"tertiary","name":"民生東路四段","osm_id":1429734083},"geometry":{"type":"LineString","coordinates":[[121.5492647,25.0576739],[121.5493836,25.0576819],[121.5500984,25.0577493],[121.5503695,25.0577742],[121.5504008,25.0577768],[121.5504348,25.0577796],[121.5505173,25.0577885]]}},{"type":"Feature","properties":{"highway":"tertiary","name":"堤頂大道二段","osm_id":1431099548},"geometry":{"type":"LineString","coordinates":[[121.5644119,25.0788815],[121.5643453,25.0789257]]}},{"type":"Feature","properties":{"highway":"tertiary","name":"基湖路","osm_id":1431099549},"geometry":{"type":"LineString","coordinates":[[121.5643518,25.0788144],[121.5644119,25.0788815]]}},{"type":"Feature","properties":{"highway":"trunk","name":"堤頂大道二段","osm_id":1431099550},"geometry":{"type":"LineString","coordinates":[[121.5643518,25.0788144],[121.564282,25.0788551]]}},{"type":"Feature","properties":{"highway":"tertiary","name":"基湖路","osm_id":1431099551},"geometry":{"type":"LineString","coordinates":[[121.5642496,25.078694],[121.5643122,25.0787684],[121.5643518,25.0788144]]}},{"type":"Feature","properties":{"highway":"tertiary","name":"基湖路","osm_id":1431099552},"geometry":{"type":"LineString","coordinates":[[121.5644119,25.0788815],[121.564451,25.0789344],[121.5644798,25.0789761],[121.5644791,25.0790204]]}},{"type":"Feature","properties":{"highway":"tertiary","name":"基湖路","osm_id":1431099553},"geometry":{"type":"LineString","coordinates":[[121.5644791,25.0790204],[121.5644221,25.0790119],[121.564388,25.0789788],[121.5643453,25.0789257]]}},{"type":"Feature","properties":{"highway":"secondary","name":"樂群一路","osm_id":1431099554},"geometry":{"type":"LineString","coordinates":[[121.5631562,25.0760833],[121.5632513,25.0760834]]}},{"type":"Feature","properties":{"highway":"tertiary","name":"基湖路","osm_id":1431099555},"geometry":{"type":"LineString","coordinates":[[121.5632513,25.0760834],[121.563252,25.0761518]]}},{"type":"Feature","properties":{"highway":"tertiary","name":"基湖路","osm_id":1431099556},"geometry":{"type":"LineString","coordinates":[[121.563252,25.0761518],[121.5632527,25.0762078],[121.563252,25.0765215],[121.5632433,25.0769372],[121.5632433,25.0769754],[121.5632408,25.0770238],[121.5632314,25.0773513],[121.5632358,25.0773951],[121.5632392,25.0774304],[121.56325,25.077482],[121.5632741,25.0775282],[121.5633056,25.0775768],[121.5635273,25.0778484],[121.5635616,25.0778907],[121.5635947,25.0779277],[121.5638453,25.0782361],[121.5638721,25.0782666],[121.5639249,25.0783222],[121.5641964,25.0786315],[121.5642496,25.078694]]}},{"type":"Feature","properties":{"highway":"tertiary","name":"鄭州路","osm_id":1433559700},"geometry":{"type":"LineString","coordinates":[[121.5141489,25.0493606],[121.5139165,25.0494124]]}},{"type":"Feature","properties":{"highway":"tertiary","name":"鄭州路","osm_id":1433559701},"geometry":{"type":"LineString","coordinates":[[121.5144936,25.049284],[121.5141489,25.0493606]]}},{"type":"Feature","properties":{"highway":"primary","name":"","osm_id":1433780449},"geometry":{"type":"LineString","coordinates":[[121.5252687,25.0821306],[121.5251941,25.0821534]]}},{"type":"Feature","properties":{"highway":"primary_link","name":"","osm_id":1433780450},"geometry":{"type":"LineString","coordinates":[[121.5273782,25.0888107],[121.527461,25.0887964]]}},{"type":"Feature","properties":{"highway":"primary","name":"","osm_id":1433780452},"geometry":{"type":"LineString","coordinates":[[121.5275427,25.089883],[121.5276234,25.0898854],[121.5276775,25.0898878],[121.5276997,25.0898912]]}},{"type":"Feature","properties":{"highway":"primary_link","name":"","osm_id":1433780454},"geometry":{"type":"LineString","coordinates":[[121.527821,25.0931268],[121.5278914,25.0931192]]}},{"type":"Feature","properties":{"highway":"primary_link","name":"","osm_id":1433780455},"geometry":{"type":"LineString","coordinates":[[121.5279322,25.0930996],[121.528026,25.0930855]]}},{"type":"Feature","properties":{"highway":"secondary","name":"光復北路","osm_id":1433808155},"geometry":{"type":"LineString","coordinates":[[121.557837,25.0516139],[121.5578343,25.0514696]]}},{"type":"Feature","properties":{"highway":"secondary","name":"南京東路四段","osm_id":1433808156},"geometry":{"type":"LineString","coordinates":[[121.5578343,25.0514696],[121.5579493,25.0514665]]}},{"type":"Feature","properties":{"highway":"secondary","name":"南京東路四段","osm_id":1433808157},"geometry":{"type":"LineString","coordinates":[[121.5573607,25.0514823],[121.5578343,25.0514696]]}},{"type":"Feature","properties":{"highway":"secondary","name":"南京東路四段","osm_id":1433813738},"geometry":{"type":"LineString","coordinates":[[121.557837,25.0516139],[121.5573096,25.0516326]]}},{"type":"Feature","properties":{"highway":"primary_link","name":"中山北路三段","osm_id":1434020018},"geometry":{"type":"LineString","coordinates":[[121.5234081,25.0707662],[121.5234503,25.0706347]]}},{"type":"Feature","properties":{"highway":"primary_link","name":"中山北路三段","osm_id":1434020019},"geometry":{"type":"LineString","coordinates":[[121.5234503,25.0706347],[121.5235483,25.0707371]]}},{"type":"Feature","properties":{"highway":"tertiary","name":"民生西路","osm_id":1434051338},"geometry":{"type":"LineString","coordinates":[[121.5138554,25.0569922],[121.5141126,25.0569925],[121.5154746,25.057009],[121.5155743,25.0570137]]}},{"type":"Feature","properties":{"highway":"tertiary","name":"民生西路","osm_id":1434055021},"geometry":{"type":"LineString","coordinates":[[121.5155743,25.0570137],[121.5156735,25.0570084],[121.5157318,25.0570078]]}},{"type":"Feature","properties":{"highway":"tertiary","name":"民生東路一段","osm_id":1434057711},"geometry":{"type":"LineString","coordinates":[[121.5274327,25.0580244],[121.5274678,25.0580239]]}},{"type":"Feature","properties":{"highway":"tertiary","name":"民生東路一段","osm_id":1434057712},"geometry":{"type":"LineString","coordinates":[[121.5264581,25.0580394],[121.5268421,25.0580335]]}},{"type":"Feature","properties":{"highway":"tertiary","name":"民生東路一段","osm_id":1434057713},"geometry":{"type":"LineString","coordinates":[[121.5269419,25.058032],[121.5273442,25.0580258],[121.5274327,25.0580244]]}},{"type":"Feature","properties":{"highway":"tertiary","name":"民生東路一段","osm_id":1434057714},"geometry":{"type":"LineString","coordinates":[[121.5268421,25.0580335],[121.5269419,25.058032]]}},{"type":"Feature","properties":{"highway":"tertiary","name":"民生東路一段","osm_id":1434057715},"geometry":{"type":"LineString","coordinates":[[121.5250161,25.0580616],[121.5253927,25.0580558],[121.5255153,25.0580539]]}},{"type":"Feature","properties":{"highway":"tertiary","name":"民生東路一段","osm_id":1434057716},"geometry":{"type":"LineString","coordinates":[[121.5234117,25.0579872],[121.5239663,25.0580537]]}},{"type":"Feature","properties":{"highway":"tertiary","name":"民生東路一段","osm_id":1434057717},"geometry":{"type":"LineString","coordinates":[[121.5229716,25.0579344],[121.5230776,25.0579471],[121.5234117,25.0579872]]}},{"type":"Feature","properties":{"highway":"tertiary","name":"民生西路","osm_id":1434057718},"geometry":{"type":"LineString","coordinates":[[121.5218276,25.0577929],[121.5220771,25.0578239]]}},{"type":"Feature","properties":{"highway":"tertiary","name":"民生西路","osm_id":1434057719},"geometry":{"type":"LineString","coordinates":[[121.5222412,25.0578444],[121.5226408,25.0578941],[121.5227432,25.0579069]]}},{"type":"Feature","properties":{"highway":"tertiary","name":"民生西路","osm_id":1434057720},"geometry":{"type":"LineString","coordinates":[[121.5220771,25.0578239],[121.5222412,25.0578444]]}},{"type":"Feature","properties":{"highway":"tertiary","name":"民生西路","osm_id":1434057721},"geometry":{"type":"LineString","coordinates":[[121.5191897,25.0574643],[121.5196585,25.0575227],[121.5196987,25.0575277],[121.5202461,25.0575959]]}},{"type":"Feature","properties":{"highway":"tertiary","name":"民生東路二段","osm_id":1434058634},"geometry":{"type":"LineString","coordinates":[[121.5322405,25.0579505],[121.5327848,25.0579421],[121.5328478,25.0579412],[121.5329366,25.0579398],[121.5330675,25.0579378]]}},{"type":"Feature","properties":{"highway":"tertiary","name":"民生東路二段","osm_id":1434058635},"geometry":{"type":"LineString","coordinates":[[121.531907,25.0579556],[121.5322405,25.0579505]]}},{"type":"Feature","properties":{"highway":"tertiary","name":"民生東路二段","osm_id":1434058636},"geometry":{"type":"LineString","coordinates":[[121.5310391,25.057969],[121.5315861,25.0579606],[121.5316247,25.05796]]}},{"type":"Feature","properties":{"highway":"tertiary","name":"民生東路二段","osm_id":1434058637},"geometry":{"type":"LineString","coordinates":[[121.5302095,25.0579817],[121.5303345,25.0579798],[121.5308139,25.0579724]]}},{"type":"Feature","properties":{"highway":"tertiary","name":"民生東路二段","osm_id":1434058638},"geometry":{"type":"LineString","coordinates":[[121.5316247,25.05796],[121.5318411,25.0579566],[121.531907,25.0579556]]}},{"type":"Feature","properties":{"highway":"tertiary","name":"民生東路二段","osm_id":1434058639},"geometry":{"type":"LineString","coordinates":[[121.5308139,25.0579724],[121.5310391,25.057969]]}},{"type":"Feature","properties":{"highway":"tertiary","name":"民族東路","osm_id":1441902735},"geometry":{"type":"LineString","coordinates":[[121.5410079,25.0681557],[121.5409251,25.068158],[121.539699,25.0681921],[121.5385184,25.068212],[121.5384658,25.0682129],[121.5384361,25.0682133],[121.5383468,25.0682149]]}},{"type":"Feature","properties":{"highway":"tertiary_link","name":"","osm_id":1444438466},"geometry":{"type":"LineString","coordinates":[[121.5333699,25.0673334],[121.5334134,25.0673807],[121.5334884,25.0674294],[121.5335879,25.0674408],[121.5336879,25.0674187]]}},{"type":"Feature","properties":{"highway":"tertiary","name":"建國北路二段","osm_id":1444452297},"geometry":{"type":"LineString","coordinates":[[121.5371139,25.0576809],[121.5371308,25.0578339]]}},{"type":"Feature","properties":{"highway":"secondary","name":"敦化北路","osm_id":1445960933},"geometry":{"type":"LineString","coordinates":[[121.5506281,25.0612008],[121.5508038,25.0614554]]}},{"type":"Feature","properties":{"highway":"secondary","name":"敦化北路","osm_id":1445960935},"geometry":{"type":"LineString","coordinates":[[121.5506281,25.0612008],[121.5506009,25.0611434],[121.550508,25.0609643]]}},{"type":"Feature","properties":{"highway":"secondary","name":"敦化北路","osm_id":1445960936},"geometry":{"type":"LineString","coordinates":[[121.5505281,25.0604666],[121.5506853,25.0607795]]}},{"type":"Feature","properties":{"highway":"primary","name":"忠孝東路四段","osm_id":1445960945},"geometry":{"type":"LineString","coordinates":[[121.5488759,25.0414575],[121.5491111,25.0414462]]}},{"type":"Feature","properties":{"highway":"secondary","name":"敦化南路一段","osm_id":1445960966},"geometry":{"type":"LineString","coordinates":[[121.5491257,25.0426043],[121.5491258,25.0427091],[121.5491289,25.0433826],[121.5491296,25.0434572],[121.5491302,25.0435316],[121.549133,25.0438543],[121.5491343,25.0440231],[121.5491381,25.0445483],[121.5491375,25.0445953],[121.5491389,25.0446432],[121.5491395,25.0447156]]}},{"type":"Feature","properties":{"highway":"tertiary","name":"基河路","osm_id":1451941912},"geometry":{"type":"LineString","coordinates":[[121.5251635,25.085924],[121.5249955,25.0859991],[121.5249202,25.0860747],[121.5248436,25.0862168],[121.5241006,25.0875958],[121.5239954,25.0877883],[121.5239223,25.0879199],[121.5238848,25.0879813]]}},{"type":"Feature","properties":{"highway":"tertiary","name":"八德路四段","osm_id":1452553147},"geometry":{"type":"LineString","coordinates":[[121.5695866,25.0495305],[121.5692013,25.0493749]]}},{"type":"Feature","properties":{"highway":"secondary","name":"基隆路一段","osm_id":1452553148},"geometry":{"type":"LineString","coordinates":[[121.5695562,25.0494373],[121.5695866,25.0495305]]}},{"type":"Feature","properties":{"highway":"secondary","name":"基隆路一段","osm_id":1452555206},"geometry":{"type":"LineString","coordinates":[[121.5689675,25.0489808],[121.5689302,25.0489152],[121.5685581,25.0482627]]}},{"type":"Feature","properties":{"highway":"secondary","name":"基隆路一段","osm_id":1452555207},"geometry":{"type":"LineString","coordinates":[[121.5690695,25.0491441],[121.5689675,25.0489808]]}},{"type":"Feature","properties":{"highway":"secondary","name":"基隆路一段","osm_id":1452555208},"geometry":{"type":"LineString","coordinates":[[121.5692013,25.0493749],[121.5691202,25.0492271],[121.5691051,25.049202],[121.5690695,25.0491441]]}},{"type":"Feature","properties":{"highway":"tertiary","name":"市民大道六段","osm_id":1452555209},"geometry":{"type":"LineString","coordinates":[[121.5693364,25.0490413],[121.5694917,25.0490687],[121.5699044,25.0491166],[121.5704369,25.0492007],[121.5704923,25.0492082],[121.5705247,25.0492112],[121.5712313,25.0492239],[121.5716557,25.0492259]]}},{"type":"Feature","properties":{"highway":"tertiary","name":"新生北路一段","osm_id":1452564344},"geometry":{"type":"LineString","coordinates":[[121.5329813,25.045846],[121.5328512,25.0459566]]}},{"type":"Feature","properties":{"highway":"tertiary","name":"錦州街","osm_id":1452569066},"geometry":{"type":"LineString","coordinates":[[121.5332504,25.060345],[121.5333523,25.0603424],[121.5334015,25.0603417],[121.5337518,25.0603364],[121.5348078,25.0603093],[121.5348754,25.060312],[121.5349549,25.0603073],[121.5360936,25.0602872],[121.5366725,25.0602832],[121.5367334,25.0602828]]}},{"type":"Feature","properties":{"highway":"tertiary","name":"建國北路二段","osm_id":1452569067},"geometry":{"type":"LineString","coordinates":[[121.5367939,25.0617554],[121.5367488,25.0614895],[121.5367396,25.0610291],[121.5367339,25.0603422],[121.5367334,25.0602828]]}},{"type":"Feature","properties":{"highway":"secondary","name":"民權東路五段","osm_id":1452600416},"geometry":{"type":"LineString","coordinates":[[121.5661152,25.0631916],[121.5663057,25.063225],[121.5665204,25.0632571]]}},{"type":"Feature","properties":{"highway":"tertiary","name":"撫遠街","osm_id":1452600417},"geometry":{"type":"LineString","coordinates":[[121.5659919,25.0633108],[121.5659688,25.063443],[121.5659002,25.0638348],[121.565838,25.0641897],[121.5658289,25.0642416],[121.5658226,25.0642778],[121.5658115,25.0643412],[121.5657996,25.0644092],[121.5657594,25.0646389],[121.5657148,25.064883],[121.5657052,25.064939],[121.5656973,25.0649856],[121.5656622,25.0651929],[121.5656263,25.0654022],[121.5656172,25.0654509],[121.565609,25.0654979],[121.5655733,25.065702],[121.5655642,25.0657539],[121.5655522,25.0658225]]}},{"type":"Feature","properties":{"highway":"secondary","name":"民權東路五段","osm_id":1452600418},"geometry":{"type":"LineString","coordinates":[[121.5659919,25.0633108],[121.5659082,25.063289]]}},{"type":"Feature","properties":{"highway":"secondary","name":"復興北路","osm_id":1453500849},"geometry":{"type":"LineString","coordinates":[[121.5442491,25.0664191],[121.5442432,25.0662708],[121.5442378,25.0659716],[121.5442195,25.0651256],[121.544208,25.0645257],[121.5442067,25.0644578],[121.5442059,25.0644167],[121.5442033,25.0642845]]}},{"type":"Feature","properties":{"highway":"secondary","name":"承德路三段","osm_id":1453529668},"geometry":{"type":"LineString","coordinates":[[121.5183756,25.0629584],[121.5183827,25.0630865],[121.5183852,25.0632318],[121.5184052,25.0646534],[121.5184149,25.0650972],[121.518428,25.0657616],[121.5184306,25.0658601]]}},{"type":"Feature","properties":{"highway":"tertiary","name":"渭水路","osm_id":1454088642},"geometry":{"type":"LineString","coordinates":[[121.5340123,25.0456996],[121.5350631,25.0456884]]}},{"type":"Feature","properties":{"highway":"secondary","name":"基隆路車行地下道","osm_id":1457382191},"geometry":{"type":"LineString","coordinates":[[121.5647708,25.0417142],[121.5632991,25.039215],[121.5611781,25.0357482]]}},{"type":"Feature","properties":{"highway":"secondary","name":"基隆路車行地下道","osm_id":1457382192},"geometry":{"type":"LineString","coordinates":[[121.5612517,25.0357119],[121.5633659,25.0391944],[121.56484,25.0416814]]}},{"type":"Feature","properties":{"highway":"secondary","name":"基隆路車行地下道","osm_id":1457382197},"geometry":{"type":"LineString","coordinates":[[121.5654312,25.0426787],[121.5657263,25.0431765],[121.5657402,25.0432033],[121.5658325,25.0433812]]}},{"type":"Feature","properties":{"highway":"secondary","name":"基隆路車行地下道","osm_id":1457382199},"geometry":{"type":"LineString","coordinates":[[121.56484,25.0416814],[121.5654312,25.0426787]]}},{"type":"Feature","properties":{"highway":"secondary","name":"基隆路車行地下道","osm_id":1457382200},"geometry":{"type":"LineString","coordinates":[[121.565356,25.0427079],[121.5647708,25.0417142]]}},{"type":"Feature","properties":{"highway":"secondary","name":"基隆路一段","osm_id":1457413238},"geometry":{"type":"LineString","coordinates":[[121.5635643,25.0395598],[121.5635509,25.0394701],[121.5635455,25.0393965],[121.563547,25.0392625],[121.5636125,25.0391447]]}},{"type":"Feature","properties":{"highway":"secondary","name":"基隆路一段","osm_id":1457413239},"geometry":{"type":"LineString","coordinates":[[121.5636783,25.0393784],[121.5636824,25.0395505],[121.5636984,25.0396641],[121.5637388,25.0397776],[121.563786,25.0398793]]}},{"type":"Feature","properties":{"highway":"tertiary","name":"錦州街","osm_id":1458095993},"geometry":{"type":"LineString","coordinates":[[121.5367334,25.0602828],[121.5372132,25.060276],[121.5373081,25.0602747]]}},{"type":"Feature","properties":{"highway":"tertiary","name":"民族西路","osm_id":1458219155},"geometry":{"type":"LineString","coordinates":[[121.5196534,25.068509],[121.5198232,25.0684795],[121.5199205,25.0684765]]}},{"type":"Feature","properties":{"highway":"tertiary","name":"民族西路","osm_id":1458219156},"geometry":{"type":"LineString","coordinates":[[121.5199566,25.0685536],[121.5198261,25.0685441],[121.5196534,25.068509]]}},{"type":"Feature","properties":{"highway":"tertiary","name":"民族西路","osm_id":1458219157},"geometry":{"type":"LineString","coordinates":[[121.5138231,25.0686531],[121.5139458,25.0686449],[121.5140114,25.0686392],[121.5140749,25.0686337],[121.5144128,25.0686285]]}},{"type":"Feature","properties":{"highway":"tertiary","name":"民族西路","osm_id":1458219158},"geometry":{"type":"LineString","coordinates":[[121.5179099,25.0685498],[121.5181966,25.0685404],[121.5183361,25.0685364]]}},{"type":"Feature","properties":{"highway":"tertiary","name":"民族西路","osm_id":1458219159},"geometry":{"type":"LineString","coordinates":[[121.5144128,25.0686285],[121.5148089,25.0686224],[121.5148493,25.0686186],[121.5149134,25.0686177]]}},{"type":"Feature","properties":{"highway":"secondary","name":"濱江街","osm_id":1458226540},"geometry":{"type":"LineString","coordinates":[[121.5357061,25.072961],[121.5356314,25.0731019]]}},{"type":"Feature","properties":{"highway":"secondary","name":"濱江街","osm_id":1458226565},"geometry":{"type":"LineString","coordinates":[[121.5343724,25.0732304],[121.5344282,25.0732141],[121.5344942,25.0731784],[121.5347278,25.0730705]]}},{"type":"Feature","properties":{"highway":"tertiary","name":"民族東路","osm_id":1458653548},"geometry":{"type":"LineString","coordinates":[[121.5442574,25.0665491],[121.544101,25.066664],[121.5434723,25.0671259],[121.5433893,25.0671851],[121.5433181,25.0672355],[121.5431879,25.0673278],[121.5428955,25.0675392],[121.5425414,25.0677554],[121.5422786,25.0679036],[121.5420063,25.0680299],[121.5418843,25.0680712],[121.5416804,25.0681132],[121.5414868,25.0681389],[121.5412042,25.0681479],[121.5411362,25.0681501],[121.5410982,25.0681513],[121.5410079,25.0681557]]}},{"type":"Feature","properties":{"highway":"tertiary","name":"民族東路","osm_id":1458653549},"geometry":{"type":"LineString","coordinates":[[121.5442491,25.0664191],[121.5443661,25.0664142]]}},{"type":"Feature","properties":{"highway":"secondary","name":"復興北路","osm_id":1458653550},"geometry":{"type":"LineString","coordinates":[[121.5443661,25.0664142],[121.5443667,25.0664702]]}},{"type":"Feature","properties":{"highway":"tertiary","name":"民族東路","osm_id":1458653551},"geometry":{"type":"LineString","coordinates":[[121.5383468,25.0682149],[121.5381307,25.0682187]]}},{"type":"Feature","properties":{"highway":"tertiary","name":"民族東路","osm_id":1458653552},"geometry":{"type":"LineString","coordinates":[[121.5381307,25.0682187],[121.5380666,25.0682203],[121.5370087,25.0682383],[121.5367479,25.0682404],[121.5366871,25.0682409],[121.5366502,25.0682412],[121.5366211,25.0682439],[121.5365005,25.0682456],[121.5362944,25.0682486],[121.5362203,25.0682497],[121.5358393,25.0682553],[121.53573,25.0682573]]}},{"type":"Feature","properties":{"highway":"tertiary","name":"民族東路","osm_id":1458653554},"geometry":{"type":"LineString","coordinates":[[121.5381318,25.0680932],[121.5383468,25.068089]]}},{"type":"Feature","properties":{"highway":"tertiary","name":"民族東路","osm_id":1458653556},"geometry":{"type":"LineString","coordinates":[[121.5383468,25.068089],[121.5384357,25.0680883],[121.5387061,25.0680873],[121.5396938,25.0680701],[121.5407411,25.0680669],[121.540801,25.0680649],[121.5409234,25.0680643],[121.5410064,25.0680639],[121.5410981,25.0680635],[121.5414165,25.0680475],[121.5415761,25.0680328],[121.5417627,25.0679993],[121.5419674,25.0679441],[121.5420889,25.0678933],[121.542229,25.0678271],[121.5423666,25.0677629],[121.5425049,25.0676788],[121.5426326,25.0676011],[121.5429411,25.0674043],[121.5432098,25.0672036],[121.5432549,25.0671699],[121.5433271,25.0671153],[121.5435112,25.0669788],[121.543976,25.0666192],[121.5440198,25.0665871],[121.5442491,25.0664191]]}},{"type":"Feature","properties":{"highway":"secondary","name":"松江路","osm_id":1458653557},"geometry":{"type":"LineString","coordinates":[[121.5335216,25.0682988],[121.533517,25.0683808],[121.5335012,25.0685778],[121.5335039,25.0688548],[121.5335536,25.0693653],[121.5335884,25.0697686],[121.5335913,25.0699763]]}},{"type":"Feature","properties":{"highway":"tertiary","name":"民族東路","osm_id":1458653558},"geometry":{"type":"LineString","coordinates":[[121.5333519,25.0683065],[121.5330337,25.068299]]}},{"type":"Feature","properties":{"highway":"tertiary","name":"市民大道三段","osm_id":1458656966},"geometry":{"type":"LineString","coordinates":[[121.5308292,25.0459219],[121.530887,25.0459072],[121.5314725,25.0457376],[121.5316405,25.045692]]}},{"type":"Feature","properties":{"highway":"secondary","name":"民權東路三段","osm_id":1458669884},"geometry":{"type":"LineString","coordinates":[[121.5424981,25.0624281],[121.5423748,25.0624259],[121.5418499,25.0624329]]}},{"type":"Feature","properties":{"highway":"secondary","name":"民權東路三段","osm_id":1458669886},"geometry":{"type":"LineString","coordinates":[[121.5424485,25.0622781],[121.5425935,25.0622772],[121.543167,25.0622729]]}},{"type":"Feature","properties":{"highway":"tertiary","name":"三民路","osm_id":1458672862},"geometry":{"type":"LineString","coordinates":[[121.5638016,25.0514866],[121.5638012,25.0513574]]}},{"type":"Feature","properties":{"highway":"tertiary","name":"三民路","osm_id":1458672863},"geometry":{"type":"LineString","coordinates":[[121.5631173,25.0627779],[121.5631005,25.0629064]]}},{"type":"Feature","properties":{"highway":"secondary","name":"新生南路一段","osm_id":1458697048},"geometry":{"type":"LineString","coordinates":[[121.5328788,25.0401917],[121.5328809,25.0402825],[121.5328905,25.0407626],[121.5328554,25.0414842],[121.5328609,25.0420569],[121.5328626,25.0420952],[121.5329138,25.0422422]]}},{"type":"Feature","properties":{"highway":"secondary","name":"新生南路一段","osm_id":1458697051},"geometry":{"type":"LineString","coordinates":[[121.5328593,25.0394648],[121.5328601,25.0396394],[121.5328714,25.0399996],[121.5328746,25.0400833],[121.5328788,25.0401917]]}},{"type":"Feature","properties":{"highway":"tertiary","name":"濟南路三段","osm_id":1458697052},"geometry":{"type":"LineString","coordinates":[[121.5328788,25.0401917],[121.5327321,25.0401916]]}},{"type":"Feature","properties":{"highway":"tertiary","name":"濟南路三段","osm_id":1458697053},"geometry":{"type":"LineString","coordinates":[[121.5329575,25.0401911],[121.5329174,25.0401918]]}},{"type":"Feature","properties":{"highway":"secondary","name":"復興北路","osm_id":1460948727},"geometry":{"type":"LineString","coordinates":[[121.5441811,25.0633622],[121.54418,25.0633109],[121.5441678,25.0627207],[121.5441609,25.0625472],[121.5441605,25.0625111],[121.5441597,25.0624503],[121.5441571,25.0623154]]}},{"type":"Feature","properties":{"highway":"tertiary","name":"農安街","osm_id":1461288635},"geometry":{"type":"LineString","coordinates":[[121.5365143,25.0648348],[121.5365849,25.0648656],[121.5366627,25.0648987],[121.5369166,25.0650066],[121.5370282,25.065054]]}},{"type":"Feature","properties":{"highway":"tertiary","name":"農安街","osm_id":1461288818},"geometry":{"type":"LineString","coordinates":[[121.5331756,25.0647635],[121.53332,25.0647199],[121.5334313,25.0647174]]}},{"type":"Feature","properties":{"highway":"tertiary","name":"民生東路四段","osm_id":1462074267},"geometry":{"type":"LineString","coordinates":[[121.5521005,25.058034],[121.5519915,25.0580226],[121.5512993,25.0579554],[121.5506652,25.0578972],[121.5506292,25.0578935],[121.5505874,25.0578892],[121.5504772,25.057879],[121.550421,25.0578737],[121.5495023,25.0577872],[121.54946,25.0577836],[121.5494023,25.0577791],[121.5492853,25.05778]]}},{"type":"Feature","properties":{"highway":"tertiary","name":"民生東路四段","osm_id":1462074268},"geometry":{"type":"LineString","coordinates":[[121.5521104,25.0579402],[121.5521741,25.0579444],[121.5528622,25.0580088],[121.5529347,25.0580154],[121.5530081,25.0580198],[121.5542373,25.058137],[121.5543139,25.0581432],[121.5544169,25.0581539],[121.5551409,25.0582218],[121.5552433,25.0582301]]}},{"type":"Feature","properties":{"highway":"secondary","name":"復興北路","osm_id":1462190337},"geometry":{"type":"LineString","coordinates":[[121.544123,25.0601799],[121.5441218,25.0601067],[121.5441108,25.059429],[121.5440988,25.058696],[121.5440884,25.0580211],[121.5440872,25.05796],[121.5440851,25.0578549]]}},{"type":"Feature","properties":{"highway":"tertiary","name":"錦州街","osm_id":1462190338},"geometry":{"type":"LineString","coordinates":[[121.544123,25.0601799],[121.5442739,25.0601778]]}},{"type":"Feature","properties":{"highway":"secondary","name":"復興北路","osm_id":1462190339},"geometry":{"type":"LineString","coordinates":[[121.5442739,25.0601778],[121.5442758,25.060244],[121.5442824,25.0604697],[121.5443185,25.0618436],[121.54432,25.0619017],[121.544321,25.0619407],[121.5443199,25.0620944]]}},{"type":"Feature","properties":{"highway":"secondary","name":"敦化北路","osm_id":1462242055},"geometry":{"type":"LineString","coordinates":[[121.5531517,25.0631648],[121.553102,25.0632219],[121.5530416,25.0632571],[121.5529105,25.0632618]]}},{"type":"Feature","properties":{"highway":"secondary","name":"敦化北路","osm_id":1462242056},"geometry":{"type":"LineString","coordinates":[[121.5509343,25.0632098],[121.5508395,25.0631659],[121.5507682,25.0630977]]}},{"type":"Feature","properties":{"highway":"secondary","name":"敦化北路","osm_id":1462242057},"geometry":{"type":"LineString","coordinates":[[121.5509268,25.0633476],[121.5508438,25.0632994],[121.5507789,25.0632572]]}},{"type":"Feature","properties":{"highway":"secondary","name":"敦化北路","osm_id":1462242058},"geometry":{"type":"LineString","coordinates":[[121.5531455,25.0633038],[121.5531118,25.0633378],[121.5530567,25.063367],[121.5529777,25.0633802],[121.5528879,25.0633804]]}},{"type":"Feature","properties":{"highway":"secondary","name":"敦化北路","osm_id":1462242059},"geometry":{"type":"LineString","coordinates":[[121.5512743,25.0633531],[121.5509268,25.0633476]]}},{"type":"Feature","properties":{"highway":"secondary","name":"敦化北路","osm_id":1462242060},"geometry":{"type":"LineString","coordinates":[[121.5518204,25.0633618],[121.5512743,25.0633531]]}},{"type":"Feature","properties":{"highway":"secondary","name":"敦化北路","osm_id":1462242061},"geometry":{"type":"LineString","coordinates":[[121.5511666,25.0632173],[121.5509343,25.0632098]]}},{"type":"Feature","properties":{"highway":"secondary","name":"敦化北路","osm_id":1462242062},"geometry":{"type":"LineString","coordinates":[[121.5518232,25.0632386],[121.5511666,25.0632173]]}},{"type":"Feature","properties":{"highway":"secondary","name":"敦化南路一段","osm_id":1462243532},"geometry":{"type":"LineString","coordinates":[[121.5490977,25.0389364],[121.5490998,25.0393447],[121.5491017,25.0397126],[121.549102,25.0397722],[121.5491024,25.0400478],[121.5491026,25.0401724]]}},{"type":"Feature","properties":{"highway":"tertiary","name":"環山路一段","osm_id":1462339230},"geometry":{"type":"LineString","coordinates":[[121.5655301,25.0824345],[121.5655446,25.0824976],[121.5655737,25.082615]]}},{"type":"Feature","properties":{"highway":"tertiary","name":"八德路二段","osm_id":1468669449},"geometry":{"type":"LineString","coordinates":[[121.5357662,25.0457426],[121.5357356,25.0457187],[121.535713,25.0457011],[121.5356246,25.0456344]]}},{"type":"Feature","properties":{"highway":"tertiary","name":"八德路二段","osm_id":1468669450},"geometry":{"type":"LineString","coordinates":[[121.5356246,25.0456344],[121.5354423,25.0455134]]}},{"type":"Feature","properties":{"highway":"tertiary","name":"八德路二段","osm_id":1468669451},"geometry":{"type":"LineString","coordinates":[[121.5369195,25.0461247],[121.5364065,25.0460224]]}},{"type":"Feature","properties":{"highway":"tertiary","name":"八德路二段","osm_id":1468669455},"geometry":{"type":"LineString","coordinates":[[121.5415689,25.0469884],[121.5416223,25.0470024],[121.5416657,25.0470131],[121.5417245,25.0470253],[121.5419938,25.0470894],[121.5420495,25.0471027],[121.5421043,25.0471157],[121.542167,25.0471291],[121.5422136,25.0471397],[121.5423217,25.0471589],[121.542362,25.0471686],[121.5424153,25.0471814],[121.5427172,25.0472662]]}},{"type":"Feature","properties":{"highway":"tertiary","name":"八德路二段","osm_id":1468669456},"geometry":{"type":"LineString","coordinates":[[121.5372129,25.0461692],[121.5370856,25.0461475],[121.5370381,25.0461394],[121.5370032,25.0461373],[121.5369195,25.0461247]]}},{"type":"Feature","properties":{"highway":"tertiary","name":"八德路二段","osm_id":1468669457},"geometry":{"type":"LineString","coordinates":[[121.5375184,25.0462166],[121.5372414,25.0461741],[121.5372129,25.0461692]]}},{"type":"Feature","properties":{"highway":"tertiary","name":"八德路二段","osm_id":1468669458},"geometry":{"type":"LineString","coordinates":[[121.5392797,25.0464877],[121.5392486,25.0464825],[121.5392181,25.0464798],[121.5391356,25.0464662]]}},{"type":"Feature","properties":{"highway":"tertiary","name":"八德路二段","osm_id":1468669459},"geometry":{"type":"LineString","coordinates":[[121.5391356,25.0464662],[121.5390669,25.0464554],[121.5389991,25.0464452],[121.5389394,25.0464362],[121.5383393,25.0463459],[121.5382789,25.0463375],[121.5382434,25.0463317],[121.5381732,25.0463191],[121.5380903,25.0463051],[121.5380433,25.0462981],[121.5379842,25.0462892],[121.5376203,25.0462348],[121.5375184,25.0462166]]}},{"type":"Feature","properties":{"highway":"tertiary","name":"八德路二段","osm_id":1468669460},"geometry":{"type":"LineString","coordinates":[[121.5397211,25.0465645],[121.5393128,25.0464924],[121.5392797,25.0464877]]}},{"type":"Feature","properties":{"highway":"tertiary","name":"八德路二段","osm_id":1468669461},"geometry":{"type":"LineString","coordinates":[[121.5397712,25.0465728],[121.5397211,25.0465645]]}},{"type":"Feature","properties":{"highway":"tertiary","name":"八德路二段","osm_id":1468669462},"geometry":{"type":"LineString","coordinates":[[121.5398808,25.0465931],[121.5397712,25.0465728]]}},{"type":"Feature","properties":{"highway":"tertiary","name":"八德路二段","osm_id":1468669464},"geometry":{"type":"LineString","coordinates":[[121.5410817,25.0468646],[121.5407415,25.0467827],[121.5406875,25.0467691],[121.5406626,25.0467623],[121.5406097,25.0467492]]}},{"type":"Feature","properties":{"highway":"tertiary","name":"八德路二段","osm_id":1468669465},"geometry":{"type":"LineString","coordinates":[[121.5414969,25.04697],[121.5414518,25.046958],[121.5414147,25.0469486],[121.5413551,25.0469336],[121.5410817,25.0468646]]}},{"type":"Feature","properties":{"highway":"tertiary","name":"八德路二段","osm_id":1468669467},"geometry":{"type":"LineString","coordinates":[[121.5406097,25.0467492],[121.5405466,25.0467335],[121.5405107,25.0467255],[121.5404323,25.046708],[121.5403716,25.0466948],[121.5403132,25.0466822],[121.540151,25.046647],[121.5398808,25.0465931]]}},{"type":"Feature","properties":{"highway":"tertiary","name":"八德路二段","osm_id":1468669473},"geometry":{"type":"LineString","coordinates":[[121.5427172,25.0472662],[121.5433524,25.047428]]}},{"type":"Feature","properties":{"highway":"tertiary","name":"八德路二段","osm_id":1468669477},"geometry":{"type":"LineString","coordinates":[[121.5433524,25.047428],[121.5434591,25.0474555]]}},{"type":"Feature","properties":{"highway":"tertiary","name":"八德路二段","osm_id":1468669478},"geometry":{"type":"LineString","coordinates":[[121.5434591,25.0474555],[121.5435559,25.0474804],[121.5436041,25.0474928],[121.5437217,25.0475229],[121.5437531,25.0475296],[121.5438654,25.0475633]]}},{"type":"Feature","properties":{"highway":"tertiary","name":"八德路二段","osm_id":1468669480},"geometry":{"type":"LineString","coordinates":[[121.5468407,25.048204],[121.5467691,25.0482324],[121.5463858,25.0482295]]}},{"type":"Feature","properties":{"highway":"tertiary","name":"八德路二段","osm_id":1468669481},"geometry":{"type":"LineString","coordinates":[[121.5458956,25.0480466],[121.5459359,25.0480512],[121.5459799,25.0480605]]}},{"type":"Feature","properties":{"highway":"tertiary","name":"長安東路二段","osm_id":1468669482},"geometry":{"type":"LineString","coordinates":[[121.5456834,25.0482494],[121.5458956,25.0480466]]}},{"type":"Feature","properties":{"highway":"tertiary","name":"八德路二段","osm_id":1468669484},"geometry":{"type":"LineString","coordinates":[[121.5463858,25.0482295],[121.5461339,25.0481502],[121.5460939,25.0481353],[121.5460466,25.0481177],[121.5459799,25.0480605]]}},{"type":"Feature","properties":{"highway":"tertiary","name":"長安東路二段","osm_id":1468669485},"geometry":{"type":"LineString","coordinates":[[121.546201,25.0482504],[121.5459991,25.0482583],[121.5459509,25.0482576],[121.5459051,25.0482568],[121.5456834,25.0482494]]}},{"type":"Feature","properties":{"highway":"tertiary","name":"八德路二段","osm_id":1468767138},"geometry":{"type":"LineString","coordinates":[[121.5459799,25.0480605],[121.5463938,25.0481239],[121.5465967,25.0481427],[121.5466714,25.0481485],[121.5467364,25.0481536],[121.5467709,25.0481563],[121.5468407,25.048204]]}},{"type":"Feature","properties":{"highway":"tertiary","name":"八德路二段","osm_id":1468767142},"geometry":{"type":"LineString","coordinates":[[121.5477135,25.048204],[121.5483804,25.0482062],[121.54845,25.0482064],[121.5485455,25.0482067]]}},{"type":"Feature","properties":{"highway":"tertiary","name":"八德路二段","osm_id":1468767143},"geometry":{"type":"LineString","coordinates":[[121.5475069,25.0482048],[121.5475318,25.0482047],[121.547592,25.0482045],[121.5477135,25.048204]]}},{"type":"Feature","properties":{"highway":"tertiary","name":"八德路二段","osm_id":1468767144},"geometry":{"type":"LineString","coordinates":[[121.5474292,25.0482051],[121.5475069,25.0482048]]}},{"type":"Feature","properties":{"highway":"tertiary","name":"八德路二段","osm_id":1468767147},"geometry":{"type":"LineString","coordinates":[[121.5485455,25.0482067],[121.548668,25.0482059]]}},{"type":"Feature","properties":{"highway":"tertiary","name":"八德路三段","osm_id":1468767151},"geometry":{"type":"LineString","coordinates":[[121.5503166,25.0481953],[121.5504354,25.0481935],[121.550505,25.0481925],[121.550565,25.0481916],[121.5506212,25.048192],[121.5507403,25.048193]]}},{"type":"Feature","properties":{"highway":"tertiary","name":"八德路三段","osm_id":1468767153},"geometry":{"type":"LineString","coordinates":[[121.5507403,25.048193],[121.5507948,25.0481925],[121.5508595,25.0481919],[121.5523596,25.0481789],[121.5524361,25.0481782],[121.5524775,25.0481779],[121.5525652,25.0481817]]}},{"type":"Feature","properties":{"highway":"tertiary","name":"八德路三段","osm_id":1468767154},"geometry":{"type":"LineString","coordinates":[[121.5499708,25.0481889],[121.5503166,25.0481953]]}},{"type":"Feature","properties":{"highway":"tertiary","name":"八德路三段","osm_id":1468767180},"geometry":{"type":"LineString","coordinates":[[121.5528864,25.0481828],[121.5531663,25.0481792],[121.5532223,25.0481785],[121.5532846,25.0481777],[121.553342,25.0481763]]}},{"type":"Feature","properties":{"highway":"tertiary","name":"八德路三段","osm_id":1468767181},"geometry":{"type":"LineString","coordinates":[[121.553342,25.0481763],[121.5534152,25.0481751],[121.5534485,25.0481736],[121.5535098,25.048171],[121.5535604,25.0481688],[121.5536138,25.0481659],[121.5536994,25.048158],[121.553729,25.0481568],[121.5540053,25.0481459],[121.5540602,25.0481437],[121.5540935,25.0481424],[121.5541507,25.0481416],[121.5542164,25.0481387],[121.5542587,25.048134],[121.5543226,25.0481277],[121.5546015,25.0481048],[121.5548749,25.0480871],[121.5549295,25.0480836],[121.5549828,25.0480802],[121.5550757,25.0480647],[121.5551341,25.0480547],[121.5551796,25.0480518],[121.5552308,25.0480477],[121.5556329,25.0480135],[121.5560738,25.0480216],[121.5561233,25.0480225],[121.5561798,25.0480235],[121.5562874,25.0480215],[121.5563567,25.0480322],[121.5564031,25.048038],[121.5564696,25.0480452],[121.556818,25.0480876],[121.5575357,25.0481615],[121.5575847,25.0481654],[121.5576526,25.0481743]]}},{"type":"Feature","properties":{"highway":"tertiary","name":"八德路三段","osm_id":1468767182},"geometry":{"type":"LineString","coordinates":[[121.5525652,25.0481817],[121.5527109,25.0481851],[121.5527365,25.0481847],[121.5528038,25.0481839],[121.5528864,25.0481828]]}},{"type":"Feature","properties":{"highway":"tertiary","name":"八德路三段","osm_id":1468767192},"geometry":{"type":"LineString","coordinates":[[121.5576526,25.0481743],[121.5577609,25.0481861]]}},{"type":"Feature","properties":{"highway":"secondary","name":"光復北路","osm_id":1469088122},"geometry":{"type":"LineString","coordinates":[[121.5577702,25.0484556],[121.5577691,25.0484015],[121.5577684,25.0483707],[121.5577674,25.0483234],[121.5577609,25.0481861]]}},{"type":"Feature","properties":{"highway":"tertiary","name":"八德路四段","osm_id":1469088127},"geometry":{"type":"LineString","coordinates":[[121.5632504,25.0487323],[121.5637993,25.0487847],[121.563854,25.0487899],[121.5639245,25.0487966],[121.5640551,25.0488086],[121.5641301,25.0488154],[121.5642152,25.0488238],[121.5642591,25.0488282],[121.5647827,25.04888],[121.564915,25.0488914],[121.5649723,25.0488972],[121.5650155,25.0489016],[121.5652607,25.0489264],[121.5653117,25.048932],[121.5653682,25.0489386],[121.5655097,25.0489631]]}},{"type":"Feature","properties":{"highway":"tertiary","name":"八德路四段","osm_id":1469088128},"geometry":{"type":"LineString","coordinates":[[121.5627599,25.0486818],[121.562904,25.0486988],[121.5629594,25.0487038],[121.5630229,25.0487097],[121.5632504,25.0487323]]}},{"type":"Feature","properties":{"highway":"tertiary","name":"東興路","osm_id":1469088130},"geometry":{"type":"LineString","coordinates":[[121.5657176,25.0484433],[121.5657348,25.0483338],[121.5657921,25.0482049]]}},{"type":"Feature","properties":{"highway":"tertiary","name":"東興路","osm_id":1469088131},"geometry":{"type":"LineString","coordinates":[[121.5658228,25.0483567],[121.5657176,25.0484433]]}},{"type":"Feature","properties":{"highway":"tertiary","name":"東興路","osm_id":1469088132},"geometry":{"type":"LineString","coordinates":[[121.5654629,25.0494044],[121.5654865,25.0491973],[121.5654906,25.0491598],[121.5654962,25.049107],[121.5655097,25.0489631]]}},{"type":"Feature","properties":{"highway":"tertiary","name":"東興路","osm_id":1469088133},"geometry":{"type":"LineString","coordinates":[[121.5654482,25.0495639],[121.5654513,25.0495307],[121.5654629,25.0494044]]}},{"type":"Feature","properties":{"highway":"tertiary","name":"東興路","osm_id":1469088137},"geometry":{"type":"LineString","coordinates":[[121.5653875,25.0507277],[121.5653814,25.0502122],[121.5653842,25.0501837],[121.5653875,25.0501511],[121.5653944,25.050066]]}},{"type":"Feature","properties":{"highway":"tertiary","name":"市民大道五段","osm_id":1469088149},"geometry":{"type":"LineString","coordinates":[[121.5672857,25.0487187],[121.5670514,25.0486599],[121.5665966,25.048558],[121.5659793,25.0483982],[121.5659466,25.0483897],[121.5659024,25.0483782],[121.5658228,25.0483567]]}},{"type":"Feature","properties":{"highway":"secondary","name":"基隆路一段","osm_id":1469088150},"geometry":{"type":"LineString","coordinates":[[121.5693973,25.0491449],[121.5694584,25.049244],[121.5695037,25.0493273],[121.569523,25.0493627],[121.5695562,25.0494373]]}},{"type":"Feature","properties":{"highway":"secondary","name":"敦化北路","osm_id":1470345451},"geometry":{"type":"LineString","coordinates":[[121.5489465,25.0495972],[121.5489447,25.0494124],[121.5489347,25.0483932],[121.5489343,25.0483548],[121.5489337,25.0482042]]}},{"type":"Feature","properties":{"highway":"secondary","name":"敦化北路","osm_id":1470345452},"geometry":{"type":"LineString","coordinates":[[121.5491767,25.0495953],[121.5491798,25.0498234],[121.5491803,25.0498856],[121.5491807,25.0499304],[121.5491816,25.050036],[121.5491926,25.0513563]]}},{"type":"Feature","properties":{"highway":"tertiary","name":"民生東路二段","osm_id":1474713904},"geometry":{"type":"LineString","coordinates":[[121.5369404,25.0579667],[121.5367182,25.0579718]]}},{"type":"Feature","properties":{"highway":"tertiary","name":"三民路","osm_id":1476188956},"geometry":{"type":"LineString","coordinates":[[121.5633652,25.059914],[121.5633562,25.059991],[121.5633445,25.0601697]]}},{"type":"Feature","properties":{"highway":"tertiary","name":"三民路","osm_id":1476188957},"geometry":{"type":"LineString","coordinates":[[121.5632817,25.0599075],[121.5633198,25.0593805],[121.5633229,25.0593511],[121.563329,25.0592426]]}},{"type":"Feature","properties":{"highway":"tertiary","name":"撫遠街","osm_id":1482589510},"geometry":{"type":"LineString","coordinates":[[121.5655522,25.0658225],[121.5655457,25.0658496],[121.5655012,25.0659622]]}},{"type":"Feature","properties":{"highway":"tertiary","name":"三民路","osm_id":1482819256},"geometry":{"type":"LineString","coordinates":[[121.5633445,25.0601697],[121.5633243,25.060385],[121.5633211,25.0604191],[121.5633118,25.0605183],[121.5633085,25.060554],[121.5632827,25.0608294],[121.5632751,25.0609109],[121.5632691,25.0609742],[121.5632419,25.0613102],[121.5632362,25.0613803],[121.5632308,25.0614477]]}},{"type":"Feature","properties":{"highway":"tertiary","name":"三民路","osm_id":1482819257},"geometry":{"type":"LineString","coordinates":[[121.5631898,25.0609043],[121.5631969,25.060827],[121.5632228,25.0605462],[121.5632261,25.0605105],[121.5632355,25.0604089],[121.5632382,25.0603794],[121.5632743,25.0599873],[121.5632817,25.0599075]]}},{"type":"Feature","properties":{"highway":"tertiary","name":"三民路","osm_id":1482819260},"geometry":{"type":"LineString","coordinates":[[121.5631119,25.0618481],[121.5631146,25.0618139],[121.5631173,25.0617785],[121.563138,25.0615298],[121.5631417,25.0614851],[121.5631498,25.0613865],[121.5631536,25.0613405],[121.5631843,25.0609705],[121.5631898,25.0609043]]}},{"type":"Feature","properties":{"highway":"tertiary","name":"民生東路五段","osm_id":1482819286},"geometry":{"type":"LineString","coordinates":[[121.5682352,25.059174],[121.5683009,25.059207],[121.5683728,25.0592432]]}},{"type":"Feature","properties":{"highway":"tertiary","name":"民生東路五段","osm_id":1482819287},"geometry":{"type":"LineString","coordinates":[[121.5683728,25.0592432],[121.5682512,25.0592509],[121.5682041,25.0592538]]}},{"type":"Feature","properties":{"highway":"tertiary","name":"民族東路","osm_id":1487159218},"geometry":{"type":"LineString","coordinates":[[121.5357274,25.0681429],[121.5360832,25.0681347],[121.5361423,25.0681333],[121.5362184,25.0681316],[121.5362909,25.0681299],[121.5364983,25.0681258],[121.5366514,25.0681225],[121.5368088,25.0681197],[121.5379239,25.0680976],[121.5379783,25.0680965],[121.5380662,25.0680948],[121.5381318,25.0680932]]}},{"type":"Feature","properties":{"highway":"tertiary","name":"民族東路","osm_id":1487159219},"geometry":{"type":"LineString","coordinates":[[121.53573,25.0682573],[121.5337601,25.068294],[121.5337047,25.0682951],[121.5336508,25.0682961],[121.5335216,25.0682988]]}},{"type":"Feature","properties":{"highway":"tertiary_link","name":"","osm_id":1487159220},"geometry":{"type":"LineString","coordinates":[[121.53573,25.0682573],[121.5357274,25.0681429]]}},{"type":"Feature","properties":{"highway":"trunk_link","name":"光復南路出口匝道","osm_id":1492512226},"geometry":{"type":"LineString","coordinates":[[121.553334,25.0443925],[121.5536174,25.044401],[121.5539862,25.0444278],[121.5545669,25.0445006]]}},{"type":"Feature","properties":{"highway":"primary","name":"忠孝東路三段","osm_id":1492514257},"geometry":{"type":"LineString","coordinates":[[121.5374029,25.0416224],[121.5374999,25.0416214],[121.5381872,25.0416146],[121.5393265,25.0416034]]}},{"type":"Feature","properties":{"highway":"primary","name":"忠孝東路三段","osm_id":1492514258},"geometry":{"type":"LineString","coordinates":[[121.5393265,25.0416034],[121.5396354,25.0416003],[121.5397074,25.0415996]]}},{"type":"Feature","properties":{"highway":"primary","name":"忠孝東路三段","osm_id":1492514259},"geometry":{"type":"LineString","coordinates":[[121.5413218,25.0415836],[121.5415952,25.0415809],[121.5416396,25.0415805]]}},{"type":"Feature","properties":{"highway":"primary","name":"圓山隧道","osm_id":1517673359},"geometry":{"type":"LineString","coordinates":[[121.5255277,25.0769855],[121.5255176,25.0769886]]}},{"type":"Feature","properties":{"highway":"primary","name":"中山橋","osm_id":1517674960},"geometry":{"type":"LineString","coordinates":[[121.525511,25.0744472],[121.5254965,25.0744372]]}},{"type":"Feature","properties":{"highway":"tertiary","name":"建國南路一段","osm_id":1524117427},"geometry":{"type":"LineString","coordinates":[[121.5374971,25.0397684],[121.5375672,25.0393604],[121.5376347,25.0388969],[121.5376404,25.0385273],[121.5376387,25.0383449],[121.5376382,25.0383115],[121.5376928,25.0382053]]}},{"type":"Feature","properties":{"highway":"tertiary","name":"建國南路一段","osm_id":1524117428},"geometry":{"type":"LineString","coordinates":[[121.5377496,25.040792],[121.5377089,25.0408856],[121.537451,25.041506],[121.5374029,25.0416224]]}},{"type":"Feature","properties":{"highway":"tertiary","name":"建國南路一段","osm_id":1524117429},"geometry":{"type":"LineString","coordinates":[[121.5368542,25.0416674],[121.5369225,25.0415591],[121.5370386,25.0412699],[121.5372369,25.0407652],[121.5372719,25.0406761]]}},{"type":"Feature","properties":{"highway":"tertiary","name":"新生北路一段62巷","osm_id":1531158734},"geometry":{"type":"LineString","coordinates":[[121.530718,25.0463449],[121.5306685,25.0461496]]}},{"type":"Feature","properties":{"highway":"tertiary","name":"長安東路二段","osm_id":1535748843},"geometry":{"type":"LineString","coordinates":[[121.5391067,25.0483571],[121.5390361,25.0483572],[121.5382508,25.0483593],[121.5380689,25.0483616],[121.5379848,25.0483625],[121.5377215,25.0483659],[121.5370332,25.0483745],[121.5369385,25.0483757]]}},{"type":"Feature","properties":{"highway":"tertiary","name":"長安東路二段","osm_id":1535748844},"geometry":{"type":"LineString","coordinates":[[121.5404047,25.0483277],[121.5402875,25.0483314],[121.5396916,25.0483441]]}},{"type":"Feature","properties":{"highway":"tertiary","name":"長安東路二段","osm_id":1535748845},"geometry":{"type":"LineString","coordinates":[[121.5396916,25.0483441],[121.539178,25.0483551],[121.5391067,25.0483571]]}},{"type":"Feature","properties":{"highway":"tertiary","name":"長安東路二段","osm_id":1535748846},"geometry":{"type":"LineString","coordinates":[[121.5410343,25.0483074],[121.5405259,25.048322],[121.5404047,25.0483277]]}},{"type":"Feature","properties":{"highway":"tertiary","name":"長安東路二段","osm_id":1535748847},"geometry":{"type":"LineString","coordinates":[[121.5438797,25.0482567],[121.5437342,25.04826],[121.5433739,25.048267]]}},{"type":"Feature","properties":{"highway":"tertiary","name":"堤頂大道二段","osm_id":1537601453},"geometry":{"type":"LineString","coordinates":[[121.5602089,25.0846674],[121.5602849,25.0846123],[121.5605029,25.0844542],[121.5606951,25.0842945]]}},{"type":"Feature","properties":{"highway":"trunk","name":"堤頂大道一段","osm_id":1540043148},"geometry":{"type":"LineString","coordinates":[[121.5737395,25.0567864],[121.57368,25.0569443],[121.5736301,25.0571438],[121.5735888,25.0574178]]}},{"type":"Feature","properties":{"highway":"secondary","name":"復興北路","osm_id":1546455757},"geometry":{"type":"LineString","coordinates":[[121.5440068,25.0534627],[121.5440041,25.0533108]]}},{"type":"Feature","properties":{"highway":"primary","name":"忠孝東路四段","osm_id":1546881445},"geometry":{"type":"LineString","coordinates":[[121.5473385,25.041495],[121.5475951,25.0414883],[121.548333,25.0414733],[121.548374,25.0414721],[121.548434,25.0414704],[121.5484885,25.0414689],[121.5486159,25.0414665]]}},{"type":"Feature","properties":{"highway":"primary","name":"忠孝東路四段","osm_id":1546881446},"geometry":{"type":"LineString","coordinates":[[121.5473417,25.0416283],[121.547281,25.0416296],[121.5472095,25.0416319]]}},{"type":"Feature","properties":{"highway":"trunk_link","name":"大直出口匝道","osm_id":1553382233},"geometry":{"type":"LineString","coordinates":[[121.5269304,25.0762501],[121.5269543,25.0762922],[121.5269986,25.07637],[121.5270697,25.0764568],[121.5271264,25.0765083]]}},{"type":"Feature","properties":{"highway":"secondary","name":"北安路","osm_id":1553382235},"geometry":{"type":"LineString","coordinates":[[121.5270498,25.0766093],[121.5269884,25.0765948],[121.526953,25.0765891],[121.5269072,25.0765868],[121.5268671,25.076588],[121.5268116,25.0765943],[121.5267463,25.076609],[121.526677,25.0766255],[121.5263527,25.0767157]]}},{"type":"Feature","properties":{"highway":"primary","name":"中山北路四段","osm_id":1553382236},"geometry":{"type":"LineString","coordinates":[[121.5255176,25.0769886],[121.5254556,25.0770344],[121.5253748,25.0770621],[121.5253017,25.077111],[121.525264,25.0771612],[121.525241,25.0772128],[121.5252197,25.0772696],[121.5252016,25.0773455],[121.5251762,25.0774431]]}},{"type":"Feature","properties":{"highway":"primary","name":"中山北路四段","osm_id":1553382237},"geometry":{"type":"LineString","coordinates":[[121.5245235,25.0797189],[121.5244279,25.0798695]]}},{"type":"Feature","properties":{"highway":"primary","name":"中山北路四段","osm_id":1553438354},"geometry":{"type":"LineString","coordinates":[[121.525542,25.0743427],[121.5256218,25.0743825]]}},{"type":"Feature","properties":{"highway":"primary","name":"中山橋","osm_id":1553438355},"geometry":{"type":"LineString","coordinates":[[121.5251087,25.0740817],[121.525542,25.0743427]]}},{"type":"Feature","properties":{"highway":"primary","name":"中山橋","osm_id":1553438356},"geometry":{"type":"LineString","coordinates":[[121.5241378,25.0734308],[121.5241036,25.0733321],[121.5240136,25.0730045]]}},{"type":"Feature","properties":{"highway":"primary","name":"中山北路三段","osm_id":1553438357},"geometry":{"type":"LineString","coordinates":[[121.5239244,25.0726862],[121.5238936,25.0725728],[121.5237361,25.0719866]]}},{"type":"Feature","properties":{"highway":"primary","name":"中山北路三段","osm_id":1553438358},"geometry":{"type":"LineString","coordinates":[[121.5240136,25.0730045],[121.5239244,25.0726862]]}},{"type":"Feature","properties":{"highway":"primary","name":"中山北路三段","osm_id":1553438359},"geometry":{"type":"LineString","coordinates":[[121.5235236,25.071196],[121.5234577,25.0709491],[121.5234413,25.0708876],[121.5234081,25.0707662]]}},{"type":"Feature","properties":{"highway":"primary","name":"中山北路三段","osm_id":1553438360},"geometry":{"type":"LineString","coordinates":[[121.5235995,25.0714786],[121.5235236,25.071196]]}},{"type":"Feature","properties":{"highway":"secondary","name":"敦化北路","osm_id":1553773596},"geometry":{"type":"LineString","coordinates":[[121.5510853,25.0619945],[121.5511722,25.0620946],[121.5513117,25.0622086],[121.5514874,25.062271]]}},{"type":"Feature","properties":{"highway":"secondary","name":"敦化北路","osm_id":1553773597},"geometry":{"type":"LineString","coordinates":[[121.5522992,25.0623327],[121.5524533,25.0623358]]}},{"type":"Feature","properties":{"highway":"secondary","name":"敦化北路","osm_id":1553773598},"geometry":{"type":"LineString","coordinates":[[121.5531082,25.0624481],[121.5531497,25.0625102],[121.5531751,25.0625878],[121.5531778,25.062647]]}},{"type":"Feature","properties":{"highway":"secondary","name":"敦化北路","osm_id":1553773599},"geometry":{"type":"LineString","coordinates":[[121.5531778,25.062647],[121.5531734,25.0627617]]}},{"type":"Feature","properties":{"highway":"secondary","name":"敦化北路","osm_id":1553773600},"geometry":{"type":"LineString","coordinates":[[121.5531564,25.0630755],[121.5531535,25.0631308]]}},{"type":"Feature","properties":{"highway":"secondary","name":"敦化北路","osm_id":1553773601},"geometry":{"type":"LineString","coordinates":[[121.5531535,25.0631308],[121.5531517,25.0631648]]}},{"type":"Feature","properties":{"highway":"secondary","name":"敦化北路","osm_id":1553773602},"geometry":{"type":"LineString","coordinates":[[121.5519379,25.0633627],[121.5518641,25.0633625],[121.5518204,25.0633618]]}},{"type":"Feature","properties":{"highway":"secondary","name":"敦化北路","osm_id":1553773603},"geometry":{"type":"LineString","coordinates":[[121.5519427,25.0632413],[121.5518695,25.0632401],[121.5518232,25.0632386]]}},{"type":"Feature","properties":{"highway":"secondary","name":"敦化北路","osm_id":1553773604},"geometry":{"type":"LineString","coordinates":[[121.5518161,25.0634682],[121.5517791,25.0634675],[121.551669,25.0634655]]}},{"type":"Feature","properties":{"highway":"secondary","name":"敦化北路","osm_id":1553773610},"geometry":{"type":"LineString","coordinates":[[121.5507682,25.0630977],[121.5507654,25.0629327]]}},{"type":"Feature","properties":{"highway":"secondary","name":"敦化北路","osm_id":1553773611},"geometry":{"type":"LineString","coordinates":[[121.5509245,25.0619163],[121.5508402,25.0617457],[121.5508142,25.061693],[121.5508029,25.0616688],[121.5507567,25.0615809]]}},{"type":"Feature","properties":{"highway":"secondary","name":"敦化北路","osm_id":1553773613},"geometry":{"type":"LineString","coordinates":[[121.5504084,25.0613235],[121.550021,25.0605336],[121.5499301,25.0603519]]}},{"type":"Feature","properties":{"highway":"secondary","name":"敦化北路","osm_id":1553773614},"geometry":{"type":"LineString","coordinates":[[121.5499301,25.0603519],[121.5498392,25.0601701],[121.5497007,25.0598931],[121.5496319,25.0597555]]}},{"type":"Feature","properties":{"highway":"secondary","name":"敦化北路","osm_id":1553773616},"geometry":{"type":"LineString","coordinates":[[121.5490361,25.0585487],[121.5490228,25.0585192],[121.5490096,25.0584898]]}},{"type":"Feature","properties":{"highway":"secondary","name":"敦化北路","osm_id":1553773617},"geometry":{"type":"LineString","coordinates":[[121.5491328,25.0587445],[121.5490361,25.0585487]]}},{"type":"Feature","properties":{"highway":"secondary","name":"敦化北路","osm_id":1554172053},"geometry":{"type":"LineString","coordinates":[[121.5524533,25.0623358],[121.5525676,25.0623372],[121.552695,25.0623423]]}},{"type":"Feature","properties":{"highway":"secondary","name":"敦化北路","osm_id":1554172139},"geometry":{"type":"LineString","coordinates":[[121.552695,25.0623423],[121.5527606,25.0623449]]}},{"type":"Feature","properties":{"highway":"tertiary","name":"錦州街","osm_id":1556405354},"geometry":{"type":"LineString","coordinates":[[121.5436762,25.0601861],[121.544002,25.060182],[121.5440448,25.0601815],[121.5440711,25.0601806],[121.544123,25.0601799]]}}]}