{"type":"FeatureCollection","features":[{"type":"Feature","properties":{"highway":"tertiary_link","name":"椰林大道","osm_id":6183250},"geometry":{"type":"LineString","coordinates":[[121.5337558,25.0169482],[121.5336882,25.0168832],[121.5336387,25.0168597],[121.5335843,25.0168602],[121.5334938,25.0168874],[121.53342,25.0169075],[121.5333584,25.0168931]]}},{"type":"Feature","properties":{"highway":"primary","name":"中山南路","osm_id":6183255},"geometry":{"type":"LineString","coordinates":[[121.5195799,25.0455956],[121.5195635,25.0455606],[121.5195322,25.0454526],[121.5192931,25.0446281],[121.5192892,25.0446148],[121.5192629,25.0445239]]}},{"type":"Feature","properties":{"highway":"secondary","name":"復興南路二段","osm_id":8062517},"geometry":{"type":"LineString","coordinates":[[121.5434068,25.0210372],[121.5434109,25.0212164]]}},{"type":"Feature","properties":{"highway":"secondary","name":"重慶南路三段","osm_id":17496266},"geometry":{"type":"LineString","coordinates":[[121.5168451,25.0226274],[121.516899,25.0229583],[121.5169028,25.0230911],[121.5169055,25.0231407],[121.516907,25.023341],[121.5169045,25.0235782],[121.5168767,25.0238184],[121.5168654,25.0238974],[121.5168312,25.0241008],[121.5167885,25.0242904],[121.5167363,25.024516],[121.5167081,25.0246286],[121.5166651,25.024794],[121.5166031,25.0250209],[121.516529,25.0252997],[121.5164564,25.0255625],[121.5164306,25.0256692]]}},{"type":"Feature","properties":{"highway":"primary","name":"中山南路","osm_id":22764014},"geometry":{"type":"LineString","coordinates":[[121.516757,25.0348301],[121.5168473,25.0346786]]}},{"type":"Feature","properties":{"highway":"tertiary","name":"福州街","osm_id":22764018},"geometry":{"type":"LineString","coordinates":[[121.5204576,25.0298603],[121.520422,25.0298529],[121.5203764,25.0298433],[121.5202882,25.0298254]]}},{"type":"Feature","properties":{"highway":"primary","name":"中山南路","osm_id":22764020},"geometry":{"type":"LineString","coordinates":[[121.5175281,25.0388252],[121.5174513,25.0386849]]}},{"type":"Feature","properties":{"highway":"secondary","name":"基隆路四段","osm_id":23241821},"geometry":{"type":"LineString","coordinates":[[121.5385093,25.0121344],[121.5391981,25.0127246],[121.5395614,25.0130359],[121.5395842,25.0130543],[121.539629,25.0130943],[121.5400946,25.0134833],[121.540432,25.0137651],[121.5404899,25.0138135],[121.5405637,25.0138741],[121.5407534,25.01403],[121.5414831,25.0146651],[121.5424627,25.0154881],[121.542604,25.0156042],[121.5426601,25.0156504]]}},{"type":"Feature","properties":{"highway":"tertiary","name":"松智路","osm_id":23403474},"geometry":{"type":"LineString","coordinates":[[121.5649577,25.0291222],[121.5650062,25.0291523],[121.5651845,25.0293754],[121.5653487,25.029626],[121.5653509,25.0297168],[121.5653617,25.0299989],[121.5653657,25.0300357],[121.5653853,25.0300939],[121.5653901,25.0304244],[121.5653906,25.030476],[121.5653904,25.0305331],[121.5653964,25.0309686],[121.5654048,25.0312213],[121.5654042,25.0314453],[121.5654066,25.0318853],[121.5654078,25.0319672],[121.5654085,25.0320185],[121.5654077,25.0327563],[121.5654148,25.0328457]]}},{"type":"Feature","properties":{"highway":"secondary_link","name":"","osm_id":23416672},"geometry":{"type":"LineString","coordinates":[[121.5224656,25.0271507],[121.5224068,25.0271372]]}},{"type":"Feature","properties":{"highway":"tertiary","name":"潮州街","osm_id":23641619},"geometry":{"type":"LineString","coordinates":[[121.5202882,25.0298254],[121.5203957,25.0298146],[121.5204379,25.0298112],[121.5204984,25.0298039]]}},{"type":"Feature","properties":{"highway":"tertiary","name":"師大路","osm_id":24000963},"geometry":{"type":"LineString","coordinates":[[121.5285197,25.0266691],[121.528507,25.0265196]]}},{"type":"Feature","properties":{"highway":"trunk_link","name":"師大路出口匝道","osm_id":24836709},"geometry":{"type":"LineString","coordinates":[[121.5218966,25.020434],[121.5223044,25.0203715]]}},{"type":"Feature","properties":{"highway":"tertiary","name":"師大路","osm_id":24836734},"geometry":{"type":"LineString","coordinates":[[121.5256318,25.0210167],[121.5253472,25.0210483]]}},{"type":"Feature","properties":{"highway":"tertiary","name":"濟南路一段","osm_id":25715401},"geometry":{"type":"LineString","coordinates":[[121.5261538,25.0415845],[121.526032,25.041613],[121.5247781,25.041906],[121.5244946,25.0419722],[121.5244163,25.0419903],[121.524317,25.0420135],[121.5232327,25.0422769],[121.5229801,25.0423382],[121.5227888,25.0423847],[121.5226571,25.0424215]]}},{"type":"Feature","properties":{"highway":"tertiary","name":"濟南路三段","osm_id":25715404},"geometry":{"type":"LineString","coordinates":[[121.5380144,25.0401374],[121.5374424,25.0401529],[121.5373375,25.0401542],[121.5359233,25.0401445],[121.5356884,25.0401473],[121.5348458,25.0401574],[121.5345115,25.0401614],[121.5334455,25.0401742],[121.5331298,25.0401851],[121.5330717,25.0401872],[121.5329575,25.0401911]]}},{"type":"Feature","properties":{"highway":"tertiary","name":"濟南路二段","osm_id":25715405},"geometry":{"type":"LineString","coordinates":[[121.5261538,25.0415845],[121.5262475,25.0415612],[121.5264565,25.0415091],[121.5266188,25.0414687],[121.5266464,25.0414612],[121.5269076,25.0413966],[121.5269729,25.0413805],[121.5272716,25.0413062],[121.5273059,25.0412977],[121.528323,25.0410447],[121.5285774,25.0409869],[121.5290353,25.0408854],[121.5291321,25.040858]]}},{"type":"Feature","properties":{"highway":"tertiary","name":"永福橋","osm_id":25717056},"geometry":{"type":"LineString","coordinates":[[121.5281945,25.0116527],[121.5284741,25.0119514],[121.5298332,25.0132354]]}},{"type":"Feature","properties":{"highway":"secondary_link","name":"","osm_id":25724489},"geometry":{"type":"LineString","coordinates":[[121.5379064,25.022609],[121.5378838,25.0226745]]}},{"type":"Feature","properties":{"highway":"secondary","name":"辛亥路一段","osm_id":25724496},"geometry":{"type":"LineString","coordinates":[[121.5344085,25.0226374],[121.5342999,25.0226379],[121.5340424,25.0226465],[121.5335406,25.0226608],[121.5334115,25.0226632],[121.5333183,25.0226622],[121.533306,25.0226612],[121.5332245,25.0226549],[121.5331568,25.0226447],[121.5330232,25.0226246],[121.5328766,25.0225963]]}},{"type":"Feature","properties":{"highway":"tertiary","name":"松仁路","osm_id":25878628},"geometry":{"type":"LineString","coordinates":[[121.5684146,25.0266383],[121.5684146,25.0266412],[121.5684142,25.0266746],[121.5684141,25.0266848],[121.5684133,25.0267543],[121.5684088,25.0271439],[121.5683989,25.0284504],[121.5683931,25.0285089],[121.5683975,25.0285745],[121.5683878,25.0289758],[121.5683809,25.0295743],[121.5683768,25.0299307],[121.5683713,25.0304196],[121.568366,25.0308728],[121.5683482,25.0318159],[121.5683541,25.0319074],[121.5683535,25.0321891],[121.5683896,25.0326283],[121.5683883,25.0327612]]}},{"type":"Feature","properties":{"highway":"secondary","name":"汀州路三段","osm_id":25908191},"geometry":{"type":"LineString","coordinates":[[121.5278112,25.0182057],[121.5274573,25.0185112]]}},{"type":"Feature","properties":{"highway":"secondary","name":"辛亥路車行地下道","osm_id":25976389},"geometry":{"type":"LineString","coordinates":[[121.5490679,25.0170304],[121.5489787,25.017102],[121.5471163,25.0188323]]}},{"type":"Feature","properties":{"highway":"tertiary","name":"北平東路","osm_id":26697218},"geometry":{"type":"LineString","coordinates":[[121.525541,25.0459269],[121.5247178,25.0461267],[121.5241336,25.0462643],[121.5239931,25.046299],[121.5239604,25.0463062],[121.5237959,25.0463474],[121.5236578,25.0463828],[121.5236235,25.0463913],[121.5231576,25.0465064],[121.5227272,25.0466126],[121.5221885,25.0467457],[121.5220871,25.0467707]]}},{"type":"Feature","properties":{"highway":"secondary","name":"莊敬隧道","osm_id":28631797},"geometry":{"type":"LineString","coordinates":[[121.5656468,25.0089514],[121.5662937,25.00715]]}},{"type":"Feature","properties":{"highway":"trunk","name":"水源快速道路","osm_id":28875828},"geometry":{"type":"LineString","coordinates":[[121.5335688,25.0075226],[121.5332441,25.0080753],[121.5328171,25.0086325],[121.5326951,25.0087478],[121.5325703,25.0088682],[121.5324536,25.0089788],[121.5322015,25.0091915],[121.5319829,25.0093592],[121.5318434,25.0094589],[121.5317107,25.0095524],[121.5315337,25.0096545],[121.5313593,25.0097542],[121.5311447,25.0098684],[121.5309435,25.009962],[121.5306062,25.0100958],[121.530051,25.0103011],[121.5297157,25.0104348],[121.5294151,25.0105783],[121.5292169,25.0107107],[121.5290432,25.0108519],[121.5288212,25.0110741],[121.5286335,25.0113037],[121.5281021,25.0120983],[121.5279107,25.0123721],[121.5276853,25.0127118],[121.5272012,25.013478],[121.5267063,25.0141914],[121.5263396,25.0147237],[121.5258481,25.0154322]]}},{"type":"Feature","properties":{"highway":"trunk_link","name":"基隆路入口匝道","osm_id":28875831},"geometry":{"type":"LineString","coordinates":[[121.5339773,25.008585],[121.533911,25.0072997],[121.5339374,25.0069367]]}},{"type":"Feature","properties":{"highway":"primary","name":"中山南路","osm_id":29251608},"geometry":{"type":"LineString","coordinates":[[121.5176023,25.0387957],[121.5175573,25.0386407]]}},{"type":"Feature","properties":{"highway":"secondary","name":"敦化南路二段","osm_id":29558201},"geometry":{"type":"LineString","coordinates":[[121.5485555,25.0333661],[121.5485546,25.0332841]]}},{"type":"Feature","properties":{"highway":"tertiary","name":"萬美街二段","osm_id":29558506},"geometry":{"type":"LineString","coordinates":[[121.5628254,25.0034636],[121.5629248,25.0035868],[121.5632427,25.0039406],[121.5633088,25.0039987],[121.5633701,25.0040355],[121.5634377,25.0040663],[121.563565,25.0041181],[121.5643547,25.0044441],[121.5645533,25.004526],[121.5646319,25.0045683],[121.5647008,25.0046322],[121.564752,25.0046995],[121.5647916,25.0047755],[121.5648148,25.0048559],[121.5648264,25.0049438],[121.5648229,25.0050273],[121.5648016,25.0051164],[121.5647659,25.0051876],[121.5647151,25.0052556],[121.5646595,25.0053133],[121.5645916,25.0053713],[121.5645226,25.0054087],[121.5644872,25.0054223],[121.5644058,25.0054441],[121.5643181,25.0054537],[121.5642557,25.0054532],[121.5642076,25.0054494],[121.564121,25.0054357],[121.564039,25.005413],[121.5639687,25.0053774],[121.5639013,25.0053277],[121.5638506,25.0052752],[121.5637808,25.0051891],[121.5637344,25.0051278],[121.5633152,25.0045327],[121.5632215,25.0044408],[121.5631224,25.0043702],[121.5630179,25.0043114],[121.5628797,25.0042583],[121.5627462,25.0042269],[121.5625872,25.0042132],[121.5624322,25.0042199],[121.5623062,25.0042457],[121.56216,25.004294],[121.5620344,25.0043544],[121.5619241,25.0044324],[121.5618379,25.0045232],[121.5617086,25.0046936],[121.5616086,25.0048011],[121.5614776,25.004915],[121.56134,25.0050029],[121.5612803,25.0050347],[121.5602519,25.0055655],[121.5601668,25.0056014],[121.5600551,25.005639],[121.5599622,25.005666]]}},{"type":"Feature","properties":{"highway":"tertiary","name":"萬美街二段","osm_id":29558524},"geometry":{"type":"LineString","coordinates":[[121.5618192,25.0020246],[121.5617453,25.0020924],[121.56168,25.0021719],[121.5616319,25.0022468],[121.5615915,25.0023162],[121.5615555,25.0023927],[121.5615163,25.0024929],[121.5614953,25.0025983],[121.5615027,25.0026992],[121.5615222,25.0027799],[121.5615575,25.0028729],[121.5616107,25.002981],[121.5617334,25.0031789],[121.5617929,25.0032576],[121.5618608,25.0033227],[121.561941,25.003375],[121.5620128,25.0034122],[121.5621024,25.0034472],[121.5622241,25.003488],[121.5623569,25.0035225],[121.562427,25.0035381],[121.5625053,25.0035413],[121.5625804,25.0035296],[121.562706,25.0034996],[121.5628254,25.0034636]]}},{"type":"Feature","properties":{"highway":"secondary","name":"辛亥隧道","osm_id":29558599},"geometry":{"type":"LineString","coordinates":[[121.5573834,25.0100705],[121.5568179,25.0106362],[121.5562524,25.0112018],[121.5552628,25.0121917],[121.5546973,25.0127574],[121.5541318,25.013323]]}},{"type":"Feature","properties":{"highway":"secondary","name":"辛亥隧道","osm_id":29558611},"geometry":{"type":"LineString","coordinates":[[121.5538973,25.0131398],[121.5544615,25.0125749],[121.5550256,25.01201],[121.5560129,25.0110214],[121.556577,25.0104564],[121.5571412,25.0098915]]}},{"type":"Feature","properties":{"highway":"secondary","name":"仁愛路四段","osm_id":30620450},"geometry":{"type":"LineString","coordinates":[[121.5497024,25.0376553],[121.5498403,25.0376563],[121.5503066,25.0376467],[121.5510613,25.0376319],[121.5512592,25.0376241]]}},{"type":"Feature","properties":{"highway":"tertiary","name":"復興南路一段340巷","osm_id":30620481},"geometry":{"type":"LineString","coordinates":[[121.5419679,25.036123],[121.5424482,25.0361122],[121.5429456,25.0361011],[121.543033,25.0360958],[121.5431201,25.0360965],[121.5434669,25.0360921],[121.5434903,25.0360918],[121.5435994,25.0360893]]}},{"type":"Feature","properties":{"highway":"tertiary","name":"金山南路一段","osm_id":30620492},"geometry":{"type":"LineString","coordinates":[[121.5293128,25.0409829],[121.5294462,25.0413513],[121.5295789,25.0417928],[121.5296986,25.0421812],[121.529814,25.0426068],[121.5299089,25.042919],[121.5299219,25.0429583],[121.5299523,25.0430502]]}},{"type":"Feature","properties":{"highway":"secondary","name":"仁愛路四段","osm_id":30620527},"geometry":{"type":"LineString","coordinates":[[121.5460434,25.0381065],[121.5459192,25.0381091],[121.5451705,25.0381251],[121.5443714,25.0381422],[121.5438727,25.0381522],[121.5437649,25.0381548]]}},{"type":"Feature","properties":{"highway":"tertiary","name":"大安路一段","osm_id":30688296},"geometry":{"type":"LineString","coordinates":[[121.5459766,25.0334204],[121.5459773,25.0335122],[121.545984,25.0339364],[121.545989,25.0342888],[121.545995,25.0347122],[121.5460009,25.0351243],[121.5460075,25.0355853],[121.5460126,25.0359486],[121.5460138,25.036034],[121.5460148,25.0361057],[121.5460196,25.0364382],[121.5460245,25.036776],[121.5460249,25.0368091],[121.5460286,25.0370695],[121.546029,25.0372178],[121.5460372,25.0376373],[121.5460382,25.0377413]]}},{"type":"Feature","properties":{"highway":"tertiary","name":"大安路二段","osm_id":30688297},"geometry":{"type":"LineString","coordinates":[[121.5459746,25.0332496],[121.5459747,25.0331474],[121.5459787,25.0329236],[121.5459917,25.0326983],[121.5460037,25.0324374],[121.5460045,25.0323492],[121.5460207,25.0320681],[121.5460363,25.0317242],[121.54604,25.0316202],[121.546054,25.0312972],[121.5460621,25.0310276],[121.5460495,25.030261],[121.5460408,25.0299159],[121.5460311,25.02955],[121.5460236,25.0293552],[121.5460215,25.029164],[121.5460019,25.0287922]]}},{"type":"Feature","properties":{"highway":"tertiary","name":"建國南路二段151巷","osm_id":30688329},"geometry":{"type":"LineString","coordinates":[[121.5379736,25.0288432],[121.5380334,25.0287922],[121.5384849,25.0287861],[121.5386371,25.0287834],[121.5393241,25.0287572],[121.539393,25.0287406]]}},{"type":"Feature","properties":{"highway":"tertiary","name":"南海路","osm_id":31127859},"geometry":{"type":"LineString","coordinates":[[121.5181732,25.0329692],[121.5180789,25.0329093]]}},{"type":"Feature","properties":{"highway":"tertiary","name":"林森南路","osm_id":31127860},"geometry":{"type":"LineString","coordinates":[[121.5190729,25.0337345],[121.5182777,25.0330658]]}},{"type":"Feature","properties":{"highway":"tertiary","name":"林森南路車行地下道","osm_id":31127861},"geometry":{"type":"LineString","coordinates":[[121.5211676,25.0373128],[121.5209988,25.0368899],[121.5209543,25.0367932],[121.520917,25.0367219],[121.5193575,25.0340802],[121.5193144,25.0340064],[121.5191234,25.0337825],[121.5190729,25.0337345]]}},{"type":"Feature","properties":{"highway":"trunk_link","name":"市民大道入口匝道","osm_id":31280020},"geometry":{"type":"LineString","coordinates":[[121.5598717,25.0459625],[121.5589078,25.0455259],[121.5584344,25.0453533],[121.5578445,25.0451676]]}},{"type":"Feature","properties":{"highway":"primary","name":"中山北路一段","osm_id":33090413},"geometry":{"type":"LineString","coordinates":[[121.5225358,25.052193],[121.5225035,25.0520575],[121.5224294,25.0517462],[121.5223926,25.0516192],[121.5222755,25.0512818],[121.5221463,25.0509672],[121.5217096,25.0499993],[121.5216945,25.0499666],[121.5216305,25.0498283]]}},{"type":"Feature","properties":{"highway":"tertiary","name":"金華街","osm_id":33679992},"geometry":{"type":"LineString","coordinates":[[121.5337696,25.0306604],[121.533635,25.0306216]]}},{"type":"Feature","properties":{"highway":"tertiary","name":"樂業街","osm_id":34241522},"geometry":{"type":"LineString","coordinates":[[121.554576,25.0186922],[121.5544637,25.0188318],[121.5542144,25.0190761],[121.553855,25.0193654]]}},{"type":"Feature","properties":{"highway":"secondary","name":"基隆路四段","osm_id":34241530},"geometry":{"type":"LineString","coordinates":[[121.5394305,25.0132],[121.5392748,25.0130637],[121.5385211,25.0124471],[121.5383852,25.0123359],[121.5378875,25.0119287],[121.5376027,25.0116945],[121.5373419,25.0114799],[121.5371612,25.011331]]}},{"type":"Feature","properties":{"highway":"secondary","name":"基隆路三段","osm_id":34241531},"geometry":{"type":"LineString","coordinates":[[121.5489368,25.0212635],[121.5487834,25.0211296],[121.5487254,25.021079]]}},{"type":"Feature","properties":{"highway":"secondary","name":"敦化南路一段","osm_id":35928055},"geometry":{"type":"LineString","coordinates":[[121.5486039,25.0373434],[121.5485901,25.0372006],[121.5485892,25.0371541],[121.5485878,25.0370798],[121.5485785,25.0369224],[121.5485749,25.0364206],[121.5485717,25.0359875],[121.5485686,25.035571],[121.5485684,25.0355308],[121.5485666,25.0350717],[121.5485578,25.0342415],[121.5485578,25.0338435],[121.5485563,25.0334668],[121.5485555,25.0333661]]}},{"type":"Feature","properties":{"highway":"secondary","name":"敦化南路一段","osm_id":35928056},"geometry":{"type":"LineString","coordinates":[[121.5491348,25.0382261],[121.5490892,25.0384674],[121.5490884,25.0385789],[121.5490953,25.0386435]]}},{"type":"Feature","properties":{"highway":"secondary","name":"敦化南路一段","osm_id":35928058},"geometry":{"type":"LineString","coordinates":[[121.5490449,25.0333557],[121.5490437,25.0334586],[121.5490464,25.0338378],[121.5490515,25.0342006],[121.5490631,25.0354928],[121.5490625,25.0355682],[121.5490699,25.0363541],[121.5490756,25.0367905],[121.5490765,25.0368529],[121.5490773,25.0369143],[121.5490714,25.0370777]]}},{"type":"Feature","properties":{"highway":"tertiary","name":"吉祥路","osm_id":35992785},"geometry":{"type":"LineString","coordinates":[[121.5625929,25.0513823],[121.5625899,25.051301],[121.5625825,25.0508221],[121.5625651,25.0503374],[121.562557,25.049807],[121.5626098,25.0492428],[121.5626274,25.0491379],[121.5626803,25.0488154],[121.5626869,25.0487748],[121.5627599,25.0486818]]}},{"type":"Feature","properties":{"highway":"tertiary_link","name":"新生南路三段98巷","osm_id":39519490},"geometry":{"type":"LineString","coordinates":[[121.5332649,25.0169773],[121.5333584,25.0168931]]}},{"type":"Feature","properties":{"highway":"secondary","name":"敦化南路一段","osm_id":48740801},"geometry":{"type":"LineString","coordinates":[[121.5488204,25.0369179],[121.54882,25.0368665],[121.5488083,25.0355725],[121.548796,25.0334624],[121.5487917,25.0333589]]}},{"type":"Feature","properties":{"highway":"secondary","name":"敦化南路二段","osm_id":48740802},"geometry":{"type":"LineString","coordinates":[[121.5486393,25.0207406],[121.5487049,25.0208759],[121.5487095,25.0209837]]}},{"type":"Feature","properties":{"highway":"secondary","name":"仁愛敦南圓環","osm_id":48740803},"geometry":{"type":"LineString","coordinates":[[121.5485972,25.0386475],[121.5485057,25.03862],[121.548418,25.0385838],[121.5483351,25.0385392],[121.548258,25.0384869],[121.5481874,25.0384274],[121.5480909,25.0383197],[121.5480482,25.0382493],[121.5480246,25.0381981],[121.5479648,25.0380679]]}},{"type":"Feature","properties":{"highway":"secondary","name":"仁愛路四段","osm_id":48742273},"geometry":{"type":"LineString","coordinates":[[121.5460393,25.037869],[121.545913,25.0378713],[121.5438671,25.0379074],[121.54376,25.0379096]]}},{"type":"Feature","properties":{"highway":"secondary","name":"仁愛路四段","osm_id":48742275},"geometry":{"type":"LineString","coordinates":[[121.5460382,25.0377413],[121.5459096,25.0377437],[121.5445321,25.0377699],[121.544374,25.0377729],[121.5438744,25.0377811],[121.5437575,25.0377844]]}},{"type":"Feature","properties":{"highway":"secondary","name":"信義路四段","osm_id":48742276},"geometry":{"type":"LineString","coordinates":[[121.5542928,25.0332451],[121.5544465,25.0332422],[121.5555291,25.0332204],[121.5573241,25.0331816],[121.5574319,25.0331793]]}},{"type":"Feature","properties":{"highway":"secondary","name":"仁愛路四段","osm_id":48742279},"geometry":{"type":"LineString","coordinates":[[121.5479435,25.0379694],[121.5477697,25.0379375],[121.5461619,25.0379811],[121.5460417,25.0379854],[121.545916,25.0379873],[121.5438697,25.0380157],[121.543761,25.0380179]]}},{"type":"Feature","properties":{"highway":"tertiary","name":"安和路二段","osm_id":48768070},"geometry":{"type":"LineString","coordinates":[[121.5503173,25.0244301],[121.5503479,25.024544],[121.5503599,25.0246102],[121.5502205,25.0253395],[121.5502118,25.0253831],[121.550142,25.0257446],[121.5500649,25.0261443],[121.550049,25.0262269],[121.5499316,25.0269437],[121.5499223,25.0269888],[121.5498205,25.0274087],[121.5497983,25.0275793],[121.5498011,25.0277081],[121.5498243,25.0278514],[121.549852,25.0279472],[121.5498651,25.0279758],[121.5498941,25.0280508],[121.5499483,25.0281514],[121.5499547,25.0281606],[121.5500215,25.0282567],[121.5501293,25.0283752],[121.5502608,25.0284926],[121.5507379,25.0289181],[121.5508477,25.0290171],[121.5509696,25.0291215],[121.5513343,25.029451],[121.5516358,25.029708],[121.5517018,25.0297791],[121.5518466,25.0299096],[121.5520274,25.0300698],[121.5523734,25.0303786],[121.5524065,25.0304072],[121.552436,25.030441],[121.5524493,25.0304691],[121.5524623,25.0305409],[121.5524629,25.0305676],[121.5524722,25.0309361],[121.5524745,25.0310367],[121.5524824,25.0313603],[121.5524894,25.0316424],[121.5524913,25.0317181],[121.552501,25.0321126],[121.5525136,25.0326228]]}},{"type":"Feature","properties":{"highway":"secondary","name":"仁愛路四段","osm_id":48768134},"geometry":{"type":"LineString","coordinates":[[121.5512416,25.0377528],[121.5510521,25.0377567],[121.5499432,25.0377809],[121.549883,25.0377823],[121.5498427,25.0377833]]}},{"type":"Feature","properties":{"highway":"secondary","name":"仁愛路四段","osm_id":48768137},"geometry":{"type":"LineString","coordinates":[[121.5606536,25.0377084],[121.5577485,25.0377938],[121.5576448,25.037798],[121.5575276,25.0378611]]}},{"type":"Feature","properties":{"highway":"secondary","name":"敦化南路二段","osm_id":48768162},"geometry":{"type":"LineString","coordinates":[[121.5487864,25.0322921],[121.5487832,25.0310843],[121.548783,25.0310316],[121.5487828,25.0309593]]}},{"type":"Feature","properties":{"highway":"secondary","name":"信義路四段","osm_id":48768192},"geometry":{"type":"LineString","coordinates":[[121.5435348,25.0332978],[121.5436756,25.0332946]]}},{"type":"Feature","properties":{"highway":"trunk_link","name":"光復南路出口匝道","osm_id":48776357},"geometry":{"type":"LineString","coordinates":[[121.551364,25.0445147],[121.5530488,25.0443937],[121.553334,25.0443925]]}},{"type":"Feature","properties":{"highway":"trunk_link","name":"光復南路出口匝道","osm_id":48776358},"geometry":{"type":"LineString","coordinates":[[121.5545669,25.0445006],[121.5551081,25.0445892],[121.555339,25.0446206],[121.5559208,25.0447374],[121.556269,25.0448017],[121.5576115,25.0450918],[121.5576886,25.0451059]]}},{"type":"Feature","properties":{"highway":"trunk","name":"市民大道高架道路","osm_id":48776359},"geometry":{"type":"LineString","coordinates":[[121.551364,25.0445147],[121.552374,25.0443983],[121.5528463,25.044356],[121.5532017,25.0443184],[121.5535169,25.0443147],[121.5539165,25.044333],[121.5542719,25.0443743],[121.5546581,25.0444423],[121.5551637,25.0445468],[121.5555433,25.0446367],[121.5565368,25.0448163],[121.5571352,25.0449465],[121.5579129,25.0451298],[121.5582168,25.045127],[121.5585232,25.045161],[121.5587459,25.0451732],[121.5589877,25.0451773],[121.5604212,25.0451678],[121.5613838,25.0451409],[121.5619484,25.0450948],[121.5623279,25.0450535],[121.5630867,25.0449198]]}},{"type":"Feature","properties":{"highway":"trunk","name":"市民大道高架道路","osm_id":48776360},"geometry":{"type":"LineString","coordinates":[[121.5423394,25.0447574],[121.541796,25.0447118],[121.5412892,25.04468],[121.540993,25.0446738],[121.5407125,25.0446751],[121.5403241,25.0446914],[121.5399173,25.0447085],[121.539605,25.0447249],[121.5394346,25.044734],[121.5389597,25.044751],[121.5379411,25.0447743],[121.5375361,25.044782],[121.5366679,25.0448245],[121.5358171,25.0448727],[121.5355159,25.0448998],[121.5352304,25.0449359],[121.5350338,25.0449654],[121.5346443,25.0450306],[121.5342338,25.0451319],[121.533827,25.0452457],[121.5314824,25.0458968],[121.5307175,25.0461239],[121.5299589,25.0463323],[121.529538,25.0464508],[121.5290759,25.0465838],[121.5281785,25.046853],[121.5275491,25.0470455],[121.5269873,25.0472018],[121.5266591,25.0473025]]}},{"type":"Feature","properties":{"highway":"trunk","name":"市民大道高架道路","osm_id":48776372},"geometry":{"type":"LineString","coordinates":[[121.5266128,25.0471992],[121.5269455,25.0471009],[121.5274438,25.04691],[121.5280713,25.0467108],[121.5291343,25.0463864],[121.5301295,25.0461268],[121.5305701,25.0460273],[121.5310069,25.0459052],[121.5313183,25.0458402],[121.5315752,25.0457791],[121.5326688,25.0454666],[121.5337988,25.0451473],[121.5345196,25.0449839],[121.5348353,25.0449217],[121.5351312,25.0448721],[121.5353457,25.0448405],[121.5357037,25.0448069],[121.5361075,25.044778],[121.5377295,25.0446916],[121.5381297,25.0446629],[121.538502,25.0446327],[121.5392578,25.0445781],[121.5402354,25.044527],[121.5409328,25.0445076],[121.5413059,25.044519],[121.541561,25.044542],[121.5418631,25.0445763],[121.5423481,25.0446409]]}},{"type":"Feature","properties":{"highway":"secondary","name":"光復南路","osm_id":48776382},"geometry":{"type":"LineString","coordinates":[[121.5576717,25.0297961],[121.5575973,25.0298934],[121.5575609,25.0299567],[121.5574956,25.0299819],[121.5574607,25.0300669],[121.5574594,25.0301751],[121.5574832,25.0316882],[121.557491,25.0318705],[121.5574988,25.0320529],[121.5575023,25.0321349],[121.5575037,25.032168],[121.5575144,25.0324177],[121.557534,25.0328959],[121.55754,25.0330111]]}},{"type":"Feature","properties":{"highway":"tertiary","name":"延吉街","osm_id":48776405},"geometry":{"type":"LineString","coordinates":[[121.553342,25.0481763],[121.5533479,25.0480857],[121.5533585,25.0479995],[121.5533639,25.0479561],[121.5534047,25.047624],[121.553435,25.0474337],[121.5534621,25.0472437],[121.5534755,25.0471583],[121.5534808,25.0471015],[121.553501,25.0468816],[121.5535232,25.0466363],[121.5535616,25.0462321],[121.5535664,25.0461817],[121.5535775,25.0460966],[121.5536183,25.0457852],[121.5536444,25.0455853],[121.5536698,25.045391],[121.5537203,25.0450049],[121.5537635,25.0446746],[121.5537782,25.0445441],[121.5537795,25.0445125],[121.5537594,25.0442475],[121.553773,25.044195],[121.5538402,25.0439362],[121.55387,25.0438152],[121.5539308,25.0435695],[121.5539846,25.043357],[121.5541723,25.0426146],[121.5541924,25.0425351],[121.5543214,25.0420249],[121.5544389,25.04156],[121.5544785,25.04148]]}},{"type":"Feature","properties":{"highway":"trunk","name":"麥帥二橋","osm_id":48793396},"geometry":{"type":"LineString","coordinates":[[121.5698153,25.050131],[121.5698368,25.0502477],[121.5702104,25.0508815],[121.5703098,25.0510962],[121.5703739,25.0512878],[121.5704041,25.0514589],[121.5704047,25.0516692],[121.5703852,25.0518982]]}},{"type":"Feature","properties":{"highway":"trunk","name":"正氣橋","osm_id":48793401},"geometry":{"type":"LineString","coordinates":[[121.5711987,25.0517166],[121.5708922,25.051531],[121.5708062,25.0514688],[121.5707155,25.0513928],[121.5706028,25.0512839],[121.5705363,25.0512069],[121.5704911,25.0511428],[121.5701976,25.0506923],[121.5699292,25.0502328],[121.5697248,25.0499802]]}},{"type":"Feature","properties":{"highway":"trunk","name":"市民大道高架道路","osm_id":48793405},"geometry":{"type":"LineString","coordinates":[[121.5665807,25.0453606],[121.5667258,25.0454313],[121.5668465,25.0455051],[121.5669517,25.0455802],[121.5670344,25.0456532],[121.5671141,25.0457367]]}},{"type":"Feature","properties":{"highway":"trunk_link","name":"永吉路出口匝道","osm_id":48793406},"geometry":{"type":"LineString","coordinates":[[121.5646086,25.0447481],[121.56471,25.0447854],[121.5648962,25.0448192],[121.5650424,25.0448561],[121.5652154,25.0449156],[121.5656139,25.0450644],[121.5657335,25.0451327]]}},{"type":"Feature","properties":{"highway":"trunk_link","name":"忠孝東路入口匝道","osm_id":48794887},"geometry":{"type":"LineString","coordinates":[[121.5372466,25.0417778],[121.5371971,25.0418981],[121.5371536,25.0420022]]}},{"type":"Feature","properties":{"highway":"trunk_link","name":"忠孝東路出口匝道","osm_id":48794890},"geometry":{"type":"LineString","coordinates":[[121.5365679,25.0444322],[121.5364481,25.0440058],[121.5364773,25.0434556],[121.5364869,25.0432419],[121.5365215,25.043006],[121.5365754,25.0427389],[121.5366223,25.0425567],[121.536676,25.0423708],[121.5367535,25.042153]]}},{"type":"Feature","properties":{"highway":"secondary_link","name":"建國南路一段","osm_id":48794894},"geometry":{"type":"LineString","coordinates":[[121.5390153,25.0376993],[121.5384199,25.0377067],[121.5383386,25.0376714],[121.5382962,25.0375981],[121.5382683,25.0375562],[121.5382232,25.0375453],[121.5381127,25.0375541]]}},{"type":"Feature","properties":{"highway":"secondary_link","name":"","osm_id":48794896},"geometry":{"type":"LineString","coordinates":[[121.5390093,25.0384289],[121.5384,25.038448],[121.5383521,25.0384726],[121.5383215,25.0385227],[121.5383119,25.0385735],[121.5382583,25.0391203]]}},{"type":"Feature","properties":{"highway":"primary","name":"忠孝東路四段","osm_id":48794898},"geometry":{"type":"LineString","coordinates":[[121.5486169,25.0416027],[121.54849,25.0416041],[121.5481048,25.0416094],[121.5473417,25.0416283]]}},{"type":"Feature","properties":{"highway":"secondary_link","name":"建國南路一段","osm_id":48794904},"geometry":{"type":"LineString","coordinates":[[121.5374971,25.0397684],[121.5374793,25.0396594],[121.5374772,25.0385881],[121.537457,25.038517],[121.537424,25.0384877],[121.5373041,25.0384641],[121.5370432,25.0384703],[121.5368601,25.0384665]]}},{"type":"Feature","properties":{"highway":"secondary","name":"信義路一段","osm_id":48794905},"geometry":{"type":"LineString","coordinates":[[121.5176829,25.0387884],[121.5177608,25.0386368]]}},{"type":"Feature","properties":{"highway":"secondary","name":"信義路一段","osm_id":48794913},"geometry":{"type":"LineString","coordinates":[[121.5177621,25.038804],[121.5179441,25.038717],[121.5180934,25.0386458],[121.5181665,25.0386112],[121.5183405,25.0385261],[121.5194222,25.0379982],[121.519574,25.0379227],[121.5204428,25.0374978],[121.5209907,25.0372298],[121.5211135,25.0371713]]}},{"type":"Feature","properties":{"highway":"tertiary","name":"樂利路","osm_id":48810789},"geometry":{"type":"LineString","coordinates":[[121.5511438,25.028185],[121.5511261,25.0281055],[121.5512439,25.0277795],[121.5513719,25.0274936],[121.5513917,25.0274465],[121.5514062,25.0274036],[121.5515156,25.0270738],[121.5516657,25.0266991],[121.5516834,25.02665],[121.5517025,25.0266052],[121.5519583,25.0259237],[121.5519778,25.0258671],[121.5519993,25.0258128],[121.5521146,25.025451],[121.5523507,25.0247692],[121.5523794,25.0247004]]}},{"type":"Feature","properties":{"highway":"secondary","name":"基隆路二段","osm_id":48810823},"geometry":{"type":"LineString","coordinates":[[121.5595406,25.0331222],[121.559482,25.0330012]]}},{"type":"Feature","properties":{"highway":"tertiary","name":"信義路四段294巷","osm_id":48810825},"geometry":{"type":"LineString","coordinates":[[121.5542896,25.0330886],[121.5542879,25.0329931],[121.5542865,25.0324499]]}},{"type":"Feature","properties":{"highway":"secondary","name":"基隆路二段","osm_id":48810832},"geometry":{"type":"LineString","coordinates":[[121.5489352,25.0210158],[121.5491413,25.0212183],[121.5491845,25.0212607],[121.549253,25.021328],[121.5493724,25.0214416],[121.5495354,25.0216039],[121.5501475,25.0221434],[121.5503077,25.0223282]]}},{"type":"Feature","properties":{"highway":"trunk_link","name":"建國南路入口匝道","osm_id":49073263},"geometry":{"type":"LineString","coordinates":[[121.5414005,25.0445955],[121.5423481,25.0446409]]}},{"type":"Feature","properties":{"highway":"trunk_link","name":"","osm_id":49073264},"geometry":{"type":"LineString","coordinates":[[121.5369088,25.0447742],[121.5369792,25.0447707],[121.5378714,25.0447264]]}},{"type":"Feature","properties":{"highway":"trunk_link","name":"","osm_id":49073265},"geometry":{"type":"LineString","coordinates":[[121.5389175,25.0446605],[121.5399843,25.0446132],[121.5403929,25.0445973],[121.5404562,25.0445958],[121.5408004,25.0445876],[121.5411432,25.0445894],[121.5414005,25.0445955]]}},{"type":"Feature","properties":{"highway":"secondary","name":"復興南路一段","osm_id":49073266},"geometry":{"type":"LineString","coordinates":[[121.5439383,25.0449789],[121.5439396,25.0450304],[121.5439514,25.0455158],[121.5439747,25.0464715],[121.5439786,25.0466303],[121.5439978,25.0473171],[121.5439991,25.0473642],[121.5440016,25.0474518],[121.5440063,25.0475992]]}},{"type":"Feature","properties":{"highway":"secondary","name":"復興南路一段","osm_id":49073268},"geometry":{"type":"LineString","coordinates":[[121.5437953,25.0449613],[121.5437875,25.0447395]]}},{"type":"Feature","properties":{"highway":"trunk_link","name":"忠孝東路出口匝道","osm_id":49073270},"geometry":{"type":"LineString","coordinates":[[121.5367535,25.042153],[121.5368542,25.0419347],[121.5369054,25.0418106]]}},{"type":"Feature","properties":{"highway":"trunk_link","name":"長安東路入口匝道","osm_id":49073271},"geometry":{"type":"LineString","coordinates":[[121.5364744,25.0485127],[121.5365879,25.0483926],[121.5365839,25.0482798],[121.5365634,25.0477172]]}},{"type":"Feature","properties":{"highway":"tertiary","name":"建國南路一段","osm_id":49073272},"geometry":{"type":"LineString","coordinates":[[121.5363623,25.0447845],[121.5363596,25.0446674],[121.5363597,25.044618],[121.5363539,25.0441818],[121.5363478,25.0440466],[121.5363486,25.0439112],[121.5363529,25.0437653],[121.5363549,25.0436963],[121.5363629,25.0436008],[121.5363807,25.0433875],[121.5363907,25.0433178],[121.5363958,25.0432821],[121.5364213,25.0431037],[121.5364558,25.0428626],[121.5365403,25.042518],[121.536625,25.0422359],[121.5367278,25.0419482],[121.5367723,25.0418254]]}},{"type":"Feature","properties":{"highway":"tertiary","name":"建國南路一段","osm_id":49073274},"geometry":{"type":"LineString","coordinates":[[121.5369088,25.0447742],[121.5369106,25.0448425]]}},{"type":"Feature","properties":{"highway":"trunk_link","name":"建國南路出口匝道","osm_id":49073277},"geometry":{"type":"LineString","coordinates":[[121.5423394,25.0447574],[121.5414005,25.0445955]]}},{"type":"Feature","properties":{"highway":"trunk_link","name":"忠孝東路入口匝道","osm_id":49073297},"geometry":{"type":"LineString","coordinates":[[121.5371536,25.0420022],[121.5370153,25.0423853],[121.5369214,25.0427183],[121.5368612,25.0429827],[121.5368075,25.0433873],[121.5367751,25.0438586],[121.5366887,25.0444713]]}},{"type":"Feature","properties":{"highway":"secondary","name":"信義路五段","osm_id":49153751},"geometry":{"type":"LineString","coordinates":[[121.5596234,25.0329882],[121.5598469,25.0329797],[121.5600651,25.0329747],[121.5602737,25.0329701],[121.5604364,25.0329662],[121.5611705,25.0329488],[121.5612582,25.0329463],[121.5613377,25.0329461],[121.5613767,25.0329441]]}},{"type":"Feature","properties":{"highway":"secondary","name":"基隆路一段","osm_id":49153836},"geometry":{"type":"LineString","coordinates":[[121.564051,25.0406322],[121.5640091,25.0405276],[121.5639484,25.0403657],[121.5639021,25.0402606],[121.5638097,25.0400942],[121.5637263,25.0399329],[121.5636318,25.0397376],[121.5635909,25.0396444],[121.5635643,25.0395598]]}},{"type":"Feature","properties":{"highway":"secondary","name":"基隆路一段","osm_id":49153841},"geometry":{"type":"LineString","coordinates":[[121.5599866,25.0335495],[121.5602607,25.0339077],[121.5605277,25.0343462],[121.5613679,25.035726],[121.5615056,25.0359423]]}},{"type":"Feature","properties":{"highway":"secondary","name":"基隆路一段","osm_id":49153851},"geometry":{"type":"LineString","coordinates":[[121.5597077,25.0331059],[121.559784,25.0332112],[121.5599866,25.0335495]]}},{"type":"Feature","properties":{"highway":"secondary","name":"敦化北路","osm_id":49184204},"geometry":{"type":"LineString","coordinates":[[121.5491664,25.0482029],[121.5491675,25.0483548],[121.5491721,25.0489035],[121.5491763,25.0494026],[121.5491767,25.0495953]]}},{"type":"Feature","properties":{"highway":"secondary","name":"辛亥路三段","osm_id":49695617},"geometry":{"type":"LineString","coordinates":[[121.5465936,25.0189338],[121.5466404,25.0188941],[121.5467793,25.0187638],[121.546832,25.0187117]]}},{"type":"Feature","properties":{"highway":"secondary","name":"辛亥路二段","osm_id":49695618},"geometry":{"type":"LineString","coordinates":[[121.5343648,25.0222437],[121.5344809,25.0222441]]}},{"type":"Feature","properties":{"highway":"trunk_link","name":"辛亥路出口匝道","osm_id":49695619},"geometry":{"type":"LineString","coordinates":[[121.5318987,25.0218154],[121.5321471,25.0219601],[121.5323838,25.0220701],[121.5326661,25.0221764],[121.5329357,25.0222446],[121.5331314,25.022281],[121.5332979,25.022298],[121.5335231,25.0223089],[121.5337793,25.0223127],[121.5341682,25.0223163],[121.5366403,25.0223779]]}},{"type":"Feature","properties":{"highway":"secondary_link","name":"","osm_id":49695621},"geometry":{"type":"LineString","coordinates":[[121.5379319,25.0228671],[121.5378191,25.0228443],[121.5376968,25.0228208],[121.537538,25.0227974]]}},{"type":"Feature","properties":{"highway":"secondary","name":"和平東路三段","osm_id":49695622},"geometry":{"type":"LineString","coordinates":[[121.5601721,25.0171609],[121.5600667,25.0173186],[121.5599245,25.0174911],[121.5595718,25.0178642],[121.5592556,25.0181911],[121.5592293,25.0182183]]}},{"type":"Feature","properties":{"highway":"secondary","name":"辛亥路二段","osm_id":49695624},"geometry":{"type":"LineString","coordinates":[[121.5379219,25.0229139],[121.5378011,25.0228943],[121.5376843,25.0228781],[121.5375119,25.022856],[121.5372793,25.0228296],[121.537111,25.0227955],[121.5370025,25.0227725],[121.5368474,25.0227374]]}},{"type":"Feature","properties":{"highway":"secondary","name":"辛亥路二段","osm_id":49695625},"geometry":{"type":"LineString","coordinates":[[121.537797,25.0225614],[121.5378264,25.0224849],[121.5379064,25.0223206],[121.5382349,25.0218481],[121.5387178,25.0215546],[121.5388957,25.0214755],[121.5390815,25.0214129],[121.539253,25.0213722],[121.5394662,25.0213333],[121.5396654,25.0213171],[121.5411618,25.0212766],[121.54225,25.0212453]]}},{"type":"Feature","properties":{"highway":"secondary","name":"辛亥路三段","osm_id":49695626},"geometry":{"type":"LineString","coordinates":[[121.5491247,25.0171265],[121.5490578,25.0171872],[121.5481743,25.0180331],[121.5479697,25.0182296]]}},{"type":"Feature","properties":{"highway":"trunk","name":"建國快速道路","osm_id":49695689},"geometry":{"type":"LineString","coordinates":[[121.5375289,25.0240355],[121.5375266,25.0235602],[121.5375052,25.0233219],[121.5374693,25.0231796],[121.5374162,25.0230498],[121.5373539,25.0229524],[121.5372862,25.0228642],[121.5371948,25.022769],[121.5370838,25.0226927],[121.5369918,25.0226382],[121.536875,25.0225836],[121.536764,25.0225487],[121.536658,25.0225232],[121.536558,25.0225105],[121.5362094,25.0224959],[121.535033,25.0224723],[121.5337394,25.0224533],[121.5331547,25.0224277],[121.5329106,25.0223876],[121.5325626,25.0222898],[121.5323107,25.0222093],[121.5319483,25.0220528],[121.5317871,25.0219417],[121.5314059,25.0216463],[121.5306683,25.0210275]]}},{"type":"Feature","properties":{"highway":"tertiary_link","name":"","osm_id":49695693},"geometry":{"type":"LineString","coordinates":[[121.5373871,25.0233908],[121.5373717,25.0232951],[121.5373432,25.023202],[121.5372832,25.0230803],[121.5372008,25.0229699],[121.5370985,25.0228741],[121.5369796,25.0227958],[121.5369595,25.0227869],[121.5368474,25.0227374]]}},{"type":"Feature","properties":{"highway":"secondary","name":"辛亥路二段","osm_id":49695694},"geometry":{"type":"LineString","coordinates":[[121.5366979,25.0222821],[121.5369072,25.0222686],[121.5371137,25.0222391],[121.5373155,25.0221899],[121.5374117,25.0221546],[121.5374729,25.0221322],[121.5375139,25.0221172],[121.5376943,25.0220359],[121.5378632,25.0219307],[121.5379535,25.0218669],[121.5380321,25.021813],[121.5380723,25.0217854]]}},{"type":"Feature","properties":{"highway":"trunk","name":"建國快速道路","osm_id":49695698},"geometry":{"type":"LineString","coordinates":[[121.5377702,25.024012],[121.5377074,25.0248692]]}},{"type":"Feature","properties":{"highway":"trunk","name":"建國快速道路","osm_id":49695699},"geometry":{"type":"LineString","coordinates":[[121.5376028,25.0248686],[121.5375289,25.0240355]]}},{"type":"Feature","properties":{"highway":"tertiary","name":"瑞安街208巷","osm_id":49695705},"geometry":{"type":"LineString","coordinates":[[121.5405542,25.0311162],[121.5405508,25.030688]]}},{"type":"Feature","properties":{"highway":"trunk_link","name":"辛亥路出口匝道","osm_id":49695721},"geometry":{"type":"LineString","coordinates":[[121.5376027,25.0245614],[121.5376024,25.0235886],[121.5376094,25.0233423]]}},{"type":"Feature","properties":{"highway":"secondary","name":"新生北路一段","osm_id":49695736},"geometry":{"type":"LineString","coordinates":[[121.5327771,25.0453616],[121.5327775,25.0452213],[121.5327786,25.0448903],[121.5327792,25.044695],[121.5327798,25.044503],[121.5328258,25.0443601]]}},{"type":"Feature","properties":{"highway":"secondary","name":"新生南路一段","osm_id":49695742},"geometry":{"type":"LineString","coordinates":[[121.5326662,25.0367555],[121.5326643,25.0365953],[121.5326577,25.0361422],[121.5326476,25.0354595],[121.5326416,25.035052],[121.5326349,25.0345925],[121.5326312,25.0344378]]}},{"type":"Feature","properties":{"highway":"secondary","name":"信義路三段","osm_id":49695762},"geometry":{"type":"LineString","coordinates":[[121.5419002,25.0333311],[121.542022,25.0333285],[121.5433572,25.0333021],[121.5433902,25.0333007],[121.5435348,25.0332978]]}},{"type":"Feature","properties":{"highway":"secondary","name":"信義路三段","osm_id":49695763},"geometry":{"type":"LineString","coordinates":[[121.5326551,25.0336903],[121.5327824,25.0336899]]}},{"type":"Feature","properties":{"highway":"secondary","name":"敦化南路二段","osm_id":49698611},"geometry":{"type":"LineString","coordinates":[[121.5489352,25.0210158],[121.5489364,25.0212023],[121.5489368,25.0212635]]}},{"type":"Feature","properties":{"highway":"tertiary","name":"建國北路一段","osm_id":49710758},"geometry":{"type":"LineString","coordinates":[[121.5365418,25.0520765],[121.5365369,25.0519348],[121.5365379,25.0518205],[121.5365287,25.050977],[121.5365267,25.050609],[121.5365214,25.0503047],[121.5365187,25.0501486],[121.5365001,25.0496775],[121.536498,25.0496188],[121.5364952,25.0495377],[121.5364893,25.0494336],[121.536481,25.0492957],[121.5364744,25.0485127],[121.5364678,25.0483945]]}},{"type":"Feature","properties":{"highway":"trunk_link","name":"南京東路出口匝道","osm_id":49710766},"geometry":{"type":"LineString","coordinates":[[121.5368096,25.0485636],[121.536914,25.0494188],[121.5369355,25.0510711],[121.5370293,25.0514945]]}},{"type":"Feature","properties":{"highway":"trunk_link","name":"長安東路出口匝道","osm_id":49710833},"geometry":{"type":"LineString","coordinates":[[121.5367272,25.045687],[121.5368604,25.0464834],[121.5368959,25.0476988]]}},{"type":"Feature","properties":{"highway":"trunk_link","name":"長安東路入口匝道","osm_id":49710834},"geometry":{"type":"LineString","coordinates":[[121.5365634,25.0477172],[121.5365283,25.0465219],[121.536608,25.0456861]]}},{"type":"Feature","properties":{"highway":"trunk_link","name":"長安東路出口匝道","osm_id":49710835},"geometry":{"type":"LineString","coordinates":[[121.5368959,25.0476988],[121.536902,25.0482659],[121.5369025,25.0482763],[121.5369385,25.0483757]]}},{"type":"Feature","properties":{"highway":"tertiary","name":"信安街67巷","osm_id":49729932},"geometry":{"type":"LineString","coordinates":[[121.5608541,25.0258696],[121.5607736,25.0259019],[121.5606868,25.025912],[121.5602597,25.0259174],[121.5594685,25.0259516],[121.5593989,25.0259509],[121.5591136,25.0259512],[121.5588646,25.0259606],[121.5583583,25.0259806],[121.5579026,25.0260252],[121.5578206,25.0260503],[121.5576702,25.0260963],[121.5576403,25.0261004],[121.5574772,25.0261227]]}},{"type":"Feature","properties":{"highway":"tertiary","name":"忠孝東路五段22巷","osm_id":49730012},"geometry":{"type":"LineString","coordinates":[[121.566141,25.0410496],[121.5661394,25.0409756],[121.5661386,25.0409401],[121.5661359,25.0408179],[121.566123,25.0402331],[121.5661196,25.0400789],[121.5661188,25.0400422],[121.5661167,25.0399499],[121.5661164,25.0399337],[121.566111,25.0396873],[121.5661055,25.0394379],[121.5661011,25.0392398],[121.5660984,25.0391181]]}},{"type":"Feature","properties":{"highway":"tertiary","name":"信安街","osm_id":49730049},"geometry":{"type":"LineString","coordinates":[[121.5547027,25.0224289],[121.5547608,25.0224933],[121.5547948,25.0225236],[121.5550774,25.0227752],[121.5551496,25.0228454],[121.5552965,25.0229949],[121.5554105,25.023172],[121.5554272,25.0232178],[121.5554935,25.0234116],[121.5557728,25.0239885],[121.55581,25.0240442]]}},{"type":"Feature","properties":{"highway":"tertiary","name":"莊敬路","osm_id":49730072},"geometry":{"type":"LineString","coordinates":[[121.5613553,25.0320859],[121.56135,25.0320095],[121.5613341,25.0317813],[121.5613227,25.031626],[121.5613109,25.0314758],[121.5613044,25.0312975],[121.5612852,25.0310806],[121.5612976,25.0308801],[121.5612977,25.030809],[121.5613101,25.0307248]]}},{"type":"Feature","properties":{"highway":"tertiary","name":"松仁路","osm_id":49730082},"geometry":{"type":"LineString","coordinates":[[121.5687101,25.0411021],[121.5683956,25.040986]]}},{"type":"Feature","properties":{"highway":"secondary","name":"辛亥路三段","osm_id":49730778},"geometry":{"type":"LineString","coordinates":[[121.5452223,25.0206377],[121.5449804,25.0208292],[121.5447147,25.0209927],[121.544429,25.0211257],[121.5441276,25.0212263],[121.5438149,25.021293],[121.5435035,25.0213227],[121.5434758,25.0213254],[121.5434135,25.0213272]]}},{"type":"Feature","properties":{"highway":"secondary","name":"辛亥路車行地下道","osm_id":49730779},"geometry":{"type":"LineString","coordinates":[[121.5461717,25.0195147],[121.5469933,25.0187311]]}},{"type":"Feature","properties":{"highway":"secondary","name":"辛亥路車行地下道","osm_id":49730780},"geometry":{"type":"LineString","coordinates":[[121.5469933,25.0187311],[121.5488546,25.0170168],[121.5488789,25.0169944]]}},{"type":"Feature","properties":{"highway":"secondary_link","name":"","osm_id":49730781},"geometry":{"type":"LineString","coordinates":[[121.5444483,25.0208296],[121.5447421,25.0207385],[121.5449352,25.0206413],[121.5450968,25.0205304]]}},{"type":"Feature","properties":{"highway":"secondary_link","name":"","osm_id":49730782},"geometry":{"type":"LineString","coordinates":[[121.5452223,25.0206377],[121.5449137,25.0209621],[121.5447206,25.0211274],[121.5444831,25.0212849]]}},{"type":"Feature","properties":{"highway":"secondary","name":"辛亥路二段","osm_id":49730783},"geometry":{"type":"LineString","coordinates":[[121.5434135,25.0213272],[121.5432933,25.021331]]}},{"type":"Feature","properties":{"highway":"secondary","name":"辛亥路三段","osm_id":49730784},"geometry":{"type":"LineString","coordinates":[[121.5434109,25.0212164],[121.5434715,25.0212142],[121.5436792,25.0212069],[121.5438606,25.0211857],[121.5440391,25.02115],[121.5442134,25.0211],[121.5443821,25.0210362],[121.5445438,25.020959],[121.5446974,25.0208691],[121.5448415,25.0207671],[121.544975,25.0206539],[121.5450968,25.0205304]]}},{"type":"Feature","properties":{"highway":"secondary","name":"辛亥路車行地下道","osm_id":49730785},"geometry":{"type":"LineString","coordinates":[[121.5471163,25.0188323],[121.5462991,25.0196302]]}},{"type":"Feature","properties":{"highway":"tertiary","name":"","osm_id":49730807},"geometry":{"type":"LineString","coordinates":[[121.5511438,25.028185],[121.5511218,25.0282534],[121.5510516,25.0284252],[121.550994,25.0285947],[121.5508781,25.0289159],[121.5508477,25.0290171],[121.5508117,25.0291073]]}},{"type":"Feature","properties":{"highway":"secondary","name":"","osm_id":49730812},"geometry":{"type":"LineString","coordinates":[[121.5524541,25.0247228],[121.5524161,25.0247132],[121.5523794,25.0247004],[121.5523236,25.0246732],[121.5522732,25.0246383],[121.5522294,25.0245968],[121.5521934,25.0245496],[121.5521659,25.0244978],[121.5521477,25.0244425],[121.5521394,25.0243891],[121.5521399,25.0243338],[121.5521544,25.0242642],[121.5521837,25.0241974],[121.5522192,25.0241442],[121.5523053,25.0240728]]}},{"type":"Feature","properties":{"highway":"tertiary","name":"樂利路","osm_id":49730813},"geometry":{"type":"LineString","coordinates":[[121.5524541,25.0247228],[121.5524278,25.0247955],[121.5523557,25.0249773],[121.5523179,25.0250687],[121.5522621,25.0252205],[121.5521703,25.0254696],[121.5520452,25.0258275],[121.5520259,25.0258829]]}},{"type":"Feature","properties":{"highway":"trunk_link","name":"信義路入口匝道","osm_id":49749048},"geometry":{"type":"LineString","coordinates":[[121.5685354,25.0327681],[121.570984,25.0327271],[121.5712147,25.032702],[121.5713319,25.0326652],[121.5714358,25.0326069],[121.5715105,25.0325413],[121.5715674,25.0324775],[121.571603,25.0323907],[121.5716259,25.0322905],[121.5716279,25.0321642],[121.5716223,25.0319392],[121.5716092,25.0317822]]}},{"type":"Feature","properties":{"highway":"primary","name":"羅斯福路三段","osm_id":49749156},"geometry":{"type":"LineString","coordinates":[[121.5294481,25.0196056],[121.5291564,25.0199288]]}},{"type":"Feature","properties":{"highway":"secondary","name":"汀州路三段","osm_id":49749161},"geometry":{"type":"LineString","coordinates":[[121.5260814,25.0198946],[121.5261278,25.019728],[121.5262398,25.019561],[121.5263529,25.0193941],[121.5265563,25.0191143],[121.5268352,25.0187418],[121.5269429,25.0186085],[121.5270261,25.0185381]]}},{"type":"Feature","properties":{"highway":"trunk","name":"建國快速道路","osm_id":49749165},"geometry":{"type":"LineString","coordinates":[[121.5260814,25.0198946],[121.5262071,25.0197703]]}},{"type":"Feature","properties":{"highway":"trunk_link","name":"辛亥路入口匝道","osm_id":49749167},"geometry":{"type":"LineString","coordinates":[[121.5366099,25.0225997],[121.5364239,25.022586],[121.5350856,25.0225481],[121.533507,25.0225141],[121.5332912,25.0225007],[121.5331302,25.0224873],[121.5329012,25.0224532],[121.532616,25.0223761],[121.5323576,25.0222846],[121.5319483,25.0220528]]}},{"type":"Feature","properties":{"highway":"trunk_link","name":"辛亥路出口匝道","osm_id":49749168},"geometry":{"type":"LineString","coordinates":[[121.5366403,25.0223779],[121.5368401,25.0223995],[121.5370385,25.0224303],[121.5372349,25.0224703],[121.5374287,25.0225194],[121.5375028,25.0225423],[121.5376276,25.022581]]}},{"type":"Feature","properties":{"highway":"trunk_link","name":"羅斯福路出口匝道","osm_id":49749169},"geometry":{"type":"LineString","coordinates":[[121.5306683,25.0210275],[121.5304171,25.0208788],[121.5302646,25.0207885],[121.530086,25.0206827]]}},{"type":"Feature","properties":{"highway":"trunk_link","name":"羅斯福路入口匝道","osm_id":49749170},"geometry":{"type":"LineString","coordinates":[[121.5300534,25.0201129],[121.5303175,25.0203821],[121.530818,25.0209151]]}},{"type":"Feature","properties":{"highway":"secondary","name":"新生南路三段","osm_id":49749171},"geometry":{"type":"LineString","coordinates":[[121.5345393,25.0226367],[121.5345521,25.0227456],[121.5346941,25.0239526],[121.5347607,25.0245184],[121.5348134,25.0249672]]}},{"type":"Feature","properties":{"highway":"trunk","name":"建國快速道路","osm_id":49749172},"geometry":{"type":"LineString","coordinates":[[121.5306683,25.0210275],[121.5305218,25.020878]]}},{"type":"Feature","properties":{"highway":"primary","name":"中山南路","osm_id":49795875},"geometry":{"type":"LineString","coordinates":[[121.5180514,25.0399223],[121.518144,25.0402382],[121.5182299,25.0405314],[121.5182507,25.0406006],[121.5182804,25.0407005],[121.518305,25.0407856],[121.518533,25.0415658],[121.5185781,25.0417199],[121.518581,25.0417295],[121.5186258,25.0418822]]}},{"type":"Feature","properties":{"highway":"trunk_link","name":"","osm_id":50159996},"geometry":{"type":"LineString","coordinates":[[121.5657335,25.0451327],[121.5669658,25.0456015],[121.5670397,25.0456273],[121.5671127,25.0456512],[121.5671802,25.04567],[121.567237,25.0456857],[121.567326,25.0457106],[121.5673943,25.0457206],[121.5674786,25.0457267],[121.5675552,25.0457321],[121.5677977,25.0457272],[121.5686377,25.045707]]}},{"type":"Feature","properties":{"highway":"trunk_link","name":"永吉路入口匝道","osm_id":50159997},"geometry":{"type":"LineString","coordinates":[[121.5657335,25.0451327],[121.5655708,25.045088],[121.5652273,25.044961],[121.5650322,25.0449035],[121.5648466,25.0448543],[121.5647066,25.0448289],[121.5645688,25.0448443]]}},{"type":"Feature","properties":{"highway":"tertiary","name":"永吉路","osm_id":50159998},"geometry":{"type":"LineString","coordinates":[[121.5670629,25.0457318],[121.5672199,25.0456862],[121.5672918,25.0456627]]}},{"type":"Feature","properties":{"highway":"secondary","name":"信義路五段","osm_id":50160303},"geometry":{"type":"LineString","coordinates":[[121.5742988,25.0334787],[121.5738002,25.0332405],[121.5733939,25.0331008],[121.5729191,25.0329623],[121.5724256,25.0328833],[121.5722124,25.0328562],[121.5719736,25.0328488],[121.5718685,25.0328464],[121.5717947,25.0328504],[121.5717208,25.0328478],[121.5713271,25.0328593],[121.5709612,25.0328626],[121.5705226,25.0328637]]}},{"type":"Feature","properties":{"highway":"secondary","name":"辛亥路三段","osm_id":50212634},"geometry":{"type":"LineString","coordinates":[[121.5541318,25.013323],[121.5539508,25.0135096],[121.5533376,25.0141002]]}},{"type":"Feature","properties":{"highway":"secondary","name":"辛亥路三段","osm_id":50212635},"geometry":{"type":"LineString","coordinates":[[121.5489239,25.0168489],[121.5490072,25.016789],[121.5494371,25.0164958],[121.5506656,25.0156584],[121.5510956,25.0153827],[121.5511509,25.0153473],[121.5512282,25.0152977],[121.5517454,25.0149663],[121.5521121,25.0147223],[121.5523102,25.0145905],[121.5523562,25.0145625],[121.5523861,25.0145438],[121.552429,25.0145127],[121.5525057,25.014457],[121.5530833,25.0139624],[121.5532497,25.0138154],[121.5534277,25.013633]]}},{"type":"Feature","properties":{"highway":"tertiary","name":"臥龍街151巷","osm_id":50212640},"geometry":{"type":"LineString","coordinates":[[121.5509749,25.0182722],[121.5509533,25.0183878],[121.5510221,25.0184737],[121.5512262,25.0186735],[121.5514682,25.0190904],[121.5515017,25.0191486],[121.5516744,25.0194488]]}},{"type":"Feature","properties":{"highway":"secondary","name":"和平東路三段","osm_id":50212701},"geometry":{"type":"LineString","coordinates":[[121.5528549,25.0241842],[121.5527308,25.0242853],[121.5526161,25.0243768],[121.5525194,25.024422]]}},{"type":"Feature","properties":{"highway":"secondary","name":"和平東路三段","osm_id":50212702},"geometry":{"type":"LineString","coordinates":[[121.5565728,25.0205114],[121.5566568,25.0203779],[121.5567391,25.0203018],[121.5568555,25.0201942],[121.5574471,25.0196468],[121.5574693,25.0196264],[121.5575401,25.0195609],[121.5577124,25.0194015],[121.5580109,25.0191256],[121.5583221,25.018834],[121.5583378,25.0188193],[121.5584479,25.0187178]]}},{"type":"Feature","properties":{"highway":"trunk","name":"基隆路高架道路","osm_id":50212703},"geometry":{"type":"LineString","coordinates":[[121.5500892,25.0221947],[121.5503077,25.0223282]]}},{"type":"Feature","properties":{"highway":"trunk_link","name":"敦化南路入口匝道","osm_id":50212704},"geometry":{"type":"LineString","coordinates":[[121.5469353,25.0193789],[121.5458453,25.0185718]]}},{"type":"Feature","properties":{"highway":"trunk_link","name":"敦化南路出口匝道","osm_id":50212705},"geometry":{"type":"LineString","coordinates":[[121.5459511,25.0185086],[121.5469353,25.0193789]]}},{"type":"Feature","properties":{"highway":"trunk_link","name":"","osm_id":50212706},"geometry":{"type":"LineString","coordinates":[[121.5469353,25.0193789],[121.5481081,25.0203992]]}},{"type":"Feature","properties":{"highway":"trunk_link","name":"","osm_id":50212707},"geometry":{"type":"LineString","coordinates":[[121.5481081,25.0203992],[121.5484807,25.0207441],[121.5486684,25.0209333]]}},{"type":"Feature","properties":{"highway":"trunk","name":"基隆路高架道路","osm_id":50212708},"geometry":{"type":"LineString","coordinates":[[121.5502239,25.0223896],[121.5500892,25.0221947]]}},{"type":"Feature","properties":{"highway":"tertiary","name":"林森路","osm_id":50212709},"geometry":{"type":"LineString","coordinates":[[121.524311,25.0041457],[121.5251198,25.0046295]]}},{"type":"Feature","properties":{"highway":"trunk","name":"新生高架道路","osm_id":50289495},"geometry":{"type":"LineString","coordinates":[[121.5278731,25.0709257],[121.5278839,25.0707799],[121.5278517,25.0694291],[121.5277597,25.0657775],[121.5277376,25.0640181],[121.5275748,25.0592416],[121.5275488,25.0574504],[121.527516,25.0553495],[121.5275083,25.0544324],[121.5274891,25.0535766],[121.5275081,25.0532069],[121.5275496,25.0527881],[121.5276204,25.0523251],[121.5276615,25.0521142],[121.5277161,25.0518706],[121.5278949,25.0512343],[121.5279078,25.0511959],[121.5283308,25.0501457],[121.528561,25.0497003],[121.5288154,25.0492759],[121.5291012,25.0488515],[121.5292905,25.0485946],[121.5294179,25.0484382],[121.5297245,25.0480869]]}},{"type":"Feature","properties":{"highway":"secondary_link","name":"成功路一段","osm_id":50752664},"geometry":{"type":"LineString","coordinates":[[121.5269004,25.0027416],[121.5269742,25.0035782]]}},{"type":"Feature","properties":{"highway":"secondary_link","name":"","osm_id":50752665},"geometry":{"type":"LineString","coordinates":[[121.5269742,25.0035782],[121.5271615,25.0055165]]}},{"type":"Feature","properties":{"highway":"tertiary","name":"環河東路三段","osm_id":50752666},"geometry":{"type":"LineString","coordinates":[[121.5270869,25.005719],[121.5271297,25.0056624],[121.5272332,25.0055269],[121.5275683,25.005078],[121.5276057,25.0050173],[121.5279304,25.0044898],[121.5280082,25.0043816],[121.5281074,25.004209],[121.5281758,25.0040947],[121.5282046,25.0040608],[121.5282818,25.0038711],[121.5283958,25.0035563],[121.528428,25.0034579],[121.528563,25.0030548],[121.5286157,25.0028963],[121.5286627,25.0027189],[121.5287417,25.0023883],[121.5287993,25.0020461],[121.5288464,25.0017781],[121.5288692,25.0016177],[121.5288893,25.0012956],[121.5289041,25.0009237],[121.5289335,25.0005323]]}},{"type":"Feature","properties":{"highway":"trunk_link","name":"辛亥路出口匝道","osm_id":50752694},"geometry":{"type":"LineString","coordinates":[[121.5437598,25.0167294],[121.5442931,25.0171696],[121.5443131,25.0171872],[121.54435,25.017217]]}},{"type":"Feature","properties":{"highway":"secondary","name":"福和橋","osm_id":50752696},"geometry":{"type":"LineString","coordinates":[[121.5251198,25.0046295],[121.5265025,25.0054583],[121.5274453,25.0059955],[121.5278952,25.006224]]}},{"type":"Feature","properties":{"highway":"tertiary","name":"林森路","osm_id":50752697},"geometry":{"type":"LineString","coordinates":[[121.5250743,25.004679],[121.5242372,25.0041863]]}},{"type":"Feature","properties":{"highway":"trunk_link","name":"辛亥路出口匝道","osm_id":50752698},"geometry":{"type":"LineString","coordinates":[[121.541547,25.0147946],[121.5418659,25.0151354],[121.5422336,25.0154619],[121.5437598,25.0167294]]}},{"type":"Feature","properties":{"highway":"secondary","name":"金山南路一段","osm_id":50823694},"geometry":{"type":"LineString","coordinates":[[121.5282166,25.0381416],[121.5281956,25.0380581],[121.5281308,25.0378203],[121.5279443,25.0371975],[121.5278492,25.0368597],[121.5278074,25.0367201],[121.5277655,25.0365804],[121.527652,25.036189],[121.5275816,25.0359374],[121.5274676,25.035528],[121.5273415,25.0350924],[121.5272485,25.0342698],[121.5272371,25.0341762]]}},{"type":"Feature","properties":{"highway":"secondary","name":"金山南路二段","osm_id":50823695},"geometry":{"type":"LineString","coordinates":[[121.5259761,25.0267249],[121.5259982,25.0268798]]}},{"type":"Feature","properties":{"highway":"secondary","name":"金山南路二段","osm_id":50823696},"geometry":{"type":"LineString","coordinates":[[121.5272194,25.0340966],[121.5272071,25.0340062],[121.5271883,25.0338872],[121.5271378,25.0335992],[121.5270747,25.0332651],[121.5270358,25.0330593],[121.5270284,25.03302]]}},{"type":"Feature","properties":{"highway":"secondary","name":"金山南路一段","osm_id":50823701},"geometry":{"type":"LineString","coordinates":[[121.5273242,25.0340741],[121.5273396,25.0341597],[121.5273576,25.0342561],[121.5274047,25.0347285],[121.5274443,25.0350741],[121.5275643,25.0354958],[121.5276896,25.0359107],[121.5277606,25.0361562],[121.5279523,25.0368269],[121.528049,25.0371743],[121.5281133,25.0373967],[121.528176,25.0376051],[121.5282387,25.0378136],[121.5283088,25.0380575],[121.5283333,25.0381416]]}},{"type":"Feature","properties":{"highway":"trunk","name":"新生高架道路","osm_id":51285123},"geometry":{"type":"LineString","coordinates":[[121.5293128,25.0409829],[121.5292899,25.0410458],[121.5293576,25.0413296]]}},{"type":"Feature","properties":{"highway":"tertiary_link","name":"","osm_id":51289042},"geometry":{"type":"LineString","coordinates":[[121.5300109,25.0485116],[121.5298954,25.0485636],[121.5296979,25.0485647],[121.5296162,25.0485652],[121.5295686,25.0485497]]}},{"type":"Feature","properties":{"highway":"trunk_link","name":"長安東路出口匝道","osm_id":51289043},"geometry":{"type":"LineString","coordinates":[[121.5288267,25.0491214],[121.5288701,25.0489916]]}},{"type":"Feature","properties":{"highway":"trunk_link","name":"","osm_id":51289044},"geometry":{"type":"LineString","coordinates":[[121.5291398,25.0490352],[121.5289119,25.0493839],[121.5287755,25.0496091],[121.5286396,25.0498619],[121.5282782,25.0506128]]}},{"type":"Feature","properties":{"highway":"tertiary","name":"新生北路一段","osm_id":51289045},"geometry":{"type":"LineString","coordinates":[[121.5328512,25.0459566],[121.5327213,25.0460526],[121.5325415,25.0461444],[121.5322227,25.0463284],[121.5317314,25.0466286],[121.5317179,25.0466348],[121.531345,25.0468984],[121.5312684,25.0469549],[121.531078,25.0470954],[121.5309101,25.0472212],[121.530861,25.047258],[121.5306422,25.0474313],[121.530449,25.0476101],[121.5301805,25.0478664],[121.5300565,25.0479955],[121.5300347,25.0480194],[121.5299783,25.0480724]]}},{"type":"Feature","properties":{"highway":"tertiary","name":"新生北路一段","osm_id":51289046},"geometry":{"type":"LineString","coordinates":[[121.5275582,25.0520173],[121.5275818,25.0519105],[121.5276329,25.0516508],[121.5276722,25.0515211],[121.5277156,25.051374],[121.5278663,25.0509231],[121.5279435,25.0507272],[121.5279604,25.0506845],[121.5280366,25.0505088],[121.5280883,25.0503873],[121.5281211,25.0503162],[121.5281635,25.050218],[121.5282364,25.0500574],[121.5283582,25.0498168],[121.528378,25.0497788],[121.5284691,25.0496055],[121.5285786,25.0494154],[121.5287153,25.0491986],[121.5287611,25.0491228],[121.5288701,25.0489916]]}},{"type":"Feature","properties":{"highway":"trunk_link","name":"長安東路出口匝道","osm_id":51289047},"geometry":{"type":"LineString","coordinates":[[121.5309978,25.046698],[121.5310112,25.0467746],[121.5310098,25.0468438],[121.5310031,25.046904],[121.5309921,25.0469526],[121.5309676,25.04702],[121.5309394,25.0470765],[121.5309059,25.047136],[121.5308614,25.0471938],[121.5307381,25.0473098],[121.5304061,25.0475965],[121.530089,25.0478896]]}},{"type":"Feature","properties":{"highway":"trunk_link","name":"長安東路出口匝道","osm_id":51289048},"geometry":{"type":"LineString","coordinates":[[121.5280754,25.0505495],[121.528301,25.0500557],[121.5283975,25.0498655],[121.5285041,25.0496672],[121.5286312,25.0494446],[121.5288267,25.0491214]]}},{"type":"Feature","properties":{"highway":"tertiary","name":"永元路","osm_id":51315576},"geometry":{"type":"LineString","coordinates":[[121.5218514,24.9997866],[121.5220332,25.0004407],[121.5222542,25.0010605],[121.522336,25.0013521],[121.5224527,25.0017605],[121.5225207,25.001995],[121.5225841,25.0021949],[121.5227399,25.0026862]]}},{"type":"Feature","properties":{"highway":"tertiary","name":"林森路","osm_id":51315582},"geometry":{"type":"LineString","coordinates":[[121.5242372,25.0041863],[121.52403,25.0040587],[121.5229636,25.0034581],[121.5226579,25.0032859]]}},{"type":"Feature","properties":{"highway":"trunk","name":"新生高架道路","osm_id":51362361},"geometry":{"type":"LineString","coordinates":[[121.5293576,25.0413296],[121.5298961,25.0430094],[121.5299689,25.0432614],[121.530634,25.0456455],[121.530692,25.0458481],[121.5308122,25.0462036],[121.5308842,25.0464253]]}},{"type":"Feature","properties":{"highway":"trunk","name":"新生高架道路","osm_id":51362362},"geometry":{"type":"LineString","coordinates":[[121.5293011,25.0413447],[121.529222,25.0410658],[121.5291742,25.0410313]]}},{"type":"Feature","properties":{"highway":"trunk_link","name":"新生南路入口匝道","osm_id":51362366},"geometry":{"type":"LineString","coordinates":[[121.527671,25.0469283],[121.5269873,25.0472018]]}},{"type":"Feature","properties":{"highway":"trunk_link","name":"新生南路出口匝道","osm_id":51362367},"geometry":{"type":"LineString","coordinates":[[121.5269455,25.0471009],[121.527671,25.0469283]]}},{"type":"Feature","properties":{"highway":"trunk_link","name":"","osm_id":51362368},"geometry":{"type":"LineString","coordinates":[[121.5298469,25.0462907],[121.5306452,25.0460768]]}},{"type":"Feature","properties":{"highway":"trunk","name":"市民大道高架道路","osm_id":51362369},"geometry":{"type":"LineString","coordinates":[[121.5266591,25.0473025],[121.5261058,25.0474696],[121.5259431,25.0475125],[121.525748,25.0475625],[121.5255743,25.0476062],[121.5254172,25.047642],[121.5251867,25.0476913],[121.5249619,25.0477357],[121.524663,25.0477885],[121.5243329,25.047834],[121.5240669,25.0478626],[121.5237649,25.0478845],[121.5217318,25.0480011],[121.5214746,25.0480236],[121.5212272,25.0480459],[121.5210333,25.0480728],[121.5208161,25.0481098],[121.5204339,25.0481857],[121.5201241,25.0482435],[121.5197406,25.0483089],[121.5184518,25.0485155]]}},{"type":"Feature","properties":{"highway":"trunk_link","name":"八德路出口匝道","osm_id":51362381},"geometry":{"type":"LineString","coordinates":[[121.5305448,25.0458299],[121.5301191,25.0442503]]}},{"type":"Feature","properties":{"highway":"trunk_link","name":"八德路入口匝道","osm_id":51362389},"geometry":{"type":"LineString","coordinates":[[121.530165,25.0437086],[121.5301741,25.0437704],[121.530186,25.0438188],[121.5302365,25.0440232]]}},{"type":"Feature","properties":{"highway":"trunk_link","name":"八德路出口匝道","osm_id":51362394},"geometry":{"type":"LineString","coordinates":[[121.5301191,25.0442503],[121.5299678,25.043773],[121.5298938,25.0436437]]}},{"type":"Feature","properties":{"highway":"trunk_link","name":"八德路入口匝道","osm_id":51362398},"geometry":{"type":"LineString","coordinates":[[121.5302365,25.0440232],[121.5304026,25.0445955],[121.5305126,25.0449643],[121.5307018,25.0456289]]}},{"type":"Feature","properties":{"highway":"trunk_link","name":"","osm_id":51362403},"geometry":{"type":"LineString","coordinates":[[121.527671,25.0469283],[121.5282258,25.0467812],[121.5287664,25.046615],[121.5298469,25.0462907]]}},{"type":"Feature","properties":{"highway":"tertiary","name":"八德路二段","osm_id":51362429},"geometry":{"type":"LineString","coordinates":[[121.5354423,25.0455134],[121.5353439,25.0454434],[121.5353128,25.0454212],[121.5352627,25.0453856],[121.5348722,25.0451077],[121.5347673,25.0450393]]}},{"type":"Feature","properties":{"highway":"tertiary","name":"渭水路","osm_id":51362430},"geometry":{"type":"LineString","coordinates":[[121.5335965,25.045704],[121.5340123,25.0456996]]}},{"type":"Feature","properties":{"highway":"tertiary","name":"新生北路一段62巷","osm_id":51362431},"geometry":{"type":"LineString","coordinates":[[121.5308508,25.046876],[121.530718,25.0463449]]}},{"type":"Feature","properties":{"highway":"trunk_link","name":"長安東路出口匝道","osm_id":51362432},"geometry":{"type":"LineString","coordinates":[[121.530089,25.0478896],[121.5300154,25.0479707],[121.5299783,25.0480724]]}},{"type":"Feature","properties":{"highway":"trunk_link","name":"長安東路入口匝道","osm_id":51362434},"geometry":{"type":"LineString","coordinates":[[121.5297517,25.0479428],[121.5302774,25.0474215],[121.5306428,25.0471275]]}},{"type":"Feature","properties":{"highway":"trunk_link","name":"","osm_id":51420755},"geometry":{"type":"LineString","coordinates":[[121.5686377,25.045707],[121.5687482,25.0457037]]}},{"type":"Feature","properties":{"highway":"tertiary","name":"市民大道四段","osm_id":51420787},"geometry":{"type":"LineString","coordinates":[[121.5578168,25.0452444],[121.5576921,25.0452085]]}},{"type":"Feature","properties":{"highway":"tertiary","name":"八德路四段","osm_id":51420788},"geometry":{"type":"LineString","coordinates":[[121.5692013,25.0493749],[121.5695562,25.0494373]]}},{"type":"Feature","properties":{"highway":"tertiary","name":"市民大道五段","osm_id":51420789},"geometry":{"type":"LineString","coordinates":[[121.5690695,25.0491441],[121.5689547,25.0491359]]}},{"type":"Feature","properties":{"highway":"tertiary","name":"市民大道五段","osm_id":51420791},"geometry":{"type":"LineString","coordinates":[[121.557824,25.0450423],[121.5578784,25.0450886],[121.5579773,25.0451709]]}},{"type":"Feature","properties":{"highway":"tertiary","name":"長安東路二段","osm_id":51423105},"geometry":{"type":"LineString","coordinates":[[121.5294904,25.0481698],[121.5297572,25.0483436]]}},{"type":"Feature","properties":{"highway":"primary","name":"中山南路","osm_id":51423110},"geometry":{"type":"LineString","coordinates":[[121.5181626,25.0407285],[121.5181331,25.0406269],[121.518112,25.040554],[121.5178105,25.0395139],[121.5178032,25.0394887],[121.5177788,25.0394046]]}},{"type":"Feature","properties":{"highway":"primary","name":"忠孝西路地下道","osm_id":51423113},"geometry":{"type":"LineString","coordinates":[[121.5200395,25.0456108],[121.5196885,25.0456719]]}},{"type":"Feature","properties":{"highway":"primary","name":"忠孝西路一段","osm_id":51423114},"geometry":{"type":"LineString","coordinates":[[121.5192946,25.0457462],[121.5183014,25.0459858]]}},{"type":"Feature","properties":{"highway":"tertiary","name":"市民大道六段","osm_id":51797084},"geometry":{"type":"LineString","coordinates":[[121.5689675,25.0489808],[121.5693364,25.0490413]]}},{"type":"Feature","properties":{"highway":"trunk_link","name":"重慶北路出口匝道","osm_id":51911176},"geometry":{"type":"LineString","coordinates":[[121.5184518,25.0485155],[121.5176828,25.0485645]]}},{"type":"Feature","properties":{"highway":"trunk_link","name":"重慶北路入口匝道","osm_id":51911177},"geometry":{"type":"LineString","coordinates":[[121.5176828,25.0485645],[121.5184222,25.0483928]]}},{"type":"Feature","properties":{"highway":"trunk_link","name":"","osm_id":51911178},"geometry":{"type":"LineString","coordinates":[[121.5176828,25.0485645],[121.5155827,25.048901],[121.5146828,25.0491209]]}},{"type":"Feature","properties":{"highway":"trunk","name":"市民大道高架道路","osm_id":51919155},"geometry":{"type":"LineString","coordinates":[[121.5103681,25.0501216],[121.5107989,25.0500637],[121.5114641,25.0499471],[121.5119576,25.0498402],[121.5122795,25.049743],[121.5130412,25.0494805],[121.5145218,25.049082],[121.5153265,25.0488876],[121.5177083,25.0484794]]}},{"type":"Feature","properties":{"highway":"primary","name":"忠孝西路一段","osm_id":52242861},"geometry":{"type":"LineString","coordinates":[[121.5196578,25.0457611],[121.5195271,25.0457875]]}},{"type":"Feature","properties":{"highway":"primary","name":"忠孝西路地下道","osm_id":52242863},"geometry":{"type":"LineString","coordinates":[[121.5196885,25.0456719],[121.5192946,25.0457462]]}},{"type":"Feature","properties":{"highway":"tertiary","name":"復興南路二段78巷","osm_id":54755738},"geometry":{"type":"LineString","coordinates":[[121.5434956,25.0310811],[121.5434175,25.0310835],[121.5433763,25.0310846],[121.5430758,25.0310753],[121.5427161,25.0310826],[121.5423668,25.0310855],[121.541858,25.0310926],[121.5418339,25.0310911],[121.5405542,25.0311162],[121.5394882,25.0311393],[121.5394327,25.0311407]]}},{"type":"Feature","properties":{"highway":"tertiary","name":"羅斯福路四段113巷","osm_id":55029244},"geometry":{"type":"LineString","coordinates":[[121.5378896,25.0112795],[121.5388744,25.0113084],[121.5393047,25.0113219],[121.5395744,25.0113303],[121.5399922,25.0113412],[121.5402008,25.0113466],[121.540583,25.0113561],[121.5408414,25.0113626],[121.5410064,25.0113254]]}},{"type":"Feature","properties":{"highway":"tertiary","name":"金華街","osm_id":55259754},"geometry":{"type":"LineString","coordinates":[[121.519758,25.0320535],[121.5203775,25.0317661],[121.5209466,25.0315053],[121.5209902,25.0314853],[121.5210246,25.0314696],[121.5216115,25.0312021],[121.5220886,25.0309865],[121.5221666,25.0309435],[121.5222904,25.0308874],[121.5223733,25.0308607],[121.5224553,25.0308322],[121.5231896,25.0307173],[121.523248,25.0307064],[121.5237971,25.030628],[121.5242933,25.0305527],[121.5247841,25.0304717],[121.5256813,25.0303327],[121.5260716,25.0302695],[121.5264276,25.0302124],[121.5265185,25.0301978]]}},{"type":"Feature","properties":{"highway":"tertiary","name":"杭州南路一段","osm_id":55260075},"geometry":{"type":"LineString","coordinates":[[121.5243116,25.0353602],[121.5243557,25.0354583]]}},{"type":"Feature","properties":{"highway":"tertiary","name":"杭州南路二段","osm_id":55260076},"geometry":{"type":"LineString","coordinates":[[121.5216774,25.0282106],[121.5217233,25.0282919],[121.5217564,25.0283575],[121.5217884,25.0284807],[121.5218179,25.0286059],[121.521877,25.0288908],[121.5219971,25.0294694],[121.5220181,25.0295708]]}},{"type":"Feature","properties":{"highway":"secondary_link","name":"","osm_id":55567865},"geometry":{"type":"LineString","coordinates":[[121.5576363,25.009798],[121.5575664,25.0098126],[121.5575138,25.0098134],[121.5574665,25.0097902],[121.5574361,25.0097478],[121.5574383,25.0097123],[121.5574883,25.0096581],[121.5576743,25.0095203],[121.5577361,25.0094184]]}},{"type":"Feature","properties":{"highway":"secondary_link","name":"","osm_id":55567866},"geometry":{"type":"LineString","coordinates":[[121.5572327,25.0098003],[121.5573333,25.0097889],[121.557386,25.009806],[121.5574339,25.0098395],[121.5574672,25.0099099],[121.5574595,25.0099845]]}},{"type":"Feature","properties":{"highway":"secondary_link","name":"","osm_id":55567872},"geometry":{"type":"LineString","coordinates":[[121.553609,25.0137423],[121.5534837,25.0138762]]}},{"type":"Feature","properties":{"highway":"primary","name":"中山北路一段","osm_id":56723599},"geometry":{"type":"LineString","coordinates":[[121.5195799,25.0455956],[121.5196578,25.0457611]]}},{"type":"Feature","properties":{"highway":"secondary","name":"和平東路一段","osm_id":58976063},"geometry":{"type":"LineString","coordinates":[[121.5348064,25.0261274],[121.5346734,25.0261451],[121.5341811,25.0262181],[121.5336925,25.0262569],[121.5336346,25.026262],[121.5335262,25.0262702],[121.5330608,25.0263069],[121.5326936,25.0263362],[121.5320585,25.0263868],[121.5319915,25.0263922],[121.5316101,25.0264219],[121.5315285,25.026429],[121.5313251,25.0264451],[121.5304883,25.0265117],[121.5304155,25.0265187],[121.5302926,25.0265272],[121.529945,25.0265554],[121.5295783,25.0265851],[121.5288651,25.0266396],[121.5287757,25.0266478]]}},{"type":"Feature","properties":{"highway":"tertiary_link","name":"椰林大道","osm_id":59531681},"geometry":{"type":"LineString","coordinates":[[121.5333584,25.0168931],[121.5333732,25.0168348],[121.5334458,25.0167761],[121.5335695,25.0166673],[121.53363,25.0166491],[121.5336921,25.0166703],[121.5338704,25.016844]]}},{"type":"Feature","properties":{"highway":"tertiary","name":"思源街","osm_id":59683825},"geometry":{"type":"LineString","coordinates":[[121.5321041,25.0148798],[121.5322702,25.0148492],[121.5323684,25.0148386],[121.5324278,25.0148443],[121.5324551,25.0148537],[121.5325215,25.0149062]]}},{"type":"Feature","properties":{"highway":"tertiary","name":"永利路","osm_id":86819280},"geometry":{"type":"LineString","coordinates":[[121.5222992,25.0027736],[121.5227399,25.0026862]]}},{"type":"Feature","properties":{"highway":"primary","name":"忠孝西路一段","osm_id":98562079},"geometry":{"type":"LineString","coordinates":[[121.5174787,25.046147],[121.5181803,25.0460173]]}},{"type":"Feature","properties":{"highway":"primary","name":"忠孝西路一段","osm_id":98562080},"geometry":{"type":"LineString","coordinates":[[121.5181803,25.0460173],[121.5175562,25.046261]]}},{"type":"Feature","properties":{"highway":"tertiary","name":"福和路","osm_id":111988044},"geometry":{"type":"LineString","coordinates":[[121.5150069,25.0071557],[121.5152277,25.0071963],[121.515635,25.0072338],[121.5162094,25.0072977],[121.5164639,25.007324],[121.5168581,25.0073648],[121.5169665,25.007376]]}},{"type":"Feature","properties":{"highway":"secondary","name":"仁愛路一段","osm_id":131457243},"geometry":{"type":"LineString","coordinates":[[121.5216088,25.0387666],[121.5215188,25.0387803],[121.5212942,25.0388144],[121.5211068,25.0388405],[121.5187473,25.0391582],[121.518404,25.0392031],[121.518356,25.0392094],[121.5183295,25.0392126],[121.5183105,25.0392149],[121.5180445,25.0392218]]}},{"type":"Feature","properties":{"highway":"secondary","name":"仁愛路一段","osm_id":131457246},"geometry":{"type":"LineString","coordinates":[[121.5215808,25.0386575],[121.5214862,25.0386697],[121.5185486,25.0390488],[121.518319,25.0390777],[121.5183052,25.0390795],[121.518094,25.0391067]]}},{"type":"Feature","properties":{"highway":"secondary","name":"仁愛路一段","osm_id":131457247},"geometry":{"type":"LineString","coordinates":[[121.5190884,25.0392148],[121.5188128,25.0392591],[121.5183695,25.0393229],[121.5183507,25.0393251],[121.5183308,25.0393275],[121.5179581,25.0393175]]}},{"type":"Feature","properties":{"highway":"secondary","name":"仁愛路二段","osm_id":131473112},"geometry":{"type":"LineString","coordinates":[[121.5282871,25.038359],[121.528176,25.0383623],[121.5274542,25.0383733],[121.527067,25.0383822],[121.5264283,25.0383912],[121.5253425,25.0384106],[121.5252338,25.0384177]]}},{"type":"Feature","properties":{"highway":"tertiary","name":"愛國西路","osm_id":133236950},"geometry":{"type":"LineString","coordinates":[[121.516757,25.0348301],[121.5165223,25.0348325],[121.5165073,25.0348316],[121.5153173,25.0349737],[121.5152245,25.0349858],[121.5147251,25.0350483],[121.5146336,25.0350683],[121.5127018,25.0352838],[121.5126343,25.0352929],[121.5124913,25.0353118]]}},{"type":"Feature","properties":{"highway":"trunk_link","name":"基隆路入口匝道","osm_id":137111672},"geometry":{"type":"LineString","coordinates":[[121.5658923,25.0434852],[121.5659487,25.0435911],[121.565988,25.0436524],[121.5661245,25.0438715]]}},{"type":"Feature","properties":{"highway":"secondary","name":"基隆路一段","osm_id":137111673},"geometry":{"type":"LineString","coordinates":[[121.563786,25.0398793],[121.5638598,25.0400088],[121.5639206,25.0401065],[121.5642236,25.0405972],[121.5644698,25.0409815],[121.564579,25.0411035]]}},{"type":"Feature","properties":{"highway":"tertiary","name":"基隆路一段","osm_id":137111674},"geometry":{"type":"LineString","coordinates":[[121.5636783,25.0393784],[121.5637074,25.039462],[121.5637439,25.0395377],[121.5637911,25.0396224],[121.5640804,25.0401105],[121.5642458,25.0403895]]}},{"type":"Feature","properties":{"highway":"primary_link","name":"","osm_id":137195740},"geometry":{"type":"LineString","coordinates":[[121.5191221,25.0456813],[121.5192288,25.0455787],[121.5192973,25.0454718],[121.5193158,25.0454172],[121.5193356,25.0453427],[121.5193357,25.0452279]]}},{"type":"Feature","properties":{"highway":"trunk_link","name":"仁愛路出口匝道","osm_id":137954843},"geometry":{"type":"LineString","coordinates":[[121.5377464,25.0386577],[121.5377447,25.0385233],[121.5377483,25.0383374],[121.5377465,25.0382905],[121.5376928,25.0382053]]}},{"type":"Feature","properties":{"highway":"trunk_link","name":"仁愛路出口匝道","osm_id":137954844},"geometry":{"type":"LineString","coordinates":[[121.5373,25.0410772],[121.5373986,25.0406274],[121.5375261,25.0403],[121.5376373,25.039937],[121.5377093,25.0396273],[121.53776,25.0392421],[121.5377464,25.0386577]]}},{"type":"Feature","properties":{"highway":"trunk_link","name":"仁愛路入口匝道","osm_id":137954845},"geometry":{"type":"LineString","coordinates":[[121.5380391,25.0385629],[121.5380391,25.0390936],[121.5380023,25.0395326],[121.5379328,25.039927],[121.5379042,25.0400493],[121.5377652,25.040416],[121.5375683,25.0407428]]}},{"type":"Feature","properties":{"highway":"trunk_link","name":"仁愛路入口匝道","osm_id":137954846},"geometry":{"type":"LineString","coordinates":[[121.5380538,25.0381996],[121.5380352,25.0382906],[121.5380411,25.0383399],[121.5380391,25.0385629]]}},{"type":"Feature","properties":{"highway":"trunk_link","name":"信義路出口匝道","osm_id":138265878},"geometry":{"type":"LineString","coordinates":[[121.5718641,25.0318883],[121.5717486,25.0323755],[121.5717188,25.0324539],[121.571656,25.0325751],[121.5715753,25.0326585],[121.5715056,25.0327108],[121.5714157,25.0327533],[121.5712588,25.0327946],[121.5708913,25.0328337],[121.5705226,25.0328637]]}},{"type":"Feature","properties":{"highway":"secondary","name":"信義路五段","osm_id":138265881},"geometry":{"type":"LineString","coordinates":[[121.5685354,25.0327681],[121.5688294,25.0327477],[121.5696769,25.0326833],[121.5700711,25.0326609],[121.5710276,25.0326377]]}},{"type":"Feature","properties":{"highway":"tertiary","name":"八德路四段","osm_id":155112337},"geometry":{"type":"LineString","coordinates":[[121.5577609,25.0481861],[121.5578747,25.0481941]]}},{"type":"Feature","properties":{"highway":"tertiary","name":"杭州北路","osm_id":157964856},"geometry":{"type":"LineString","coordinates":[[121.52686,25.0440126],[121.5268928,25.0441261],[121.5271616,25.0450565],[121.5271886,25.0451498],[121.5272685,25.0454259],[121.5272909,25.0455104]]}},{"type":"Feature","properties":{"highway":"tertiary","name":"林森南路","osm_id":159980284},"geometry":{"type":"LineString","coordinates":[[121.5233288,25.044749],[121.5232942,25.0446307],[121.5232879,25.0446092],[121.5232637,25.0445264],[121.5231977,25.0443073],[121.5231574,25.0441621],[121.5230272,25.0437159],[121.5230002,25.0436268]]}},{"type":"Feature","properties":{"highway":"trunk","name":"市民大道高架道路","osm_id":160053377},"geometry":{"type":"LineString","coordinates":[[121.5633641,25.044958],[121.5627878,25.0450582],[121.5622407,25.0451456],[121.5616399,25.045204],[121.5609961,25.0452331],[121.5589981,25.0452648],[121.5585109,25.0452537],[121.5581354,25.0452051],[121.5578445,25.0451676],[121.5574118,25.0451052],[121.5556597,25.0447604],[121.555024,25.0446413],[121.5549892,25.0446353],[121.5544554,25.0445441],[121.5539726,25.0444955],[121.5534576,25.0444664],[121.5529855,25.0444858],[121.5524705,25.0445247],[121.5517839,25.044583],[121.5495706,25.0448561],[121.5473054,25.045099],[121.5468384,25.0451507],[121.546465,25.0451589],[121.5460904,25.0451563],[121.5454434,25.0450811]]}},{"type":"Feature","properties":{"highway":"trunk_link","name":"基隆路入口匝道","osm_id":160053381},"geometry":{"type":"LineString","coordinates":[[121.5661245,25.0438715],[121.5668219,25.045029],[121.5673952,25.0459887],[121.568421,25.047706],[121.5684772,25.047884]]}},{"type":"Feature","properties":{"highway":"trunk","name":"市民大道高架道路","osm_id":160053390},"geometry":{"type":"LineString","coordinates":[[121.5671141,25.0457367],[121.5671835,25.0458178],[121.5673591,25.0460951],[121.5683449,25.0477516],[121.5684772,25.047884]]}},{"type":"Feature","properties":{"highway":"trunk_link","name":"基隆路出口匝道","osm_id":160185687},"geometry":{"type":"LineString","coordinates":[[121.5673846,25.0459682],[121.5673644,25.0459347],[121.5673327,25.0458818],[121.5672993,25.0458252]]}},{"type":"Feature","properties":{"highway":"trunk_link","name":"基隆路出口匝道","osm_id":160185688},"geometry":{"type":"LineString","coordinates":[[121.5684902,25.0479042],[121.5684339,25.0477275],[121.5673846,25.0459682]]}},{"type":"Feature","properties":{"highway":"secondary","name":"環河東路一段","osm_id":172599298},"geometry":{"type":"LineString","coordinates":[[121.5158395,25.0179543],[121.5160619,25.0179372],[121.5163446,25.017901],[121.5163947,25.0178932],[121.5165508,25.0178687],[121.5166729,25.0178519]]}},{"type":"Feature","properties":{"highway":"secondary","name":"新生北路一段","osm_id":182334378},"geometry":{"type":"LineString","coordinates":[[121.5330006,25.0443975],[121.533002,25.0445155],[121.5330073,25.0449599],[121.5330087,25.0451891],[121.5329883,25.0453065]]}},{"type":"Feature","properties":{"highway":"secondary","name":"新生南路一段","osm_id":182334379},"geometry":{"type":"LineString","coordinates":[[121.5328258,25.0443601],[121.5328229,25.0442386],[121.532812,25.0437702],[121.5327967,25.0431198],[121.5327834,25.0425534],[121.5327802,25.0424169]]}},{"type":"Feature","properties":{"highway":"tertiary","name":"林森南路","osm_id":182335534},"geometry":{"type":"LineString","coordinates":[[121.5216349,25.0388712],[121.5216193,25.0388048],[121.5216088,25.0387666],[121.5215988,25.0387289],[121.5215808,25.0386575]]}},{"type":"Feature","properties":{"highway":"secondary","name":"仁愛路三段","osm_id":182973460},"geometry":{"type":"LineString","coordinates":[[121.5420053,25.0378179],[121.5417277,25.0377619],[121.5413897,25.0376816],[121.5412757,25.0376537],[121.5409992,25.0376612],[121.5408379,25.0376657],[121.540095,25.0376828],[121.5399434,25.0376847],[121.5398272,25.0376841],[121.5396853,25.0376879],[121.5391487,25.0376979],[121.5390153,25.0376993],[121.5387091,25.0378027],[121.5384783,25.0378949],[121.5383799,25.0379243],[121.5383273,25.0379388],[121.5382626,25.0379436],[121.5381747,25.0379554],[121.53805,25.0379533]]}},{"type":"Feature","properties":{"highway":"secondary","name":"仁愛路三段","osm_id":182973461},"geometry":{"type":"LineString","coordinates":[[121.5380538,25.0381996],[121.5377874,25.0382038],[121.5376928,25.0382053]]}},{"type":"Feature","properties":{"highway":"secondary","name":"仁愛路三段","osm_id":182973462},"geometry":{"type":"LineString","coordinates":[[121.5434733,25.0380353],[121.5434569,25.0380136],[121.5410037,25.0380748],[121.5398326,25.0380924],[121.5396906,25.0380979],[121.5391256,25.0381138]]}},{"type":"Feature","properties":{"highway":"secondary","name":"仁愛路三段","osm_id":182973463},"geometry":{"type":"LineString","coordinates":[[121.5436257,25.0379123],[121.5435235,25.0379144],[121.5434693,25.0379155],[121.5410025,25.0379647],[121.5398286,25.037985],[121.5396892,25.0379907],[121.5382717,25.0380189],[121.5381532,25.0380209],[121.5380522,25.0380233]]}},{"type":"Feature","properties":{"highway":"secondary","name":"仁愛路二段","osm_id":182973464},"geometry":{"type":"LineString","coordinates":[[121.5282166,25.0381416],[121.5281137,25.0381439],[121.5277893,25.0381476],[121.5274104,25.0381556],[121.526826,25.0381679],[121.5265897,25.0381729],[121.5261604,25.0381819],[121.5257206,25.0381911],[121.5252874,25.0382008],[121.525174,25.038207]]}},{"type":"Feature","properties":{"highway":"secondary","name":"仁愛路二段","osm_id":182973465},"geometry":{"type":"LineString","coordinates":[[121.5328982,25.0382106],[121.5328635,25.0382053]]}},{"type":"Feature","properties":{"highway":"secondary","name":"信義路二段","osm_id":182973466},"geometry":{"type":"LineString","coordinates":[[121.5243116,25.0353602],[121.5244672,25.0352834],[121.5249489,25.0350503],[121.5256505,25.0347054],[121.5257604,25.0346514],[121.5267104,25.0341844]]}},{"type":"Feature","properties":{"highway":"secondary","name":"信義路二段","osm_id":182973467},"geometry":{"type":"LineString","coordinates":[[121.5243915,25.035536],[121.5245583,25.0354385],[121.525359,25.0350543],[121.5258328,25.0348167],[121.5265088,25.0344794],[121.5268699,25.0343101],[121.5270567,25.0342178],[121.527102,25.0341995],[121.5272371,25.0341762]]}},{"type":"Feature","properties":{"highway":"tertiary","name":"辛亥路三段157巷","osm_id":184299166},"geometry":{"type":"LineString","coordinates":[[121.5489239,25.0168489],[121.5489712,25.0169125]]}},{"type":"Feature","properties":{"highway":"trunk_link","name":"基隆路入口匝道","osm_id":190463121},"geometry":{"type":"LineString","coordinates":[[121.5324707,25.0087581],[121.5329511,25.0089738],[121.5331484,25.0090465],[121.5332871,25.0090828],[121.5334125,25.0091135]]}},{"type":"Feature","properties":{"highway":"tertiary","name":"四維路154巷","osm_id":190680494},"geometry":{"type":"LineString","coordinates":[[121.5487828,25.0309593],[121.5485339,25.0309695],[121.5484811,25.0309755],[121.5483842,25.0309776],[121.5480825,25.0309841],[121.548028,25.0309853],[121.5479821,25.0309851],[121.5469996,25.030981],[121.5460621,25.0310276]]}},{"type":"Feature","properties":{"highway":"tertiary","name":"瑞安街23巷","osm_id":190680495},"geometry":{"type":"LineString","coordinates":[[121.5460621,25.0310276],[121.5451291,25.0310276]]}},{"type":"Feature","properties":{"highway":"primary","name":"忠孝東路一段","osm_id":192888504},"geometry":{"type":"LineString","coordinates":[[121.5233288,25.044749],[121.5234862,25.0447102],[121.5238368,25.0446285],[121.5242559,25.0445267],[121.5248772,25.0443757],[121.524939,25.044361],[121.525087,25.0443285],[121.5251858,25.0443006],[121.5259465,25.044116],[121.5264131,25.0440026],[121.5266397,25.0439473],[121.5267154,25.0439289],[121.5268271,25.043902]]}},{"type":"Feature","properties":{"highway":"primary","name":"忠孝東路一段","osm_id":192888505},"geometry":{"type":"LineString","coordinates":[[121.5207817,25.0454292],[121.5214723,25.0451901]]}},{"type":"Feature","properties":{"highway":"primary","name":"忠孝東路一段","osm_id":192888508},"geometry":{"type":"LineString","coordinates":[[121.5207817,25.0454292],[121.5204614,25.0455046],[121.5200395,25.0456108]]}},{"type":"Feature","properties":{"highway":"tertiary","name":"基隆路四段41巷68弄","osm_id":192914822},"geometry":{"type":"LineString","coordinates":[[121.5441761,25.0117452],[121.5441457,25.0117806],[121.5437859,25.0122188],[121.5434253,25.012624],[121.5432795,25.0128005],[121.5432493,25.0128371]]}},{"type":"Feature","properties":{"highway":"secondary","name":"福和橋","osm_id":193253422},"geometry":{"type":"LineString","coordinates":[[121.5320233,25.0085575],[121.5322616,25.0087298],[121.5324349,25.0088239],[121.5327765,25.0090155],[121.5341283,25.0097788],[121.5353483,25.0105126]]}},{"type":"Feature","properties":{"highway":"trunk_link","name":"基隆路入口匝道","osm_id":193253423},"geometry":{"type":"LineString","coordinates":[[121.5334125,25.0091135],[121.5335217,25.0091133],[121.5336853,25.0090817],[121.5337809,25.0090477],[121.5338416,25.0089896],[121.5338969,25.0089262],[121.5339459,25.0088676],[121.5339743,25.0088005],[121.5339768,25.0087276],[121.5339454,25.0085615],[121.5339031,25.0084636],[121.5338673,25.0083957],[121.5337683,25.008305],[121.5336617,25.0082562],[121.5335123,25.0082067],[121.5333307,25.0082191],[121.5331863,25.0082795],[121.533075,25.0083622],[121.5328171,25.0086325]]}},{"type":"Feature","properties":{"highway":"secondary","name":"基隆路四段","osm_id":193253427},"geometry":{"type":"LineString","coordinates":[[121.536986,25.0112377],[121.5367716,25.0111748],[121.5366881,25.0111492],[121.5365416,25.011114],[121.53637,25.0110741],[121.5362419,25.0110477]]}},{"type":"Feature","properties":{"highway":"trunk_link","name":"基隆路入口匝道","osm_id":193253432},"geometry":{"type":"LineString","coordinates":[[121.538582,25.0123238],[121.538149,25.0119734],[121.5373485,25.0113466],[121.5372883,25.0113054],[121.5372227,25.0112642],[121.5371762,25.0112424],[121.537118,25.011218]]}},{"type":"Feature","properties":{"highway":"secondary","name":"基隆路四段","osm_id":193253433},"geometry":{"type":"LineString","coordinates":[[121.5362231,25.0109121],[121.5362748,25.0109262],[121.5363241,25.0109372],[121.5364187,25.0109561]]}},{"type":"Feature","properties":{"highway":"tertiary","name":"羅斯福路四段113巷","osm_id":193253435},"geometry":{"type":"LineString","coordinates":[[121.5378896,25.0112795],[121.5376469,25.0112777],[121.5375982,25.011295],[121.5375349,25.0113495]]}},{"type":"Feature","properties":{"highway":"trunk_link","name":"","osm_id":193253437},"geometry":{"type":"LineString","coordinates":[[121.5339768,25.0087276],[121.5339773,25.008585]]}},{"type":"Feature","properties":{"highway":"secondary","name":"福和橋","osm_id":193253438},"geometry":{"type":"LineString","coordinates":[[121.5352534,25.01064],[121.5349818,25.0104814],[121.534542,25.0101726],[121.5340908,25.0098553]]}},{"type":"Feature","properties":{"highway":"secondary","name":"基隆路三段","osm_id":193424492},"geometry":{"type":"LineString","coordinates":[[121.5465936,25.0189338],[121.5469304,25.0192199]]}},{"type":"Feature","properties":{"highway":"secondary","name":"基隆路三段","osm_id":193424493},"geometry":{"type":"LineString","coordinates":[[121.5463845,25.0191113],[121.5463052,25.0190502],[121.546285,25.0190253],[121.5461044,25.0188756],[121.5456996,25.0185458],[121.5453816,25.0182867],[121.5442655,25.0173426],[121.5442521,25.0173316],[121.544217,25.0173035]]}},{"type":"Feature","properties":{"highway":"secondary","name":"復興南路一段","osm_id":196961202},"geometry":{"type":"LineString","coordinates":[[121.5437139,25.041558],[121.5437123,25.0413727],[121.5437059,25.0407646],[121.5437048,25.0406451],[121.5436873,25.0398877],[121.5436858,25.0398213],[121.543684,25.0397441],[121.5436675,25.0390319],[121.5436336,25.0382546],[121.5436314,25.038158]]}},{"type":"Feature","properties":{"highway":"primary","name":"忠孝東路三段","osm_id":196961209},"geometry":{"type":"LineString","coordinates":[[121.5416409,25.0417226],[121.5415846,25.0417232],[121.5406916,25.0417333],[121.5397967,25.0417426],[121.539709,25.0417443],[121.5396379,25.0417451],[121.5392117,25.0417499],[121.5387161,25.0417555],[121.5374754,25.0417694],[121.537343,25.0417709]]}},{"type":"Feature","properties":{"highway":"tertiary","name":"長安東路二段","osm_id":196961214},"geometry":{"type":"LineString","coordinates":[[121.5364678,25.0483945],[121.5365289,25.0483935],[121.5365879,25.0483926]]}},{"type":"Feature","properties":{"highway":"tertiary","name":"八德路二段","osm_id":196961215},"geometry":{"type":"LineString","coordinates":[[121.5415689,25.0469884],[121.5414969,25.04697]]}},{"type":"Feature","properties":{"highway":"tertiary","name":"建國南路一段","osm_id":196961377},"geometry":{"type":"LineString","coordinates":[[121.537343,25.0417709],[121.5372961,25.0418876],[121.5372096,25.0420976],[121.5370488,25.0425561],[121.5369996,25.0427591],[121.5369592,25.0429623],[121.5369395,25.043082],[121.5369189,25.0432323],[121.5368934,25.0435049],[121.5368884,25.0436222],[121.5368838,25.0437283],[121.5368846,25.0437797],[121.5368867,25.043915],[121.5368977,25.0440509],[121.5368971,25.0442626],[121.5369042,25.0445948],[121.5369054,25.0446398]]}},{"type":"Feature","properties":{"highway":"tertiary","name":"建國北路一段","osm_id":196961378},"geometry":{"type":"LineString","coordinates":[[121.5369195,25.0461247],[121.5369232,25.0462288],[121.5369403,25.0466149],[121.5369449,25.0466786],[121.5369511,25.0469561],[121.5369484,25.0471714],[121.5369534,25.0472528],[121.5369591,25.0475577],[121.5369638,25.0482648],[121.5369603,25.0483136],[121.5369385,25.0483757]]}},{"type":"Feature","properties":{"highway":"tertiary","name":"長安東路二段","osm_id":196961381},"geometry":{"type":"LineString","coordinates":[[121.5438797,25.0482567],[121.5440173,25.0482545]]}},{"type":"Feature","properties":{"highway":"secondary","name":"復興北路","osm_id":196961382},"geometry":{"type":"LineString","coordinates":[[121.5438797,25.0482567],[121.5438775,25.0481305],[121.5438694,25.047763],[121.5438683,25.0477163],[121.5438676,25.0476832],[121.5438654,25.0475633]]}},{"type":"Feature","properties":{"highway":"secondary","name":"基隆路三段","osm_id":197313961},"geometry":{"type":"LineString","coordinates":[[121.5469304,25.0192199],[121.5469883,25.0192677],[121.5470111,25.0192936],[121.5474361,25.0196586],[121.5482431,25.0203819],[121.5483689,25.0204873],[121.5486393,25.0207406]]}},{"type":"Feature","properties":{"highway":"secondary","name":"辛亥路三段","osm_id":197313962},"geometry":{"type":"LineString","coordinates":[[121.5469304,25.0192199],[121.5467398,25.0193911]]}},{"type":"Feature","properties":{"highway":"secondary","name":"基隆路一段","osm_id":197466298},"geometry":{"type":"LineString","coordinates":[[121.5654947,25.04265],[121.565798,25.0431788],[121.5658195,25.0432163],[121.5658952,25.0433495]]}},{"type":"Feature","properties":{"highway":"tertiary","name":"敦化南路二段63巷","osm_id":197559479},"geometry":{"type":"LineString","coordinates":[[121.5524722,25.0309361],[121.5523834,25.0309343],[121.5523198,25.0309345],[121.551631,25.0309457],[121.551544,25.0309462]]}},{"type":"Feature","properties":{"highway":"tertiary","name":"公園路","osm_id":198414876},"geometry":{"type":"LineString","coordinates":[[121.5171543,25.0450278],[121.5171907,25.0451398],[121.5171964,25.0451609],[121.5172694,25.0454293],[121.5172912,25.0455084],[121.5173428,25.0456951],[121.5174335,25.0460228],[121.5174682,25.0461482]]}},{"type":"Feature","properties":{"highway":"primary","name":"羅斯福路五段","osm_id":198414905},"geometry":{"type":"LineString","coordinates":[[121.5386924,25.0043458],[121.5386755,25.0042527],[121.5386537,25.0041326],[121.5386206,25.0038834],[121.5385919,25.0036493],[121.5385897,25.0036026],[121.5385681,25.0033163],[121.5385685,25.0032345],[121.5386269,25.0027945],[121.5387053,25.0024962],[121.5387844,25.0022477],[121.5388085,25.0021844]]}},{"type":"Feature","properties":{"highway":"primary","name":"羅斯福路五段","osm_id":198494942},"geometry":{"type":"LineString","coordinates":[[121.5373271,25.0097982],[121.5374002,25.0095726],[121.5375128,25.0092781],[121.5375874,25.0090654],[121.5376845,25.0088264],[121.5378352,25.0085014],[121.5379352,25.0083204],[121.5380451,25.0081299],[121.5380726,25.0080829],[121.5381377,25.0079829]]}},{"type":"Feature","properties":{"highway":"tertiary","name":"愛國東路","osm_id":198582307},"geometry":{"type":"LineString","coordinates":[[121.5269157,25.0316772],[121.5268007,25.0317597],[121.5267126,25.0317742],[121.5259206,25.0318893],[121.5255589,25.0319419],[121.5254005,25.0319649],[121.5241035,25.0321535]]}},{"type":"Feature","properties":{"highway":"tertiary","name":"愛國西路","osm_id":198582308},"geometry":{"type":"LineString","coordinates":[[121.5166144,25.0350156],[121.5165292,25.0350345],[121.5164058,25.0350563],[121.5161034,25.0350913],[121.5153633,25.0351943],[121.5152611,25.0352148]]}},{"type":"Feature","properties":{"highway":"tertiary","name":"杭州南路二段","osm_id":198582310},"geometry":{"type":"LineString","coordinates":[[121.5225741,25.0324039],[121.5226216,25.0324941],[121.5228298,25.0328332],[121.5230065,25.0331329],[121.5234716,25.0339213],[121.5237641,25.0344172],[121.5240901,25.0349699],[121.5242732,25.0352739],[121.5243116,25.0353602]]}},{"type":"Feature","properties":{"highway":"primary","name":"羅斯福路二段","osm_id":198582313},"geometry":{"type":"LineString","coordinates":[[121.5216774,25.0282106],[121.521517,25.0284263],[121.5212182,25.0288282],[121.5208559,25.0293153],[121.5206575,25.0295843],[121.5204984,25.0298039]]}},{"type":"Feature","properties":{"highway":"secondary","name":"新生南路三段","osm_id":198589902},"geometry":{"type":"LineString","coordinates":[[121.5327708,25.0163548],[121.5330061,25.0165445],[121.5332206,25.0167284],[121.5332837,25.0167871],[121.5333319,25.0168493],[121.5333584,25.0168931]]}},{"type":"Feature","properties":{"highway":"primary","name":"羅斯福路三段","osm_id":198589914},"geometry":{"type":"LineString","coordinates":[[121.5327708,25.0163548],[121.5326756,25.0164493]]}},{"type":"Feature","properties":{"highway":"tertiary","name":"松仁路","osm_id":198645485},"geometry":{"type":"LineString","coordinates":[[121.5683956,25.040986],[121.5683926,25.0409071],[121.5683854,25.040489],[121.5683837,25.0404185],[121.5683801,25.0402299],[121.5683765,25.0400398],[121.5683729,25.0398488],[121.5683612,25.0392061],[121.5683583,25.0390778]]}},{"type":"Feature","properties":{"highway":"secondary","name":"基隆路一段","osm_id":198645488},"geometry":{"type":"LineString","coordinates":[[121.5611968,25.035948],[121.5611393,25.0358519],[121.5611266,25.0358262],[121.5608283,25.0353302],[121.5603204,25.0344965],[121.5601842,25.0342677],[121.5598369,25.0336326]]}},{"type":"Feature","properties":{"highway":"secondary","name":"信義路五段","osm_id":198645490},"geometry":{"type":"LineString","coordinates":[[121.5682664,25.032897],[121.5681405,25.0328997],[121.5672939,25.0329248],[121.566981,25.0329302],[121.5663945,25.0329403],[121.5655425,25.032955],[121.5654166,25.032958]]}},{"type":"Feature","properties":{"highway":"secondary","name":"基隆路一段","osm_id":198645492},"geometry":{"type":"LineString","coordinates":[[121.5636125,25.0391447],[121.563677,25.0392654],[121.5636783,25.0393784]]}},{"type":"Feature","properties":{"highway":"primary","name":"忠孝東路五段","osm_id":198645495},"geometry":{"type":"LineString","coordinates":[[121.564579,25.0411035],[121.5647442,25.0411061],[121.5650887,25.0410894]]}},{"type":"Feature","properties":{"highway":"secondary","name":"基隆路一段","osm_id":198645497},"geometry":{"type":"LineString","coordinates":[[121.564579,25.0411035],[121.5646488,25.0412047]]}},{"type":"Feature","properties":{"highway":"primary","name":"東門圓環","osm_id":198725737},"geometry":{"type":"LineString","coordinates":[[121.5177339,25.0392497],[121.5176939,25.0392562],[121.5176532,25.039257],[121.517613,25.039252],[121.5175741,25.0392414],[121.5175375,25.0392253],[121.5175041,25.0392043],[121.5174747,25.0391788],[121.5174501,25.0391495],[121.5174309,25.0391171],[121.5174175,25.0390823]]}},{"type":"Feature","properties":{"highway":"tertiary","name":"南海路","osm_id":198725739},"geometry":{"type":"LineString","coordinates":[[121.5180789,25.0329093],[121.5179567,25.0328476],[121.5174999,25.0327238],[121.5164584,25.0324483],[121.5163501,25.0324027]]}},{"type":"Feature","properties":{"highway":"tertiary","name":"建國南路一段","osm_id":198735196},"geometry":{"type":"LineString","coordinates":[[121.5374029,25.0416224],[121.537343,25.0417709]]}},{"type":"Feature","properties":{"highway":"tertiary","name":"建國南路一段","osm_id":198735197},"geometry":{"type":"LineString","coordinates":[[121.5380232,25.033494],[121.5380255,25.0335897]]}},{"type":"Feature","properties":{"highway":"tertiary","name":"林森南路","osm_id":198874288},"geometry":{"type":"LineString","coordinates":[[121.5230002,25.0436268],[121.522976,25.0435418],[121.5228212,25.0430216],[121.522798,25.0429435],[121.5227727,25.0428498],[121.5226868,25.042532],[121.5226571,25.0424215]]}},{"type":"Feature","properties":{"highway":"primary","name":"忠孝東路一段","osm_id":198874292},"geometry":{"type":"LineString","coordinates":[[121.521611,25.045158],[121.5216952,25.0451375],[121.5219161,25.0450818],[121.52231,25.0449918],[121.5227231,25.0448968],[121.5231145,25.0448017],[121.5231735,25.0447874],[121.5233288,25.044749]]}},{"type":"Feature","properties":{"highway":"primary","name":"羅斯福路大客車專用道","osm_id":198876029},"geometry":{"type":"LineString","coordinates":[[121.5371642,25.0110517],[121.5371541,25.0110818]]}},{"type":"Feature","properties":{"highway":"primary","name":"羅斯福路三段","osm_id":198876030},"geometry":{"type":"LineString","coordinates":[[121.527721,25.0209953],[121.5278134,25.0209108],[121.5281362,25.0206157],[121.5282945,25.020471],[121.5284562,25.0203232],[121.5287281,25.0200734],[121.5289262,25.0198829],[121.5290079,25.0198059]]}},{"type":"Feature","properties":{"highway":"primary","name":"羅斯福路大客車專用道","osm_id":198876032},"geometry":{"type":"LineString","coordinates":[[121.5370764,25.0111952],[121.5371111,25.0110721]]}},{"type":"Feature","properties":{"highway":"primary","name":"羅斯福路大客車專用道","osm_id":198876034},"geometry":{"type":"LineString","coordinates":[[121.5370827,25.0112831],[121.5369965,25.0114795],[121.5367504,25.0119377],[121.5365722,25.0122582],[121.5363962,25.0125497],[121.5362757,25.0127451],[121.5360644,25.0130467],[121.5358254,25.0133494]]}},{"type":"Feature","properties":{"highway":"primary","name":"羅斯福路大客車專用道","osm_id":198876041},"geometry":{"type":"LineString","coordinates":[[121.5373792,25.0098436],[121.5374078,25.0097465],[121.5375651,25.0093048],[121.5376758,25.0090239],[121.5377261,25.0089151],[121.5378709,25.0086204],[121.5381633,25.0081253],[121.5381988,25.0080246],[121.5382536,25.0078749],[121.5383156,25.0077287]]}},{"type":"Feature","properties":{"highway":"primary","name":"羅斯福路四段","osm_id":198876042},"geometry":{"type":"LineString","coordinates":[[121.5371612,25.011331],[121.5370834,25.0115166],[121.536927,25.0117941],[121.536696,25.0121992],[121.5365433,25.0124668],[121.5364522,25.0126151],[121.5363502,25.0127701],[121.5362261,25.0129475],[121.5361605,25.013036],[121.5360836,25.0131385]]}},{"type":"Feature","properties":{"highway":"primary","name":"羅斯福路四段","osm_id":198876043},"geometry":{"type":"LineString","coordinates":[[121.5370544,25.0110077],[121.5370968,25.0107928],[121.5371395,25.0105868],[121.5371519,25.010525],[121.5372258,25.0101607],[121.5373271,25.0097982]]}},{"type":"Feature","properties":{"highway":"primary","name":"羅斯福路四段","osm_id":198876045},"geometry":{"type":"LineString","coordinates":[[121.5376503,25.0093469],[121.5375752,25.0095702],[121.53752,25.0097664],[121.5374677,25.0099349],[121.5374429,25.0100311],[121.5373519,25.0104408],[121.5372885,25.0108226],[121.5372316,25.0110993]]}},{"type":"Feature","properties":{"highway":"secondary","name":"復興南路一段","osm_id":198922264},"geometry":{"type":"LineString","coordinates":[[121.5438394,25.0416839],[121.5438436,25.0418438],[121.5438661,25.0425198],[121.5438719,25.0426913],[121.5438773,25.0428531],[121.5438857,25.0431365],[121.5439007,25.043638],[121.5439236,25.0444063],[121.5439303,25.0446521],[121.5439352,25.0447557],[121.5439383,25.0449789]]}},{"type":"Feature","properties":{"highway":"primary","name":"羅斯福路一段","osm_id":199157819},"geometry":{"type":"LineString","coordinates":[[121.5180789,25.0329093],[121.5182004,25.0327428],[121.5182196,25.0327169],[121.5186085,25.0321852],[121.5187484,25.0319939],[121.5189843,25.0316714],[121.5190337,25.0316039]]}},{"type":"Feature","properties":{"highway":"secondary","name":"和平東路二段","osm_id":200298337},"geometry":{"type":"LineString","coordinates":[[121.5434841,25.0248177],[121.5436011,25.0248111],[121.5438619,25.0247963],[121.5439673,25.0247904],[121.5447507,25.0247462],[121.5449686,25.0247339],[121.5451044,25.0247263],[121.545199,25.024721],[121.5452565,25.0247177],[121.5462328,25.0246626],[121.5467103,25.0246366]]}},{"type":"Feature","properties":{"highway":"secondary","name":"和平東路二段","osm_id":200298338},"geometry":{"type":"LineString","coordinates":[[121.5433612,25.0249585],[121.5432283,25.0249768],[121.5426478,25.0250552],[121.5422556,25.0251085],[121.541839,25.0251651],[121.5417814,25.0251748]]}},{"type":"Feature","properties":{"highway":"secondary","name":"和平東路一段","osm_id":200298339},"geometry":{"type":"LineString","coordinates":[[121.5225652,25.0270028],[121.5227339,25.0269872],[121.5228999,25.026973],[121.5233812,25.026932],[121.5235501,25.0269234],[121.5238885,25.0269005],[121.5239335,25.0268958],[121.5240101,25.0268892],[121.5244732,25.026849],[121.5246901,25.0268315],[121.5249599,25.0268097],[121.5250512,25.0268024],[121.5254035,25.026774],[121.5257781,25.0267438],[121.5258713,25.0267363]]}},{"type":"Feature","properties":{"highway":"secondary","name":"復興南路二段","osm_id":200298342},"geometry":{"type":"LineString","coordinates":[[121.5434841,25.0248177],[121.5434944,25.0249387]]}},{"type":"Feature","properties":{"highway":"secondary","name":"復興南路二段","osm_id":200298343},"geometry":{"type":"LineString","coordinates":[[121.5433612,25.0249585],[121.5433642,25.02483]]}},{"type":"Feature","properties":{"highway":"trunk","name":"市民大道高架道路","osm_id":204711194},"geometry":{"type":"LineString","coordinates":[[121.5184222,25.0483928],[121.5195635,25.0482226],[121.5199592,25.0481619],[121.5205459,25.0480515],[121.5208074,25.0480029],[121.5211112,25.047953],[121.521372,25.0479185],[121.5216984,25.0478923],[121.5239628,25.0477593],[121.5243144,25.0477295],[121.5246944,25.0476749],[121.5249284,25.0476366],[121.5251975,25.0475807],[121.5255071,25.0475103],[121.5258472,25.0474228],[121.5261548,25.0473383],[121.5266128,25.0471992]]}},{"type":"Feature","properties":{"highway":"trunk","name":"市民大道高架道路","osm_id":204711199},"geometry":{"type":"LineString","coordinates":[[121.5176198,25.0486556],[121.5164157,25.0488374]]}},{"type":"Feature","properties":{"highway":"secondary","name":"和平東路一段","osm_id":205066812},"geometry":{"type":"LineString","coordinates":[[121.5298746,25.026413],[121.5301316,25.0263957],[121.5302779,25.0263858],[121.5304309,25.0263718],[121.5304815,25.0263669],[121.5315149,25.0262855],[121.5315957,25.0262791],[121.5319761,25.0262448],[121.5320444,25.026239],[121.5328841,25.0261684],[121.5329825,25.0261606],[121.5335111,25.0261186],[121.5336174,25.0261102],[121.5336806,25.0261058],[121.5341896,25.02607],[121.5342944,25.026058],[121.5346587,25.0260049],[121.5347862,25.0259854]]}},{"type":"Feature","properties":{"highway":"tertiary","name":"師大路","osm_id":207761545},"geometry":{"type":"LineString","coordinates":[[121.528507,25.0265196],[121.5284982,25.0264349],[121.52844,25.0259154],[121.528372,25.025308],[121.5284853,25.0249615],[121.5285824,25.024654]]}},{"type":"Feature","properties":{"highway":"tertiary","name":"長安東路一段","osm_id":217690233},"geometry":{"type":"LineString","coordinates":[[121.5214968,25.0498624],[121.5216305,25.0498283]]}},{"type":"Feature","properties":{"highway":"tertiary","name":"通化街171巷","osm_id":219066189},"geometry":{"type":"LineString","coordinates":[[121.5536291,25.0280818],[121.5537025,25.0280639],[121.5546335,25.0278368],[121.5548993,25.0277683],[121.5551659,25.0277088],[121.5557725,25.0275737],[121.5559408,25.0274574],[121.5559608,25.0274435]]}},{"type":"Feature","properties":{"highway":"secondary_link","name":"迴轉道","osm_id":221560687},"geometry":{"type":"LineString","coordinates":[[121.5646725,25.0416977],[121.5646514,25.0415893],[121.5646507,25.0415483],[121.56465,25.0415166],[121.5646541,25.0414918],[121.5646671,25.0414702],[121.5647002,25.0414575],[121.5647375,25.041459],[121.5647929,25.0414917],[121.5648564,25.041542]]}},{"type":"Feature","properties":{"highway":"primary","name":"羅斯福路五段","osm_id":222682215},"geometry":{"type":"LineString","coordinates":[[121.5396566,25.0004733],[121.5395916,25.0006335],[121.5394392,25.0010159],[121.5393695,25.0011876],[121.5389813,25.0021505],[121.5389399,25.0022338]]}},{"type":"Feature","properties":{"highway":"primary","name":"羅斯福路大客車專用道","osm_id":222682218},"geometry":{"type":"LineString","coordinates":[[121.538838,25.0044111],[121.5388328,25.0045943],[121.5389123,25.0050496],[121.538982,25.0054336],[121.5390135,25.0056311],[121.5390269,25.0059933],[121.5390149,25.0061635],[121.5389746,25.0065007],[121.5389311,25.0066642],[121.5388224,25.006976],[121.5384288,25.0076876],[121.5383823,25.0077653],[121.5383086,25.0079018],[121.5382332,25.0080501],[121.538192,25.0081414],[121.53795,25.0085687],[121.5378454,25.0087565],[121.5376795,25.0091059],[121.537595,25.0093366],[121.5374476,25.0097571],[121.5374113,25.0098769]]}},{"type":"Feature","properties":{"highway":"primary","name":"羅斯福路四段","osm_id":222682219},"geometry":{"type":"LineString","coordinates":[[121.5358941,25.0133809],[121.5355465,25.0137356],[121.5354218,25.0138553],[121.5352779,25.0140007],[121.5352244,25.014051],[121.5351611,25.0141091],[121.5350553,25.0142098],[121.5349998,25.0142579],[121.5349466,25.014305],[121.5348806,25.014366],[121.5340853,25.0150952],[121.5338382,25.0153235]]}},{"type":"Feature","properties":{"highway":"primary","name":"羅斯福路大客車專用道","osm_id":222682221},"geometry":{"type":"LineString","coordinates":[[121.532699,25.0162954],[121.5328638,25.0161342],[121.5329182,25.0160812],[121.5330905,25.0159196],[121.5334104,25.0156164],[121.5338677,25.0151923],[121.5341447,25.0149264],[121.5343673,25.0147287],[121.5349232,25.014192],[121.5351066,25.0139746],[121.5353483,25.0137455]]}},{"type":"Feature","properties":{"highway":"primary","name":"羅斯福路四段","osm_id":222682222},"geometry":{"type":"LineString","coordinates":[[121.5360074,25.0129568],[121.5362576,25.01258],[121.5364656,25.0122256],[121.5365581,25.0120579],[121.5366486,25.0118902],[121.5367129,25.0117701],[121.5368001,25.0116143],[121.5368374,25.011543],[121.5368908,25.0114307],[121.536986,25.0112377]]}},{"type":"Feature","properties":{"highway":"primary","name":"羅斯福路四段","osm_id":222683861},"geometry":{"type":"LineString","coordinates":[[121.5360836,25.0131385],[121.5358941,25.0133809]]}},{"type":"Feature","properties":{"highway":"secondary","name":"興隆路一段","osm_id":222692094},"geometry":{"type":"LineString","coordinates":[[121.5386924,25.0043458],[121.5388293,25.0043267]]}},{"type":"Feature","properties":{"highway":"primary","name":"羅斯福路五段","osm_id":222745217},"geometry":{"type":"LineString","coordinates":[[121.5388293,25.0043267],[121.538838,25.0044111]]}},{"type":"Feature","properties":{"highway":"secondary","name":"新生南路三段","osm_id":222745574},"geometry":{"type":"LineString","coordinates":[[121.5343648,25.0222437],[121.5343302,25.0220739],[121.5342447,25.021659],[121.5342124,25.0215015],[121.5341509,25.0212019],[121.5340761,25.0208379],[121.5339973,25.0204541],[121.5339851,25.0203948],[121.5339082,25.0200206],[121.5338124,25.019554],[121.5337272,25.019139]]}},{"type":"Feature","properties":{"highway":"secondary","name":"辛亥路一段","osm_id":222745575},"geometry":{"type":"LineString","coordinates":[[121.5300534,25.0201129],[121.5305884,25.0205547],[121.5315937,25.0214053],[121.5317445,25.0215329],[121.5318519,25.0216238],[121.5319082,25.0216701],[121.5319476,25.0217025],[121.5322316,25.0218855],[121.5324663,25.0220075],[121.5327363,25.0221033],[121.5328477,25.022134],[121.5330262,25.0221778]]}},{"type":"Feature","properties":{"highway":"primary","name":"忠孝東路五段","osm_id":222747663},"geometry":{"type":"LineString","coordinates":[[121.566141,25.0410496],[121.5662563,25.0410461],[121.5671069,25.0410205],[121.5683227,25.040989],[121.5683956,25.040986]]}},{"type":"Feature","properties":{"highway":"secondary_link","name":"","osm_id":223397078},"geometry":{"type":"LineString","coordinates":[[121.54435,25.017217],[121.5443812,25.0172428],[121.5443971,25.0172562],[121.5464017,25.0189238],[121.5464251,25.0189439],[121.5465068,25.0190075]]}},{"type":"Feature","properties":{"highway":"secondary","name":"基隆路四段","osm_id":223397079},"geometry":{"type":"LineString","coordinates":[[121.5424786,25.0158747],[121.5424171,25.0158222],[121.5422416,25.0156704],[121.5414886,25.015019],[121.5414529,25.0149881],[121.5405459,25.0141773],[121.540391,25.0140388],[121.5403242,25.0139791],[121.5402683,25.0139312],[121.5400972,25.0137846]]}},{"type":"Feature","properties":{"highway":"secondary","name":"基隆路三段","osm_id":223397081},"geometry":{"type":"LineString","coordinates":[[121.5426601,25.0156504],[121.5427371,25.0157145],[121.5428538,25.0158117],[121.5432802,25.0161668],[121.5434484,25.016306],[121.5437217,25.0165321],[121.5444002,25.0170936],[121.5444215,25.0171117],[121.5444616,25.017143],[121.5444893,25.0171684],[121.5445031,25.0171809],[121.5447191,25.0173717],[121.5449163,25.0175458],[121.545395,25.0179466],[121.5456098,25.0181265],[121.5462889,25.0186834],[121.5464855,25.0188491],[121.5465123,25.0188692],[121.5465936,25.0189338]]}},{"type":"Feature","properties":{"highway":"secondary","name":"光復街","osm_id":223945474},"geometry":{"type":"LineString","coordinates":[[121.516327,25.0167],[121.5163494,25.0167747],[121.5164161,25.0169989],[121.5164541,25.0171231],[121.5164601,25.0171434],[121.5165252,25.01736],[121.5166398,25.0177415],[121.5166729,25.0178519],[121.5167053,25.0179597]]}},{"type":"Feature","properties":{"highway":"secondary","name":"仁愛路四段","osm_id":226831227},"geometry":{"type":"LineString","coordinates":[[121.5514024,25.0377485],[121.5512416,25.0377528]]}},{"type":"Feature","properties":{"highway":"secondary","name":"信義路四段","osm_id":226831228},"geometry":{"type":"LineString","coordinates":[[121.559482,25.0330012],[121.5596234,25.0329882]]}},{"type":"Feature","properties":{"highway":"secondary","name":"仁愛敦南圓環","osm_id":226831230},"geometry":{"type":"LineString","coordinates":[[121.5491348,25.0382261],[121.54902,25.0382852],[121.5488923,25.0383151],[121.5487603,25.0383138],[121.5486333,25.0382814],[121.54852,25.0382201]]}},{"type":"Feature","properties":{"highway":"secondary","name":"和平東路三段","osm_id":226831240},"geometry":{"type":"LineString","coordinates":[[121.5524181,25.0243191],[121.5525025,25.0242725]]}},{"type":"Feature","properties":{"highway":"secondary","name":"和平東路三段","osm_id":226831241},"geometry":{"type":"LineString","coordinates":[[121.559107,25.0181064],[121.5591937,25.0180399],[121.5592232,25.0180173],[121.5595236,25.0177957],[121.5599099,25.0173561],[121.5600601,25.0171714],[121.5601233,25.0170656]]}},{"type":"Feature","properties":{"highway":"secondary","name":"基隆路二段","osm_id":226831242},"geometry":{"type":"LineString","coordinates":[[121.559482,25.0330012],[121.5594759,25.0329882],[121.5594226,25.0328774],[121.5592889,25.0326593],[121.5589656,25.0320979],[121.5588999,25.0320027],[121.5588695,25.0319571],[121.5586823,25.0316568],[121.5579038,25.0304112],[121.5575973,25.0298934],[121.5575451,25.0298052]]}},{"type":"Feature","properties":{"highway":"secondary","name":"基隆路二段","osm_id":226831243},"geometry":{"type":"LineString","coordinates":[[121.5524181,25.0243191],[121.5522192,25.0241442],[121.5521819,25.0241146],[121.5517085,25.0236951],[121.5513318,25.0233639],[121.5503352,25.022489],[121.5502609,25.0224213]]}},{"type":"Feature","properties":{"highway":"tertiary","name":"安和路一段","osm_id":226831244},"geometry":{"type":"LineString","coordinates":[[121.5512416,25.0377528],[121.5512446,25.0377311],[121.5512592,25.0376241]]}},{"type":"Feature","properties":{"highway":"tertiary","name":"安和路二段","osm_id":226831245},"geometry":{"type":"LineString","coordinates":[[121.5524396,25.0332073],[121.552435,25.033131],[121.5524307,25.0330312],[121.5524188,25.0326282],[121.5524126,25.0325197],[121.5523994,25.0321091],[121.5523736,25.0317213],[121.5523875,25.0316404],[121.5523813,25.0313554],[121.5523834,25.0309343],[121.5523705,25.0305519],[121.5523532,25.0305074],[121.5523111,25.0304518],[121.5522514,25.0304187],[121.552145,25.0303283],[121.5517627,25.0299835],[121.5516196,25.0298533],[121.5515589,25.0297771],[121.5508984,25.0291827],[121.5508117,25.0291073]]}},{"type":"Feature","properties":{"highway":"secondary","name":"和平東路四段","osm_id":229068264},"geometry":{"type":"LineString","coordinates":[[121.5662937,25.00715],[121.5667241,25.0059145],[121.5667656,25.0058438],[121.5668129,25.0057727],[121.5668985,25.0056828],[121.56693,25.0056591],[121.5670654,25.005573],[121.5671348,25.0055288],[121.5671678,25.0055078],[121.5675697,25.0052521],[121.5676392,25.0052079],[121.5678032,25.0051036]]}},{"type":"Feature","properties":{"highway":"secondary","name":"信義路五段","osm_id":229070402},"geometry":{"type":"LineString","coordinates":[[121.5705226,25.0328637],[121.5700614,25.0328704],[121.5696966,25.0328843],[121.5685369,25.0328932],[121.56839,25.0328975]]}},{"type":"Feature","properties":{"highway":"secondary","name":"信義路五段","osm_id":229070522},"geometry":{"type":"LineString","coordinates":[[121.5634121,25.0330053],[121.5626548,25.0330226],[121.5623292,25.03303],[121.561991,25.033038],[121.5615508,25.0330484],[121.5615086,25.0330479],[121.5614078,25.03305],[121.5613824,25.0330508]]}},{"type":"Feature","properties":{"highway":"trunk_link","name":"基隆路入口匝道","osm_id":229193788},"geometry":{"type":"LineString","coordinates":[[121.539506,25.0131289],[121.538582,25.0123238]]}},{"type":"Feature","properties":{"highway":"trunk_link","name":"基隆路入口匝道","osm_id":229193789},"geometry":{"type":"LineString","coordinates":[[121.5339374,25.0069367],[121.533961,25.00659],[121.5339761,25.0064148],[121.5340225,25.0062396]]}},{"type":"Feature","properties":{"highway":"secondary_link","name":"","osm_id":229193791},"geometry":{"type":"LineString","coordinates":[[121.5400972,25.0137846],[121.5400095,25.0135808],[121.5399434,25.0135057],[121.5395513,25.0131676],[121.539506,25.0131289]]}},{"type":"Feature","properties":{"highway":"trunk","name":"基隆路高架道路","osm_id":229193793},"geometry":{"type":"LineString","coordinates":[[121.5381084,25.0120285],[121.5373121,25.0114104],[121.5371819,25.0113161],[121.5371121,25.0112727],[121.536997,25.0112208],[121.5367958,25.0111564],[121.5361638,25.0110126],[121.5359066,25.0109437],[121.5357269,25.0108623],[121.5355969,25.0107918],[121.5352778,25.0106073]]}},{"type":"Feature","properties":{"highway":"secondary","name":"基隆路三段","osm_id":229193797},"geometry":{"type":"LineString","coordinates":[[121.5487029,25.0210589],[121.5485692,25.0209346],[121.5484513,25.020824]]}},{"type":"Feature","properties":{"highway":"secondary","name":"敦化南路二段","osm_id":229193801},"geometry":{"type":"LineString","coordinates":[[121.5487029,25.0210589],[121.5487076,25.0210055],[121.5487095,25.0209837]]}},{"type":"Feature","properties":{"highway":"secondary_link","name":"基隆路四段73巷","osm_id":229193802},"geometry":{"type":"LineString","coordinates":[[121.5394305,25.0132],[121.539506,25.0131289]]}},{"type":"Feature","properties":{"highway":"secondary_link","name":"基隆路四段73巷","osm_id":229193803},"geometry":{"type":"LineString","coordinates":[[121.539506,25.0131289],[121.5395842,25.0130543]]}},{"type":"Feature","properties":{"highway":"trunk","name":"水源快速道路","osm_id":229193806},"geometry":{"type":"LineString","coordinates":[[121.5340225,25.0062396],[121.5342142,25.0059187],[121.5343228,25.0057383],[121.5344677,25.0054982],[121.5346353,25.0052175],[121.5348418,25.0049051],[121.5351359,25.0043156],[121.5352415,25.0040306],[121.5353253,25.0037809],[121.5353856,25.0035214],[121.5354219,25.0033007],[121.5354672,25.0027781],[121.5354674,25.0024773],[121.5354191,25.001742],[121.5353749,25.001226],[121.5353488,25.0009659],[121.5353304,25.0006911],[121.5352996,25.0003305]]}},{"type":"Feature","properties":{"highway":"primary","name":"羅斯福路二段","osm_id":229733001},"geometry":{"type":"LineString","coordinates":[[121.5202882,25.0298254],[121.5204771,25.02959],[121.5205345,25.0295117],[121.5206124,25.0294052],[121.5207389,25.0292324],[121.5209035,25.0290076],[121.52122,25.0285753],[121.521303,25.0284619],[121.521387,25.0283472],[121.5214437,25.0282696],[121.5215473,25.0281282]]}},{"type":"Feature","properties":{"highway":"tertiary","name":"潮州街","osm_id":229733003},"geometry":{"type":"LineString","coordinates":[[121.5204984,25.0298039],[121.5206301,25.0297911],[121.5212255,25.0296966],[121.5219049,25.0295888],[121.5220181,25.0295708]]}},{"type":"Feature","properties":{"highway":"primary","name":"羅斯福路一段","osm_id":229733004},"geometry":{"type":"LineString","coordinates":[[121.5191899,25.0315719],[121.5191262,25.0316567],[121.5190754,25.0317266],[121.5187667,25.0321516],[121.5186659,25.0322905],[121.5183868,25.0326747],[121.5182971,25.0327982],[121.5181732,25.0329692],[121.5181084,25.0330572],[121.5180458,25.0331442],[121.517761,25.0335364],[121.5174561,25.0339563],[121.5171152,25.0344347],[121.5168473,25.0346786]]}},{"type":"Feature","properties":{"highway":"tertiary","name":"師大路","osm_id":229735538},"geometry":{"type":"LineString","coordinates":[[121.5255893,25.0208973],[121.5257437,25.0208944],[121.5259399,25.0208735],[121.5260174,25.0208648],[121.5263375,25.0208318],[121.5270524,25.020761],[121.5272479,25.020748],[121.5274051,25.0207633],[121.5275518,25.0208148],[121.5276819,25.02091],[121.527721,25.0209953]]}},{"type":"Feature","properties":{"highway":"tertiary","name":"汀州路二段","osm_id":229735539},"geometry":{"type":"LineString","coordinates":[[121.5252874,25.02113],[121.5253472,25.0210483]]}},{"type":"Feature","properties":{"highway":"secondary","name":"汀州路三段","osm_id":229735540},"geometry":{"type":"LineString","coordinates":[[121.5255893,25.0208973],[121.5253472,25.0210483]]}},{"type":"Feature","properties":{"highway":"secondary","name":"師大路","osm_id":229735541},"geometry":{"type":"LineString","coordinates":[[121.5248147,25.0208889],[121.5249524,25.0209022],[121.5251272,25.0209052]]}},{"type":"Feature","properties":{"highway":"trunk","name":"水源快速道路","osm_id":229758000},"geometry":{"type":"LineString","coordinates":[[121.5223943,25.0203949],[121.5223641,25.0204012],[121.5201332,25.0208634],[121.5189603,25.0211065],[121.5187739,25.0211451],[121.5183315,25.0212326],[121.5176316,25.0214556],[121.5170299,25.0216432]]}},{"type":"Feature","properties":{"highway":"secondary","name":"水源路","osm_id":229758005},"geometry":{"type":"LineString","coordinates":[[121.5225488,25.0204341],[121.5224871,25.0204588],[121.5222927,25.0204763],[121.5220909,25.0205136],[121.5216848,25.020596],[121.5211527,25.0207148],[121.5209291,25.0207584],[121.5201657,25.0209174]]}},{"type":"Feature","properties":{"highway":"tertiary","name":"復興南路二段151巷","osm_id":229798474},"geometry":{"type":"LineString","coordinates":[[121.5460143,25.0282738],[121.5459903,25.0282747],[121.5459253,25.0282772],[121.5453531,25.0282988],[121.5450835,25.028329],[121.5445615,25.0283596],[121.5440951,25.0283833],[121.5436892,25.0284021],[121.5435682,25.0283995],[121.5434472,25.0284053]]}},{"type":"Feature","properties":{"highway":"trunk_link","name":"福和橋出口匝道","osm_id":229801684},"geometry":{"type":"LineString","coordinates":[[121.5381084,25.0120285],[121.5380699,25.0119619],[121.5374751,25.0114885],[121.5373187,25.0113633],[121.5371874,25.0112743],[121.537118,25.011218]]}},{"type":"Feature","properties":{"highway":"secondary","name":"和平東路二段","osm_id":229838543},"geometry":{"type":"LineString","coordinates":[[121.5347862,25.0259854],[121.5349266,25.0259653]]}},{"type":"Feature","properties":{"highway":"secondary","name":"和平東路三段","osm_id":229839022},"geometry":{"type":"LineString","coordinates":[[121.5603649,25.0163355],[121.5606621,25.0160157]]}},{"type":"Feature","properties":{"highway":"secondary","name":"師大路","osm_id":229840559},"geometry":{"type":"LineString","coordinates":[[121.5251272,25.0209052],[121.5251822,25.0209044],[121.5253543,25.0209047]]}},{"type":"Feature","properties":{"highway":"secondary","name":"師大路","osm_id":229840601},"geometry":{"type":"LineString","coordinates":[[121.5226417,25.0204579],[121.5225488,25.0204341]]}},{"type":"Feature","properties":{"highway":"secondary","name":"和平西路一段","osm_id":229842086},"geometry":{"type":"LineString","coordinates":[[121.5211394,25.0267769],[121.5212396,25.026798],[121.521501,25.0268517],[121.5218504,25.026927],[121.5221205,25.0269851],[121.522157,25.0269926],[121.5221695,25.0269945],[121.5222705,25.0270102],[121.5223895,25.0270177]]}},{"type":"Feature","properties":{"highway":"tertiary","name":"潮州街","osm_id":229842089},"geometry":{"type":"LineString","coordinates":[[121.5220181,25.0295708],[121.5221256,25.0295539],[121.5223928,25.029512],[121.5231349,25.0293954],[121.5233545,25.029361],[121.5234549,25.0293452],[121.5237762,25.0292947],[121.5240298,25.0292549],[121.5241223,25.0292404],[121.5242738,25.0292166],[121.5245008,25.029181],[121.5248351,25.0291285],[121.5250501,25.0290947],[121.5253189,25.0290515],[121.5255617,25.0290144],[121.526181,25.0289097],[121.5262732,25.0288953],[121.5263657,25.0288812]]}},{"type":"Feature","properties":{"highway":"primary","name":"羅斯福路二段","osm_id":229842096},"geometry":{"type":"LineString","coordinates":[[121.5223895,25.0270177],[121.5224469,25.0269401],[121.5224569,25.0269266],[121.5227153,25.0265774],[121.5232846,25.025808],[121.5233362,25.0257383],[121.5235754,25.0254151],[121.524305,25.024429],[121.5244301,25.0242597],[121.5246039,25.0240252],[121.5247805,25.0237864]]}},{"type":"Feature","properties":{"highway":"tertiary","name":"杭州南路二段","osm_id":229842097},"geometry":{"type":"LineString","coordinates":[[121.5220181,25.0295708],[121.5220252,25.0296023],[121.5220973,25.0299208],[121.5221248,25.0300574],[121.5221641,25.0302532],[121.5221717,25.0302908],[121.5222725,25.0307969],[121.5222904,25.0308874],[121.5223073,25.0309807],[121.5224114,25.0315928],[121.5225199,25.0321706],[121.5225392,25.0322812]]}},{"type":"Feature","properties":{"highway":"secondary_link","name":"","osm_id":229842098},"geometry":{"type":"LineString","coordinates":[[121.5223895,25.0270177],[121.5224496,25.0270136]]}},{"type":"Feature","properties":{"highway":"secondary","name":"和平西路一段","osm_id":229842099},"geometry":{"type":"LineString","coordinates":[[121.5189441,25.0265354],[121.5188139,25.0265715],[121.5180724,25.0267565],[121.5180106,25.0267709],[121.5179255,25.026792],[121.5172287,25.0269696],[121.5169378,25.0270431],[121.5163126,25.0272021],[121.5160252,25.0272716]]}},{"type":"Feature","properties":{"highway":"tertiary","name":"林森南路","osm_id":229844763},"geometry":{"type":"LineString","coordinates":[[121.5222523,25.0410158],[121.5222229,25.0409079],[121.5220463,25.0402601],[121.5219945,25.0400702],[121.5219417,25.0398765],[121.5219286,25.0398284],[121.5219155,25.0397804],[121.5218612,25.0396119],[121.5218171,25.039462],[121.5216567,25.0389395],[121.5216349,25.0388712]]}},{"type":"Feature","properties":{"highway":"primary","name":"羅斯福路三段","osm_id":229844764},"geometry":{"type":"LineString","coordinates":[[121.5276733,25.021249],[121.5276213,25.0212966],[121.5272991,25.0215727],[121.5266227,25.0221488],[121.5264377,25.0223042],[121.5263734,25.0223604],[121.5263192,25.0224042],[121.5261728,25.0225359],[121.5256347,25.0230265],[121.5255247,25.0231316],[121.525426,25.0232458],[121.5253121,25.0233813],[121.525192,25.0235318],[121.5249586,25.0238468],[121.5247579,25.0241178],[121.5247229,25.024165]]}},{"type":"Feature","properties":{"highway":"primary","name":"中山南路","osm_id":229844765},"geometry":{"type":"LineString","coordinates":[[121.5186258,25.0418822],[121.51868,25.0420656],[121.5187747,25.0423857],[121.5188396,25.0426051],[121.5189886,25.0431085],[121.5190052,25.0431648],[121.5190414,25.0432872]]}},{"type":"Feature","properties":{"highway":"secondary","name":"和平西路一段","osm_id":229844768},"geometry":{"type":"LineString","coordinates":[[121.5222923,25.0271109],[121.5221261,25.0270813],[121.5221162,25.0270795],[121.5220722,25.0270695],[121.5217353,25.0270012],[121.521311,25.0269145],[121.5211579,25.0268827],[121.5210407,25.026857]]}},{"type":"Feature","properties":{"highway":"primary","name":"羅斯福路二段","osm_id":229845407},"geometry":{"type":"LineString","coordinates":[[121.5225652,25.0270028],[121.5224656,25.0271507]]}},{"type":"Feature","properties":{"highway":"primary","name":"羅斯福路三段","osm_id":229858505},"geometry":{"type":"LineString","coordinates":[[121.5247805,25.0237864],[121.5250559,25.0234433],[121.5250886,25.0234077],[121.5254306,25.022999],[121.5255196,25.0229041],[121.5258704,25.0225694],[121.5260649,25.0223987],[121.5261887,25.02229],[121.5262045,25.0222789],[121.5262506,25.0222424]]}},{"type":"Feature","properties":{"highway":"primary","name":"羅斯福路二段","osm_id":229858506},"geometry":{"type":"LineString","coordinates":[[121.5245828,25.0243541],[121.5245421,25.0244026],[121.5243406,25.0246676],[121.5234819,25.0257985],[121.5234559,25.0258312],[121.5231107,25.0262854],[121.5230227,25.0264011],[121.5226611,25.0268793],[121.522649,25.0268946],[121.5225652,25.0270028]]}},{"type":"Feature","properties":{"highway":"tertiary","name":"松仁路","osm_id":229885557},"geometry":{"type":"LineString","coordinates":[[121.5683173,25.0266839],[121.5683916,25.0266491],[121.5684146,25.0266383]]}},{"type":"Feature","properties":{"highway":"tertiary","name":"松仁路","osm_id":229885558},"geometry":{"type":"LineString","coordinates":[[121.5698314,25.0241148],[121.5699687,25.0238686],[121.5700277,25.0236918]]}},{"type":"Feature","properties":{"highway":"primary","name":"中山南路","osm_id":229885650},"geometry":{"type":"LineString","coordinates":[[121.5194481,25.0456107],[121.5194092,25.045478],[121.5193357,25.0452279]]}},{"type":"Feature","properties":{"highway":"primary","name":"中山北路一段","osm_id":229885657},"geometry":{"type":"LineString","coordinates":[[121.5197151,25.0455801],[121.5197858,25.0457359]]}},{"type":"Feature","properties":{"highway":"tertiary","name":"莊敬路","osm_id":229887107},"geometry":{"type":"LineString","coordinates":[[121.5605277,25.0343462],[121.5605793,25.0343201],[121.5607962,25.0342103],[121.5608849,25.0341654],[121.5611458,25.0340332],[121.5612088,25.0340013],[121.5612798,25.033935],[121.5613168,25.0339005],[121.561363,25.0338039],[121.561366,25.033709],[121.5613791,25.0336504],[121.5613834,25.0332244],[121.5613863,25.0331872],[121.5613824,25.0330508]]}},{"type":"Feature","properties":{"highway":"tertiary","name":"市府路","osm_id":231534776},"geometry":{"type":"LineString","coordinates":[[121.5635362,25.0330043],[121.5635392,25.0331746],[121.5635401,25.0332179],[121.5635412,25.0332727],[121.5635561,25.0340152],[121.5635598,25.0343578],[121.5635679,25.0346119],[121.5635978,25.0357732],[121.5635646,25.0358947]]}},{"type":"Feature","properties":{"highway":"secondary","name":"信義路五段","osm_id":231570915},"geometry":{"type":"LineString","coordinates":[[121.568264,25.0327636],[121.5683883,25.0327612]]}},{"type":"Feature","properties":{"highway":"secondary","name":"新生北路一段","osm_id":232003903},"geometry":{"type":"LineString","coordinates":[[121.5329955,25.0455158],[121.5329956,25.045574],[121.5329999,25.045756]]}},{"type":"Feature","properties":{"highway":"primary","name":"羅斯福路五段","osm_id":232003906},"geometry":{"type":"LineString","coordinates":[[121.5383648,25.0079293],[121.5382769,25.0080799]]}},{"type":"Feature","properties":{"highway":"secondary","name":"新生南路二段","osm_id":232359757},"geometry":{"type":"LineString","coordinates":[[121.5348064,25.0261274],[121.5347862,25.0259854]]}},{"type":"Feature","properties":{"highway":"secondary","name":"福和橋","osm_id":232359760},"geometry":{"type":"LineString","coordinates":[[121.5340908,25.0098553],[121.5319758,25.0086711],[121.5307679,25.0079919],[121.5295805,25.0072858],[121.5273929,25.006032],[121.5264488,25.0054924],[121.5250743,25.004679]]}},{"type":"Feature","properties":{"highway":"secondary","name":"光復南路","osm_id":232361465},"geometry":{"type":"LineString","coordinates":[[121.5575451,25.0298052],[121.5576717,25.0297961]]}},{"type":"Feature","properties":{"highway":"secondary","name":"光復北路","osm_id":232361466},"geometry":{"type":"LineString","coordinates":[[121.5578343,25.0514696],[121.5578314,25.0513334],[121.5578233,25.0509371],[121.5578142,25.0505185],[121.5578053,25.0501034],[121.5577981,25.0497436],[121.5577858,25.0491963],[121.5577846,25.0491333],[121.5577829,25.0490557],[121.5577702,25.0484556]]}},{"type":"Feature","properties":{"highway":"secondary","name":"基隆路二段","osm_id":232361469},"geometry":{"type":"LineString","coordinates":[[121.5575451,25.0298052],[121.5575226,25.0297614],[121.5573905,25.029504],[121.5573517,25.0294189],[121.5569372,25.0286816],[121.5566829,25.028258],[121.5565529,25.0280479],[121.556414,25.0278732],[121.5562126,25.027666],[121.5561092,25.0275747],[121.5559608,25.0274435],[121.5559004,25.0273901],[121.5552523,25.0268174],[121.5549112,25.0265159],[121.55468,25.0263116],[121.5545785,25.026222],[121.5541417,25.0258693],[121.5541081,25.0258422],[121.5532712,25.0251266],[121.5528291,25.024703],[121.5527813,25.024661],[121.5525194,25.024422]]}},{"type":"Feature","properties":{"highway":"secondary","name":"辛亥路二段","osm_id":232454542},"geometry":{"type":"LineString","coordinates":[[121.5376591,25.022505],[121.5376951,25.0224193],[121.5378026,25.0222021],[121.5378662,25.0220993],[121.537931,25.0219947],[121.5380723,25.0217854]]}},{"type":"Feature","properties":{"highway":"tertiary","name":"林森路","osm_id":233926862},"geometry":{"type":"LineString","coordinates":[[121.522923,25.0033158],[121.5229645,25.0033741],[121.5232366,25.0035247],[121.524311,25.0041457]]}},{"type":"Feature","properties":{"highway":"tertiary","name":"","osm_id":233926864},"geometry":{"type":"LineString","coordinates":[[121.5226579,25.0032859],[121.5225834,25.003243]]}},{"type":"Feature","properties":{"highway":"tertiary","name":"安和路一段","osm_id":233952024},"geometry":{"type":"LineString","coordinates":[[121.5491024,25.0400478],[121.549186,25.039976],[121.5503238,25.0389212]]}},{"type":"Feature","properties":{"highway":"tertiary","name":"安和路一段","osm_id":233952025},"geometry":{"type":"LineString","coordinates":[[121.5525207,25.0332841],[121.5525207,25.0333942],[121.5525447,25.0338841],[121.5525531,25.0341899],[121.5525554,25.0342739]]}},{"type":"Feature","properties":{"highway":"tertiary","name":"吳興街220巷","osm_id":234586712},"geometry":{"type":"LineString","coordinates":[[121.5608541,25.0258696],[121.5609363,25.0259577],[121.5609662,25.0259779],[121.5610997,25.0260797],[121.5613687,25.0262865],[121.5614567,25.0263585],[121.5616302,25.0264936],[121.5616885,25.0265371],[121.5617923,25.0266209],[121.5622091,25.0269473],[121.5623188,25.027035],[121.5628231,25.0274284],[121.5628712,25.0274657],[121.5630959,25.0276397],[121.5631711,25.0276978]]}},{"type":"Feature","properties":{"highway":"secondary","name":"基隆路一段","osm_id":235514242},"geometry":{"type":"LineString","coordinates":[[121.5598369,25.0336326],[121.5597488,25.0334877],[121.5596044,25.0332557],[121.5595406,25.0331222]]}},{"type":"Feature","properties":{"highway":"tertiary","name":"松隆路","osm_id":235514255},"geometry":{"type":"LineString","coordinates":[[121.5777409,25.0480681],[121.577632,25.0480747],[121.57744,25.0480865],[121.5770818,25.0481689],[121.5764164,25.0483612],[121.5762055,25.0484221],[121.575986,25.0484855],[121.5758514,25.0485244],[121.5758373,25.0485285],[121.5755369,25.0485966],[121.5753438,25.0486063],[121.5751292,25.0485674],[121.5748685,25.0484608],[121.5743944,25.048198],[121.5743678,25.0481832],[121.5742307,25.0481072],[121.572716,25.0472674],[121.572272,25.047022],[121.5721478,25.046956],[121.5720556,25.0469076],[121.5715953,25.04665],[121.5714939,25.0465872],[121.5712207,25.0463807],[121.5709866,25.0462092],[121.5707245,25.0460061],[121.5705021,25.0458296],[121.5703549,25.045705]]}},{"type":"Feature","properties":{"highway":"tertiary","name":"松仁路","osm_id":235520227},"geometry":{"type":"LineString","coordinates":[[121.5684456,25.0358278],[121.5684486,25.0358764],[121.5684496,25.0359267],[121.5684646,25.0365862],[121.5684795,25.0373501],[121.5684827,25.0374263],[121.5685201,25.0389695],[121.5685218,25.0390749]]}},{"type":"Feature","properties":{"highway":"primary","name":"羅斯福路五段","osm_id":236869225},"geometry":{"type":"LineString","coordinates":[[121.538838,25.0044111],[121.5388864,25.004589],[121.5389902,25.0051133],[121.5390299,25.0053572],[121.5390747,25.005696],[121.5390787,25.0060181],[121.5390774,25.0061056],[121.5390613,25.006373],[121.5390318,25.0065237],[121.5389687,25.006706],[121.5388963,25.0069187],[121.5387756,25.0072007],[121.5387079,25.0073235],[121.5385442,25.0076304],[121.5384438,25.0077972],[121.5383648,25.0079293]]}},{"type":"Feature","properties":{"highway":"secondary","name":"興隆路一段","osm_id":236869228},"geometry":{"type":"LineString","coordinates":[[121.538838,25.0044111],[121.5387068,25.0044299]]}},{"type":"Feature","properties":{"highway":"primary","name":"羅斯福路四段","osm_id":236871004},"geometry":{"type":"LineString","coordinates":[[121.5328346,25.0161068],[121.5328883,25.0160545],[121.5333006,25.0156349]]}},{"type":"Feature","properties":{"highway":"tertiary_link","name":"","osm_id":238035397},"geometry":{"type":"LineString","coordinates":[[121.5300347,25.0480194],[121.5300482,25.048374],[121.5300109,25.0485116]]}},{"type":"Feature","properties":{"highway":"tertiary","name":"公園路","osm_id":238208422},"geometry":{"type":"LineString","coordinates":[[121.5166954,25.0433809],[121.5166943,25.0434728],[121.516776,25.0437872],[121.5168015,25.0438653],[121.5168232,25.0439262],[121.5168442,25.0440066],[121.5169032,25.0441777],[121.5169184,25.0442305],[121.5169463,25.044327],[121.517021,25.0446212],[121.5171227,25.0449009],[121.5171328,25.0449371],[121.5171543,25.0450278]]}},{"type":"Feature","properties":{"highway":"tertiary","name":"襄陽路","osm_id":238208424},"geometry":{"type":"LineString","coordinates":[[121.5150164,25.0433799],[121.5154916,25.0433752],[121.5155509,25.0433756],[121.5160459,25.0433797],[121.5160888,25.0433801],[121.5161582,25.0433806],[121.5165438,25.0433722],[121.5166394,25.0433809],[121.5166954,25.0433809]]}},{"type":"Feature","properties":{"highway":"primary","name":"羅斯福路一段","osm_id":238211713},"geometry":{"type":"LineString","coordinates":[[121.5168473,25.0346786],[121.5169793,25.0344233],[121.5173043,25.0339723],[121.517391,25.0338533],[121.5174328,25.033796],[121.5179912,25.0330267],[121.5180789,25.0329093]]}},{"type":"Feature","properties":{"highway":"primary","name":"忠孝東路一段","osm_id":238526526},"geometry":{"type":"LineString","coordinates":[[121.52686,25.0440126],[121.5267522,25.0440421],[121.5260416,25.0442132],[121.5253377,25.044382],[121.5252185,25.044413],[121.5251197,25.0444362]]}},{"type":"Feature","properties":{"highway":"primary","name":"忠孝東路三段","osm_id":238526529},"geometry":{"type":"LineString","coordinates":[[121.5327726,25.0422648],[121.5329138,25.0422422]]}},{"type":"Feature","properties":{"highway":"primary","name":"忠孝東路二段","osm_id":238526530},"geometry":{"type":"LineString","coordinates":[[121.5268271,25.043902],[121.5269515,25.0438685],[121.5270995,25.0438261],[121.5272715,25.0437768],[121.5286587,25.043386],[121.528966,25.0433029]]}},{"type":"Feature","properties":{"highway":"primary","name":"忠孝東路二段","osm_id":238526531},"geometry":{"type":"LineString","coordinates":[[121.5327802,25.0424169],[121.5325838,25.0424633],[121.5321317,25.0425843],[121.5313392,25.0427972],[121.5308868,25.0429185],[121.5307596,25.0429529]]}},{"type":"Feature","properties":{"highway":"primary","name":"忠孝東路四段","osm_id":238526535},"geometry":{"type":"LineString","coordinates":[[121.5437139,25.041558],[121.5438379,25.0415558]]}},{"type":"Feature","properties":{"highway":"primary","name":"忠孝東路四段","osm_id":238526536},"geometry":{"type":"LineString","coordinates":[[121.5646488,25.0412047],[121.5643902,25.0411963]]}},{"type":"Feature","properties":{"highway":"secondary","name":"辛亥路三段","osm_id":238689665},"geometry":{"type":"LineString","coordinates":[[121.5465068,25.0190075],[121.5465936,25.0189338]]}},{"type":"Feature","properties":{"highway":"secondary","name":"辛亥路三段","osm_id":238689666},"geometry":{"type":"LineString","coordinates":[[121.5463845,25.0191113],[121.5465068,25.0190075]]}},{"type":"Feature","properties":{"highway":"trunk_link","name":"基隆路出口匝道","osm_id":238689673},"geometry":{"type":"LineString","coordinates":[[121.5341731,25.0060321],[121.534083,25.0063502],[121.5340271,25.0065643],[121.533975,25.0068732],[121.5341012,25.0090851],[121.5341347,25.009355],[121.5342018,25.0095142],[121.5342556,25.0095954],[121.5343184,25.0096734],[121.5344324,25.0097645],[121.5345612,25.0098435],[121.5346819,25.0099321]]}},{"type":"Feature","properties":{"highway":"trunk","name":"水源快速道路","osm_id":238689681},"geometry":{"type":"LineString","coordinates":[[121.5341731,25.0060321],[121.5340165,25.0063871],[121.5335688,25.0075226]]}},{"type":"Feature","properties":{"highway":"trunk","name":"基隆路高架道路","osm_id":238689693},"geometry":{"type":"LineString","coordinates":[[121.5346819,25.0099321],[121.534981,25.0101243],[121.5352814,25.0103564],[121.53552,25.0105556],[121.5357131,25.0106917],[121.535917,25.0107987],[121.5361852,25.0108862],[121.5364548,25.0109604],[121.536715,25.01102],[121.5369966,25.0110856],[121.5371468,25.0111464]]}},{"type":"Feature","properties":{"highway":"trunk","name":"基隆路高架道路","osm_id":238689696},"geometry":{"type":"LineString","coordinates":[[121.541547,25.0147946],[121.5418715,25.0150475],[121.5429873,25.0159808],[121.5444188,25.0172028],[121.545133,25.0177931],[121.5459511,25.0185086]]}},{"type":"Feature","properties":{"highway":"secondary","name":"基隆路二段","osm_id":238704237},"geometry":{"type":"LineString","coordinates":[[121.5596234,25.0329882],[121.5597077,25.0331059]]}},{"type":"Feature","properties":{"highway":"secondary","name":"基隆路二段","osm_id":238710703},"geometry":{"type":"LineString","coordinates":[[121.5576717,25.0297961],[121.557726,25.0298854],[121.5579713,25.0302793],[121.5586226,25.0313526],[121.5587934,25.031616],[121.5589772,25.0318959],[121.5590077,25.0319687],[121.5590422,25.0320558],[121.5592703,25.0324148],[121.5595408,25.0328599],[121.5596234,25.0329882]]}},{"type":"Feature","properties":{"highway":"trunk_link","name":"基隆路入口匝道","osm_id":238710708},"geometry":{"type":"LineString","coordinates":[[121.5320233,25.0085575],[121.5324707,25.0087581]]}},{"type":"Feature","properties":{"highway":"tertiary","name":"大安路一段","osm_id":239206121},"geometry":{"type":"LineString","coordinates":[[121.5460434,25.0381065],[121.5460449,25.0381769],[121.5460543,25.0386085],[121.5460618,25.0389516],[121.5460628,25.0389972],[121.5460637,25.0390398],[121.5460708,25.0393697],[121.5460785,25.0397216],[121.54608,25.0397916],[121.5460812,25.0398478],[121.5460886,25.0401878],[121.5460955,25.0405874],[121.5461058,25.0409812],[121.5461148,25.0413934],[121.5461208,25.0415216]]}},{"type":"Feature","properties":{"highway":"tertiary","name":"八德路一段","osm_id":241518667},"geometry":{"type":"LineString","coordinates":[[121.5290033,25.0434305],[121.528966,25.0433029]]}},{"type":"Feature","properties":{"highway":"tertiary","name":"八德路二段","osm_id":241518668},"geometry":{"type":"LineString","coordinates":[[121.5364065,25.0460224],[121.5363266,25.0459966],[121.5362553,25.0459757],[121.5361792,25.0459534],[121.5360034,25.0458753],[121.5357662,25.0457426]]}},{"type":"Feature","properties":{"highway":"primary","name":"忠孝東路二段","osm_id":241518671},"geometry":{"type":"LineString","coordinates":[[121.5290033,25.0434305],[121.5289187,25.0434535],[121.5286508,25.0435263],[121.5280655,25.0436852],[121.5275444,25.0438267],[121.527137,25.0439398],[121.5270172,25.043973],[121.526986,25.0439801],[121.52686,25.0440126]]}},{"type":"Feature","properties":{"highway":"tertiary","name":"東興路","osm_id":241518676},"geometry":{"type":"LineString","coordinates":[[121.5669396,25.0459471],[121.5664515,25.0470142],[121.5664066,25.0471123],[121.5663863,25.0471568],[121.5662806,25.0474021],[121.5660842,25.0478346],[121.5659793,25.0480613],[121.5659628,25.0480968],[121.5659421,25.0481416],[121.5658839,25.0482416],[121.5658228,25.0483567]]}},{"type":"Feature","properties":{"highway":"tertiary","name":"永吉路","osm_id":241518679},"geometry":{"type":"LineString","coordinates":[[121.5778522,25.0455016],[121.5777574,25.0455032],[121.5777481,25.0455034],[121.577657,25.0455061],[121.5770921,25.0455167],[121.5770034,25.0455197],[121.576942,25.0455215],[121.5766522,25.0455288],[121.5755586,25.045557],[121.5754838,25.0455589],[121.5754349,25.0455596],[121.5742763,25.0455807],[121.5741898,25.0455825],[121.5741238,25.0455853],[121.5726951,25.0456307],[121.5725777,25.0456339],[121.5722308,25.0456436],[121.5721473,25.0456458],[121.5721005,25.0456471],[121.5720822,25.0456478],[121.5720032,25.0456508],[121.5715193,25.0456692],[121.5708264,25.0456901],[121.5705596,25.0457042]]}},{"type":"Feature","properties":{"highway":"tertiary","name":"中正路","osm_id":241536944},"geometry":{"type":"LineString","coordinates":[[121.5171138,25.0059839],[121.5171935,25.005349],[121.5172136,25.0051692],[121.5172936,25.0043171]]}},{"type":"Feature","properties":{"highway":"tertiary","name":"永利路","osm_id":241536975},"geometry":{"type":"LineString","coordinates":[[121.5171138,25.0059839],[121.5174034,25.0059981],[121.5175094,25.0059882],[121.5176985,25.0059706],[121.5180143,25.0059411],[121.5186036,25.0056345],[121.5187103,25.005552],[121.5190152,25.0053161],[121.519194,25.0051778],[121.5192546,25.0051273],[121.5194934,25.0049222],[121.5195959,25.0048389],[121.5197661,25.0047005]]}},{"type":"Feature","properties":{"highway":"tertiary","name":"永利路","osm_id":241536980},"geometry":{"type":"LineString","coordinates":[[121.5217359,25.0030678],[121.521971,25.0028831],[121.5222992,25.0027736]]}},{"type":"Feature","properties":{"highway":"tertiary","name":"永元路","osm_id":241811789},"geometry":{"type":"LineString","coordinates":[[121.5227399,25.0026862],[121.5228242,25.002982],[121.5229006,25.0032458]]}},{"type":"Feature","properties":{"highway":"secondary","name":"仁愛路二段","osm_id":242632926},"geometry":{"type":"LineString","coordinates":[[121.5282521,25.0382512],[121.5281448,25.038253],[121.5280685,25.0382542],[121.5254102,25.0382971],[121.5253145,25.0382986],[121.5252001,25.0383004]]}},{"type":"Feature","properties":{"highway":"tertiary","name":"通化街170巷","osm_id":242725986},"geometry":{"type":"LineString","coordinates":[[121.5536291,25.0280818],[121.5535465,25.0281004],[121.5526407,25.0283047]]}},{"type":"Feature","properties":{"highway":"tertiary","name":"樂利路11巷","osm_id":242725987},"geometry":{"type":"LineString","coordinates":[[121.5526407,25.0283047],[121.5521678,25.0284109],[121.5519283,25.0284221],[121.551602,25.0283179],[121.5512421,25.0282135],[121.5511438,25.028185]]}},{"type":"Feature","properties":{"highway":"secondary","name":"辛亥路一段","osm_id":244127127},"geometry":{"type":"LineString","coordinates":[[121.5274755,25.0181367],[121.5276526,25.0181223],[121.5278112,25.0182057]]}},{"type":"Feature","properties":{"highway":"primary","name":"羅斯福路五段","osm_id":244407980},"geometry":{"type":"LineString","coordinates":[[121.5383156,25.0077287],[121.5385628,25.0072855],[121.5386247,25.007174],[121.5388315,25.0066608],[121.5388661,25.0065146],[121.5388997,25.0063202],[121.5389225,25.0061196],[121.5389278,25.005981],[121.5388969,25.0054945],[121.5388558,25.0052087],[121.5387918,25.0048478],[121.5387487,25.0046093],[121.5387318,25.0045326],[121.5387068,25.0044299]]}},{"type":"Feature","properties":{"highway":"secondary","name":"光復南路","osm_id":244450330},"geometry":{"type":"LineString","coordinates":[[121.5577382,25.0412799],[121.5577437,25.0414128]]}},{"type":"Feature","properties":{"highway":"trunk_link","name":"長安東路入口匝道","osm_id":244450335},"geometry":{"type":"LineString","coordinates":[[121.5295948,25.0480452],[121.5297517,25.0479428]]}},{"type":"Feature","properties":{"highway":"trunk_link","name":"中正橋入口匝道","osm_id":244450390},"geometry":{"type":"LineString","coordinates":[[121.516827,25.0215705],[121.5169897,25.0215236],[121.5176071,25.0213373],[121.5180951,25.0211752],[121.5183314,25.0211307]]}},{"type":"Feature","properties":{"highway":"tertiary","name":"市民大道一段","osm_id":244450462},"geometry":{"type":"LineString","coordinates":[[121.5164607,25.0486678],[121.5176931,25.0484653],[121.5178241,25.0484449]]}},{"type":"Feature","properties":{"highway":"primary","name":"忠孝東路三段","osm_id":244450473},"geometry":{"type":"LineString","coordinates":[[121.5397074,25.0415996],[121.5397947,25.0415999],[121.5401251,25.0415955],[121.5410857,25.0415859],[121.5413218,25.0415836]]}},{"type":"Feature","properties":{"highway":"tertiary","name":"新生北路一段","osm_id":244450512},"geometry":{"type":"LineString","coordinates":[[121.5295948,25.0480452],[121.5296792,25.0479251],[121.5299455,25.0476632],[121.5302816,25.0473428],[121.5306958,25.0469939],[121.5308508,25.046876],[121.5310633,25.0467076],[121.53114,25.0466533],[121.5312081,25.0466081],[121.5312955,25.0465471],[121.5316267,25.0463256],[121.5321697,25.0460045],[121.5322329,25.0459696],[121.5323026,25.0459429],[121.5324073,25.045914],[121.5325694,25.0458909],[121.5326944,25.0458809],[121.5327809,25.0458681]]}},{"type":"Feature","properties":{"highway":"trunk","name":"新生高架道路","osm_id":244450513},"geometry":{"type":"LineString","coordinates":[[121.5308413,25.046664],[121.530836,25.0466397],[121.5307508,25.0463529],[121.5306665,25.0460846],[121.5306086,25.0458156],[121.5298751,25.0433002],[121.5298034,25.0430455],[121.5293011,25.0413447]]}},{"type":"Feature","properties":{"highway":"secondary","name":"金山南路二段","osm_id":244450541},"geometry":{"type":"LineString","coordinates":[[121.5258891,25.0268884],[121.5258713,25.0267363]]}},{"type":"Feature","properties":{"highway":"tertiary","name":"新生北路一段","osm_id":244450543},"geometry":{"type":"LineString","coordinates":[[121.5294904,25.0481698],[121.5295948,25.0480452]]}},{"type":"Feature","properties":{"highway":"primary","name":"中山南路","osm_id":244456574},"geometry":{"type":"LineString","coordinates":[[121.5193357,25.0452279],[121.5192606,25.0449595],[121.5191822,25.0446743],[121.5191735,25.0446426],[121.5191471,25.0445464]]}},{"type":"Feature","properties":{"highway":"primary","name":"忠孝西路一段","osm_id":244456578},"geometry":{"type":"LineString","coordinates":[[121.5191221,25.0456813],[121.5192052,25.0456644],[121.5194481,25.0456107]]}},{"type":"Feature","properties":{"highway":"secondary","name":"仁愛路四段","osm_id":244509930},"geometry":{"type":"LineString","coordinates":[[121.561263,25.0375758],[121.5606473,25.0375959],[121.557745,25.0376839],[121.557645,25.0376859]]}},{"type":"Feature","properties":{"highway":"secondary","name":"光復南路","osm_id":244618563},"geometry":{"type":"LineString","coordinates":[[121.5576181,25.0414157],[121.5576145,25.0412833]]}},{"type":"Feature","properties":{"highway":"tertiary","name":"八德路四段","osm_id":244618569},"geometry":{"type":"LineString","coordinates":[[121.5722042,25.0499765],[121.5721288,25.0499462],[121.5719998,25.0499055],[121.5718259,25.0498866],[121.5713895,25.0498601],[121.5713181,25.0498558],[121.5712911,25.0498541],[121.5711967,25.0498478],[121.5711292,25.0498451],[121.5710808,25.0498431],[121.5708545,25.0498365],[121.5708084,25.0498351],[121.5707735,25.0498341],[121.5706491,25.049823],[121.5705931,25.049814],[121.5705325,25.0498047],[121.5704733,25.0497907],[121.5703066,25.0497512],[121.5700097,25.0496429],[121.5699564,25.0496252],[121.569885,25.0495949],[121.5695866,25.0495305]]}},{"type":"Feature","properties":{"highway":"secondary","name":"基隆路一段","osm_id":244618576},"geometry":{"type":"LineString","coordinates":[[121.5702175,25.0511567],[121.5701191,25.05095],[121.5701117,25.0509344],[121.5698562,25.0504251],[121.5693792,25.0496475],[121.5693578,25.0496126],[121.5693313,25.0495694],[121.5692013,25.0493749]]}},{"type":"Feature","properties":{"highway":"secondary","name":"復興南路二段","osm_id":244618579},"geometry":{"type":"LineString","coordinates":[[121.5435389,25.0334737],[121.5435367,25.0333794]]}},{"type":"Feature","properties":{"highway":"primary","name":"忠孝東路四段","osm_id":244618580},"geometry":{"type":"LineString","coordinates":[[121.5576181,25.0414157],[121.5575025,25.0414155],[121.5567722,25.0414279],[121.5565738,25.0414308],[121.5563232,25.0414345],[121.5561215,25.0414375],[121.5559255,25.0414407],[121.5555718,25.0414465],[121.5547468,25.0414577],[121.554586,25.0414735],[121.5544785,25.04148]]}},{"type":"Feature","properties":{"highway":"tertiary","name":"八德路一段","osm_id":245644140},"geometry":{"type":"LineString","coordinates":[[121.5330006,25.0443975],[121.5329087,25.0443793],[121.5328258,25.0443601]]}},{"type":"Feature","properties":{"highway":"tertiary","name":"八德路三段","osm_id":245644142},"geometry":{"type":"LineString","coordinates":[[121.5491664,25.0482029],[121.5493021,25.0482032],[121.5494114,25.0481959],[121.549475,25.0481963],[121.549707,25.0481939],[121.5499708,25.0481889]]}},{"type":"Feature","properties":{"highway":"tertiary","name":"長安東路二段","osm_id":245649054},"geometry":{"type":"LineString","coordinates":[[121.5463858,25.0482295],[121.546201,25.0482504]]}},{"type":"Feature","properties":{"highway":"secondary","name":"重慶南路三段","osm_id":247027468},"geometry":{"type":"LineString","coordinates":[[121.5163155,25.0256934],[121.5163404,25.0255863],[121.5164318,25.025262],[121.5165599,25.0247745],[121.5166124,25.0245456],[121.5166736,25.024268],[121.5166831,25.0242298],[121.5167236,25.0240763],[121.51675,25.0238878],[121.5167599,25.0238202],[121.5167677,25.0237159],[121.5167785,25.0235716],[121.5167882,25.0233796],[121.5167981,25.0231396],[121.5167988,25.02309],[121.5167842,25.0229662]]}},{"type":"Feature","properties":{"highway":"tertiary","name":"愛國西路","osm_id":247027471},"geometry":{"type":"LineString","coordinates":[[121.5124965,25.0352125],[121.512646,25.0351974],[121.5136036,25.0350815],[121.514615,25.0349646],[121.5147083,25.0349638],[121.5152146,25.0348988],[121.5153062,25.0348894],[121.5165821,25.0347175],[121.5168473,25.0346786]]}},{"type":"Feature","properties":{"highway":"secondary","name":"基隆路一段","osm_id":252398629},"geometry":{"type":"LineString","coordinates":[[121.5660201,25.0435592],[121.5660327,25.0435806],[121.567104,25.0453691],[121.5671225,25.0453999],[121.5671405,25.04543],[121.5672206,25.0455531],[121.5672413,25.0455849],[121.5672918,25.0456627]]}},{"type":"Feature","properties":{"highway":"trunk","name":"正氣橋","osm_id":252398632},"geometry":{"type":"LineString","coordinates":[[121.5684772,25.047884],[121.5688256,25.048465],[121.5698153,25.050131]]}},{"type":"Feature","properties":{"highway":"secondary","name":"基隆路一段","osm_id":252494921},"geometry":{"type":"LineString","coordinates":[[121.5657929,25.0435296],[121.5655868,25.0432465],[121.5654353,25.0429991]]}},{"type":"Feature","properties":{"highway":"secondary","name":"基隆路一段","osm_id":252494925},"geometry":{"type":"LineString","coordinates":[[121.5668152,25.0452198],[121.5662073,25.0442176],[121.5659075,25.0437199],[121.5658831,25.0436793],[121.5658536,25.0436304],[121.5657929,25.0435296]]}},{"type":"Feature","properties":{"highway":"trunk","name":"市民大道高架道路","osm_id":252494927},"geometry":{"type":"LineString","coordinates":[[121.5684902,25.0479042],[121.5683563,25.0477719],[121.5673673,25.0461248]]}},{"type":"Feature","properties":{"highway":"primary_link","name":"","osm_id":252657367},"geometry":{"type":"LineString","coordinates":[[121.5369054,25.0418106],[121.5369629,25.0416553]]}},{"type":"Feature","properties":{"highway":"tertiary","name":"市府路","osm_id":252657368},"geometry":{"type":"LineString","coordinates":[[121.5635646,25.0358947],[121.5634869,25.035774],[121.5634762,25.0354194],[121.5634696,25.0350121],[121.5634664,25.0348188],[121.5634527,25.0343577],[121.563452,25.0342673],[121.5634499,25.0340163],[121.563442,25.0336237],[121.5634234,25.0331762],[121.5634121,25.0330053]]}},{"type":"Feature","properties":{"highway":"secondary","name":"基隆路一段","osm_id":252657370},"geometry":{"type":"LineString","coordinates":[[121.5643364,25.0411128],[121.564267,25.0409863],[121.564051,25.0406322]]}},{"type":"Feature","properties":{"highway":"trunk","name":"建國快速道路","osm_id":252657373},"geometry":{"type":"LineString","coordinates":[[121.536608,25.0456861],[121.5365679,25.0444322]]}},{"type":"Feature","properties":{"highway":"trunk","name":"建國快速道路","osm_id":252657374},"geometry":{"type":"LineString","coordinates":[[121.5365679,25.0444322],[121.5365605,25.0441988],[121.5365738,25.0437277],[121.5366382,25.0430279],[121.5367272,25.0425897],[121.5368034,25.0423477],[121.536901,25.0420688],[121.5370995,25.0415698],[121.5372819,25.0411227]]}},{"type":"Feature","properties":{"highway":"primary","name":"忠孝東路三段","osm_id":252657375},"geometry":{"type":"LineString","coordinates":[[121.537343,25.0417709],[121.5372466,25.0417778]]}},{"type":"Feature","properties":{"highway":"primary","name":"忠孝東路三段","osm_id":252657376},"geometry":{"type":"LineString","coordinates":[[121.5369054,25.0418106],[121.5367723,25.0418254]]}},{"type":"Feature","properties":{"highway":"tertiary","name":"松隆路","osm_id":252657383},"geometry":{"type":"LineString","coordinates":[[121.5657929,25.0435296],[121.5658325,25.0433812]]}},{"type":"Feature","properties":{"highway":"tertiary","name":"永吉路","osm_id":252657385},"geometry":{"type":"LineString","coordinates":[[121.5705596,25.0457042],[121.5703549,25.045705]]}},{"type":"Feature","properties":{"highway":"tertiary","name":"長安東路二段","osm_id":252657390},"geometry":{"type":"LineString","coordinates":[[121.5365879,25.0483926],[121.5369385,25.0483757]]}},{"type":"Feature","properties":{"highway":"primary","name":"羅斯福路二段","osm_id":254326550},"geometry":{"type":"LineString","coordinates":[[121.5222923,25.0271109],[121.5223895,25.0270177]]}},{"type":"Feature","properties":{"highway":"secondary","name":"仁愛路四段","osm_id":255431324},"geometry":{"type":"LineString","coordinates":[[121.5575251,25.0377465],[121.557413,25.0377483],[121.5573626,25.0377488],[121.5556126,25.0377878],[121.5554302,25.0377944]]}},{"type":"Feature","properties":{"highway":"secondary","name":"光復南路","osm_id":255431325},"geometry":{"type":"LineString","coordinates":[[121.5575251,25.0377465],[121.5575226,25.037628]]}},{"type":"Feature","properties":{"highway":"secondary","name":"光復南路","osm_id":255431326},"geometry":{"type":"LineString","coordinates":[[121.5576145,25.0412833],[121.5576127,25.0411725],[121.5575932,25.0402533],[121.557578,25.039563],[121.5575771,25.0395241],[121.5575731,25.0393422]]}},{"type":"Feature","properties":{"highway":"secondary","name":"和平東路三段","osm_id":255431328},"geometry":{"type":"LineString","coordinates":[[121.5503173,25.0244301],[121.55047,25.024422],[121.5506078,25.0244148],[121.550863,25.0244013],[121.5512758,25.0243795],[121.5520705,25.0243431],[121.5521399,25.0243338],[121.5524181,25.0243191]]}},{"type":"Feature","properties":{"highway":"primary","name":"忠孝東路四段","osm_id":255431333},"geometry":{"type":"LineString","coordinates":[[121.5491111,25.0414462],[121.5492304,25.0414374],[121.5496454,25.0414311],[121.5507018,25.0414053],[121.5507736,25.0414101],[121.5518126,25.0413908],[121.5528894,25.041371],[121.5529768,25.0413694],[121.5530713,25.0413677],[121.5540858,25.041349],[121.5544492,25.0413423],[121.554501,25.0413414],[121.5545981,25.0413396],[121.5547873,25.0413361],[121.5559418,25.0413197],[121.5561173,25.0413116],[121.5563675,25.041307],[121.5565703,25.0413033],[121.5567615,25.0412997],[121.5575016,25.0412856],[121.5576145,25.0412833]]}},{"type":"Feature","properties":{"highway":"primary","name":"忠孝東路四段","osm_id":255431334},"geometry":{"type":"LineString","coordinates":[[121.5576145,25.0412833],[121.5577382,25.0412799]]}},{"type":"Feature","properties":{"highway":"secondary","name":"敦化南路一段","osm_id":255431335},"geometry":{"type":"LineString","coordinates":[[121.5491026,25.0401724],[121.5491029,25.0404246],[121.5491097,25.0412013],[121.5491103,25.0412687],[121.5491102,25.0413212],[121.5491111,25.0414462]]}},{"type":"Feature","properties":{"highway":"secondary","name":"敦化南路一段","osm_id":255431336},"geometry":{"type":"LineString","coordinates":[[121.5491111,25.0414462],[121.549113,25.0415884]]}},{"type":"Feature","properties":{"highway":"tertiary","name":"愛國東路","osm_id":255680089},"geometry":{"type":"LineString","coordinates":[[121.5168473,25.0346786],[121.5171854,25.0346249],[121.5172116,25.0346167],[121.5174304,25.0345561],[121.5181519,25.0342615],[121.5185078,25.0341164],[121.5185384,25.0341039],[121.5190591,25.0338891],[121.5191121,25.0338659],[121.5192302,25.0338221],[121.5192922,25.0337949],[121.519485,25.0337103],[121.5196775,25.0336095],[121.5203688,25.0332763],[121.5204302,25.0332467],[121.5205214,25.0332046],[121.5208871,25.0330355],[121.5209484,25.0330072],[121.5215802,25.0327071],[121.5222844,25.0323596],[121.5223746,25.0323256],[121.5225392,25.0322812]]}},{"type":"Feature","properties":{"highway":"tertiary","name":"愛國東路","osm_id":255680091},"geometry":{"type":"LineString","coordinates":[[121.5170444,25.0348262],[121.516755,25.0349733]]}},{"type":"Feature","properties":{"highway":"tertiary","name":"愛國東路","osm_id":255680092},"geometry":{"type":"LineString","coordinates":[[121.5170444,25.0348262],[121.516757,25.0348301]]}},{"type":"Feature","properties":{"highway":"tertiary","name":"莊敬路325巷","osm_id":255993706},"geometry":{"type":"LineString","coordinates":[[121.5649577,25.0291222],[121.5648955,25.0290897],[121.5648404,25.029046],[121.5646189,25.0288719],[121.5644714,25.0287525],[121.5642062,25.0285399],[121.563911,25.0283],[121.5637025,25.0281426],[121.5635698,25.0280424]]}},{"type":"Feature","properties":{"highway":"secondary","name":"信義路二段","osm_id":256014951},"geometry":{"type":"LineString","coordinates":[[121.5273117,25.0339866],[121.5274848,25.0339639],[121.5278385,25.0339149],[121.528717,25.0338074],[121.5292272,25.0337412],[121.5298774,25.033654],[121.5299535,25.0336428]]}},{"type":"Feature","properties":{"highway":"secondary","name":"金山南路二段","osm_id":256015901},"geometry":{"type":"LineString","coordinates":[[121.5270284,25.03302],[121.5270126,25.0329323],[121.5269846,25.0327739],[121.5268118,25.031821],[121.5268007,25.0317597],[121.5267799,25.0316444],[121.5267411,25.0314295],[121.5265758,25.0305146],[121.5265249,25.0302332],[121.5265185,25.0301978]]}},{"type":"Feature","properties":{"highway":"trunk_link","name":"師大路出口匝道","osm_id":256068924},"geometry":{"type":"LineString","coordinates":[[121.5245124,25.020906],[121.5246094,25.0209272],[121.5248147,25.0208889]]}},{"type":"Feature","properties":{"highway":"tertiary","name":"凱達格蘭大道","osm_id":256186572},"geometry":{"type":"LineString","coordinates":[[121.5174175,25.0390823],[121.5172478,25.0391323]]}},{"type":"Feature","properties":{"highway":"trunk_link","name":"長安東路入口匝道","osm_id":260152346},"geometry":{"type":"LineString","coordinates":[[121.5292435,25.0489484],[121.5291398,25.0490352]]}},{"type":"Feature","properties":{"highway":"tertiary","name":"新生北路一段","osm_id":260152352},"geometry":{"type":"LineString","coordinates":[[121.5297572,25.0483436],[121.5296614,25.0484481],[121.5295686,25.0485497],[121.5294492,25.0486791],[121.5293409,25.0488199],[121.5292435,25.0489484],[121.5292286,25.049],[121.5290967,25.0491936],[121.5289612,25.0494],[121.5288401,25.0495977],[121.528756,25.0497431],[121.5286602,25.0499195],[121.5285597,25.0501],[121.5284526,25.0503152],[121.5283522,25.0505423],[121.528211,25.0509109],[121.5281632,25.0510404],[121.528113,25.0511788],[121.5280321,25.0514656],[121.5279657,25.0516905],[121.527906,25.0519078],[121.5278844,25.0520124]]}},{"type":"Feature","properties":{"highway":"trunk","name":"新生高架道路","osm_id":260152357},"geometry":{"type":"LineString","coordinates":[[121.5308842,25.0464253],[121.5309394,25.046712],[121.5309475,25.0467898],[121.5309414,25.0468693],[121.53093,25.0469228],[121.5309144,25.0469793],[121.5308703,25.047071],[121.5308308,25.0471299],[121.5307837,25.047184],[121.5301088,25.0477965],[121.5297762,25.0481367],[121.5294543,25.0485061],[121.5292362,25.0487908],[121.5290648,25.0490333],[121.52894,25.049218],[121.5288198,25.0494153],[121.5286966,25.0496208],[121.528565,25.0498551],[121.5284464,25.0500843],[121.5283256,25.0503399],[121.528105,25.0508599],[121.5280406,25.0510336],[121.5279679,25.0512583],[121.5278338,25.0517011],[121.5277469,25.0520445],[121.5276903,25.052334],[121.527638,25.0527799],[121.5275964,25.0532234],[121.527575,25.0536133],[121.527571,25.053905]]}},{"type":"Feature","properties":{"highway":"tertiary","name":"新生北路一段","osm_id":260152360},"geometry":{"type":"LineString","coordinates":[[121.5299783,25.0480724],[121.5298505,25.0482345],[121.5297572,25.0483436]]}},{"type":"Feature","properties":{"highway":"tertiary","name":"長安東路二段","osm_id":260152361},"geometry":{"type":"LineString","coordinates":[[121.5297572,25.0483436],[121.5300109,25.0485116]]}},{"type":"Feature","properties":{"highway":"secondary","name":"和平東路三段","osm_id":260789407},"geometry":{"type":"LineString","coordinates":[[121.5489583,25.024502],[121.5490627,25.0244962],[121.5495575,25.0244703],[121.5500083,25.0244417],[121.5502057,25.0244378],[121.5503173,25.0244301]]}},{"type":"Feature","properties":{"highway":"secondary","name":"和平東路二段","osm_id":260789408},"geometry":{"type":"LineString","coordinates":[[121.5349266,25.0259653],[121.5350795,25.0259407],[121.535625,25.0258655],[121.5359291,25.0258231],[121.5362386,25.02578],[121.5366932,25.0257166],[121.5370099,25.0256725],[121.5373154,25.0256299],[121.5374606,25.0256127]]}},{"type":"Feature","properties":{"highway":"secondary","name":"敦化南路二段","osm_id":260789410},"geometry":{"type":"LineString","coordinates":[[121.5489583,25.024502],[121.548962,25.0246178]]}},{"type":"Feature","properties":{"highway":"secondary","name":"新生南路二段","osm_id":260789411},"geometry":{"type":"LineString","coordinates":[[121.5349266,25.0259653],[121.5349678,25.0261067]]}},{"type":"Feature","properties":{"highway":"secondary","name":"福和橋","osm_id":260789420},"geometry":{"type":"LineString","coordinates":[[121.5278952,25.006224],[121.5296705,25.0072103],[121.5301993,25.007504],[121.5314685,25.0082463],[121.5320233,25.0085575]]}},{"type":"Feature","properties":{"highway":"tertiary_link","name":"","osm_id":260881641},"geometry":{"type":"LineString","coordinates":[[121.5317179,25.0466348],[121.531634,25.0466344],[121.5313836,25.0467965],[121.5312081,25.0466081]]}},{"type":"Feature","properties":{"highway":"tertiary_link","name":"","osm_id":260881642},"geometry":{"type":"LineString","coordinates":[[121.5310633,25.0467076],[121.5312575,25.0468988],[121.5310616,25.0470438],[121.5309028,25.0472133],[121.530861,25.047258]]}},{"type":"Feature","properties":{"highway":"secondary_link","name":"","osm_id":261045308},"geometry":{"type":"LineString","coordinates":[[121.5539508,25.0135096],[121.553861,25.0135219],[121.5537908,25.0134998],[121.5537418,25.0134612],[121.5537208,25.0134083],[121.5537345,25.0133122]]}},{"type":"Feature","properties":{"highway":"secondary","name":"新生南路二段","osm_id":261874305},"geometry":{"type":"LineString","coordinates":[[121.5326551,25.0336903],[121.5326561,25.0336106]]}},{"type":"Feature","properties":{"highway":"secondary","name":"信義路三段","osm_id":261876205},"geometry":{"type":"LineString","coordinates":[[121.5327824,25.0336899],[121.5328692,25.0336872],[121.5329811,25.0336845],[121.5340412,25.0336652],[121.5342466,25.0336736],[121.5345334,25.0336647],[121.5356919,25.0336421],[121.5359145,25.0336367],[121.5360192,25.0336348],[121.5370734,25.0336158],[121.5374234,25.0336074],[121.5375905,25.0336001]]}},{"type":"Feature","properties":{"highway":"secondary","name":"新生南路一段","osm_id":261876206},"geometry":{"type":"LineString","coordinates":[[121.5327895,25.0342609],[121.5328214,25.0346501],[121.5328496,25.0365925]]}},{"type":"Feature","properties":{"highway":"tertiary_link","name":"","osm_id":262249545},"geometry":{"type":"LineString","coordinates":[[121.5259367,25.0094536],[121.525673,25.0092857],[121.5255007,25.0091727],[121.5254075,25.0091204],[121.5253357,25.009107],[121.5252552,25.0091137],[121.5251942,25.009138],[121.5251386,25.0091714],[121.525095,25.0092164],[121.5242741,25.0104357]]}},{"type":"Feature","properties":{"highway":"tertiary","name":"中正路","osm_id":262312353},"geometry":{"type":"LineString","coordinates":[[121.514555,25.0103299],[121.5146636,25.0103067],[121.5150011,25.0102221],[121.5154088,25.0101079],[121.5155895,25.0100626],[121.515661,25.010041],[121.5158769,25.0099875],[121.5161223,25.0099025],[121.5162743,25.0098416],[121.5164133,25.0097469],[121.5165466,25.0096216],[121.5166427,25.0095087],[121.5167312,25.0093534],[121.516766,25.0092902],[121.5168036,25.0091805],[121.5168063,25.0090724],[121.5168157,25.0089168],[121.5168223,25.0087856],[121.5168626,25.0085757],[121.5168944,25.0082243],[121.5169224,25.0079203],[121.5169441,25.0076776],[121.5169665,25.007376]]}},{"type":"Feature","properties":{"highway":"tertiary","name":"杭州南路二段","osm_id":262526189},"geometry":{"type":"LineString","coordinates":[[121.5215473,25.0281282],[121.5215993,25.0281611],[121.5216371,25.0281851]]}},{"type":"Feature","properties":{"highway":"tertiary","name":"建國南路二段","osm_id":262557965},"geometry":{"type":"LineString","coordinates":[[121.5375853,25.0334188],[121.5375822,25.0333181],[121.5375539,25.0323825],[121.5375509,25.0322832]]}},{"type":"Feature","properties":{"highway":"tertiary","name":"萬美街一段","osm_id":262879982},"geometry":{"type":"LineString","coordinates":[[121.5698985,25.002318],[121.5696187,25.0023502],[121.5695757,25.0023552],[121.5687465,25.0024504],[121.568677,25.0024567],[121.5686198,25.0024595],[121.5685319,25.0024632],[121.5684831,25.0024632],[121.5683341,25.0024595],[121.5681539,25.0024511],[121.5679769,25.0024359],[121.5678332,25.002417],[121.567708,25.0023915],[121.5675135,25.0023459],[121.5673474,25.0023],[121.5671622,25.0022421],[121.5670562,25.0022058]]}},{"type":"Feature","properties":{"highway":"tertiary","name":"萬美街一段","osm_id":262879986},"geometry":{"type":"LineString","coordinates":[[121.5705245,25.0022694],[121.57045,25.0022722],[121.5704005,25.0022748],[121.5701251,25.002296],[121.5698985,25.002318]]}},{"type":"Feature","properties":{"highway":"tertiary","name":"萬美街一段","osm_id":262879988},"geometry":{"type":"LineString","coordinates":[[121.5719054,25.0023754],[121.5717958,25.0023647],[121.5717331,25.0023586],[121.5714661,25.0023327],[121.5709637,25.0022839],[121.5708438,25.0022774],[121.5706291,25.00227],[121.5705915,25.0022696],[121.5705245,25.0022694]]}},{"type":"Feature","properties":{"highway":"tertiary","name":"金山南路一段","osm_id":263217603},"geometry":{"type":"LineString","coordinates":[[121.5298938,25.0436437],[121.5298609,25.0435111],[121.5298201,25.0433465],[121.5298116,25.0433136],[121.5297829,25.0432221]]}},{"type":"Feature","properties":{"highway":"tertiary","name":"金山北路","osm_id":263217604},"geometry":{"type":"LineString","coordinates":[[121.530165,25.0437086],[121.5302275,25.0438275],[121.5304605,25.0445838],[121.5305732,25.0449579],[121.5307677,25.0456033],[121.530781,25.0456505],[121.5308241,25.0458042],[121.5308296,25.0458238],[121.5308292,25.0459219]]}},{"type":"Feature","properties":{"highway":"secondary","name":"敦化南路一段","osm_id":264410576},"geometry":{"type":"LineString","coordinates":[[121.5487891,25.033275],[121.5487888,25.0331944]]}},{"type":"Feature","properties":{"highway":"secondary","name":"敦化南路二段","osm_id":264410578},"geometry":{"type":"LineString","coordinates":[[121.5485546,25.0332841],[121.5485538,25.0331996]]}},{"type":"Feature","properties":{"highway":"secondary","name":"敦化南路二段","osm_id":264422114},"geometry":{"type":"LineString","coordinates":[[121.5484771,25.0245274],[121.5484761,25.0244112],[121.5484735,25.0240059],[121.5484723,25.0238369],[121.548472,25.0237879],[121.5484701,25.0236353],[121.5484675,25.0234179],[121.5484657,25.0229323],[121.5484655,25.0228792],[121.5484654,25.0228469],[121.5484666,25.0227248],[121.5484565,25.0215644],[121.5484532,25.0210907],[121.5484528,25.0210321],[121.5484521,25.0209381],[121.5484513,25.020824]]}},{"type":"Feature","properties":{"highway":"secondary","name":"和平東路三段","osm_id":264422116},"geometry":{"type":"LineString","coordinates":[[121.5484771,25.0245274],[121.5485841,25.0245218],[121.5487084,25.0245159]]}},{"type":"Feature","properties":{"highway":"secondary","name":"和平東路三段","osm_id":264424525},"geometry":{"type":"LineString","coordinates":[[121.5602842,25.0164055],[121.5603649,25.0163355]]}},{"type":"Feature","properties":{"highway":"secondary","name":"和平東路三段","osm_id":264425657},"geometry":{"type":"LineString","coordinates":[[121.548962,25.0246178],[121.5487098,25.0246324]]}},{"type":"Feature","properties":{"highway":"secondary","name":"敦化南路二段","osm_id":264425658},"geometry":{"type":"LineString","coordinates":[[121.548962,25.0246178],[121.5489623,25.0246892],[121.5489698,25.0254429],[121.5489722,25.0256942],[121.5489816,25.0266974],[121.5489821,25.0267534],[121.5489826,25.0268076],[121.5489852,25.0268627],[121.5489881,25.0269258],[121.5489847,25.0270171],[121.5489934,25.0279389],[121.5489939,25.0279918],[121.5489942,25.0280224],[121.5489949,25.0280986],[121.5489959,25.0282098],[121.5489998,25.0286188],[121.5490043,25.0290921],[121.549008,25.0294819],[121.5490109,25.0297888],[121.5490114,25.0298492],[121.5490124,25.0299554]]}},{"type":"Feature","properties":{"highway":"primary","name":"中山北路一段","osm_id":264550937},"geometry":{"type":"LineString","coordinates":[[121.5195271,25.0457875],[121.5194481,25.0456107]]}},{"type":"Feature","properties":{"highway":"primary","name":"忠孝西路一段","osm_id":264550938},"geometry":{"type":"LineString","coordinates":[[121.5195271,25.0457875],[121.5192634,25.0458469],[121.5187773,25.0459718],[121.5184874,25.0460405],[121.5175562,25.046261]]}},{"type":"Feature","properties":{"highway":"tertiary","name":"市民大道二段","osm_id":264551742},"geometry":{"type":"LineString","coordinates":[[121.5208196,25.0479795],[121.5209198,25.0479615],[121.5210259,25.0479404],[121.5211789,25.0479166],[121.5213221,25.0479007],[121.5215389,25.0478772],[121.5218418,25.0478546],[121.5221102,25.04784],[121.5221593,25.0478371],[121.5222732,25.0478294],[121.5223792,25.0478212],[121.5225116,25.0478146],[121.5226093,25.0478095],[121.5233989,25.0477685],[121.5237529,25.0477499],[121.5240079,25.0477351],[121.5240418,25.0477338],[121.5241783,25.04772]]}},{"type":"Feature","properties":{"highway":"primary","name":"中山北路一段","osm_id":264551743},"geometry":{"type":"LineString","coordinates":[[121.5208196,25.0479795],[121.5209092,25.0481518]]}},{"type":"Feature","properties":{"highway":"secondary","name":"復興南路二段","osm_id":264861659},"geometry":{"type":"LineString","coordinates":[[121.5433642,25.02483],[121.5433637,25.0247247],[121.5433571,25.0244598],[121.5433358,25.0236048]]}},{"type":"Feature","properties":{"highway":"secondary","name":"和平東路二段","osm_id":264861660},"geometry":{"type":"LineString","coordinates":[[121.5433642,25.02483],[121.5434841,25.0248177]]}},{"type":"Feature","properties":{"highway":"secondary","name":"復興南路二段","osm_id":264861661},"geometry":{"type":"LineString","coordinates":[[121.5434944,25.0249387],[121.5434965,25.0250358],[121.5435119,25.0257438],[121.5435184,25.0260457],[121.5435281,25.0264919],[121.5435291,25.0265374],[121.5435309,25.0266242],[121.5435466,25.0273473],[121.5435549,25.0277287],[121.5435553,25.0277459],[121.5435675,25.0283108],[121.5435682,25.0283995],[121.5435712,25.028481],[121.5435804,25.0289038],[121.5435856,25.0291443],[121.5435865,25.0291843],[121.5436003,25.0298221],[121.5436008,25.0298466],[121.5436029,25.0299409],[121.5436055,25.0300766],[121.5436107,25.0303481],[121.5436205,25.0307548],[121.5436261,25.0310097],[121.5436276,25.0310809],[121.5436283,25.0311118],[121.5436333,25.0313448],[121.5436375,25.0315369],[121.543639,25.0316086],[121.5436557,25.032375],[121.5436652,25.0328137],[121.5436723,25.0331437],[121.5436756,25.0332946]]}},{"type":"Feature","properties":{"highway":"secondary","name":"和平東路二段","osm_id":264861662},"geometry":{"type":"LineString","coordinates":[[121.5434944,25.0249387],[121.5433612,25.0249585]]}},{"type":"Feature","properties":{"highway":"tertiary","name":"東興路","osm_id":265738683},"geometry":{"type":"LineString","coordinates":[[121.5653944,25.050066],[121.5654011,25.0500076],[121.5654034,25.0499852],[121.565407,25.0499493],[121.5654431,25.0495941],[121.5654482,25.0495639]]}},{"type":"Feature","properties":{"highway":"secondary","name":"基隆路一段","osm_id":265739420},"geometry":{"type":"LineString","coordinates":[[121.5670629,25.0457318],[121.5670075,25.0456335],[121.5668723,25.0453653],[121.5668152,25.0452198]]}},{"type":"Feature","properties":{"highway":"tertiary","name":"松仁路","osm_id":265740465},"geometry":{"type":"LineString","coordinates":[[121.5683099,25.0358305],[121.5683086,25.035792],[121.5683063,25.0357261],[121.5683061,25.0348813],[121.568309,25.0347333],[121.5682911,25.0339557]]}},{"type":"Feature","properties":{"highway":"secondary","name":"信義路五段","osm_id":265741506},"geometry":{"type":"LineString","coordinates":[[121.56839,25.0328975],[121.5682664,25.032897]]}},{"type":"Feature","properties":{"highway":"tertiary","name":"環河東路一段","osm_id":266484212},"geometry":{"type":"LineString","coordinates":[[121.5166729,25.0178519],[121.5170557,25.0177666],[121.5173789,25.0176682],[121.5175445,25.0176111],[121.5176525,25.0175734],[121.5181929,25.0173692],[121.5187286,25.0171071],[121.5188645,25.0170241],[121.5190945,25.0168688],[121.5192695,25.0167507],[121.5197845,25.0163545],[121.5200981,25.0161098],[121.5203068,25.0159078],[121.5204165,25.0158017],[121.5204716,25.0157391],[121.5206592,25.0155259]]}},{"type":"Feature","properties":{"highway":"tertiary","name":"環河東路三段","osm_id":266484213},"geometry":{"type":"LineString","coordinates":[[121.5251785,25.0088332],[121.5252204,25.0087689],[121.5254564,25.0084069],[121.525619,25.008164],[121.5257965,25.0078988],[121.5260265,25.0075551],[121.5262664,25.0072013],[121.5264358,25.0068972],[121.5266302,25.0065593],[121.5268046,25.0062348],[121.526934,25.0059937],[121.5269716,25.0059256],[121.5270869,25.005719]]}},{"type":"Feature","properties":{"highway":"tertiary","name":"環河東路二段","osm_id":266485476},"geometry":{"type":"LineString","coordinates":[[121.5206592,25.0155259],[121.5209047,25.0152138],[121.5210335,25.0150324],[121.5212855,25.0146665],[121.5213827,25.0145284],[121.521559,25.0142771],[121.5216497,25.0141298],[121.5219137,25.0137357],[121.5220458,25.0135335],[121.5222726,25.0131865],[121.522911,25.0122098],[121.5229497,25.0121493],[121.5234595,25.0113524],[121.5240703,25.0104615],[121.5249441,25.0091842],[121.5251,25.0089444],[121.5251785,25.0088332]]}},{"type":"Feature","properties":{"highway":"tertiary","name":"環河東路一段","osm_id":266485477},"geometry":{"type":"LineString","coordinates":[[121.520734,25.0155767],[121.5205409,25.0157857],[121.5203585,25.0159753],[121.5201788,25.0161673],[121.5198113,25.0164857],[121.519425,25.0167822],[121.519071,25.0170156],[121.5189342,25.0171055],[121.5188054,25.017176],[121.5183977,25.017402],[121.5179203,25.0175892],[121.5176333,25.017701],[121.5172605,25.0178104],[121.5168716,25.0179197],[121.5167053,25.0179597]]}},{"type":"Feature","properties":{"highway":"tertiary_link","name":"","osm_id":266486549},"geometry":{"type":"LineString","coordinates":[[121.5263066,25.0073963],[121.5259722,25.0079078],[121.5254813,25.0086433],[121.5254383,25.0087377],[121.5254343,25.0088304],[121.5254496,25.0088982],[121.5254816,25.0089468],[121.5255514,25.0090286],[121.5257834,25.0092096],[121.5259925,25.0094235],[121.5261387,25.0096575]]}},{"type":"Feature","properties":{"highway":"tertiary","name":"環河東路三段","osm_id":266505077},"geometry":{"type":"LineString","coordinates":[[121.526514,25.0068957],[121.5263191,25.0072601],[121.5258737,25.0079235],[121.5252424,25.0088642],[121.5251659,25.0089778]]}},{"type":"Feature","properties":{"highway":"secondary","name":"環河東路一段","osm_id":266515256},"geometry":{"type":"LineString","coordinates":[[121.5165988,25.0179809],[121.5163126,25.0180016],[121.5158219,25.0180443]]}},{"type":"Feature","properties":{"highway":"tertiary","name":"辛亥路三段157巷","osm_id":267055698},"geometry":{"type":"LineString","coordinates":[[121.5491247,25.0171265],[121.5491971,25.0172304],[121.5492078,25.0172457],[121.5492301,25.0172778],[121.5494574,25.0176042],[121.5495711,25.0177783],[121.5497153,25.0179165],[121.5498501,25.0179944],[121.5500259,25.0180552],[121.5502861,25.0181092],[121.5504768,25.018142],[121.5508405,25.0182175],[121.5509749,25.0182722]]}},{"type":"Feature","properties":{"highway":"tertiary","name":"辛亥路三段157巷","osm_id":267055700},"geometry":{"type":"LineString","coordinates":[[121.5490679,25.0170304],[121.5491247,25.0171265]]}},{"type":"Feature","properties":{"highway":"secondary","name":"信義路一段","osm_id":267659930},"geometry":{"type":"LineString","coordinates":[[121.5211135,25.0371713],[121.521231,25.0371128],[121.5215956,25.0369293],[121.5226939,25.0363905],[121.5227757,25.0363504]]}},{"type":"Feature","properties":{"highway":"secondary","name":"和平東路一段","osm_id":268564468},"geometry":{"type":"LineString","coordinates":[[121.5259761,25.0267249],[121.5260583,25.0267183],[121.5266618,25.0266698],[121.5274894,25.0266032],[121.5275804,25.0265949],[121.5277635,25.02658],[121.528507,25.0265196]]}},{"type":"Feature","properties":{"highway":"secondary","name":"和平東路一段","osm_id":268564469},"geometry":{"type":"LineString","coordinates":[[121.5258891,25.0268884],[121.5257928,25.0268962],[121.5255525,25.0269158],[121.5250253,25.0269553],[121.5244642,25.0269988],[121.524341,25.0270084],[121.5240235,25.0270238],[121.52394,25.0270329],[121.5238772,25.0270395],[121.5237239,25.0270562],[121.5231474,25.0270963],[121.5229082,25.0271129],[121.5226356,25.0271319],[121.5225572,25.0271395],[121.5224656,25.0271507]]}},{"type":"Feature","properties":{"highway":"tertiary","name":"建國北路一段","osm_id":268564473},"geometry":{"type":"LineString","coordinates":[[121.5364678,25.0483945],[121.536468,25.048277],[121.5364582,25.0479273],[121.5364444,25.0475362],[121.5364406,25.04718],[121.5364368,25.0468535],[121.5364323,25.0465841],[121.5364182,25.0463093],[121.5364154,25.0462557],[121.5364141,25.0462298],[121.5364065,25.0460224]]}},{"type":"Feature","properties":{"highway":"primary","name":"忠孝東路五段","osm_id":268564475},"geometry":{"type":"LineString","coordinates":[[121.5683956,25.040986],[121.5685671,25.0409822]]}},{"type":"Feature","properties":{"highway":"primary","name":"忠孝東路五段","osm_id":268564476},"geometry":{"type":"LineString","coordinates":[[121.5685671,25.0409822],[121.5686022,25.0409815],[121.5687687,25.0409781],[121.5691105,25.0409714],[121.5700717,25.0409522],[121.5701583,25.0409491],[121.5702291,25.040948],[121.5709817,25.0409338],[121.5718469,25.0409174],[121.5719296,25.0409151]]}},{"type":"Feature","properties":{"highway":"tertiary","name":"松仁路","osm_id":268564480},"geometry":{"type":"LineString","coordinates":[[121.5685671,25.0409822],[121.5687101,25.0411021]]}},{"type":"Feature","properties":{"highway":"tertiary","name":"松仁路","osm_id":268564481},"geometry":{"type":"LineString","coordinates":[[121.568264,25.0327636],[121.5682673,25.0326301],[121.568234,25.0323573],[121.5682406,25.0319086],[121.5682381,25.0318167],[121.5682626,25.0304212],[121.5682946,25.0285782],[121.5682904,25.0285097],[121.5682965,25.0284545],[121.5683087,25.0272654],[121.5683163,25.0267522],[121.5683168,25.026717],[121.5683173,25.0266839]]}},{"type":"Feature","properties":{"highway":"secondary","name":"松江路","osm_id":268564482},"geometry":{"type":"LineString","coordinates":[[121.5329341,25.0519475],[121.5329333,25.0518467],[121.53293,25.0514082],[121.5329321,25.0509911],[121.5329321,25.0505378],[121.5329262,25.0502713],[121.5329259,25.0501939]]}},{"type":"Feature","properties":{"highway":"tertiary","name":"松隆路","osm_id":268564484},"geometry":{"type":"LineString","coordinates":[[121.5705596,25.0457042],[121.5706636,25.0457936],[121.5707916,25.0459044],[121.5712851,25.0462932],[121.5715415,25.0464669],[121.5720376,25.0467342],[121.5721419,25.046792],[121.5722692,25.0468675],[121.5727463,25.0471378],[121.5729513,25.0472513],[121.5732001,25.0474068],[121.5742916,25.048011],[121.5744204,25.0480823],[121.5744638,25.0481063],[121.5748931,25.0483439],[121.5749973,25.0484025],[121.5752365,25.0484799],[121.5754296,25.0484994],[121.5756334,25.0484508],[121.5758453,25.0483932],[121.5760105,25.0483482],[121.5761842,25.048299],[121.5771247,25.0480328],[121.5773226,25.0479998],[121.5774466,25.0479745],[121.5776295,25.0479631],[121.5777146,25.0479577],[121.5777449,25.0479573],[121.577839,25.0479588]]}},{"type":"Feature","properties":{"highway":"primary","name":"忠孝東路五段","osm_id":268569312},"geometry":{"type":"LineString","coordinates":[[121.5687101,25.0411021],[121.5683245,25.0411119],[121.5673096,25.0411397],[121.5667797,25.0411527],[121.5663337,25.0411636],[121.5662581,25.0411654],[121.5660004,25.0411719],[121.5658595,25.041176],[121.5652923,25.0411931],[121.5647875,25.0412051],[121.5646488,25.0412047]]}},{"type":"Feature","properties":{"highway":"tertiary","name":"松仁路","osm_id":268569314},"geometry":{"type":"LineString","coordinates":[[121.56839,25.0328975],[121.5683987,25.0330206],[121.5683693,25.0332507],[121.5683745,25.0334335],[121.5684165,25.0347326],[121.5684189,25.0348077],[121.5684315,25.0353905],[121.5684409,25.035729],[121.5684453,25.0357821],[121.5684456,25.0358278]]}},{"type":"Feature","properties":{"highway":"tertiary","name":"凱達格蘭大道","osm_id":269502155},"geometry":{"type":"LineString","coordinates":[[121.5155861,25.0395764],[121.5157607,25.0395309],[121.5157833,25.039525],[121.5162634,25.0394009],[121.5166458,25.0392987],[121.5171619,25.0391571],[121.5172051,25.0391447],[121.5172478,25.0391323]]}},{"type":"Feature","properties":{"highway":"tertiary","name":"北平東路","osm_id":269505245},"geometry":{"type":"LineString","coordinates":[[121.5220871,25.0467707],[121.5220111,25.0467891],[121.5216521,25.046876],[121.5212375,25.0469763],[121.5210666,25.0470117],[121.5205724,25.0471321],[121.5205298,25.0471425],[121.5204364,25.0471653],[121.5203305,25.0471911]]}},{"type":"Feature","properties":{"highway":"tertiary","name":"濟南路一段","osm_id":269789739},"geometry":{"type":"LineString","coordinates":[[121.5226571,25.0424215],[121.5225321,25.0424452],[121.5221529,25.0425343],[121.5218151,25.0426136],[121.5214207,25.0427088],[121.5210687,25.0427938],[121.5209857,25.042815],[121.5209031,25.0428343],[121.5207556,25.0428689],[121.520344,25.0429704],[121.5202491,25.0429936],[121.5202133,25.0430024],[121.5200186,25.0430501],[121.5199586,25.0430646],[121.5198878,25.0430817],[121.5194304,25.0431927],[121.5193665,25.0432082],[121.5191142,25.0432694],[121.5190414,25.0432872]]}},{"type":"Feature","properties":{"highway":"primary","name":"忠孝西路一段","osm_id":270439718},"geometry":{"type":"LineString","coordinates":[[121.5183014,25.0459858],[121.5181803,25.0460173]]}},{"type":"Feature","properties":{"highway":"primary","name":"中山南路","osm_id":274809896},"geometry":{"type":"LineString","coordinates":[[121.5191471,25.0445464],[121.5191189,25.0444521],[121.5190645,25.0442678],[121.5189352,25.0438355],[121.518921,25.0437882],[121.5189005,25.0437196],[121.5188275,25.0434757],[121.5188197,25.0434498],[121.51879,25.0433502]]}},{"type":"Feature","properties":{"highway":"primary","name":"中山南路","osm_id":286098898},"geometry":{"type":"LineString","coordinates":[[121.516755,25.0349733],[121.5167071,25.0351396],[121.5167083,25.0352432],[121.5167267,25.0353335],[121.5169808,25.0362126],[121.517125,25.0367115],[121.5173925,25.037635],[121.5174239,25.0377363],[121.5175068,25.0380037],[121.5175206,25.0380486],[121.5175588,25.0381957],[121.5175878,25.0382989],[121.5176054,25.0383614],[121.517693,25.0386284]]}},{"type":"Feature","properties":{"highway":"tertiary","name":"愛國東路","osm_id":286098899},"geometry":{"type":"LineString","coordinates":[[121.516755,25.0349733],[121.5167,25.0349899],[121.5166144,25.0350156]]}},{"type":"Feature","properties":{"highway":"tertiary","name":"愛國西路","osm_id":286098900},"geometry":{"type":"LineString","coordinates":[[121.5151931,25.0347375],[121.5152782,25.0347248],[121.5163403,25.0345989],[121.516631,25.0345887],[121.516646,25.034595],[121.5168473,25.0346786]]}},{"type":"Feature","properties":{"highway":"tertiary","name":"八德路四段","osm_id":287735313},"geometry":{"type":"LineString","coordinates":[[121.5578747,25.0481941],[121.5579981,25.048213],[121.5580625,25.0482208],[121.5581209,25.0482243],[121.5583662,25.0482438],[121.558432,25.0482491],[121.5584707,25.0482521],[121.5585253,25.0482582],[121.558616,25.0482682],[121.5586428,25.0482709],[121.558698,25.0482776],[121.5587452,25.048283],[121.5588048,25.0482898],[121.559149,25.0483327],[121.5594411,25.0483594],[121.5599742,25.0484037],[121.5600442,25.0484095],[121.5601019,25.048415],[121.560157,25.0484204],[121.5601911,25.0484233],[121.5607086,25.0484733],[121.5607659,25.0484788],[121.5607898,25.0484815],[121.5608683,25.0484899],[121.5609822,25.048502],[121.5611007,25.0485133],[121.5611614,25.0485204],[121.5612174,25.0485243],[121.5620003,25.0486066],[121.5625072,25.0486555],[121.5625685,25.0486614],[121.5626208,25.0486664],[121.5627599,25.0486818]]}},{"type":"Feature","properties":{"highway":"secondary","name":"新生南路一段","osm_id":288135626},"geometry":{"type":"LineString","coordinates":[[121.5329177,25.0423891],[121.5329204,25.0425179],[121.5329237,25.0432012],[121.5329288,25.0434332]]}},{"type":"Feature","properties":{"highway":"primary","name":"忠孝東路三段","osm_id":288135627},"geometry":{"type":"LineString","coordinates":[[121.5329177,25.0423891],[121.5327802,25.0424169]]}},{"type":"Feature","properties":{"highway":"secondary","name":"新生南路一段","osm_id":288135628},"geometry":{"type":"LineString","coordinates":[[121.5327726,25.0422648],[121.5327678,25.0420967],[121.5327576,25.0417432],[121.5327529,25.0415411],[121.5327506,25.0412908],[121.5327504,25.0409998]]}},{"type":"Feature","properties":{"highway":"secondary","name":"和平東路三段","osm_id":288354558},"geometry":{"type":"LineString","coordinates":[[121.5525025,25.0242725],[121.5526977,25.0240974],[121.5527247,25.0240666]]}},{"type":"Feature","properties":{"highway":"secondary","name":"基隆路二段","osm_id":288354559},"geometry":{"type":"LineString","coordinates":[[121.5528648,25.0245866],[121.5529103,25.0246299],[121.5530385,25.0247531],[121.5534003,25.0251157],[121.5536902,25.0253582],[121.5538114,25.0254525],[121.5540059,25.0256359],[121.5541758,25.0257853],[121.5542015,25.025816],[121.5543553,25.0259313],[121.5548659,25.0263608],[121.5549789,25.0264559],[121.5555977,25.0270002],[121.5559655,25.0273237],[121.5559872,25.0273428]]}},{"type":"Feature","properties":{"highway":"secondary","name":"和平東路三段","osm_id":288522782},"geometry":{"type":"LineString","coordinates":[[121.5525194,25.024422],[121.5523487,25.0244314],[121.5521477,25.0244425],[121.552066,25.0244503],[121.5515383,25.024476],[121.5512061,25.0244943],[121.5509917,25.0245061],[121.5505759,25.024529],[121.5504776,25.0245356],[121.5503479,25.024544],[121.5502753,25.0245486]]}},{"type":"Feature","properties":{"highway":"secondary","name":"基隆路二段","osm_id":288522783},"geometry":{"type":"LineString","coordinates":[[121.5525194,25.024422],[121.5524181,25.0243191]]}},{"type":"Feature","properties":{"highway":"tertiary","name":"建國南路一段","osm_id":288878926},"geometry":{"type":"LineString","coordinates":[[121.5364065,25.0460224],[121.5364045,25.0459331],[121.5363665,25.044938],[121.536364,25.0448736]]}},{"type":"Feature","properties":{"highway":"secondary","name":"和平東路三段","osm_id":288878935},"geometry":{"type":"LineString","coordinates":[[121.5484773,25.0246445],[121.5483549,25.0246457],[121.5478456,25.0246792],[121.5475559,25.0246952],[121.5474207,25.0247026],[121.5467014,25.024746]]}},{"type":"Feature","properties":{"highway":"secondary","name":"敦化南路一段","osm_id":288878939},"geometry":{"type":"LineString","coordinates":[[121.5489337,25.0482042],[121.5489312,25.0480392],[121.5489301,25.0479619],[121.5489037,25.0461846],[121.5489026,25.046113],[121.5489008,25.0459923],[121.5488876,25.0451044],[121.5488863,25.0450151],[121.5488856,25.0449681]]}},{"type":"Feature","properties":{"highway":"secondary","name":"敦化南路二段","osm_id":288878940},"geometry":{"type":"LineString","coordinates":[[121.5484773,25.0246445],[121.5484771,25.0245274]]}},{"type":"Feature","properties":{"highway":"secondary","name":"興隆路一段","osm_id":288878943},"geometry":{"type":"LineString","coordinates":[[121.5430648,25.0008082],[121.542929,25.0009617],[121.5425227,25.0014272],[121.542094,25.0019109],[121.5420416,25.0020028],[121.542012,25.0020448],[121.5419608,25.0021346],[121.5416905,25.0025612],[121.5416625,25.0026037],[121.5415499,25.0027726],[121.5414139,25.0029641],[121.5413542,25.0030595],[121.54129,25.0031651],[121.5412573,25.0032234],[121.5409278,25.0037206],[121.5408434,25.0038484],[121.5407694,25.0039345]]}},{"type":"Feature","properties":{"highway":"tertiary","name":"長安東路二段","osm_id":288878945},"geometry":{"type":"LineString","coordinates":[[121.5300109,25.0485116],[121.5301269,25.0485094],[121.5314474,25.0484846],[121.5323982,25.0484667],[121.5327593,25.0484647],[121.5328994,25.0484625]]}},{"type":"Feature","properties":{"highway":"tertiary","name":"東興路","osm_id":289004412},"geometry":{"type":"LineString","coordinates":[[121.5655097,25.0489631],[121.5655235,25.0488482],[121.5655365,25.0488206],[121.5655502,25.0487916],[121.5656825,25.0485115],[121.5656983,25.0484809],[121.5657176,25.0484433]]}},{"type":"Feature","properties":{"highway":"tertiary","name":"長安東路一段","osm_id":289004415},"geometry":{"type":"LineString","coordinates":[[121.5245753,25.0491466],[121.5247047,25.0491166],[121.5250751,25.0490308],[121.5254923,25.0489342],[121.5259033,25.0488431],[121.5259489,25.048833],[121.5259664,25.0488291],[121.5263042,25.0487542],[121.5263719,25.0487395],[121.5264289,25.0487263],[121.527449,25.0484925],[121.5280502,25.0483528],[121.5281304,25.0483342],[121.5282027,25.0483174],[121.5282424,25.0483082],[121.5290662,25.0481168],[121.5291274,25.0481026],[121.5291781,25.0480952],[121.5292366,25.0480932],[121.5292939,25.0480965],[121.5293331,25.048102],[121.5293734,25.0481104],[121.5294082,25.0481199],[121.5294904,25.0481698]]}},{"type":"Feature","properties":{"highway":"primary","name":"忠孝東路一段","osm_id":289004416},"geometry":{"type":"LineString","coordinates":[[121.5197151,25.0455801],[121.5198306,25.0455572],[121.5200622,25.0455054],[121.5212516,25.0452394],[121.5214723,25.0451901],[121.5214959,25.0451844],[121.521537,25.0451743],[121.521611,25.045158]]}},{"type":"Feature","properties":{"highway":"tertiary","name":"八德路二段","osm_id":289004418},"geometry":{"type":"LineString","coordinates":[[121.5468407,25.048204],[121.5468791,25.0482047],[121.5469345,25.0482047],[121.5469941,25.0482047],[121.5472451,25.0482047],[121.5473035,25.0482047],[121.5473526,25.0482047],[121.5474292,25.0482051]]}},{"type":"Feature","properties":{"highway":"tertiary","name":"松仁路","osm_id":289004420},"geometry":{"type":"LineString","coordinates":[[121.5682911,25.0339557],[121.5682429,25.0333862],[121.5682721,25.0330167],[121.5682664,25.032897]]}},{"type":"Feature","properties":{"highway":"primary","name":"中山北路一段","osm_id":289004429},"geometry":{"type":"LineString","coordinates":[[121.5217364,25.0497999],[121.5217865,25.049921],[121.5217895,25.0499277],[121.5218105,25.0499791],[121.5220538,25.0505183],[121.5221948,25.050813],[121.5222839,25.0510067],[121.5223651,25.0511988],[121.522426,25.0513685],[121.5225366,25.0517297],[121.5226168,25.05204],[121.5226532,25.0521782]]}},{"type":"Feature","properties":{"highway":"tertiary","name":"八德路四段","osm_id":289004430},"geometry":{"type":"LineString","coordinates":[[121.5655097,25.0489631],[121.5656653,25.0489781],[121.5656978,25.048981],[121.5657417,25.0489848],[121.566102,25.0490166],[121.5661805,25.0490234],[121.5662448,25.0490317],[121.5663152,25.0490403],[121.5663777,25.0490462],[121.5670621,25.0491107],[121.5670972,25.0491141],[121.5671318,25.0491175],[121.5671833,25.0491225]]}},{"type":"Feature","properties":{"highway":"tertiary","name":"汀州路三段","osm_id":289018379},"geometry":{"type":"LineString","coordinates":[[121.5278112,25.0182057],[121.5278914,25.0181325],[121.5282668,25.0178557],[121.5286115,25.0176116],[121.5286719,25.0175723],[121.5287666,25.0175055],[121.5288828,25.017418],[121.5290101,25.0173209],[121.5294173,25.0170319],[121.5294707,25.0169935],[121.5296828,25.0168414],[121.5298686,25.0167033],[121.5298961,25.0166835],[121.5299367,25.0166552],[121.5303381,25.0163754],[121.5305244,25.0162443],[121.5305611,25.0162185],[121.5306962,25.0161233],[121.5307281,25.0161028],[121.5309046,25.0159808],[121.5312923,25.0157191],[121.5313352,25.0156944],[121.5313909,25.0156527],[121.531851,25.0153555],[121.531958,25.0152877],[121.5320449,25.0152283],[121.5321429,25.0151682],[121.532225,25.0151151]]}},{"type":"Feature","properties":{"highway":"primary","name":"羅斯福路四段","osm_id":289018380},"geometry":{"type":"LineString","coordinates":[[121.5333006,25.0156349],[121.5339179,25.0150488],[121.5341549,25.0148231],[121.5344779,25.0145154],[121.534576,25.0144226],[121.5346176,25.0143832],[121.5347727,25.0142363],[121.5348674,25.0141439],[121.5350029,25.014012],[121.5350741,25.0139448],[121.5351527,25.0138691],[121.5352724,25.0137477],[121.5354734,25.0135463],[121.5356542,25.0133656],[121.5358312,25.0131663],[121.5359906,25.0129759],[121.5360074,25.0129568]]}},{"type":"Feature","properties":{"highway":"tertiary","name":"福和路","osm_id":289018381},"geometry":{"type":"LineString","coordinates":[[121.5208662,25.0077783],[121.521581,25.0078492],[121.5218389,25.0078848],[121.5221524,25.0079125],[121.5225287,25.007952],[121.5230536,25.0080054]]}},{"type":"Feature","properties":{"highway":"tertiary","name":"愛國東路","osm_id":289609874},"geometry":{"type":"LineString","coordinates":[[121.5223809,25.0324665],[121.5221181,25.0325783],[121.5217587,25.0327484],[121.5209931,25.0331046],[121.5209413,25.0331291],[121.5205744,25.0333027],[121.5204826,25.0333462],[121.5204282,25.0333727],[121.5198048,25.0336763],[121.5193449,25.0338786],[121.5192771,25.0339087],[121.5191114,25.0339823],[121.5185558,25.0342123],[121.5184098,25.0342728],[121.5183412,25.0342986],[121.5182706,25.0343283],[121.5181993,25.0343569],[121.5171626,25.034783],[121.5170759,25.0348182],[121.5170444,25.0348262]]}},{"type":"Feature","properties":{"highway":"tertiary_link","name":"","osm_id":290486781},"geometry":{"type":"LineString","coordinates":[[121.5375509,25.0322832],[121.538004,25.0322796]]}},{"type":"Feature","properties":{"highway":"tertiary","name":"建國南路二段","osm_id":290486786},"geometry":{"type":"LineString","coordinates":[[121.5375205,25.0306653],[121.5374812,25.0299213],[121.5374798,25.0297788],[121.5374761,25.0294174],[121.5374749,25.0289778],[121.5374748,25.0289314],[121.5374718,25.0288501]]}},{"type":"Feature","properties":{"highway":"secondary","name":"辛亥路二段","osm_id":290487226},"geometry":{"type":"LineString","coordinates":[[121.5380191,25.0226624],[121.5379905,25.0227196],[121.5379319,25.0228671],[121.5379219,25.0229139]]}},{"type":"Feature","properties":{"highway":"trunk","name":"水源快速道路","osm_id":293206307},"geometry":{"type":"LineString","coordinates":[[121.5170035,25.0215723],[121.5176129,25.0213921],[121.5182056,25.0212008],[121.5185172,25.0211268],[121.5187705,25.0210762],[121.5200615,25.0208251],[121.5210246,25.0206201],[121.5217861,25.0204565],[121.5218966,25.020434],[121.5221637,25.0203651],[121.5224308,25.0202919],[121.5224953,25.0202687],[121.5225306,25.020251],[121.5225802,25.0202234],[121.5226196,25.0201867],[121.5226799,25.0201098],[121.5227023,25.0200623]]}},{"type":"Feature","properties":{"highway":"secondary","name":"和平東路三段","osm_id":294015489},"geometry":{"type":"LineString","coordinates":[[121.5584479,25.0187178],[121.5584646,25.0186924],[121.5584714,25.0186681],[121.5584697,25.0186276],[121.5584599,25.0185951],[121.5584416,25.0185511],[121.5584196,25.0185214],[121.5583818,25.0184877]]}},{"type":"Feature","properties":{"highway":"secondary","name":"和平東路三段","osm_id":294015490},"geometry":{"type":"LineString","coordinates":[[121.5583818,25.0184877],[121.5584173,25.0184364],[121.5585731,25.0182896],[121.5586928,25.018174],[121.5587803,25.0181503],[121.5589134,25.0181631],[121.558976,25.0181613],[121.5590186,25.0181571],[121.559107,25.0181064]]}},{"type":"Feature","properties":{"highway":"secondary_link","name":"","osm_id":294015491},"geometry":{"type":"LineString","coordinates":[[121.5584479,25.0187178],[121.5585578,25.0188197]]}},{"type":"Feature","properties":{"highway":"tertiary","name":"長安東路二段","osm_id":296214427},"geometry":{"type":"LineString","coordinates":[[121.5433739,25.048267],[121.5422519,25.048277],[121.5421469,25.0482776],[121.5420615,25.0482757],[121.5410343,25.0483074]]}},{"type":"Feature","properties":{"highway":"tertiary","name":"建國北路一段","osm_id":296214428},"geometry":{"type":"LineString","coordinates":[[121.5369385,25.0483757],[121.5369459,25.0484862],[121.5369892,25.0493946],[121.5369912,25.049437],[121.5369968,25.0495466],[121.5369983,25.0496212],[121.5370075,25.0500747],[121.5370123,25.0505055],[121.5370172,25.05092],[121.5370293,25.0514945],[121.5370223,25.0518046],[121.5370241,25.0519262]]}},{"type":"Feature","properties":{"highway":"secondary","name":"興隆路一段","osm_id":296216181},"geometry":{"type":"LineString","coordinates":[[121.5407171,25.003858],[121.5407803,25.0037783],[121.5411644,25.0031777],[121.5412019,25.0031181],[121.5413433,25.0029224],[121.5419243,25.0019892],[121.5419631,25.0019462],[121.5420227,25.0018655],[121.5422374,25.001622],[121.5427647,25.0010106],[121.5429954,25.0007546]]}},{"type":"Feature","properties":{"highway":"tertiary","name":"芳蘭路","osm_id":296237591},"geometry":{"type":"LineString","coordinates":[[121.5441761,25.0117452],[121.5442212,25.0117813],[121.5443443,25.0118868],[121.5450651,25.0124737],[121.5451155,25.0125194]]}},{"type":"Feature","properties":{"highway":"secondary","name":"復興北路","osm_id":296493635},"geometry":{"type":"LineString","coordinates":[[121.5440173,25.0482545],[121.5440204,25.0483646],[121.5440395,25.0490449],[121.5440464,25.0492912],[121.5440608,25.049805],[121.5440632,25.049889],[121.5440706,25.050154],[121.5440719,25.0502016],[121.5440737,25.0502676],[121.5440999,25.0512012],[121.5441106,25.0515775],[121.5441115,25.0516105],[121.5441131,25.0516666],[121.5441158,25.0517699]]}},{"type":"Feature","properties":{"highway":"secondary","name":"復興北路","osm_id":296493636},"geometry":{"type":"LineString","coordinates":[[121.5440063,25.0475992],[121.5440092,25.0477176],[121.5440154,25.0481286],[121.5440173,25.0482545]]}},{"type":"Feature","properties":{"highway":"tertiary","name":"長安東路二段","osm_id":296493637},"geometry":{"type":"LineString","coordinates":[[121.5440173,25.0482545],[121.5441649,25.0482518],[121.544266,25.0482498],[121.5446447,25.0482441],[121.5455127,25.048251],[121.5455757,25.0482515],[121.5456478,25.0482521],[121.5456834,25.0482494]]}},{"type":"Feature","properties":{"highway":"primary","name":"羅斯福路二段","osm_id":296507309},"geometry":{"type":"LineString","coordinates":[[121.5224656,25.0271507],[121.5223381,25.0273176],[121.5223305,25.0273276],[121.5222836,25.027386],[121.5220888,25.0276552],[121.5218645,25.0279653],[121.5218,25.0280545],[121.5217795,25.028084]]}},{"type":"Feature","properties":{"highway":"secondary","name":"新生南路三段","osm_id":297091618},"geometry":{"type":"LineString","coordinates":[[121.5347862,25.0259854],[121.5347718,25.025873],[121.5347265,25.0254561],[121.5346768,25.0250156],[121.5346565,25.0248361],[121.5346362,25.0246559],[121.5346191,25.0245044],[121.5345662,25.0240351],[121.5345582,25.0239646],[121.5345414,25.0238161],[121.5344206,25.0227447],[121.5344085,25.0226374]]}},{"type":"Feature","properties":{"highway":"tertiary","name":"辛亥路三段157巷","osm_id":297091622},"geometry":{"type":"LineString","coordinates":[[121.5489712,25.0169125],[121.5490679,25.0170304]]}},{"type":"Feature","properties":{"highway":"primary","name":"忠孝東路二段","osm_id":297213521},"geometry":{"type":"LineString","coordinates":[[121.528966,25.0433029],[121.5290085,25.0432929],[121.5293589,25.0432018],[121.5294822,25.0431698],[121.5295926,25.0431411],[121.5296461,25.0431272],[121.5297445,25.0431016],[121.5299523,25.0430502]]}},{"type":"Feature","properties":{"highway":"secondary","name":"信義路三段","osm_id":297234980},"geometry":{"type":"LineString","coordinates":[[121.5418959,25.0335069],[121.5420253,25.0335032],[121.5429776,25.0334838],[121.5433594,25.0334766],[121.5433965,25.0334749],[121.5435389,25.0334737]]}},{"type":"Feature","properties":{"highway":"tertiary","name":"建國南路一段","osm_id":297240245},"geometry":{"type":"LineString","coordinates":[[121.5380255,25.0335897],[121.5380285,25.0336636],[121.5380405,25.0343745],[121.5380421,25.0344187],[121.5380439,25.0344444],[121.5380453,25.0344991],[121.5380536,25.0345544],[121.5380821,25.0347595],[121.5380868,25.0352063],[121.538092,25.035396],[121.5381602,25.035682],[121.5382207,25.0359319],[121.5382516,25.036167],[121.5382509,25.0362177],[121.5382512,25.0363806],[121.5382518,25.0367664],[121.5382519,25.0368254],[121.5382518,25.0368847],[121.5382525,25.0372146],[121.5381127,25.0375541],[121.5380848,25.0376053],[121.5380654,25.0376539],[121.5380545,25.0377136],[121.5380541,25.0377782],[121.5380544,25.0378511],[121.53805,25.0379533]]}},{"type":"Feature","properties":{"highway":"tertiary","name":"愛國東路","osm_id":297240247},"geometry":{"type":"LineString","coordinates":[[121.5240816,25.0320401],[121.5252978,25.0318612],[121.525382,25.0318488],[121.5255324,25.0318267],[121.5266901,25.0316565],[121.5267799,25.0316444],[121.5269157,25.0316772]]}},{"type":"Feature","properties":{"highway":"tertiary","name":"杭州南路一段","osm_id":297240250},"geometry":{"type":"LineString","coordinates":[[121.5257785,25.0401911],[121.5257963,25.0402524],[121.5259506,25.040885],[121.5259713,25.0409562],[121.5261201,25.0414683],[121.5261538,25.0415845],[121.5261801,25.0416751],[121.5263019,25.0420896],[121.5264194,25.0424988],[121.5264762,25.0426942],[121.5264941,25.0427567],[121.52653,25.0428795],[121.5265679,25.0430101],[121.5266645,25.0433422],[121.5266812,25.0433999],[121.5267825,25.0437485],[121.5267927,25.0437827],[121.5268271,25.043902]]}},{"type":"Feature","properties":{"highway":"tertiary","name":"杭州南路二段","osm_id":297240251},"geometry":{"type":"LineString","coordinates":[[121.5225392,25.0322812],[121.5225741,25.0324039]]}},{"type":"Feature","properties":{"highway":"tertiary","name":"杭州南路一段","osm_id":297339418},"geometry":{"type":"LineString","coordinates":[[121.5268271,25.043902],[121.52686,25.0440126]]}},{"type":"Feature","properties":{"highway":"primary","name":"忠孝東路四段","osm_id":297603932},"geometry":{"type":"LineString","coordinates":[[121.5577382,25.0412799],[121.557824,25.041278],[121.5593809,25.0412216],[121.5596561,25.0412135],[121.5610007,25.0411741],[121.5614345,25.0411611],[121.5615828,25.04116]]}},{"type":"Feature","properties":{"highway":"secondary","name":"信義路四段","osm_id":299836291},"geometry":{"type":"LineString","coordinates":[[121.5597077,25.0331059],[121.5595406,25.0331222]]}},{"type":"Feature","properties":{"highway":"secondary","name":"光復南路","osm_id":299836293},"geometry":{"type":"LineString","coordinates":[[121.5574273,25.0331024],[121.5574285,25.0330144],[121.5574299,25.0328987],[121.5573916,25.032603],[121.5573873,25.032435],[121.5573815,25.0321709],[121.5573813,25.0321617],[121.5573808,25.0321379],[121.557379,25.0320557],[121.5573698,25.0316333],[121.5573467,25.0305768],[121.5573441,25.0301493],[121.5573614,25.0300205],[121.5573643,25.0299637],[121.5574877,25.0298569],[121.5575451,25.0298052]]}},{"type":"Feature","properties":{"highway":"secondary","name":"光復南路","osm_id":299836294},"geometry":{"type":"LineString","coordinates":[[121.5574319,25.0331793],[121.5574273,25.0331024]]}},{"type":"Feature","properties":{"highway":"secondary","name":"信義路四段","osm_id":299836295},"geometry":{"type":"LineString","coordinates":[[121.5577059,25.0330299],[121.5579145,25.0330239],[121.5582837,25.03301],[121.5586941,25.0330164],[121.5589629,25.033016],[121.5592413,25.0330118],[121.5593209,25.03301],[121.559482,25.0330012]]}},{"type":"Feature","properties":{"highway":"primary","name":"羅斯福路五段","osm_id":299892426},"geometry":{"type":"LineString","coordinates":[[121.5387068,25.0044299],[121.5386924,25.0043458]]}},{"type":"Feature","properties":{"highway":"tertiary","name":"八德路一段","osm_id":300077497},"geometry":{"type":"LineString","coordinates":[[121.5328258,25.0443601],[121.5326481,25.0443188],[121.5320484,25.0441595],[121.5319045,25.044125],[121.5318149,25.0441019],[121.531769,25.0440911],[121.5314678,25.0440205],[121.531175,25.0439504],[121.5307876,25.0438577],[121.5307108,25.0438393],[121.5306358,25.0438213],[121.5303587,25.043755],[121.5303029,25.0437416],[121.5302166,25.0437164],[121.530165,25.0437086]]}},{"type":"Feature","properties":{"highway":"secondary","name":"松江路","osm_id":300077507},"geometry":{"type":"LineString","coordinates":[[121.5330402,25.0484591],[121.5330377,25.0485742],[121.5330489,25.0489738],[121.5330537,25.0492009],[121.533055,25.0493694],[121.5330582,25.0495089],[121.5330616,25.0497641],[121.5330712,25.050124],[121.5330681,25.0501991]]}},{"type":"Feature","properties":{"highway":"tertiary","name":"長安東路二段","osm_id":300077510},"geometry":{"type":"LineString","coordinates":[[121.5330402,25.0484591],[121.5331502,25.0484566],[121.5332972,25.0484538],[121.5339392,25.0484416],[121.5346572,25.0484279],[121.5347283,25.0484277],[121.5347995,25.0484254],[121.535819,25.0484066],[121.5359854,25.0484035],[121.5363839,25.0484007],[121.5364678,25.0483945]]}},{"type":"Feature","properties":{"highway":"secondary","name":"復興南路一段","osm_id":300090399},"geometry":{"type":"LineString","coordinates":[[121.543679,25.0334691],[121.5436817,25.0336067],[121.5436969,25.0343797],[121.5437089,25.0349913],[121.5437122,25.035156],[121.5437135,25.0352225],[121.5437213,25.0356214],[121.5437244,25.0358104],[121.5437287,25.0359977],[121.5437303,25.0360767],[121.543732,25.0361631],[121.5437448,25.0368158],[121.5437559,25.0377016],[121.5437575,25.0377844]]}},{"type":"Feature","properties":{"highway":"tertiary","name":"東寧路","osm_id":300503371},"geometry":{"type":"LineString","coordinates":[[121.5627599,25.0486818],[121.5627909,25.0485939],[121.5628011,25.0485265],[121.562813,25.0484478],[121.5628714,25.0480617],[121.562945,25.0475438],[121.5629677,25.0474813],[121.5629987,25.0473595],[121.5630342,25.0472442]]}},{"type":"Feature","properties":{"highway":"trunk_link","name":"信義路出口匝道","osm_id":300896733},"geometry":{"type":"LineString","coordinates":[[121.5377293,25.0357057],[121.5377274,25.0355481],[121.5376966,25.0353355],[121.5376551,25.0351575],[121.5376055,25.0349857]]}},{"type":"Feature","properties":{"highway":"trunk_link","name":"信義路入口匝道","osm_id":300896734},"geometry":{"type":"LineString","coordinates":[[121.5380453,25.0344991],[121.5379889,25.0347587],[121.5380009,25.0368484],[121.5379283,25.0372751]]}},{"type":"Feature","properties":{"highway":"trunk_link","name":"信義路出口匝道","osm_id":300896736},"geometry":{"type":"LineString","coordinates":[[121.5378224,25.0377958],[121.5377577,25.0371437],[121.5377293,25.0357057]]}},{"type":"Feature","properties":{"highway":"trunk_link","name":"永吉路出口匝道","osm_id":301193241},"geometry":{"type":"LineString","coordinates":[[121.5687482,25.0457037],[121.5688462,25.045648]]}},{"type":"Feature","properties":{"highway":"trunk_link","name":"永吉路入口匝道","osm_id":301193242},"geometry":{"type":"LineString","coordinates":[[121.5688526,25.0457547],[121.5687482,25.0457037]]}},{"type":"Feature","properties":{"highway":"tertiary","name":"基隆路四段41巷68弄","osm_id":301531760},"geometry":{"type":"LineString","coordinates":[[121.5410064,25.0113254],[121.5410708,25.0113707],[121.5413201,25.0115368],[121.5416656,25.0117697],[121.541952,25.0119627],[121.543208,25.0128093],[121.5432493,25.0128371]]}},{"type":"Feature","properties":{"highway":"trunk","name":"水源快速道路","osm_id":302084388},"geometry":{"type":"LineString","coordinates":[[121.5227023,25.0200623],[121.5238075,25.0183302],[121.5239713,25.0181227],[121.5247366,25.0169441],[121.5259922,25.0150938],[121.526129,25.0148786],[121.5263181,25.0146101],[121.526585,25.0142382]]}},{"type":"Feature","properties":{"highway":"trunk_link","name":"永福橋出口匝道","osm_id":302089865},"geometry":{"type":"LineString","coordinates":[[121.526129,25.0148786],[121.5262564,25.014604]]}},{"type":"Feature","properties":{"highway":"trunk_link","name":"永福橋出口匝道","osm_id":302089866},"geometry":{"type":"LineString","coordinates":[[121.5269948,25.0134801],[121.5272749,25.0130728],[121.5275048,25.0127354],[121.5280443,25.0119109],[121.5281043,25.0118102],[121.5281148,25.0117604],[121.5281073,25.0116874],[121.5280411,25.0116083],[121.5279813,25.0115078],[121.5279563,25.0114083]]}},{"type":"Feature","properties":{"highway":"trunk","name":"水源快速道路","osm_id":302089867},"geometry":{"type":"LineString","coordinates":[[121.5227371,25.0203036],[121.5226917,25.0203245],[121.5226507,25.0203392],[121.5225933,25.0203578],[121.5225036,25.0203795],[121.5224585,25.0203892],[121.5223943,25.0203949]]}},{"type":"Feature","properties":{"highway":"trunk_link","name":"師大路入口匝道","osm_id":302089868},"geometry":{"type":"LineString","coordinates":[[121.5227371,25.0203036],[121.5227228,25.0202537],[121.5227245,25.0202243],[121.5227388,25.0201547],[121.5227665,25.020078],[121.5238765,25.0183472],[121.5239713,25.0181227]]}},{"type":"Feature","properties":{"highway":"trunk","name":"水源快速道路","osm_id":302089870},"geometry":{"type":"LineString","coordinates":[[121.5258481,25.0154322],[121.5256314,25.0157464],[121.5254236,25.0160678],[121.5243551,25.0177095],[121.5228183,25.0201228],[121.5227371,25.0203036]]}},{"type":"Feature","properties":{"highway":"trunk","name":"","osm_id":302089871},"geometry":{"type":"LineString","coordinates":[[121.526585,25.0142382],[121.5269779,25.0136415],[121.5273892,25.0130628],[121.5283073,25.0116432],[121.5283685,25.0115576],[121.5284572,25.0114234],[121.5286784,25.0111305],[121.5288567,25.0109179],[121.5290481,25.0107396],[121.5291942,25.0106307],[121.529361,25.0105339],[121.529538,25.0104318],[121.5299846,25.0102459],[121.5305775,25.0100386],[121.5309154,25.0098939],[121.5313124,25.0097019],[121.531665,25.0094929],[121.5318797,25.0093398],[121.5320634,25.0092],[121.5322337,25.0090578],[121.5323222,25.0089812],[121.5324966,25.0088268],[121.5326696,25.0086494],[121.5328439,25.0084514],[121.5330612,25.0081693],[121.5331825,25.0079768],[121.5333194,25.0077495],[121.5335999,25.007175],[121.5340225,25.0062396]]}},{"type":"Feature","properties":{"highway":"secondary","name":"仁愛路三段","osm_id":302219179},"geometry":{"type":"LineString","coordinates":[[121.5328941,25.0381145],[121.5328592,25.0381268]]}},{"type":"Feature","properties":{"highway":"tertiary","name":"中正路","osm_id":302320501},"geometry":{"type":"LineString","coordinates":[[121.5169665,25.007376],[121.5170023,25.0070761],[121.5170136,25.006981],[121.5170356,25.0067962],[121.5170703,25.0065052],[121.5170931,25.0063142],[121.5170967,25.0062839],[121.5171138,25.0059839]]}},{"type":"Feature","properties":{"highway":"secondary","name":"基隆路一段","osm_id":302320504},"geometry":{"type":"LineString","coordinates":[[121.5695866,25.0495305],[121.5696785,25.0496642],[121.5697298,25.0497406],[121.5702679,25.0506261],[121.570401,25.0508609],[121.570424,25.0509371],[121.5704718,25.0511289]]}},{"type":"Feature","properties":{"highway":"tertiary","name":"福和路","osm_id":302320507},"geometry":{"type":"LineString","coordinates":[[121.5169665,25.007376],[121.5176987,25.007452],[121.5178011,25.0074626],[121.5181373,25.0075001],[121.5182131,25.0075054],[121.5184386,25.0075212],[121.5191184,25.0075994],[121.5199318,25.0076794],[121.5208662,25.0077783]]}},{"type":"Feature","properties":{"highway":"tertiary","name":"復興南路二段148巷","osm_id":303397707},"geometry":{"type":"LineString","coordinates":[[121.5434472,25.0284053],[121.5433449,25.0284031],[121.5433153,25.0284048],[121.5427849,25.0284203]]}},{"type":"Feature","properties":{"highway":"secondary","name":"復興南路二段","osm_id":303397708},"geometry":{"type":"LineString","coordinates":[[121.5434472,25.0284053],[121.5434461,25.0283111],[121.5434331,25.0278134],[121.5434313,25.0277461],[121.5434221,25.027391],[121.5434046,25.0267199],[121.5434022,25.0266278],[121.5433991,25.0265125],[121.5433984,25.026482],[121.5433874,25.0260599],[121.5433743,25.0255586],[121.5433619,25.0250524],[121.5433612,25.0249585]]}},{"type":"Feature","properties":{"highway":"tertiary","name":"復興南路二段148巷","osm_id":303400446},"geometry":{"type":"LineString","coordinates":[[121.5427849,25.0284203],[121.542318,25.0284287],[121.542242,25.0284302],[121.5418763,25.0284376],[121.5416812,25.0284415],[121.5413736,25.0284497],[121.5412327,25.0284659]]}},{"type":"Feature","properties":{"highway":"secondary","name":"和平東路二段","osm_id":303420706},"geometry":{"type":"LineString","coordinates":[[121.53883,25.0254164],[121.5388883,25.0254088],[121.5392369,25.0253633],[121.5397566,25.0252955],[121.540257,25.0252302],[121.5413809,25.0250836],[121.5417616,25.0250339],[121.5418219,25.0250261],[121.5420936,25.0249906],[121.5428911,25.0248866],[121.5432235,25.0248434],[121.5433642,25.02483]]}},{"type":"Feature","properties":{"highway":"tertiary","name":"瑞安街208巷11弄","osm_id":303420782},"geometry":{"type":"LineString","coordinates":[[121.5405156,25.0287234],[121.5409507,25.0287264],[121.5409469,25.0287167]]}},{"type":"Feature","properties":{"highway":"tertiary","name":"瑞安街180巷","osm_id":303422775},"geometry":{"type":"LineString","coordinates":[[121.5409469,25.0287167],[121.5411526,25.0285653],[121.5412021,25.0285289]]}},{"type":"Feature","properties":{"highway":"tertiary","name":"瑞安街71巷","osm_id":303422777},"geometry":{"type":"LineString","coordinates":[[121.5412021,25.0285289],[121.5412327,25.0284659],[121.5412868,25.0283417],[121.5414496,25.0281444],[121.5414855,25.028104],[121.5416835,25.0278759]]}},{"type":"Feature","properties":{"highway":"tertiary","name":"瑞安街208巷","osm_id":303514046},"geometry":{"type":"LineString","coordinates":[[121.5405401,25.030287],[121.5405334,25.0299722],[121.5405307,25.029875],[121.5405307,25.0295712],[121.5405294,25.0294789],[121.540525,25.0292484],[121.5405223,25.0291599],[121.5405156,25.0287234]]}},{"type":"Feature","properties":{"highway":"tertiary","name":"瑞安街208巷","osm_id":303514052},"geometry":{"type":"LineString","coordinates":[[121.5405508,25.030688],[121.5405401,25.030287]]}},{"type":"Feature","properties":{"highway":"tertiary","name":"大安路二段","osm_id":303545650},"geometry":{"type":"LineString","coordinates":[[121.5460019,25.0287922],[121.5460083,25.0285133],[121.5460147,25.0283759],[121.5460144,25.0282946],[121.5460143,25.0282789],[121.5460143,25.0282738]]}},{"type":"Feature","properties":{"highway":"tertiary","name":"市民大道一段","osm_id":303647011},"geometry":{"type":"LineString","coordinates":[[121.5209092,25.0481518],[121.5207935,25.0481732]]}},{"type":"Feature","properties":{"highway":"tertiary","name":"市民大道三段","osm_id":303647013},"geometry":{"type":"LineString","coordinates":[[121.5306115,25.0459788],[121.5308292,25.0459219]]}},{"type":"Feature","properties":{"highway":"tertiary","name":"市民大道三段","osm_id":303647014},"geometry":{"type":"LineString","coordinates":[[121.5439383,25.0449789],[121.5437953,25.0449613],[121.543678,25.0449479],[121.5435556,25.0449334],[121.5431428,25.0448843],[121.542853,25.044852],[121.5427533,25.0448381],[121.5423587,25.0447967],[121.5423184,25.0447932],[121.5423002,25.0447916],[121.5416687,25.0447389],[121.5412823,25.0447096],[121.5412061,25.0447043],[121.5410722,25.0446958],[121.5409001,25.0446958],[121.5408395,25.0446957],[121.5406789,25.044697],[121.5404141,25.0447049],[121.5395953,25.0447402],[121.5395284,25.0447431],[121.5393878,25.0447472],[121.5383451,25.044778],[121.5376953,25.0448085]]}},{"type":"Feature","properties":{"highway":"tertiary","name":"市民大道二段","osm_id":303647015},"geometry":{"type":"LineString","coordinates":[[121.5306685,25.0461496],[121.5305835,25.046174],[121.5303824,25.0462316],[121.5297299,25.0464142],[121.5295472,25.0464655],[121.5294577,25.0464949],[121.5292782,25.046549],[121.5290995,25.0466028],[121.528483,25.0467947],[121.527811,25.0470037],[121.5277459,25.047024],[121.5265463,25.0473946],[121.5264027,25.0474393],[121.5261131,25.047526],[121.5260283,25.0475526],[121.5257042,25.0476421],[121.5253542,25.047721],[121.5250916,25.0477749],[121.5248971,25.0478109],[121.5247179,25.047842],[121.5244304,25.0478839],[121.5243944,25.0478891],[121.5242318,25.0479124]]}},{"type":"Feature","properties":{"highway":"tertiary","name":"市民大道四段","osm_id":303647019},"geometry":{"type":"LineString","coordinates":[[121.5439352,25.0447557],[121.5440366,25.0447678],[121.5445389,25.0448277],[121.54512,25.0448944],[121.5452967,25.0449151],[121.5456564,25.0449548],[121.5459112,25.0449767],[121.545971,25.0449828],[121.5462252,25.045],[121.5463078,25.0450034],[121.5464396,25.0450046],[121.546571,25.0449956],[121.5467138,25.0449901],[121.5468415,25.0449815],[121.5469738,25.044971],[121.5471075,25.0449572],[121.5472821,25.0449387],[121.5475843,25.0449044],[121.5481122,25.0448413],[121.5484347,25.0448019],[121.5484981,25.0447941],[121.5485879,25.0447831],[121.5486443,25.0447762]]}},{"type":"Feature","properties":{"highway":"secondary","name":"和平東路二段","osm_id":303666708},"geometry":{"type":"LineString","coordinates":[[121.5417814,25.0251748],[121.5412062,25.0252528],[121.5406479,25.0253285],[121.5402816,25.0253782],[121.5393275,25.0255076],[121.539154,25.0255311],[121.5389218,25.0255626],[121.5388731,25.0255692]]}},{"type":"Feature","properties":{"highway":"tertiary","name":"和平東路二段175巷","osm_id":303666710},"geometry":{"type":"LineString","coordinates":[[121.5416835,25.0278759],[121.5418869,25.0276122],[121.5418784,25.0274184],[121.5418555,25.027129],[121.5418485,25.0270394],[121.5418328,25.0268403],[121.5418095,25.0265453],[121.5417448,25.0261322],[121.541754,25.02589],[121.541761,25.0257088],[121.5417697,25.0255381],[121.5417694,25.0255232],[121.5417773,25.0252615],[121.5417814,25.0251748],[121.5417616,25.0250339]]}},{"type":"Feature","properties":{"highway":"tertiary_link","name":"","osm_id":303668053},"geometry":{"type":"LineString","coordinates":[[121.5379736,25.0288432],[121.5374718,25.0288501]]}},{"type":"Feature","properties":{"highway":"tertiary","name":"松仁路","osm_id":303829825},"geometry":{"type":"LineString","coordinates":[[121.5682664,25.032897],[121.568264,25.0327636]]}},{"type":"Feature","properties":{"highway":"tertiary","name":"瑞安街23巷","osm_id":303850632},"geometry":{"type":"LineString","coordinates":[[121.5451291,25.0310276],[121.5445857,25.0310492],[121.5439521,25.0310639],[121.5437228,25.0310797],[121.5436276,25.0310809],[121.5434956,25.0310811]]}},{"type":"Feature","properties":{"highway":"tertiary","name":"安和路一段","osm_id":303873191},"geometry":{"type":"LineString","coordinates":[[121.5525554,25.0342739],[121.552558,25.0343447],[121.5525623,25.0346194],[121.5525624,25.034668]]}},{"type":"Feature","properties":{"highway":"tertiary","name":"安和路一段","osm_id":303873196},"geometry":{"type":"LineString","coordinates":[[121.5525821,25.0354178],[121.5525833,25.0354838],[121.5525945,25.0361259],[121.5525931,25.0361529],[121.5525616,25.036215],[121.5525354,25.0362439],[121.5525198,25.0362566],[121.5524583,25.0363069],[121.5523077,25.0364299],[121.551535,25.0374225],[121.5514657,25.0375256],[121.5514314,25.0376229]]}},{"type":"Feature","properties":{"highway":"tertiary","name":"和平東路三段228巷","osm_id":304129744},"geometry":{"type":"LineString","coordinates":[[121.5527075,25.0203394],[121.5527591,25.0203771],[121.5531011,25.020635],[121.5531553,25.0206817],[121.5535089,25.0208998],[121.5538695,25.0211867],[121.5542818,25.0219035],[121.5543631,25.022041],[121.5544557,25.0221552],[121.5545659,25.0222774],[121.5545829,25.0222962]]}},{"type":"Feature","properties":{"highway":"secondary","name":"和平東路三段","osm_id":304129746},"geometry":{"type":"LineString","coordinates":[[121.556624,25.0206156],[121.5564751,25.0207581],[121.5563252,25.020902],[121.5561212,25.0210975],[121.5556732,25.0215269],[121.5556023,25.0215949],[121.555569,25.0216258],[121.5555093,25.0216811],[121.5547678,25.0223686],[121.5547027,25.0224289]]}},{"type":"Feature","properties":{"highway":"tertiary_link","name":"市民大道三段","osm_id":304148115},"geometry":{"type":"LineString","coordinates":[[121.5306452,25.0460768],[121.5308268,25.0460268]]}},{"type":"Feature","properties":{"highway":"trunk","name":"正氣橋","osm_id":304148117},"geometry":{"type":"LineString","coordinates":[[121.5698153,25.050131],[121.569913,25.0502121],[121.5701453,25.0505842],[121.5703218,25.050825],[121.5705067,25.0510373],[121.5707521,25.0512661],[121.5709974,25.051447],[121.5712528,25.051604]]}},{"type":"Feature","properties":{"highway":"tertiary","name":"樂業街","osm_id":304152731},"geometry":{"type":"LineString","coordinates":[[121.5502609,25.0224213],[121.5502167,25.0224646],[121.549899,25.0227393],[121.5498875,25.0228297],[121.5499326,25.0232663],[121.5499698,25.023934],[121.5500044,25.0243937],[121.5500083,25.0244417]]}},{"type":"Feature","properties":{"highway":"tertiary","name":"臥龍街151巷","osm_id":304180748},"geometry":{"type":"LineString","coordinates":[[121.5516744,25.0194488],[121.5517238,25.0195339],[121.5517336,25.0195486],[121.5518085,25.0196609],[121.5519303,25.0197963],[121.5520993,25.0199422],[121.5522817,25.0200589]]}},{"type":"Feature","properties":{"highway":"tertiary","name":"樂業街","osm_id":304347312},"geometry":{"type":"LineString","coordinates":[[121.5510408,25.0217389],[121.5507601,25.0219725]]}},{"type":"Feature","properties":{"highway":"tertiary","name":"樂業街","osm_id":304347314},"geometry":{"type":"LineString","coordinates":[[121.5513936,25.0214644],[121.5513506,25.0215022],[121.5513252,25.0215233],[121.5512041,25.0216016],[121.5510408,25.0217389]]}},{"type":"Feature","properties":{"highway":"primary","name":"忠孝東路四段","osm_id":304408986},"geometry":{"type":"LineString","coordinates":[[121.5615858,25.041299],[121.5614381,25.0413061],[121.5604689,25.041343],[121.5589821,25.0413937],[121.5578262,25.0414111],[121.5577437,25.0414128]]}},{"type":"Feature","properties":{"highway":"tertiary","name":"樂業街","osm_id":304460212},"geometry":{"type":"LineString","coordinates":[[121.5524375,25.0205378],[121.552037,25.0208659],[121.5517392,25.0211375],[121.5514362,25.0214241],[121.5513936,25.0214644]]}},{"type":"Feature","properties":{"highway":"tertiary","name":"臥龍街151巷","osm_id":304461604},"geometry":{"type":"LineString","coordinates":[[121.5522817,25.0200589],[121.5526523,25.020303],[121.5527075,25.0203394]]}},{"type":"Feature","properties":{"highway":"tertiary","name":"安和路二段","osm_id":304463987},"geometry":{"type":"LineString","coordinates":[[121.5501361,25.0253889],[121.5501448,25.0253443],[121.5501689,25.0251608],[121.5501836,25.0250354],[121.5502517,25.0246932],[121.5502599,25.0246179],[121.5502753,25.0245486]]}},{"type":"Feature","properties":{"highway":"tertiary","name":"安和路二段","osm_id":304464516},"geometry":{"type":"LineString","coordinates":[[121.5508117,25.0291073],[121.5506645,25.0289889],[121.5502203,25.0285937],[121.5500794,25.028471],[121.549983,25.0283794],[121.5499042,25.0282868],[121.5498724,25.0282273],[121.5498446,25.0282011],[121.5497686,25.0280584],[121.5497573,25.0279831],[121.5496914,25.0278028],[121.5496765,25.0276255],[121.5496872,25.0274772],[121.5498291,25.0269761],[121.5498531,25.0268707],[121.5499556,25.0262123],[121.5499783,25.0261209],[121.55007,25.0256561],[121.5501361,25.0253889]]}},{"type":"Feature","properties":{"highway":"tertiary","name":"敦化南路二段63巷","osm_id":304464528},"geometry":{"type":"LineString","coordinates":[[121.551544,25.0309462],[121.5514693,25.0309462],[121.550762,25.0309479],[121.5501398,25.0309493],[121.5500367,25.0309495],[121.5497912,25.03095],[121.5491791,25.0309518],[121.549094,25.030952],[121.5490218,25.0309517],[121.5487828,25.0309593]]}},{"type":"Feature","properties":{"highway":"secondary","name":"復興南路一段","osm_id":304544027},"geometry":{"type":"LineString","coordinates":[[121.5435994,25.0360893],[121.5435974,25.0360032],[121.5435905,25.0358392],[121.5435794,25.0352238],[121.5435762,25.035086],[121.543574,25.034992],[121.5435589,25.0343372],[121.5435493,25.0339244],[121.543542,25.0336084],[121.5435389,25.0334737]]}},{"type":"Feature","properties":{"highway":"tertiary","name":"東豐街","osm_id":304544028},"geometry":{"type":"LineString","coordinates":[[121.5435994,25.0360893],[121.5437303,25.0360767],[121.5438242,25.0360749],[121.5443441,25.0360652],[121.5450594,25.0360518],[121.5451304,25.0360505],[121.545198,25.0360492],[121.5459118,25.0360359],[121.5460138,25.036034],[121.5460988,25.0360324],[121.5470012,25.0360157],[121.5470631,25.0360145],[121.547131,25.0360132],[121.5480571,25.0359959],[121.5481249,25.0359946],[121.5481715,25.0359937],[121.5484957,25.0359877],[121.5485717,25.0359875]]}},{"type":"Feature","properties":{"highway":"secondary","name":"和平東路三段","osm_id":307182098},"geometry":{"type":"LineString","coordinates":[[121.5467103,25.0246366],[121.5474474,25.0245899],[121.5478936,25.0245617],[121.5482495,25.0245394],[121.5483196,25.0245357],[121.5483516,25.0245303],[121.5484771,25.0245274]]}},{"type":"Feature","properties":{"highway":"secondary","name":"和平東路二段","osm_id":307182099},"geometry":{"type":"LineString","coordinates":[[121.5467014,25.024746],[121.5462685,25.0247738],[121.5458516,25.0247982],[121.5451918,25.0248367],[121.5451137,25.0248413],[121.5449796,25.0248494],[121.544811,25.0248595],[121.5447607,25.0248625],[121.5444296,25.0248825],[121.5440097,25.0249077],[121.5438435,25.0249177],[121.5436106,25.0249317],[121.5434944,25.0249387]]}},{"type":"Feature","properties":{"highway":"secondary","name":"辛亥路二段","osm_id":307467647},"geometry":{"type":"LineString","coordinates":[[121.5432965,25.0215038],[121.5432065,25.0215084],[121.5428122,25.0215176],[121.5418474,25.0215458],[121.5411721,25.0215655],[121.541076,25.0215673],[121.5403802,25.0215857],[121.5402487,25.0215892],[121.5398026,25.0216034],[121.5395669,25.0216189],[121.5394318,25.0216405],[121.5392655,25.0216776],[121.5390603,25.0217395],[121.5388203,25.0218525],[121.5386144,25.0219741],[121.5385345,25.0220324]]}},{"type":"Feature","properties":{"highway":"secondary","name":"辛亥路三段","osm_id":307467652},"geometry":{"type":"LineString","coordinates":[[121.5433524,25.0210388],[121.5434068,25.0210372]]}},{"type":"Feature","properties":{"highway":"secondary","name":"敦化南路一段","osm_id":308448931},"geometry":{"type":"LineString","coordinates":[[121.5490979,25.0374571],[121.549139,25.0375041]]}},{"type":"Feature","properties":{"highway":"secondary","name":"基隆路三段","osm_id":308558729},"geometry":{"type":"LineString","coordinates":[[121.5484513,25.020824],[121.5483056,25.0207032],[121.5481397,25.0205641],[121.5477342,25.020229],[121.5471995,25.0197763],[121.5468125,25.0194471],[121.5467929,25.0194338],[121.5467398,25.0193911]]}},{"type":"Feature","properties":{"highway":"secondary","name":"新生南路二段","osm_id":308585152},"geometry":{"type":"LineString","coordinates":[[121.5337696,25.0306604],[121.533743,25.0307315],[121.5330497,25.0326667]]}},{"type":"Feature","properties":{"highway":"secondary","name":"金山南路二段","osm_id":308585153},"geometry":{"type":"LineString","coordinates":[[121.5269157,25.0316772],[121.5269361,25.0317941],[121.5269655,25.0319633],[121.5270319,25.032353],[121.5271283,25.032918],[121.5271442,25.0330113],[121.52715,25.0330451],[121.5271947,25.0333071],[121.527225,25.033485],[121.5272908,25.0338707],[121.5273117,25.0339866]]}},{"type":"Feature","properties":{"highway":"secondary","name":"金山南路二段","osm_id":308585154},"geometry":{"type":"LineString","coordinates":[[121.526624,25.0301814],[121.5266311,25.0302179],[121.5266916,25.0305267],[121.5267221,25.0306987],[121.5267623,25.0308879],[121.5268333,25.0312503],[121.5268674,25.0314272],[121.5269157,25.0316772]]}},{"type":"Feature","properties":{"highway":"tertiary","name":"金華街","osm_id":308585155},"geometry":{"type":"LineString","coordinates":[[121.526624,25.0301814],[121.5265185,25.0301978]]}},{"type":"Feature","properties":{"highway":"primary","name":"羅斯福路三段","osm_id":308589615},"geometry":{"type":"LineString","coordinates":[[121.5293292,25.019504],[121.5294532,25.0193873],[121.5295335,25.0193141],[121.5303467,25.0184998],[121.5304514,25.0184035],[121.5305811,25.0182782],[121.5309272,25.0179686],[121.5313637,25.0175432],[121.5314752,25.0174345],[121.5315124,25.0173983],[121.5320752,25.0168498],[121.5323584,25.0165737],[121.5324184,25.0165114],[121.5326143,25.0163082]]}},{"type":"Feature","properties":{"highway":"secondary","name":"辛亥路一段","osm_id":308589618},"geometry":{"type":"LineString","coordinates":[[121.5293292,25.019504],[121.5293829,25.0195499],[121.5294088,25.019572]]}},{"type":"Feature","properties":{"highway":"tertiary","name":"吉林路","osm_id":308684352},"geometry":{"type":"LineString","coordinates":[[121.5300226,25.0490239],[121.5300129,25.0486102],[121.5300109,25.0485116]]}},{"type":"Feature","properties":{"highway":"tertiary","name":"吉林路","osm_id":308684357},"geometry":{"type":"LineString","coordinates":[[121.5300682,25.0510309],[121.5300565,25.0505155],[121.5300475,25.0501051],[121.5300386,25.0497306],[121.5300305,25.0493714],[121.5300237,25.0490739],[121.5300226,25.0490239]]}},{"type":"Feature","properties":{"highway":"tertiary","name":"林森路","osm_id":308723532},"geometry":{"type":"LineString","coordinates":[[121.5225834,25.003243],[121.522154,25.0029924],[121.5220432,25.0029475],[121.521955,25.0029564],[121.5217359,25.0030678]]}},{"type":"Feature","properties":{"highway":"primary","name":"羅斯福路四段","osm_id":308724899},"geometry":{"type":"LineString","coordinates":[[121.536986,25.0112377],[121.5370147,25.0111518]]}},{"type":"Feature","properties":{"highway":"secondary","name":"仁愛路四段","osm_id":309157013},"geometry":{"type":"LineString","coordinates":[[121.557645,25.0376859],[121.5575226,25.037628]]}},{"type":"Feature","properties":{"highway":"secondary","name":"仁愛路四段","osm_id":309157014},"geometry":{"type":"LineString","coordinates":[[121.5635786,25.037522],[121.5634022,25.0375257],[121.5633562,25.0375267],[121.5621666,25.0375517],[121.5621426,25.0375521],[121.5619882,25.0375554]]}},{"type":"Feature","properties":{"highway":"secondary","name":"仁愛路四段","osm_id":309157017},"geometry":{"type":"LineString","coordinates":[[121.5576453,25.0375829],[121.5577418,25.0375787],[121.558441,25.0375577],[121.5592244,25.0375326],[121.5603771,25.0374981],[121.5606414,25.0374887],[121.5612078,25.0374702],[121.5612585,25.0374685],[121.5614314,25.0374619],[121.5615996,25.0374566],[121.5618032,25.0374489],[121.5618917,25.037448],[121.5619237,25.0374403],[121.5619409,25.0374136],[121.56194,25.0373552]]}},{"type":"Feature","properties":{"highway":"tertiary","name":"通化街","osm_id":309158949},"geometry":{"type":"LineString","coordinates":[[121.5542865,25.0324499],[121.5542755,25.0320757],[121.554272,25.0316955],[121.5542602,25.0313136],[121.5542439,25.0309303],[121.5542412,25.0305487],[121.5542366,25.030473],[121.5542198,25.0301939],[121.5540977,25.0296943],[121.5539723,25.0292976],[121.5538636,25.028919],[121.5537416,25.0284651],[121.5536474,25.0281423],[121.5536291,25.0280818],[121.5536133,25.0280262],[121.5535605,25.0278411],[121.5535191,25.0276707],[121.5534385,25.0273991],[121.5534215,25.0273469],[121.5533675,25.0271631],[121.5533132,25.0269931],[121.5532361,25.026707],[121.5532179,25.0266396],[121.5530718,25.0262429],[121.5530237,25.0260829],[121.552746,25.0260298],[121.5524682,25.0259766],[121.552321,25.0259483],[121.5520917,25.0258975],[121.5520259,25.0258829]]}},{"type":"Feature","properties":{"highway":"trunk","name":"建國快速道路","osm_id":309693115},"geometry":{"type":"LineString","coordinates":[[121.530818,25.0209151],[121.5316306,25.0215968],[121.5318987,25.0218154],[121.5321323,25.0219844],[121.5323523,25.0221218],[121.5324921,25.0221834],[121.5327309,25.0222637],[121.5331306,25.0223511],[121.5335059,25.0223755],[121.5350544,25.0224042],[121.5365834,25.0224346],[121.5367551,25.0224511],[121.5369574,25.0224978],[121.5371773,25.0225878],[121.5373289,25.0226886],[121.5374224,25.0227668],[121.5375214,25.0228697],[121.5376208,25.0230064],[121.5376813,25.0231252],[121.5377259,25.0232209],[121.5377488,25.0233352],[121.5377662,25.0234506],[121.5377715,25.0236486],[121.5377702,25.024012]]}},{"type":"Feature","properties":{"highway":"tertiary","name":"汀州路三段","osm_id":309702180},"geometry":{"type":"LineString","coordinates":[[121.5253472,25.0210483],[121.5253543,25.0209047]]}},{"type":"Feature","properties":{"highway":"tertiary_link","name":"迴轉道","osm_id":310080654},"geometry":{"type":"LineString","coordinates":[[121.5500679,25.0448362],[121.5500034,25.044804],[121.5499844,25.0447005],[121.5500516,25.0446241]]}},{"type":"Feature","properties":{"highway":"tertiary_link","name":"迴轉道","osm_id":310080655},"geometry":{"type":"LineString","coordinates":[[121.5498396,25.0446454],[121.5499242,25.0447035],[121.5499393,25.0448076],[121.5498726,25.0448581]]}},{"type":"Feature","properties":{"highway":"secondary","name":"和平東路三段","osm_id":310415353},"geometry":{"type":"LineString","coordinates":[[121.5592293,25.0182183],[121.5589589,25.0184704],[121.5586702,25.0187218],[121.5585578,25.0188197],[121.5584473,25.0189174],[121.558291,25.01906],[121.5580912,25.0192399],[121.557824,25.0194922],[121.5576511,25.0196555],[121.5575816,25.0197211]]}},{"type":"Feature","properties":{"highway":"primary","name":"中山北路一段","osm_id":310620429},"geometry":{"type":"LineString","coordinates":[[121.5224421,25.0522047],[121.5224058,25.0520724],[121.5222829,25.0516401],[121.5222069,25.0514006],[121.5221197,25.0511868],[121.5220289,25.0509737],[121.5218877,25.0506875],[121.5217657,25.0504239],[121.521574,25.0500162],[121.521571,25.0500095],[121.521547,25.0499584],[121.5214968,25.0498624]]}},{"type":"Feature","properties":{"highway":"secondary","name":"復興南路二段","osm_id":311134633},"geometry":{"type":"LineString","coordinates":[[121.5435348,25.0332978],[121.5435321,25.0331452],[121.5435259,25.0327379],[121.5435196,25.032439],[121.54351,25.0318928],[121.5434962,25.0311141],[121.5434956,25.0310811],[121.5434943,25.031009],[121.5434814,25.0302765],[121.5434756,25.029946],[121.543474,25.0298567],[121.543473,25.0298032],[121.5434683,25.0295333],[121.5434635,25.0292631],[121.5434621,25.0291833],[121.5434497,25.02848],[121.5434472,25.0284053]]}},{"type":"Feature","properties":{"highway":"primary","name":"忠孝東路四段","osm_id":311359939},"geometry":{"type":"LineString","coordinates":[[121.5488758,25.0415958],[121.5486169,25.0416027]]}},{"type":"Feature","properties":{"highway":"secondary","name":"敦化南路一段","osm_id":311359941},"geometry":{"type":"LineString","coordinates":[[121.5488758,25.0415958],[121.5488759,25.0414575]]}},{"type":"Feature","properties":{"highway":"secondary","name":"和平西路一段","osm_id":311438966},"geometry":{"type":"LineString","coordinates":[[121.5210407,25.026857],[121.5208299,25.026818],[121.5204475,25.0267421],[121.5198161,25.0266169],[121.5191742,25.0264925],[121.519103,25.0264848],[121.5189441,25.0265354]]}},{"type":"Feature","properties":{"highway":"secondary","name":"辛亥路二段","osm_id":311438969},"geometry":{"type":"LineString","coordinates":[[121.54329,25.0210394],[121.5433524,25.0210388]]}},{"type":"Feature","properties":{"highway":"secondary","name":"和平東路二段","osm_id":311995318},"geometry":{"type":"LineString","coordinates":[[121.5349678,25.0261067],[121.5348064,25.0261274]]}},{"type":"Feature","properties":{"highway":"secondary","name":"基隆路三段","osm_id":311995319},"geometry":{"type":"LineString","coordinates":[[121.5467398,25.0193911],[121.5463845,25.0191113]]}},{"type":"Feature","properties":{"highway":"secondary","name":"新生南路二段","osm_id":311995322},"geometry":{"type":"LineString","coordinates":[[121.5349639,25.0272048],[121.5348753,25.0275504],[121.5345959,25.0283344],[121.5345696,25.0284078],[121.5343856,25.028962],[121.5342627,25.0292617]]}},{"type":"Feature","properties":{"highway":"secondary","name":"辛亥路三段","osm_id":311995325},"geometry":{"type":"LineString","coordinates":[[121.5464869,25.0196366],[121.546396,25.0197302],[121.5460846,25.0200262],[121.5458357,25.0202599],[121.5455848,25.0204955]]}},{"type":"Feature","properties":{"highway":"tertiary","name":"潮州街","osm_id":312306447},"geometry":{"type":"LineString","coordinates":[[121.5275383,25.028704],[121.5282579,25.0285816],[121.5282965,25.028575],[121.5283508,25.0285668],[121.5291329,25.0284488],[121.5296156,25.0283769],[121.5305333,25.0283093]]}},{"type":"Feature","properties":{"highway":"tertiary","name":"永利路","osm_id":312452447},"geometry":{"type":"LineString","coordinates":[[121.5197661,25.0047005],[121.5203155,25.0042492],[121.5206418,25.0039817],[121.5208486,25.0038101],[121.5209154,25.0037547],[121.5211139,25.0035922],[121.5212113,25.0035087],[121.5212825,25.0034495],[121.521433,25.0033243],[121.5215007,25.003272],[121.5216727,25.0031197],[121.5217359,25.0030678]]}},{"type":"Feature","properties":{"highway":"secondary","name":"復興南路二段","osm_id":312467349},"geometry":{"type":"LineString","coordinates":[[121.5434174,25.0214977],[121.543419,25.0215868],[121.5434284,25.0220804],[121.5434343,25.0224116],[121.543439,25.0226666],[121.5434441,25.022942],[121.5434546,25.0235134],[121.5434557,25.0235723],[121.5434764,25.0247208],[121.5434841,25.0248177]]}},{"type":"Feature","properties":{"highway":"trunk_link","name":"基隆路入口匝道","osm_id":312614613},"geometry":{"type":"LineString","coordinates":[[121.537118,25.011218],[121.5369604,25.0111579],[121.5366821,25.0110899],[121.5362731,25.0109914],[121.5360679,25.0109367],[121.5358922,25.0108735],[121.5356428,25.0107435],[121.5353531,25.0105843],[121.534987,25.0103777],[121.5346986,25.0102136],[121.5345431,25.0101006],[121.5344291,25.0099888],[121.5343151,25.0098405],[121.5341944,25.0096278],[121.5341407,25.0094771],[121.5341019,25.0092911],[121.5340737,25.0089812],[121.5339879,25.0075276],[121.5339691,25.0072663],[121.5339374,25.0069367]]}},{"type":"Feature","properties":{"highway":"tertiary","name":"基隆路一段","osm_id":312614615},"geometry":{"type":"LineString","coordinates":[[121.5642458,25.0403895],[121.5643523,25.040569]]}},{"type":"Feature","properties":{"highway":"secondary","name":"基隆路二段","osm_id":312614625},"geometry":{"type":"LineString","coordinates":[[121.5502239,25.0223896],[121.5500367,25.022253],[121.5494251,25.0217124],[121.5491738,25.0214836],[121.5491338,25.0214472],[121.5491222,25.0214366],[121.5490773,25.0213985],[121.5489368,25.0212635]]}},{"type":"Feature","properties":{"highway":"secondary","name":"光復南路","osm_id":312713300},"geometry":{"type":"LineString","coordinates":[[121.5577609,25.0481861],[121.5577549,25.0480857],[121.5577447,25.0476415],[121.5577334,25.0471458],[121.5577245,25.0467588],[121.5577221,25.0466537],[121.5577109,25.0461597],[121.557701,25.0457277],[121.5576916,25.0452785],[121.5576921,25.0452085]]}},{"type":"Feature","properties":{"highway":"secondary","name":"基隆路二段","osm_id":312878258},"geometry":{"type":"LineString","coordinates":[[121.5503077,25.0223282],[121.5503405,25.0223502]]}},{"type":"Feature","properties":{"highway":"trunk","name":"水源快速道路","osm_id":312878259},"geometry":{"type":"LineString","coordinates":[[121.5353128,24.9996154],[121.535329,25.0003132],[121.5353444,25.0006615],[121.5353734,25.0010053],[121.5354371,25.0018199],[121.5354785,25.0026323],[121.5354607,25.0029319],[121.5354433,25.0031342],[121.5354231,25.0033585],[121.5353749,25.0035937],[121.5352945,25.0038975],[121.5352022,25.004161],[121.5351382,25.0043193],[121.5350346,25.0045372],[121.5348911,25.0048261],[121.5346487,25.0052181],[121.5343959,25.0056289],[121.5341731,25.0060321]]}},{"type":"Feature","properties":{"highway":"primary","name":"羅斯福路五段","osm_id":312879611},"geometry":{"type":"LineString","coordinates":[[121.5389399,25.0022338],[121.5389161,25.0022932],[121.5388032,25.002646],[121.5387631,25.0027852],[121.5387117,25.0030871],[121.5387017,25.003308],[121.5387257,25.0036346],[121.538802,25.0041703],[121.5388124,25.0042385],[121.5388293,25.0043267]]}},{"type":"Feature","properties":{"highway":"tertiary","name":"福州街","osm_id":312893826},"geometry":{"type":"LineString","coordinates":[[121.5188431,25.0289716],[121.5196257,25.0294307],[121.5199758,25.0296319],[121.5201942,25.0297657],[121.5202882,25.0298254]]}},{"type":"Feature","properties":{"highway":"secondary","name":"和平東路三段","osm_id":312929523},"geometry":{"type":"LineString","coordinates":[[121.5502753,25.0245486],[121.5502088,25.024552],[121.549503,25.024588],[121.549164,25.0246053],[121.5490995,25.0246086],[121.5490628,25.0246105],[121.548962,25.0246178]]}},{"type":"Feature","properties":{"highway":"tertiary","name":"安和路一段","osm_id":312929524},"geometry":{"type":"LineString","coordinates":[[121.5512219,25.0378705],[121.5512416,25.0377528]]}},{"type":"Feature","properties":{"highway":"tertiary","name":"安和路二段","osm_id":312929525},"geometry":{"type":"LineString","coordinates":[[121.5502753,25.0245486],[121.5503173,25.0244301]]}},{"type":"Feature","properties":{"highway":"trunk_link","name":"臺北轉運站出站通道","osm_id":313332505},"geometry":{"type":"LineString","coordinates":[[121.5182344,25.0488625],[121.5181385,25.0487924]]}},{"type":"Feature","properties":{"highway":"secondary","name":"光復北路","osm_id":313675767},"geometry":{"type":"LineString","coordinates":[[121.5578747,25.0481941],[121.5578638,25.0483243],[121.557884,25.0490926],[121.5578856,25.0491656],[121.5578856,25.0492273],[121.5579091,25.0500552],[121.5579255,25.0505124],[121.5579308,25.0509475],[121.5579395,25.051218],[121.5579402,25.0512713],[121.5579424,25.0513301],[121.5579493,25.0514665]]}},{"type":"Feature","properties":{"highway":"trunk_link","name":"光復南路出口匝道","osm_id":313680582},"geometry":{"type":"LineString","coordinates":[[121.556269,25.0448017],[121.5567015,25.0447779]]}},{"type":"Feature","properties":{"highway":"tertiary_link","name":"迴轉道","osm_id":313682484},"geometry":{"type":"LineString","coordinates":[[121.5470262,25.0451759],[121.5469563,25.045159],[121.5469271,25.0450116],[121.5469738,25.044971]]}},{"type":"Feature","properties":{"highway":"tertiary_link","name":"迴轉道","osm_id":313682485},"geometry":{"type":"LineString","coordinates":[[121.54512,25.0448944],[121.5451849,25.0449789],[121.5451726,25.0450788],[121.5451236,25.0451091]]}},{"type":"Feature","properties":{"highway":"tertiary_link","name":"迴轉道","osm_id":313682486},"geometry":{"type":"LineString","coordinates":[[121.5532982,25.0445008],[121.5532143,25.0444761],[121.5532159,25.0442712],[121.5532576,25.0442373]]}},{"type":"Feature","properties":{"highway":"tertiary_link","name":"迴轉道","osm_id":313682487},"geometry":{"type":"LineString","coordinates":[[121.5468415,25.0449815],[121.5468981,25.0450144],[121.5469274,25.04516],[121.5468599,25.0451901]]}},{"type":"Feature","properties":{"highway":"tertiary_link","name":"迴轉道","osm_id":313682488},"geometry":{"type":"LineString","coordinates":[[121.545278,25.0451269],[121.5452036,25.0450825],[121.545219,25.0449838],[121.5452967,25.0449151]]}},{"type":"Feature","properties":{"highway":"tertiary_link","name":"迴轉道","osm_id":313682489},"geometry":{"type":"LineString","coordinates":[[121.5531208,25.0442352],[121.5531649,25.0442586],[121.5531698,25.0443649],[121.5531691,25.0444825],[121.5531256,25.0445115]]}},{"type":"Feature","properties":{"highway":"tertiary_link","name":"","osm_id":313684469},"geometry":{"type":"LineString","coordinates":[[121.52134,25.0480915],[121.5213042,25.048069],[121.5212841,25.0480132],[121.5212854,25.0479524],[121.5213221,25.0479007]]}},{"type":"Feature","properties":{"highway":"tertiary_link","name":"迴轉道","osm_id":313684470},"geometry":{"type":"LineString","coordinates":[[121.5263407,25.0472527],[121.5264097,25.0472534],[121.5264592,25.0473886],[121.5264027,25.0474393]]}},{"type":"Feature","properties":{"highway":"tertiary_link","name":"","osm_id":313684472},"geometry":{"type":"LineString","coordinates":[[121.5237529,25.0477499],[121.5237891,25.0477863],[121.5238032,25.0478403],[121.5237948,25.0478996],[121.5237737,25.0479398]]}},{"type":"Feature","properties":{"highway":"tertiary_link","name":"迴轉道","osm_id":313684474},"geometry":{"type":"LineString","coordinates":[[121.5411,25.0444588],[121.5411549,25.0444807],[121.5411638,25.044634],[121.5410722,25.0446958]]}},{"type":"Feature","properties":{"highway":"tertiary_link","name":"迴轉道","osm_id":313684476},"geometry":{"type":"LineString","coordinates":[[121.5412823,25.0447096],[121.5411932,25.0446317],[121.5411913,25.044481],[121.5412399,25.0444638]]}},{"type":"Feature","properties":{"highway":"tertiary_link","name":"迴轉道","osm_id":313684478},"geometry":{"type":"LineString","coordinates":[[121.5431525,25.0446677],[121.5432242,25.044736],[121.5432106,25.0448509],[121.5431428,25.0448843]]}},{"type":"Feature","properties":{"highway":"tertiary_link","name":"迴轉道","osm_id":313684480},"geometry":{"type":"LineString","coordinates":[[121.5265463,25.0473946],[121.526478,25.047383],[121.5264313,25.0472494],[121.5264759,25.0472131]]}},{"type":"Feature","properties":{"highway":"tertiary_link","name":"迴轉道","osm_id":313684481},"geometry":{"type":"LineString","coordinates":[[121.5290353,25.0464078],[121.5291353,25.04644],[121.5291646,25.0465401],[121.5290995,25.0466028]]}},{"type":"Feature","properties":{"highway":"tertiary_link","name":"迴轉道","osm_id":313684482},"geometry":{"type":"LineString","coordinates":[[121.5292782,25.046549],[121.5291957,25.0465386],[121.529156,25.0464055],[121.5292041,25.0463579]]}},{"type":"Feature","properties":{"highway":"trunk_link","name":"新生南路出口匝道","osm_id":313685958},"geometry":{"type":"LineString","coordinates":[[121.5303057,25.0205506],[121.5307885,25.0209885],[121.5310115,25.0212039]]}},{"type":"Feature","properties":{"highway":"secondary_link","name":"","osm_id":313685959},"geometry":{"type":"LineString","coordinates":[[121.5317037,25.0217861],[121.5317895,25.0218396],[121.5320864,25.0220247],[121.5322678,25.0221108],[121.5324394,25.0221448],[121.5325718,25.0221499],[121.5327363,25.0221033]]}},{"type":"Feature","properties":{"highway":"secondary_link","name":"","osm_id":313685960},"geometry":{"type":"LineString","coordinates":[[121.5326913,25.0225565],[121.532582,25.0224608],[121.5325236,25.0224097],[121.5324926,25.02238],[121.5324475,25.0223369],[121.5323753,25.022252],[121.532245,25.0221497],[121.5320595,25.0220567],[121.5317834,25.0218467],[121.5317037,25.0217861]]}},{"type":"Feature","properties":{"highway":"trunk_link","name":"新生南路入口匝道","osm_id":313685961},"geometry":{"type":"LineString","coordinates":[[121.5310115,25.0212039],[121.5307557,25.0210122],[121.5303343,25.0206891]]}},{"type":"Feature","properties":{"highway":"trunk_link","name":"","osm_id":313685962},"geometry":{"type":"LineString","coordinates":[[121.5310115,25.0212039],[121.5315916,25.0216918],[121.5317037,25.0217861]]}},{"type":"Feature","properties":{"highway":"tertiary_link","name":"迴轉道","osm_id":314800955},"geometry":{"type":"LineString","coordinates":[[121.5324073,25.045914],[121.5324528,25.0459237],[121.5324937,25.0459441],[121.5325271,25.0459737],[121.5325503,25.0460104],[121.5325619,25.0460514],[121.5325608,25.0460937],[121.5325415,25.0461444]]}},{"type":"Feature","properties":{"highway":"primary","name":"忠孝東路四段","osm_id":316690653},"geometry":{"type":"LineString","coordinates":[[121.5643364,25.0411128],[121.564579,25.0411035]]}},{"type":"Feature","properties":{"highway":"secondary","name":"師大路","osm_id":316698032},"geometry":{"type":"LineString","coordinates":[[121.5227371,25.0203036],[121.5228355,25.0203298],[121.5229071,25.0203504],[121.5236126,25.0205356],[121.5240806,25.0206615],[121.524661,25.0208147],[121.5247503,25.0208575],[121.5248147,25.0208889]]}},{"type":"Feature","properties":{"highway":"tertiary","name":"思源街","osm_id":316698033},"geometry":{"type":"LineString","coordinates":[[121.5320328,25.0149306],[121.5317872,25.0147068],[121.5315812,25.0145146],[121.5314975,25.0144461],[121.531316,25.0142859],[121.5308841,25.014022],[121.5302958,25.0136095],[121.5302026,25.0135011]]}},{"type":"Feature","properties":{"highway":"tertiary","name":"汀州路三段","osm_id":316698035},"geometry":{"type":"LineString","coordinates":[[121.5325215,25.0149062],[121.5326147,25.0148384],[121.5326283,25.0148285],[121.53299,25.0145644],[121.5332399,25.0143926],[121.5332814,25.0143645],[121.5334048,25.0142804],[121.5335657,25.0141683],[121.5339003,25.0139274],[121.534074,25.0138016],[121.5342155,25.0136977],[121.5344189,25.0135549],[121.5344569,25.0135214],[121.5345099,25.0134754],[121.5346795,25.0133227],[121.5347356,25.0132647],[121.5348964,25.0130986],[121.5349323,25.0130615],[121.534966,25.0130232],[121.5350032,25.0129775],[121.5350778,25.0128858],[121.5351811,25.0127418],[121.5352526,25.01263],[121.5352797,25.0125875],[121.535303,25.012546],[121.5353635,25.0124398],[121.5354493,25.0122964],[121.5355378,25.0121657],[121.535908,25.0116013],[121.5359398,25.0115528]]}},{"type":"Feature","properties":{"highway":"tertiary","name":"汀州路三段","osm_id":316698036},"geometry":{"type":"LineString","coordinates":[[121.532225,25.0151151],[121.5322937,25.0150667]]}},{"type":"Feature","properties":{"highway":"secondary","name":"汀州路三段","osm_id":316698037},"geometry":{"type":"LineString","coordinates":[[121.5274177,25.0181933],[121.5274725,25.0181396],[121.5274755,25.0181367]]}},{"type":"Feature","properties":{"highway":"secondary","name":"辛亥路一段","osm_id":316698039},"geometry":{"type":"LineString","coordinates":[[121.531542,25.0219631],[121.531479,25.0219109],[121.5314246,25.0218657],[121.5312701,25.0217376],[121.5305697,25.0211323],[121.530086,25.0206827]]}},{"type":"Feature","properties":{"highway":"secondary","name":"辛亥路一段","osm_id":316698040},"geometry":{"type":"LineString","coordinates":[[121.5278112,25.0182057],[121.5278665,25.0182504],[121.5286421,25.018921]]}},{"type":"Feature","properties":{"highway":"secondary","name":"辛亥路一段","osm_id":316698041},"geometry":{"type":"LineString","coordinates":[[121.5331726,25.022201],[121.5332523,25.0222088],[121.5335314,25.0222363],[121.5341971,25.0222426],[121.5343648,25.0222437]]}},{"type":"Feature","properties":{"highway":"tertiary","name":"松隆路","osm_id":316836119},"geometry":{"type":"LineString","coordinates":[[121.5704427,25.0455958],[121.5705596,25.0457042]]}},{"type":"Feature","properties":{"highway":"tertiary","name":"永吉路","osm_id":316836120},"geometry":{"type":"LineString","coordinates":[[121.5704427,25.0455958],[121.5708236,25.0455914],[121.5709231,25.0455902],[121.5715134,25.0455734],[121.571997,25.0455551],[121.5720829,25.0455518],[121.572097,25.0455513],[121.5721383,25.0455496],[121.5722295,25.0455463],[121.5726953,25.0455273],[121.5741224,25.0454876],[121.5741867,25.0454858],[121.5742731,25.0454846],[121.5754331,25.0454673],[121.5754806,25.0454666],[121.575557,25.0454644],[121.5769392,25.0454248],[121.5770162,25.0454225],[121.5771109,25.0454194],[121.5776566,25.0454008],[121.5777492,25.0453994]]}},{"type":"Feature","properties":{"highway":"secondary","name":"和平東路二段","osm_id":316964685},"geometry":{"type":"LineString","coordinates":[[121.5374606,25.0256127],[121.5379126,25.0255467]]}},{"type":"Feature","properties":{"highway":"secondary","name":"和平東路二段","osm_id":316964691},"geometry":{"type":"LineString","coordinates":[[121.5379191,25.0256986],[121.537467,25.0257609]]}},{"type":"Feature","properties":{"highway":"tertiary","name":"建國南路二段","osm_id":316964711},"geometry":{"type":"LineString","coordinates":[[121.5374606,25.0256127],[121.5374542,25.0255009],[121.5374389,25.0249993],[121.5374357,25.0249556],[121.5374276,25.0245029],[121.5374162,25.0241472],[121.5374137,25.0240705],[121.5373871,25.0233908],[121.5374146,25.0232276],[121.5374584,25.0230343],[121.53747,25.0229926],[121.5374791,25.0229602],[121.5374862,25.0229378],[121.5375119,25.022856]]}},{"type":"Feature","properties":{"highway":"primary","name":"羅斯福路三段","osm_id":317204234},"geometry":{"type":"LineString","coordinates":[[121.5304426,25.0186273],[121.5295675,25.0194811],[121.5294481,25.0196056]]}},{"type":"Feature","properties":{"highway":"tertiary","name":"建國南路二段","osm_id":317347667},"geometry":{"type":"LineString","coordinates":[[121.538004,25.0322796],[121.5380054,25.0323754],[121.5380066,25.0324614],[121.5380122,25.0328553],[121.5380171,25.0333101],[121.5380201,25.03341],[121.5380232,25.033494]]}},{"type":"Feature","properties":{"highway":"secondary","name":"辛亥路三段","osm_id":317347670},"geometry":{"type":"LineString","coordinates":[[121.546832,25.0187117],[121.5470407,25.0185177],[121.5470799,25.0184798],[121.5471159,25.0184447],[121.547265,25.0183013],[121.5476442,25.017963]]}},{"type":"Feature","properties":{"highway":"secondary","name":"辛亥路三段","osm_id":317347671},"geometry":{"type":"LineString","coordinates":[[121.5479697,25.0182296],[121.5472489,25.0189204]]}},{"type":"Feature","properties":{"highway":"tertiary","name":"芳蘭路","osm_id":317367936},"geometry":{"type":"LineString","coordinates":[[121.5451155,25.0125194],[121.5451614,25.0125581],[121.5458166,25.0131533],[121.5459437,25.0132482],[121.5464365,25.0136143],[121.546704,25.0138653],[121.5468946,25.0141446],[121.5469192,25.0141853],[121.5469455,25.0142292],[121.5469965,25.0143143],[121.5470504,25.0143926],[121.5470679,25.0144181],[121.5471179,25.0144788],[121.5471719,25.0145399],[121.5473548,25.0148109],[121.5473768,25.0148416],[121.5474403,25.0149302],[121.5474825,25.0149851],[121.5475237,25.0150419],[121.5475474,25.0150788],[121.5476792,25.0153403],[121.5477763,25.015547],[121.5478933,25.0158656],[121.54797,25.016021],[121.5480962,25.0161522],[121.5482122,25.0162142],[121.5483402,25.01627],[121.5484354,25.0163053],[121.5485167,25.016343],[121.5486161,25.0164264],[121.5487804,25.0166338],[121.548809,25.0166699],[121.5488409,25.0167102],[121.5489239,25.0168489]]}},{"type":"Feature","properties":{"highway":"secondary","name":"和平東路一段","osm_id":317371462},"geometry":{"type":"LineString","coordinates":[[121.5259982,25.0268798],[121.5258891,25.0268884]]}},{"type":"Feature","properties":{"highway":"secondary","name":"新生南路二段","osm_id":317371467},"geometry":{"type":"LineString","coordinates":[[121.5327344,25.0330825],[121.5328654,25.0327022],[121.5330448,25.0322003],[121.5331627,25.0318806],[121.5333366,25.0314009]]}},{"type":"Feature","properties":{"highway":"secondary","name":"金山南路二段","osm_id":317371470},"geometry":{"type":"LineString","coordinates":[[121.5259982,25.0268798],[121.5260104,25.0269637],[121.5260822,25.0274079],[121.526168,25.0278459],[121.5262143,25.0280901],[121.5262901,25.0284735],[121.526338,25.0287319],[121.5263449,25.028769],[121.5263657,25.0288812]]}},{"type":"Feature","properties":{"highway":"secondary","name":"辛亥路四段","osm_id":317373361},"geometry":{"type":"LineString","coordinates":[[121.5586797,25.007414],[121.5586981,25.0076751],[121.5586914,25.0078778],[121.5586515,25.0081136],[121.5585828,25.0083394],[121.5585389,25.0084417],[121.5585325,25.0084571],[121.5582884,25.0088369],[121.5580551,25.009213],[121.5576363,25.009798]]}},{"type":"Feature","properties":{"highway":"secondary","name":"辛亥路四段","osm_id":317379825},"geometry":{"type":"LineString","coordinates":[[121.5585658,25.0067249],[121.5585449,25.0066421],[121.5585287,25.0066034],[121.558486,25.0065124],[121.5584287,25.0064213],[121.5583865,25.0063691],[121.5583112,25.0062891],[121.5582102,25.0062045],[121.5581016,25.0061174]]}},{"type":"Feature","properties":{"highway":"secondary","name":"基隆路一段","osm_id":317385445},"geometry":{"type":"LineString","coordinates":[[121.5643902,25.0411963],[121.5643364,25.0411128]]}},{"type":"Feature","properties":{"highway":"primary","name":"忠孝東路四段","osm_id":317385446},"geometry":{"type":"LineString","coordinates":[[121.5643902,25.0411963],[121.5642516,25.0411987],[121.5640213,25.0412076],[121.5636336,25.041221],[121.5627894,25.0412543],[121.5627376,25.0412558],[121.5626681,25.0412584],[121.5617254,25.0412945],[121.5615858,25.041299]]}},{"type":"Feature","properties":{"highway":"tertiary","name":"松隆路","osm_id":317385447},"geometry":{"type":"LineString","coordinates":[[121.5703549,25.045705],[121.5702309,25.0455969],[121.5701247,25.0455023],[121.5700363,25.0454308],[121.5695797,25.0450264],[121.5689678,25.0445756],[121.5688263,25.0444809],[121.5687208,25.0444028],[121.5682494,25.0441181],[121.5680027,25.0439833],[121.5675623,25.0437213],[121.5675279,25.043703],[121.5672579,25.0435377],[121.5671499,25.0434821],[121.567044,25.0434375],[121.5669515,25.0434099],[121.566813,25.0433896],[121.5667026,25.0433847],[121.5665936,25.0433885],[121.5664418,25.0434011],[121.5661206,25.0434294],[121.5660838,25.043432],[121.565958,25.0434582]]}},{"type":"Feature","properties":{"highway":"tertiary","name":"永吉路","osm_id":317385449},"geometry":{"type":"LineString","coordinates":[[121.5703549,25.045705],[121.5701788,25.0457087],[121.568919,25.0457463],[121.5688526,25.0457547]]}},{"type":"Feature","properties":{"highway":"secondary","name":"辛亥路二段","osm_id":317389514},"geometry":{"type":"LineString","coordinates":[[121.5344809,25.0222441],[121.5346322,25.0222464],[121.5353167,25.0222478],[121.5358074,25.0222582],[121.5361462,25.0222645],[121.5364116,25.0222694],[121.5366979,25.0222821]]}},{"type":"Feature","properties":{"highway":"secondary","name":"辛亥路二段","osm_id":317389515},"geometry":{"type":"LineString","coordinates":[[121.5370218,25.0223297],[121.5373396,25.0224036],[121.5375332,25.0224651],[121.5376591,25.022505]]}},{"type":"Feature","properties":{"highway":"tertiary","name":"環河東路三段","osm_id":317408977},"geometry":{"type":"LineString","coordinates":[[121.5272709,25.0056085],[121.5271685,25.0057581],[121.5271137,25.0058381],[121.5270992,25.0058689]]}},{"type":"Feature","properties":{"highway":"tertiary","name":"永福橋","osm_id":317408978},"geometry":{"type":"LineString","coordinates":[[121.5232796,25.0080299],[121.5234882,25.0080886],[121.5252794,25.0089485],[121.5254962,25.0090723],[121.5256889,25.0092209],[121.5259367,25.0094536]]}},{"type":"Feature","properties":{"highway":"secondary","name":"信義路一段","osm_id":317526883},"geometry":{"type":"LineString","coordinates":[[121.5210561,25.0370667],[121.5211691,25.0370114],[121.5226332,25.036295],[121.5227443,25.0362406],[121.5234346,25.0358981]]}},{"type":"Feature","properties":{"highway":"secondary","name":"師大路","osm_id":317526885},"geometry":{"type":"LineString","coordinates":[[121.5253472,25.0210483],[121.5251804,25.0210561],[121.5249993,25.0210537],[121.524726,25.0210238],[121.5244402,25.0209771],[121.5240184,25.020845],[121.5238465,25.0207995],[121.5232681,25.0206322],[121.5227961,25.0204985],[121.5227098,25.0204749],[121.5226417,25.0204579]]}},{"type":"Feature","properties":{"highway":"secondary","name":"新生南路二段","osm_id":317526886},"geometry":{"type":"LineString","coordinates":[[121.5342642,25.0287272],[121.5343974,25.0283653],[121.5344205,25.0282888],[121.5346015,25.0277764],[121.534654,25.0276203],[121.5347072,25.0274602],[121.5347479,25.0273396],[121.534781,25.0272013],[121.5348127,25.027021]]}},{"type":"Feature","properties":{"highway":"secondary","name":"汀州路三段","osm_id":317526888},"geometry":{"type":"LineString","coordinates":[[121.5274573,25.0185112],[121.5274059,25.0185551],[121.5272832,25.0186604],[121.5272141,25.0187296],[121.5271363,25.0188253],[121.5269954,25.0190149],[121.5268265,25.0192498],[121.5267533,25.0193495],[121.5263854,25.0198568],[121.5262204,25.0199863]]}},{"type":"Feature","properties":{"highway":"secondary","name":"汀州路三段","osm_id":317526889},"geometry":{"type":"LineString","coordinates":[[121.5256818,25.0207337],[121.5255893,25.0208973]]}},{"type":"Feature","properties":{"highway":"secondary","name":"辛亥路一段","osm_id":317526890},"geometry":{"type":"LineString","coordinates":[[121.5274573,25.0185112],[121.5274006,25.018428],[121.5273768,25.0183417],[121.5273689,25.018241]]}},{"type":"Feature","properties":{"highway":"secondary","name":"金山南路二段","osm_id":317526891},"geometry":{"type":"LineString","coordinates":[[121.5265185,25.0301978],[121.5264985,25.0300857],[121.5264228,25.0296611],[121.5262735,25.0288968],[121.5262732,25.0288953],[121.5262519,25.0287852],[121.5262195,25.028618],[121.5261481,25.028214],[121.5261255,25.0280858],[121.5259893,25.027389],[121.5259077,25.0269717],[121.5258891,25.0268884]]}},{"type":"Feature","properties":{"highway":"tertiary","name":"金華街","osm_id":317526892},"geometry":{"type":"LineString","coordinates":[[121.533635,25.0306216],[121.5335444,25.0305954],[121.5334707,25.0305742],[121.5329673,25.0304321],[121.5317579,25.0300682],[121.5315551,25.0300097],[121.5306867,25.0297739],[121.5306355,25.02976],[121.53054,25.0297608],[121.5294998,25.02977],[121.5292754,25.029781],[121.5289705,25.0298235],[121.5288811,25.029836],[121.5286853,25.0298633],[121.5285459,25.0298827],[121.5280265,25.0299651],[121.5277886,25.0299999],[121.5276129,25.0300307],[121.5273796,25.0300669],[121.5271757,25.0300985],[121.5268698,25.0301417],[121.5267002,25.0301656],[121.526624,25.0301814]]}},{"type":"Feature","properties":{"highway":"tertiary","name":"師大路","osm_id":317708231},"geometry":{"type":"LineString","coordinates":[[121.5253543,25.0209047],[121.5255893,25.0208973]]}},{"type":"Feature","properties":{"highway":"secondary","name":"汀州路三段","osm_id":317708236},"geometry":{"type":"LineString","coordinates":[[121.5253543,25.0209047],[121.5254336,25.0207896],[121.5255296,25.0206485],[121.5259217,25.0201077],[121.5260515,25.0199394],[121.5260814,25.0198946]]}},{"type":"Feature","properties":{"highway":"tertiary","name":"汀州路二段","osm_id":317708237},"geometry":{"type":"LineString","coordinates":[[121.5174489,25.0253983],[121.5175253,25.0253941],[121.5179185,25.0253056],[121.5182663,25.0252292],[121.518512,25.0251703],[121.518762,25.0250991],[121.5188733,25.0250674],[121.5189836,25.0250533],[121.5190215,25.0250485],[121.5191403,25.0250208],[121.5194892,25.0249393],[121.519663,25.0248894],[121.5201442,25.0247717]]}},{"type":"Feature","properties":{"highway":"tertiary","name":"汀州路二段","osm_id":317708238},"geometry":{"type":"LineString","coordinates":[[121.5216897,25.0241088],[121.5217344,25.0240834],[121.5219944,25.0238991],[121.5222529,25.0237006],[121.5222857,25.0236702],[121.5226983,25.0233173],[121.5228064,25.0232256],[121.5230015,25.0230674],[121.5230385,25.0230301],[121.5231113,25.0229683],[121.5232941,25.0228132],[121.5234948,25.0226429],[121.5235746,25.0225751],[121.5238514,25.0223449],[121.5239078,25.0222923],[121.5239409,25.0222633],[121.5243701,25.0219028],[121.5248449,25.0215096],[121.5248534,25.0215022],[121.5249204,25.0214455],[121.5250067,25.0213692],[121.5252018,25.0212037],[121.5252267,25.0211826],[121.5252874,25.02113]]}},{"type":"Feature","properties":{"highway":"tertiary","name":"林森南路","osm_id":317839331},"geometry":{"type":"LineString","coordinates":[[121.5226571,25.0424215],[121.5226171,25.042315],[121.5225568,25.042112],[121.5224941,25.0419207],[121.5224852,25.0418937],[121.5224533,25.0417934],[121.5224127,25.04166],[121.5222771,25.0410985],[121.5222523,25.0410158]]}},{"type":"Feature","properties":{"highway":"tertiary","name":"濟南路三段","osm_id":317839336},"geometry":{"type":"LineString","coordinates":[[121.5292564,25.0408271],[121.5291321,25.040858]]}},{"type":"Feature","properties":{"highway":"tertiary","name":"建國南路二段","osm_id":318173017},"geometry":{"type":"LineString","coordinates":[[121.5379219,25.0229139],[121.5378803,25.0230733],[121.5378707,25.0232646],[121.5378696,25.023597],[121.5378861,25.0240649],[121.5378915,25.0245682],[121.5378957,25.0249649],[121.5378962,25.0250157],[121.5379116,25.025418],[121.5379126,25.0255467]]}},{"type":"Feature","properties":{"highway":"primary","name":"羅斯福路三段","osm_id":318173018},"geometry":{"type":"LineString","coordinates":[[121.5291564,25.0199288],[121.5290748,25.0200091],[121.5285384,25.0205411],[121.5284041,25.0206568],[121.5282237,25.0208184],[121.528107,25.0209187],[121.5280661,25.0209563],[121.5279628,25.0210511],[121.5277497,25.0211797],[121.5276733,25.021249]]}},{"type":"Feature","properties":{"highway":"secondary","name":"辛亥路一段","osm_id":318173020},"geometry":{"type":"LineString","coordinates":[[121.5282952,25.0192127],[121.5280794,25.0190326],[121.5279996,25.018966],[121.5278922,25.0188762],[121.5275113,25.0185585],[121.5274573,25.0185112]]}},{"type":"Feature","properties":{"highway":"primary","name":"中山北路一段","osm_id":318254709},"geometry":{"type":"LineString","coordinates":[[121.5197858,25.0457359],[121.5202976,25.0468607],[121.520342,25.0469582],[121.5203523,25.0469808],[121.5204364,25.0471653]]}},{"type":"Feature","properties":{"highway":"secondary","name":"和平東路四段","osm_id":318254710},"geometry":{"type":"LineString","coordinates":[[121.5678032,25.0051036],[121.5679177,25.0050307],[121.5680174,25.0049791],[121.5681155,25.0049394],[121.56823,25.0049038],[121.5683274,25.0048849],[121.5684327,25.0048709],[121.5685433,25.0048654],[121.5686473,25.0048689],[121.5687539,25.0048812],[121.5688933,25.0049019],[121.5689624,25.004908],[121.5690756,25.0049094],[121.5694271,25.0049055],[121.569568,25.004898],[121.5697132,25.0048792],[121.5698136,25.0048602],[121.569928,25.0048357],[121.5713632,25.0044183],[121.571413,25.0043989],[121.5714542,25.0043737],[121.5714859,25.0043438],[121.5715272,25.0042899],[121.5716152,25.0041291],[121.5716675,25.0040208],[121.5717062,25.003926],[121.5717546,25.0037673],[121.5718149,25.0035188],[121.5719023,25.0031045],[121.5719147,25.0030207],[121.5719219,25.0029289],[121.5719232,25.0028298],[121.5719108,25.0025122],[121.5719083,25.0024497],[121.5719054,25.0023754]]}},{"type":"Feature","properties":{"highway":"primary","name":"忠孝東路一段","osm_id":318254711},"geometry":{"type":"LineString","coordinates":[[121.5197858,25.0457359],[121.5196578,25.0457611]]}},{"type":"Feature","properties":{"highway":"trunk","name":"正氣橋","osm_id":324294418},"geometry":{"type":"LineString","coordinates":[[121.5697248,25.0499802],[121.5684902,25.0479042]]}},{"type":"Feature","properties":{"highway":"tertiary","name":"基隆路一段","osm_id":324318761},"geometry":{"type":"LineString","coordinates":[[121.5643523,25.040569],[121.5645423,25.0408966],[121.5645686,25.0409793],[121.564579,25.0411035]]}},{"type":"Feature","properties":{"highway":"secondary","name":"敦化南路一段","osm_id":324741383},"geometry":{"type":"LineString","coordinates":[[121.5486299,25.0426119],[121.5486285,25.0425104],[121.5486187,25.041801],[121.5486182,25.0417638],[121.5486181,25.0417441],[121.548618,25.0417258],[121.5486169,25.0416027]]}},{"type":"Feature","properties":{"highway":"secondary","name":"敦化南路一段","osm_id":324741384},"geometry":{"type":"LineString","coordinates":[[121.5488706,25.042609],[121.5488711,25.04251],[121.5488714,25.042446],[121.5488751,25.0417409],[121.5488752,25.0417231],[121.5488758,25.0415958]]}},{"type":"Feature","properties":{"highway":"secondary","name":"敦化南路一段","osm_id":324741385},"geometry":{"type":"LineString","coordinates":[[121.5486169,25.0416027],[121.5486159,25.0414665]]}},{"type":"Feature","properties":{"highway":"secondary","name":"復興南路二段","osm_id":324901102},"geometry":{"type":"LineString","coordinates":[[121.5433183,25.0226675],[121.5432997,25.0216763],[121.5432986,25.0216159],[121.5432981,25.0215902],[121.5432965,25.0215038]]}},{"type":"Feature","properties":{"highway":"primary","name":"中山北路一段","osm_id":325213923},"geometry":{"type":"LineString","coordinates":[[121.5196578,25.0457611],[121.5196886,25.0458267],[121.5202112,25.0469377],[121.5203305,25.0471911]]}},{"type":"Feature","properties":{"highway":"primary","name":"中山南路","osm_id":325213924},"geometry":{"type":"LineString","coordinates":[[121.5192629,25.0445239],[121.5192346,25.0444262],[121.5192187,25.0443713],[121.5189486,25.0434398],[121.5189336,25.0433879],[121.5189135,25.0433186]]}},{"type":"Feature","properties":{"highway":"tertiary","name":"中正路","osm_id":326352583},"geometry":{"type":"LineString","coordinates":[[121.5172936,25.0043171],[121.5173442,25.0038444],[121.5173672,25.0035551],[121.517408,25.0031451],[121.5174336,25.002888],[121.5174576,25.0026475],[121.517487,25.0023491],[121.5175194,25.0020189],[121.5175483,25.001725],[121.5175862,25.0013385],[121.5176324,25.0008687],[121.5177016,25.0001644]]}},{"type":"Feature","properties":{"highway":"tertiary","name":"松仁路","osm_id":326969446},"geometry":{"type":"LineString","coordinates":[[121.5683583,25.0390778],[121.5683579,25.0389738],[121.568348,25.0384769],[121.5683338,25.0374954],[121.568333,25.0374299],[121.5683152,25.0360482],[121.5683121,25.0359296],[121.5683125,25.0358646],[121.5683099,25.0358305]]}},{"type":"Feature","properties":{"highway":"secondary","name":"辛亥路三段","osm_id":327119602},"geometry":{"type":"LineString","coordinates":[[121.5533376,25.0141002],[121.5527712,25.0146655],[121.5527216,25.0146955],[121.552684,25.0147182],[121.5525582,25.0147943],[121.552539,25.014805],[121.5519705,25.01512],[121.5516218,25.0153549],[121.551571,25.0153891],[121.5514773,25.0154522],[121.5506586,25.0160246]]}},{"type":"Feature","properties":{"highway":"secondary","name":"辛亥路車行地下道","osm_id":327119603},"geometry":{"type":"LineString","coordinates":[[121.5450968,25.0205304],[121.5461717,25.0195147]]}},{"type":"Feature","properties":{"highway":"secondary","name":"辛亥路三段","osm_id":327119604},"geometry":{"type":"LineString","coordinates":[[121.5534277,25.013633],[121.5537345,25.0133122],[121.5538973,25.0131398]]}},{"type":"Feature","properties":{"highway":"secondary","name":"辛亥路三段","osm_id":327119606},"geometry":{"type":"LineString","coordinates":[[121.5444483,25.0208296],[121.5446194,25.0207364],[121.5447353,25.0206643],[121.5449794,25.0204517],[121.5452949,25.0201448],[121.5454523,25.0199918],[121.5456196,25.0198291]]}},{"type":"Feature","properties":{"highway":"secondary","name":"辛亥路二段","osm_id":327119608},"geometry":{"type":"LineString","coordinates":[[121.5380723,25.0217854],[121.5381499,25.0217031],[121.5382458,25.0216393],[121.5383367,25.0215827],[121.538459,25.0215093],[121.5385869,25.021443],[121.5387037,25.0213841],[121.5388237,25.02133],[121.5390329,25.0212601],[121.5392682,25.0212054],[121.5393727,25.0211811],[121.5395297,25.0211586],[121.5397009,25.0211496],[121.5408522,25.021116],[121.5411566,25.0211071],[121.5412359,25.0211048],[121.541765,25.0210878],[121.5418241,25.0210859],[121.5430737,25.0210457],[121.5431336,25.0210437],[121.5431965,25.0210417],[121.54329,25.0210394]]}},{"type":"Feature","properties":{"highway":"tertiary","name":"建國南路二段","osm_id":327382344},"geometry":{"type":"LineString","coordinates":[[121.5379191,25.0256986],[121.5379133,25.0257744],[121.5379371,25.0265155],[121.5379473,25.0271999],[121.537954,25.0276747],[121.5379546,25.0277174],[121.5379545,25.0280927],[121.5379625,25.0281743],[121.5379721,25.0287546],[121.5379736,25.0288432]]}},{"type":"Feature","properties":{"highway":"primary_link","name":"","osm_id":328712882},"geometry":{"type":"LineString","coordinates":[[121.5672993,25.0458252],[121.5672199,25.0456862]]}},{"type":"Feature","properties":{"highway":"secondary_link","name":"","osm_id":328712883},"geometry":{"type":"LineString","coordinates":[[121.5672199,25.0456862],[121.5671673,25.0456012],[121.566938,25.0453221],[121.5668152,25.0452198]]}},{"type":"Feature","properties":{"highway":"secondary","name":"基隆路一段","osm_id":328712884},"geometry":{"type":"LineString","coordinates":[[121.5673934,25.0458103],[121.5674293,25.0458688],[121.5677376,25.0463758],[121.5680022,25.046818],[121.5686961,25.0479792],[121.5687371,25.0480478],[121.5687543,25.0480766],[121.5687763,25.0481134]]}},{"type":"Feature","properties":{"highway":"tertiary","name":"東興路","osm_id":328712885},"geometry":{"type":"LineString","coordinates":[[121.5672993,25.0458252],[121.5671248,25.0458603]]}},{"type":"Feature","properties":{"highway":"tertiary","name":"東興路","osm_id":328712886},"geometry":{"type":"LineString","coordinates":[[121.5673934,25.0458103],[121.5672993,25.0458252]]}},{"type":"Feature","properties":{"highway":"tertiary","name":"永吉路","osm_id":328712887},"geometry":{"type":"LineString","coordinates":[[121.5688462,25.045648],[121.5689167,25.0456475],[121.5691638,25.0456387],[121.5700894,25.0456017],[121.5702309,25.0455969],[121.5704427,25.0455958]]}},{"type":"Feature","properties":{"highway":"tertiary","name":"長安西路","osm_id":329022967},"geometry":{"type":"LineString","coordinates":[[121.5182579,25.0506124],[121.5182995,25.0506028],[121.5188901,25.050466],[121.5193148,25.0503677],[121.5195046,25.0503237],[121.5195595,25.050311],[121.5196154,25.0502981],[121.5199378,25.0502234],[121.5199887,25.0502116],[121.5202061,25.0501613],[121.5202635,25.050148],[121.520331,25.0501334],[121.5204556,25.0501035],[121.5207178,25.0500428],[121.5207771,25.0500291],[121.5213867,25.0498879],[121.5214968,25.0498624]]}},{"type":"Feature","properties":{"highway":"tertiary","name":"莊敬路","osm_id":330187859},"geometry":{"type":"LineString","coordinates":[[121.5613101,25.0307248],[121.5613382,25.0306841],[121.56136,25.0306525],[121.5622541,25.0296098],[121.5622956,25.0295551],[121.5623319,25.0295063],[121.5629762,25.0287193],[121.5629971,25.0286946],[121.5630425,25.0286359],[121.5632708,25.028341],[121.5633364,25.0282563],[121.5634753,25.0280856],[121.5634866,25.0280716],[121.5635698,25.0280424],[121.5636582,25.0280177],[121.5640122,25.0279158],[121.5642109,25.027859],[121.5651476,25.0275909],[121.565451,25.0275064],[121.5655252,25.0274809],[121.5655935,25.0274607],[121.5659475,25.027362],[121.566337,25.0272777],[121.5663866,25.0272627],[121.566553,25.0272119],[121.5666249,25.0271781],[121.5672247,25.0269965],[121.5672772,25.0269815],[121.5678677,25.0268125],[121.5682632,25.0266994],[121.5683173,25.0266839]]}},{"type":"Feature","properties":{"highway":"primary","name":"中山南路","osm_id":330745380},"geometry":{"type":"LineString","coordinates":[[121.5193993,25.044492],[121.5194254,25.0445818],[121.5196287,25.0452827],[121.5196553,25.0453742],[121.5196681,25.0454183],[121.5197151,25.0455801]]}},{"type":"Feature","properties":{"highway":"primary","name":"中山南路","osm_id":330804412},"geometry":{"type":"LineString","coordinates":[[121.5180434,25.040757],[121.5180122,25.0406539],[121.5176835,25.039555],[121.5176749,25.0395263],[121.5176789,25.0395163],[121.5177115,25.0394156]]}},{"type":"Feature","properties":{"highway":"tertiary","name":"公園路","osm_id":330804415},"geometry":{"type":"LineString","coordinates":[[121.5160828,25.0412951],[121.5161237,25.0414303],[121.5162071,25.0417153],[121.5163005,25.0420266],[121.5164582,25.0425736],[121.5164722,25.0426213],[121.516618,25.0431209],[121.5166614,25.0432661],[121.5166821,25.04333],[121.5166954,25.0433809]]}},{"type":"Feature","properties":{"highway":"trunk","name":"建國快速道路","osm_id":331609717},"geometry":{"type":"LineString","coordinates":[[121.5263042,25.0198216],[121.5262204,25.0199863]]}},{"type":"Feature","properties":{"highway":"trunk","name":"建國快速道路","osm_id":331609718},"geometry":{"type":"LineString","coordinates":[[121.5306654,25.0208218],[121.530818,25.0209151]]}},{"type":"Feature","properties":{"highway":"trunk","name":"建國快速道路","osm_id":331609720},"geometry":{"type":"LineString","coordinates":[[121.5298171,25.020242],[121.529507,25.0199669]]}},{"type":"Feature","properties":{"highway":"trunk","name":"建國快速道路","osm_id":331609721},"geometry":{"type":"LineString","coordinates":[[121.5295626,25.0199233],[121.5298838,25.0202049]]}},{"type":"Feature","properties":{"highway":"trunk","name":"建國快速道路","osm_id":331609725},"geometry":{"type":"LineString","coordinates":[[121.5298838,25.0202049],[121.5303057,25.0205506],[121.5306654,25.0208218]]}},{"type":"Feature","properties":{"highway":"trunk","name":"建國快速道路","osm_id":331609728},"geometry":{"type":"LineString","coordinates":[[121.5305218,25.020878],[121.5303343,25.0206891],[121.5298171,25.020242]]}},{"type":"Feature","properties":{"highway":"trunk","name":"建國快速道路","osm_id":331609731},"geometry":{"type":"LineString","coordinates":[[121.5262071,25.0197703],[121.5268732,25.0188435],[121.5269724,25.0187132],[121.5270303,25.0186505]]}},{"type":"Feature","properties":{"highway":"trunk","name":"建國快速道路","osm_id":331609735},"geometry":{"type":"LineString","coordinates":[[121.5271202,25.0187114],[121.5270656,25.0187734],[121.5270055,25.0188463],[121.5269204,25.01896],[121.5263042,25.0198216]]}},{"type":"Feature","properties":{"highway":"trunk","name":"建國快速道路","osm_id":331609737},"geometry":{"type":"LineString","coordinates":[[121.529507,25.0199669],[121.527951,25.0186629],[121.5278408,25.018589],[121.5277322,25.0185404],[121.5276108,25.0185112],[121.5274991,25.0185042],[121.5273752,25.0185231],[121.5272624,25.0185607],[121.5271202,25.0187114]]}},{"type":"Feature","properties":{"highway":"trunk","name":"建國快速道路","osm_id":331609740},"geometry":{"type":"LineString","coordinates":[[121.5270303,25.0186505],[121.5271772,25.0185167],[121.5272956,25.0184614],[121.5273904,25.0184349],[121.5274776,25.0184313],[121.5275648,25.0184288],[121.527662,25.0184404],[121.5277714,25.0184696],[121.5278877,25.0185234],[121.5280067,25.0185942],[121.5286343,25.0191216],[121.5295626,25.0199233]]}},{"type":"Feature","properties":{"highway":"secondary","name":"和平西路一段","osm_id":332492962},"geometry":{"type":"LineString","coordinates":[[121.5160433,25.027173],[121.5162748,25.027111],[121.5166515,25.0270116],[121.5174762,25.0267957],[121.5178884,25.0266864],[121.5179703,25.0266678],[121.5180353,25.0266503],[121.5188498,25.0264583],[121.5189578,25.0264327],[121.519116,25.026391],[121.5191565,25.0263815],[121.5201301,25.0265779],[121.5208547,25.0267241],[121.5209864,25.0267486],[121.5211394,25.0267769]]}},{"type":"Feature","properties":{"highway":"tertiary","name":"松仁路","osm_id":334715333},"geometry":{"type":"LineString","coordinates":[[121.5684146,25.0266383],[121.56845,25.0265561],[121.5685314,25.0263667],[121.5688531,25.0258036],[121.5690803,25.0254761],[121.5691133,25.0253987],[121.5692134,25.0251645],[121.5693913,25.0248289],[121.5694022,25.0248084],[121.569412,25.0247904],[121.5698314,25.0241148]]}},{"type":"Feature","properties":{"highway":"secondary","name":"光復南路","osm_id":334814745},"geometry":{"type":"LineString","coordinates":[[121.557541,25.0330957],[121.5575434,25.0331759],[121.5575453,25.0332845],[121.557554,25.0336592],[121.5575696,25.0342698],[121.5575685,25.0342851],[121.557586,25.0350333],[121.5575864,25.0350492],[121.5575925,25.0353094],[121.5575965,25.0354802]]}},{"type":"Feature","properties":{"highway":"secondary","name":"信義路五段","osm_id":334841512},"geometry":{"type":"LineString","coordinates":[[121.5613824,25.0330508],[121.5613555,25.0330517],[121.5612633,25.0330553],[121.5610786,25.0330597],[121.5606004,25.0330712],[121.5599064,25.0330834],[121.5597077,25.0331059]]}},{"type":"Feature","properties":{"highway":"secondary","name":"信義路五段","osm_id":334841513},"geometry":{"type":"LineString","coordinates":[[121.5654148,25.0328457],[121.5655396,25.0328421],[121.5677218,25.0327826],[121.568135,25.0327671],[121.568264,25.0327636]]}},{"type":"Feature","properties":{"highway":"secondary","name":"信義路五段","osm_id":334841514},"geometry":{"type":"LineString","coordinates":[[121.5654166,25.032958],[121.5652661,25.0329623],[121.5636854,25.0330007],[121.5635362,25.0330043]]}},{"type":"Feature","properties":{"highway":"secondary","name":"信義路五段","osm_id":334841515},"geometry":{"type":"LineString","coordinates":[[121.5613767,25.0329441],[121.5614228,25.0329434],[121.5614961,25.0329384],[121.5632674,25.032897],[121.5636812,25.0328916],[121.5652619,25.0328491],[121.5654148,25.0328457]]}},{"type":"Feature","properties":{"highway":"tertiary","name":"莊敬路","osm_id":334841531},"geometry":{"type":"LineString","coordinates":[[121.5613824,25.0330508],[121.5613803,25.0330105],[121.5613767,25.0329441]]}},{"type":"Feature","properties":{"highway":"primary","name":"中山北路一段","osm_id":335584584},"geometry":{"type":"LineString","coordinates":[[121.5202103,25.0472555],[121.5201961,25.0472238],[121.5201595,25.0471423]]}},{"type":"Feature","properties":{"highway":"primary","name":"忠孝西路一段","osm_id":335584585},"geometry":{"type":"LineString","coordinates":[[121.5175562,25.046261],[121.5152107,25.0468419],[121.5150209,25.0468889]]}},{"type":"Feature","properties":{"highway":"tertiary","name":"市民大道五段","osm_id":335596319},"geometry":{"type":"LineString","coordinates":[[121.5657921,25.0482049],[121.5658839,25.0482416],[121.5659547,25.0482624],[121.5667844,25.0484941],[121.5668549,25.0485137],[121.5670774,25.0485658],[121.5671993,25.0485958],[121.5672405,25.048606],[121.5673122,25.0486237],[121.5674074,25.0486473],[121.56879,25.0489457],[121.5688371,25.0489557],[121.5688811,25.048965],[121.5688977,25.0489687],[121.5689675,25.0489808]]}},{"type":"Feature","properties":{"highway":"tertiary","name":"東興路","osm_id":335596322},"geometry":{"type":"LineString","coordinates":[[121.5657921,25.0482049],[121.5658394,25.0481024],[121.5662869,25.0471198],[121.5668762,25.0458846],[121.5668926,25.0458503],[121.5669649,25.0457835],[121.5670629,25.0457318]]}},{"type":"Feature","properties":{"highway":"secondary","name":"和平東路二段","osm_id":336475120},"geometry":{"type":"LineString","coordinates":[[121.5379126,25.0255467],[121.5380172,25.0255319],[121.5381762,25.0255093],[121.5384207,25.0254746],[121.5386944,25.0254357],[121.53883,25.0254164]]}},{"type":"Feature","properties":{"highway":"tertiary","name":"建國南路二段","osm_id":336475132},"geometry":{"type":"LineString","coordinates":[[121.5379126,25.0255467],[121.5379191,25.0256986]]}},{"type":"Feature","properties":{"highway":"secondary","name":"復興南路二段","osm_id":336475136},"geometry":{"type":"LineString","coordinates":[[121.5432911,25.0212153],[121.54329,25.0210394]]}},{"type":"Feature","properties":{"highway":"secondary","name":"新生南路三段","osm_id":336475139},"geometry":{"type":"LineString","coordinates":[[121.5326756,25.0164493],[121.5326281,25.0164138],[121.5326035,25.0163954]]}},{"type":"Feature","properties":{"highway":"primary","name":"羅斯福路三段","osm_id":336475178},"geometry":{"type":"LineString","coordinates":[[121.5326756,25.0164493],[121.5325162,25.0166049],[121.5322771,25.0168382],[121.5315793,25.0175186],[121.5312994,25.0177916],[121.5310136,25.0180704],[121.5304736,25.018597],[121.5304426,25.0186273]]}},{"type":"Feature","properties":{"highway":"secondary","name":"辛亥路三段","osm_id":336475182},"geometry":{"type":"LineString","coordinates":[[121.5488789,25.0169944],[121.5489712,25.0169125]]}},{"type":"Feature","properties":{"highway":"secondary","name":"辛亥路三段","osm_id":336475185},"geometry":{"type":"LineString","coordinates":[[121.5476442,25.017963],[121.5477203,25.0178949],[121.5477818,25.0178398],[121.5479252,25.0177031],[121.5485138,25.017199],[121.5487554,25.0169932],[121.5487913,25.0169626],[121.5488237,25.016935],[121.5489239,25.0168489]]}},{"type":"Feature","properties":{"highway":"secondary","name":"辛亥路二段","osm_id":336475189},"geometry":{"type":"LineString","coordinates":[[121.5432911,25.0212153],[121.5434109,25.0212164]]}},{"type":"Feature","properties":{"highway":"secondary","name":"新生南路三段","osm_id":336616415},"geometry":{"type":"LineString","coordinates":[[121.5344085,25.0226374],[121.5343648,25.0222437]]}},{"type":"Feature","properties":{"highway":"primary","name":"中山北路一段","osm_id":336634148},"geometry":{"type":"LineString","coordinates":[[121.5205722,25.0480266],[121.5205277,25.0479318],[121.5204947,25.0478616],[121.520292,25.04743],[121.5202808,25.0474062],[121.5202103,25.0472555]]}},{"type":"Feature","properties":{"highway":"tertiary","name":"市民大道一段","osm_id":336634149},"geometry":{"type":"LineString","coordinates":[[121.5205722,25.0480266],[121.5207105,25.0479991]]}},{"type":"Feature","properties":{"highway":"primary","name":"忠孝西路一段","osm_id":336634150},"geometry":{"type":"LineString","coordinates":[[121.5194481,25.0456107],[121.5195799,25.0455956]]}},{"type":"Feature","properties":{"highway":"primary","name":"忠孝東路四段","osm_id":336696224},"geometry":{"type":"LineString","coordinates":[[121.5615828,25.04116],[121.5617182,25.0411573],[121.5625807,25.0411387],[121.5626643,25.0411388],[121.5627355,25.0411364],[121.562786,25.0411362],[121.563706,25.0411187],[121.5642025,25.0411132],[121.5643364,25.0411128]]}},{"type":"Feature","properties":{"highway":"tertiary","name":"市民大道五段","osm_id":338922081},"geometry":{"type":"LineString","coordinates":[[121.5658228,25.0483567],[121.5657348,25.0483338],[121.5656393,25.0483004],[121.5650719,25.0481023],[121.5649843,25.0480717],[121.5642749,25.0478052],[121.5631732,25.0474013],[121.5631478,25.047392],[121.5629987,25.0473595],[121.5628711,25.0473316],[121.5626997,25.0472576],[121.5619191,25.0469204],[121.5612143,25.0466159],[121.5606297,25.0463633],[121.5603662,25.0462495],[121.5594754,25.0458647],[121.5593754,25.0458215],[121.5592281,25.0457578],[121.5587263,25.0455411],[121.5578805,25.0452622],[121.5578168,25.0452444]]}},{"type":"Feature","properties":{"highway":"tertiary","name":"濟南路二段","osm_id":347293077},"geometry":{"type":"LineString","coordinates":[[121.5327321,25.0401916],[121.532603,25.0401919],[121.5325787,25.0401925],[121.5322404,25.0402007],[121.5322112,25.040204],[121.5320218,25.0402251],[121.5317954,25.0402503],[121.5316679,25.0402645],[121.5315949,25.0402726],[121.5315193,25.0402901],[121.5311082,25.0403853],[121.5310746,25.0403934],[121.530147,25.0406157],[121.5300762,25.0406327],[121.5300182,25.0406453],[121.5300109,25.0406469],[121.5298862,25.0406767],[121.5293421,25.0408068],[121.5292564,25.0408271]]}},{"type":"Feature","properties":{"highway":"secondary","name":"新生南路一段","osm_id":347293081},"geometry":{"type":"LineString","coordinates":[[121.5327321,25.0401916],[121.5327324,25.0400835],[121.5327164,25.0392699]]}},{"type":"Feature","properties":{"highway":"secondary","name":"復興南路一段","osm_id":348745650},"geometry":{"type":"LineString","coordinates":[[121.5438379,25.0415558],[121.5438394,25.0416839]]}},{"type":"Feature","properties":{"highway":"primary","name":"忠孝東路四段","osm_id":348745651},"geometry":{"type":"LineString","coordinates":[[121.5472106,25.0414992],[121.5472795,25.0414965],[121.5473385,25.041495]]}},{"type":"Feature","properties":{"highway":"primary","name":"忠孝東路四段","osm_id":348745652},"geometry":{"type":"LineString","coordinates":[[121.5438379,25.0415558],[121.5439714,25.0415533],[121.5444504,25.0415449],[121.5446678,25.0415407],[121.5452408,25.0415289],[121.5460347,25.0415238],[121.5461208,25.0415216]]}},{"type":"Feature","properties":{"highway":"secondary","name":"敦化南路二段","osm_id":348745653},"geometry":{"type":"LineString","coordinates":[[121.5487828,25.0309593],[121.5487811,25.0308835],[121.5487808,25.0308312],[121.5487769,25.0300819],[121.5487768,25.0300488],[121.5487741,25.029966]]}},{"type":"Feature","properties":{"highway":"secondary","name":"敦化南路二段","osm_id":348745654},"geometry":{"type":"LineString","coordinates":[[121.5487365,25.0268247],[121.5487357,25.0267541],[121.5487208,25.0254825]]}},{"type":"Feature","properties":{"highway":"tertiary","name":"建國南路一段","osm_id":353392315},"geometry":{"type":"LineString","coordinates":[[121.5367723,25.0418254],[121.5368542,25.0416674]]}},{"type":"Feature","properties":{"highway":"primary","name":"忠孝東路三段","osm_id":353392316},"geometry":{"type":"LineString","coordinates":[[121.5367723,25.0418254],[121.5366156,25.0418489],[121.535477,25.0420093],[121.5353426,25.0420268]]}},{"type":"Feature","properties":{"highway":"primary","name":"羅斯福路三段","osm_id":353602176},"geometry":{"type":"LineString","coordinates":[[121.5326143,25.0163082],[121.5328346,25.0161068]]}},{"type":"Feature","properties":{"highway":"secondary","name":"新生南路三段","osm_id":353602177},"geometry":{"type":"LineString","coordinates":[[121.532699,25.0162954],[121.532726,25.0163178],[121.5327708,25.0163548]]}},{"type":"Feature","properties":{"highway":"secondary_link","name":"","osm_id":353643694},"geometry":{"type":"LineString","coordinates":[[121.5270261,25.0185381],[121.5271421,25.0184737],[121.5272164,25.0184716],[121.5272572,25.0184843],[121.5272826,25.0185071],[121.5272953,25.0185322],[121.5273022,25.0185661],[121.5272946,25.0186129],[121.5272832,25.0186604]]}},{"type":"Feature","properties":{"highway":"tertiary","name":"環河東路二段","osm_id":354792242},"geometry":{"type":"LineString","coordinates":[[121.5251659,25.0089778],[121.5247838,25.0095433],[121.5242077,25.010399],[121.5241952,25.0105268],[121.5230202,25.0122654],[121.5219858,25.0137965],[121.5216467,25.0143144],[121.5213774,25.014734],[121.5211682,25.0150391],[121.520954,25.0153137],[121.520734,25.0155767]]}},{"type":"Feature","properties":{"highway":"tertiary","name":"延吉街","osm_id":355984262},"geometry":{"type":"LineString","coordinates":[[121.5574319,25.0331793],[121.5573878,25.0332935],[121.5573364,25.0333228],[121.5572345,25.0334193],[121.557105,25.0335942],[121.556983,25.0337796],[121.5569369,25.0338786]]}},{"type":"Feature","properties":{"highway":"tertiary","name":"成功路一段","osm_id":357320418},"geometry":{"type":"LineString","coordinates":[[121.5268398,25.0020349],[121.5269004,25.0027416]]}},{"type":"Feature","properties":{"highway":"tertiary","name":"新生北路一段62巷","osm_id":360843888},"geometry":{"type":"LineString","coordinates":[[121.5308345,25.0461013],[121.5309649,25.0465409],[121.5309884,25.0466197],[121.5310633,25.0467076]]}},{"type":"Feature","properties":{"highway":"tertiary","name":"金山北路","osm_id":360843891},"geometry":{"type":"LineString","coordinates":[[121.5306685,25.0461496],[121.5306452,25.0460768]]}},{"type":"Feature","properties":{"highway":"tertiary","name":"市民大道二段","osm_id":360851262},"geometry":{"type":"LineString","coordinates":[[121.5241783,25.04772],[121.5243524,25.0476989],[121.5243915,25.0476937],[121.5248734,25.047616],[121.5251881,25.0475552],[121.5254997,25.0474823],[121.5256952,25.0474332],[121.525923,25.0473746],[121.5260589,25.0473371],[121.5263407,25.0472527],[121.5264759,25.0472131],[121.5271835,25.046989],[121.5277444,25.0467998],[121.5278733,25.0467645],[121.5290353,25.0464078],[121.5292041,25.0463579],[121.5296694,25.0462279],[121.5302842,25.0460557],[121.5303608,25.046036],[121.5305194,25.0459998],[121.5306115,25.0459788]]}},{"type":"Feature","properties":{"highway":"tertiary","name":"市民大道二段","osm_id":360851263},"geometry":{"type":"LineString","coordinates":[[121.5242318,25.0479124],[121.5240939,25.047916],[121.5237737,25.0479398],[121.523522,25.0479538],[121.5226401,25.048009],[121.5225783,25.0480123],[121.5225295,25.0480149],[121.5224061,25.0480186],[121.5223092,25.0480241],[121.5221082,25.0480368],[121.5215136,25.0480745],[121.5213887,25.0480867],[121.52134,25.0480915],[121.521081,25.0481218],[121.5210485,25.0481275],[121.5209928,25.0481372],[121.5209092,25.0481518]]}},{"type":"Feature","properties":{"highway":"tertiary","name":"環河東路三段","osm_id":364855938},"geometry":{"type":"LineString","coordinates":[[121.5290905,25.0005676],[121.5290448,25.0014718],[121.5289617,25.0021512],[121.5287964,25.0028768],[121.5284818,25.0038287],[121.5283493,25.0041445],[121.5281707,25.0044753],[121.5279964,25.0047597],[121.5277764,25.0050222],[121.5274887,25.0053496]]}},{"type":"Feature","properties":{"highway":"tertiary","name":"環河東路三段","osm_id":364855939},"geometry":{"type":"LineString","coordinates":[[121.5274887,25.0053496],[121.5272709,25.0056085]]}},{"type":"Feature","properties":{"highway":"tertiary","name":"建國南路二段69巷","osm_id":367139803},"geometry":{"type":"LineString","coordinates":[[121.537998,25.0311729],[121.5380573,25.0311731],[121.5393844,25.0311418],[121.5394327,25.0311407]]}},{"type":"Feature","properties":{"highway":"primary","name":"忠孝西路一段","osm_id":367214988},"geometry":{"type":"LineString","coordinates":[[121.5150171,25.0467587],[121.5151795,25.0467206],[121.5156358,25.0466072],[121.5161248,25.0464857],[121.5174682,25.0461482]]}},{"type":"Feature","properties":{"highway":"primary","name":"忠孝西路一段","osm_id":367245164},"geometry":{"type":"LineString","coordinates":[[121.5174682,25.0461482],[121.5174787,25.046147],[121.5178584,25.0460394],[121.5183167,25.0459095],[121.5191221,25.0456813]]}},{"type":"Feature","properties":{"highway":"tertiary_link","name":"","osm_id":373251158},"geometry":{"type":"LineString","coordinates":[[121.5277425,25.0126319],[121.5277988,25.0125798],[121.5279457,25.0123596]]}},{"type":"Feature","properties":{"highway":"tertiary_link","name":"","osm_id":373251163},"geometry":{"type":"LineString","coordinates":[[121.5279457,25.0123596],[121.5282251,25.0119343],[121.5282427,25.0118456],[121.5282317,25.0117498],[121.5281945,25.0116527]]}},{"type":"Feature","properties":{"highway":"secondary","name":"敦化北路","osm_id":374427264},"geometry":{"type":"LineString","coordinates":[[121.5489656,25.0515523],[121.5489676,25.051455],[121.5489521,25.0501746],[121.5489514,25.0501042],[121.5489507,25.0500327],[121.5489503,25.0499876],[121.5489483,25.0497797],[121.5489465,25.0495972]]}},{"type":"Feature","properties":{"highway":"secondary","name":"敦化北路","osm_id":374427265},"geometry":{"type":"LineString","coordinates":[[121.5487095,25.0516711],[121.548712,25.0515571],[121.5487064,25.0512348],[121.5487029,25.0509593],[121.5486985,25.0506216],[121.5486936,25.0502363],[121.5486928,25.0501732],[121.5486919,25.0501024],[121.5486912,25.0500434],[121.5486711,25.0484704],[121.5486701,25.0483978],[121.5486696,25.0483568],[121.548668,25.0482059]]}},{"type":"Feature","properties":{"highway":"tertiary","name":"安和路二段","osm_id":375486265},"geometry":{"type":"LineString","coordinates":[[121.5525136,25.0326228],[121.5525068,25.0330282],[121.552514,25.0331269]]}},{"type":"Feature","properties":{"highway":"tertiary","name":"師大路","osm_id":377249690},"geometry":{"type":"LineString","coordinates":[[121.5276119,25.021097],[121.5275822,25.0210067],[121.5275368,25.0209461],[121.5274723,25.0209013],[121.5273963,25.0208756],[121.5273096,25.02086],[121.5272249,25.0208561],[121.5267204,25.0209025],[121.5264328,25.0209284],[121.5257861,25.0209967],[121.5257353,25.0210021],[121.5256318,25.0210167]]}},{"type":"Feature","properties":{"highway":"primary","name":"羅斯福路三段","osm_id":380786880},"geometry":{"type":"LineString","coordinates":[[121.5262506,25.0222424],[121.5263042,25.0221973],[121.5263204,25.0221837],[121.5265741,25.0219702],[121.5270798,25.0215447],[121.5275055,25.0211865],[121.5276119,25.021097]]}},{"type":"Feature","properties":{"highway":"tertiary","name":"東興路","osm_id":381559799},"geometry":{"type":"LineString","coordinates":[[121.5671248,25.0458603],[121.5670263,25.0458857],[121.5669396,25.0459471]]}},{"type":"Feature","properties":{"highway":"tertiary","name":"市民大道五段","osm_id":382623046},"geometry":{"type":"LineString","coordinates":[[121.5689547,25.0491359],[121.5674376,25.0487572],[121.5674032,25.0487485],[121.567376,25.0487415],[121.5672857,25.0487187]]}},{"type":"Feature","properties":{"highway":"primary","name":"中山北路一段","osm_id":384694135},"geometry":{"type":"LineString","coordinates":[[121.5204364,25.0471653],[121.5205135,25.0473248],[121.5206918,25.0477116],[121.5207332,25.0478015],[121.5207619,25.0478682],[121.5208196,25.0479795]]}},{"type":"Feature","properties":{"highway":"tertiary","name":"崇德街","osm_id":385149398},"geometry":{"type":"LineString","coordinates":[[121.552922,25.0243461],[121.5529778,25.0243404],[121.5532081,25.0243288],[121.5534406,25.0243171],[121.5538914,25.0242945],[121.5539343,25.0242923],[121.5544269,25.0242796],[121.5548888,25.0242685],[121.5552368,25.024262],[121.5552981,25.0242608],[121.5555138,25.024139]]}},{"type":"Feature","properties":{"highway":"tertiary","name":"信安街","osm_id":386744544},"geometry":{"type":"LineString","coordinates":[[121.5561048,25.0247861],[121.5561531,25.024851],[121.5564513,25.0252772],[121.5565339,25.025378],[121.5565893,25.0254447],[121.5567829,25.025657],[121.5573506,25.0259764],[121.5573724,25.0259953],[121.5574772,25.0261227]]}},{"type":"Feature","properties":{"highway":"tertiary","name":"吳興街225巷","osm_id":386744545},"geometry":{"type":"LineString","coordinates":[[121.5631711,25.0276978],[121.563224,25.027745],[121.5635698,25.0280424]]}},{"type":"Feature","properties":{"highway":"secondary","name":"和平東路三段","osm_id":386744548},"geometry":{"type":"LineString","coordinates":[[121.5631137,25.0133367],[121.56316,25.0133029],[121.5632155,25.0132689],[121.5632598,25.0132148],[121.563291,25.0131579],[121.5633483,25.0130006],[121.5633583,25.0129661],[121.5633956,25.012857],[121.5634166,25.0127735],[121.5634251,25.0127308],[121.5634429,25.0126259],[121.5634539,25.0125163],[121.5634599,25.0124357],[121.5634624,25.0123455],[121.5634576,25.0122262],[121.5634194,25.0120008],[121.5634156,25.0119325],[121.5634207,25.0118539],[121.5634397,25.0117649],[121.5634777,25.0116709],[121.5636146,25.0114049],[121.5637732,25.0110964],[121.5638199,25.0110328],[121.5638759,25.0109811],[121.5644272,25.0105307],[121.564865,25.0102409],[121.5651347,25.0100647],[121.5652423,25.0099755],[121.5653046,25.0099027],[121.5653437,25.0098118],[121.5653775,25.0097304],[121.5656468,25.0089514]]}},{"type":"Feature","properties":{"highway":"secondary","name":"和平東路三段","osm_id":386744549},"geometry":{"type":"LineString","coordinates":[[121.5547027,25.0224289],[121.5546581,25.0224698],[121.5540115,25.0230607],[121.5539152,25.0231592],[121.5536755,25.0233935],[121.5533299,25.0237267],[121.5528981,25.024143],[121.5528549,25.0241842]]}},{"type":"Feature","properties":{"highway":"secondary","name":"和平東路三段","osm_id":386744550},"geometry":{"type":"LineString","coordinates":[[121.5527247,25.0240666],[121.5527814,25.0240153],[121.5532503,25.023582],[121.5538486,25.0229985],[121.5541879,25.0226666]]}},{"type":"Feature","properties":{"highway":"tertiary","name":"信安街","osm_id":386745630},"geometry":{"type":"LineString","coordinates":[[121.5545829,25.0222962],[121.5547027,25.0224289]]}},{"type":"Feature","properties":{"highway":"tertiary","name":"樂業街","osm_id":386746725},"geometry":{"type":"LineString","coordinates":[[121.553855,25.0193654],[121.55356,25.0196595],[121.5535096,25.0197174],[121.553455,25.0197579],[121.552767,25.0202902],[121.5527646,25.0202909],[121.5527075,25.0203394]]}},{"type":"Feature","properties":{"highway":"tertiary","name":"臥龍街","osm_id":386746726},"geometry":{"type":"LineString","coordinates":[[121.554576,25.0186922],[121.5548069,25.0186724],[121.5552674,25.0186398],[121.5563248,25.0185526],[121.556818,25.0185381],[121.5568906,25.0185244],[121.5569601,25.0185218],[121.5573394,25.0184838],[121.5574156,25.0184796]]}},{"type":"Feature","properties":{"highway":"tertiary","name":"北平東路","osm_id":387549845},"geometry":{"type":"LineString","coordinates":[[121.5272909,25.0455104],[121.5272166,25.0455281],[121.5266085,25.0456734],[121.5259289,25.0458367],[121.5257129,25.0458888],[121.525541,25.0459269]]}},{"type":"Feature","properties":{"highway":"secondary","name":"基隆路一段","osm_id":387549846},"geometry":{"type":"LineString","coordinates":[[121.5693364,25.0490413],[121.5693973,25.0491449]]}},{"type":"Feature","properties":{"highway":"tertiary","name":"福州街","osm_id":401377038},"geometry":{"type":"LineString","coordinates":[[121.5177126,25.0282936],[121.5188431,25.0289716]]}},{"type":"Feature","properties":{"highway":"tertiary","name":"環河東路三段","osm_id":403494986},"geometry":{"type":"LineString","coordinates":[[121.5270992,25.0058689],[121.5270142,25.0060141],[121.5266792,25.0065868],[121.526514,25.0068957]]}},{"type":"Feature","properties":{"highway":"secondary","name":"敦化南路二段","osm_id":404179544},"geometry":{"type":"LineString","coordinates":[[121.5490462,25.0332653],[121.5490449,25.0333557]]}},{"type":"Feature","properties":{"highway":"secondary","name":"仁愛路三段","osm_id":405980642},"geometry":{"type":"LineString","coordinates":[[121.5419661,25.0381886],[121.5415345,25.0383123],[121.541268,25.0383817],[121.541143,25.0383888],[121.5410071,25.0383895],[121.5406514,25.0383985],[121.5401023,25.0384084],[121.5398435,25.0384087],[121.5397082,25.0384161],[121.5390702,25.038428],[121.5390093,25.0384289]]}},{"type":"Feature","properties":{"highway":"tertiary","name":"信安街","osm_id":405980643},"geometry":{"type":"LineString","coordinates":[[121.55581,25.0240442],[121.5558335,25.0241207],[121.555902,25.0244234],[121.5559362,25.0245287],[121.5559849,25.0246343],[121.5560518,25.0247387],[121.5561048,25.0247861]]}},{"type":"Feature","properties":{"highway":"secondary","name":"和平東路三段","osm_id":405980650},"geometry":{"type":"LineString","coordinates":[[121.5575816,25.0197211],[121.5575564,25.0197446],[121.5567985,25.0204526],[121.556624,25.0206156]]}},{"type":"Feature","properties":{"highway":"secondary","name":"和平東路三段","osm_id":405980651},"geometry":{"type":"LineString","coordinates":[[121.5541879,25.0226666],[121.5545407,25.0223356],[121.5545829,25.0222962]]}},{"type":"Feature","properties":{"highway":"secondary","name":"和平東路三段","osm_id":405980652},"geometry":{"type":"LineString","coordinates":[[121.5545829,25.0222962],[121.5546581,25.0222263],[121.5554326,25.0215101],[121.5554835,25.021463],[121.5555349,25.0214155],[121.556063,25.020927],[121.556362,25.0206505],[121.5565728,25.0205114]]}},{"type":"Feature","properties":{"highway":"tertiary","name":"建國南路一段","osm_id":405980655},"geometry":{"type":"LineString","coordinates":[[121.5382583,25.0391203],[121.5382261,25.0394313],[121.5381322,25.0397837],[121.5380911,25.039923],[121.5380144,25.0401374],[121.5378613,25.0405297],[121.5377819,25.040716],[121.5377496,25.040792]]}},{"type":"Feature","properties":{"highway":"secondary","name":"復興南路一段","osm_id":405980656},"geometry":{"type":"LineString","coordinates":[[121.5437139,25.0416931],[121.5437139,25.041558]]}},{"type":"Feature","properties":{"highway":"secondary","name":"復興南路一段","osm_id":405980657},"geometry":{"type":"LineString","coordinates":[[121.5437649,25.0381548],[121.5437667,25.0382481],[121.5437825,25.0387332],[121.5437885,25.0390418],[121.5438022,25.0397359],[121.5438038,25.0398186],[121.5438051,25.039886],[121.5438236,25.0408272],[121.5438298,25.0411401],[121.5438336,25.0413723],[121.5438379,25.0415558]]}},{"type":"Feature","properties":{"highway":"tertiary","name":"樂業街","osm_id":405980660},"geometry":{"type":"LineString","coordinates":[[121.5527075,25.0203394],[121.5526318,25.0204039],[121.5526026,25.0204273],[121.5524375,25.0205378]]}},{"type":"Feature","properties":{"highway":"secondary","name":"辛亥路車行地下道","osm_id":405980662},"geometry":{"type":"LineString","coordinates":[[121.5462991,25.0196302],[121.5460311,25.0198762],[121.5456819,25.0202216],[121.5452223,25.0206377]]}},{"type":"Feature","properties":{"highway":"secondary","name":"辛亥路三段","osm_id":405980663},"geometry":{"type":"LineString","coordinates":[[121.5444831,25.0212849],[121.5443326,25.0213417],[121.5442914,25.0213572],[121.5440795,25.0214264],[121.543821,25.0214701]]}},{"type":"Feature","properties":{"highway":"tertiary","name":"崇德街","osm_id":407177017},"geometry":{"type":"LineString","coordinates":[[121.55581,25.0240442],[121.5558606,25.0240306],[121.5561978,25.0238868],[121.5562615,25.0238581]]}},{"type":"Feature","properties":{"highway":"secondary","name":"基隆路四段","osm_id":407202551},"geometry":{"type":"LineString","coordinates":[[121.5362419,25.0110477],[121.5361977,25.0110387],[121.5361574,25.0110295]]}},{"type":"Feature","properties":{"highway":"tertiary","name":"思源街","osm_id":407202563},"geometry":{"type":"LineString","coordinates":[[121.532225,25.0151151],[121.5321638,25.0150563],[121.5321123,25.0150084],[121.5320714,25.0149677],[121.5320328,25.0149306]]}},{"type":"Feature","properties":{"highway":"tertiary","name":"汀州路三段","osm_id":407202569},"geometry":{"type":"LineString","coordinates":[[121.5362419,25.0110477],[121.5363241,25.0109372],[121.5363949,25.010842]]}},{"type":"Feature","properties":{"highway":"secondary","name":"信義路五段","osm_id":407206571},"geometry":{"type":"LineString","coordinates":[[121.5683883,25.0327612],[121.5685354,25.0327681]]}},{"type":"Feature","properties":{"highway":"tertiary","name":"松仁路","osm_id":407206573},"geometry":{"type":"LineString","coordinates":[[121.5683883,25.0327612],[121.56839,25.0328975]]}},{"type":"Feature","properties":{"highway":"tertiary","name":"林森北路","osm_id":407513569},"geometry":{"type":"LineString","coordinates":[[121.5242318,25.0479124],[121.5242437,25.047955],[121.5242555,25.0479975],[121.5243373,25.0482914],[121.5244446,25.0486769],[121.524551,25.0490593],[121.5245753,25.0491466]]}},{"type":"Feature","properties":{"highway":"tertiary","name":"林森北路","osm_id":407513570},"geometry":{"type":"LineString","coordinates":[[121.525333,25.0520455],[121.5253183,25.0519394],[121.525272,25.0517584],[121.5251887,25.0514556],[121.5251845,25.0514405],[121.5250996,25.0511359],[121.5249883,25.0507627],[121.5248772,25.0503492],[121.5248633,25.0502978],[121.5247333,25.0498189],[121.5247224,25.0497801],[121.5245817,25.0492719],[121.5245753,25.0491466]]}},{"type":"Feature","properties":{"highway":"tertiary","name":"長安東路一段","osm_id":407513573},"geometry":{"type":"LineString","coordinates":[[121.5217364,25.0497999],[121.5218384,25.0497754],[121.522164,25.0497002],[121.5225303,25.0496156],[121.5228007,25.0495541],[121.5228469,25.0495395],[121.522912,25.0495253],[121.524434,25.0491789],[121.5245753,25.0491466]]}},{"type":"Feature","properties":{"highway":"secondary","name":"仁愛路二段","osm_id":413949754},"geometry":{"type":"LineString","coordinates":[[121.5328864,25.0380082],[121.5328419,25.0380145]]}},{"type":"Feature","properties":{"highway":"secondary","name":"仁愛路二段","osm_id":413949757},"geometry":{"type":"LineString","coordinates":[[121.5326843,25.0380405],[121.5325432,25.0380587],[121.5323139,25.0380639],[121.5312391,25.0380881],[121.5294517,25.0381284],[121.5293719,25.0381322],[121.5292838,25.0381355],[121.5284369,25.0381425],[121.5283333,25.0381416]]}},{"type":"Feature","properties":{"highway":"secondary","name":"新生南路一段","osm_id":413949759},"geometry":{"type":"LineString","coordinates":[[121.5326865,25.0381797],[121.5326855,25.0381194]]}},{"type":"Feature","properties":{"highway":"secondary","name":"金山南路一段","osm_id":413949761},"geometry":{"type":"LineString","coordinates":[[121.5291321,25.040858],[121.5291074,25.0407707],[121.5289838,25.0403373],[121.5288274,25.0398955],[121.5287771,25.039749],[121.5287153,25.0395688],[121.5286921,25.0395012],[121.528676,25.039455],[121.5285352,25.0390669],[121.5283849,25.0386501],[121.5283115,25.0384522],[121.5282871,25.038359]]}},{"type":"Feature","properties":{"highway":"tertiary","name":"濟南路三段","osm_id":413955657},"geometry":{"type":"LineString","coordinates":[[121.5329174,25.0401918],[121.5328788,25.0401917]]}},{"type":"Feature","properties":{"highway":"tertiary","name":"師大路","osm_id":420861782},"geometry":{"type":"LineString","coordinates":[[121.527718,25.0210844],[121.5277131,25.0211037],[121.5276939,25.0211392],[121.5276795,25.0211745],[121.5276733,25.021249]]}},{"type":"Feature","properties":{"highway":"tertiary","name":"師大路","osm_id":420861783},"geometry":{"type":"LineString","coordinates":[[121.5276733,25.021249],[121.5276527,25.0211979],[121.5276351,25.0211543],[121.5276119,25.021097]]}},{"type":"Feature","properties":{"highway":"primary","name":"羅斯福路三段","osm_id":420861788},"geometry":{"type":"LineString","coordinates":[[121.5276119,25.021097],[121.527721,25.0209953]]}},{"type":"Feature","properties":{"highway":"secondary","name":"","osm_id":424138573},"geometry":{"type":"LineString","coordinates":[[121.5528549,25.0241842],[121.5528865,25.0242347],[121.5529091,25.0242891],[121.552922,25.0243461],[121.5529248,25.0244086],[121.552916,25.0244707],[121.5528958,25.0245306],[121.5528648,25.0245866]]}},{"type":"Feature","properties":{"highway":"secondary","name":"","osm_id":424138576},"geometry":{"type":"LineString","coordinates":[[121.5523053,25.0240728],[121.5523459,25.0240499],[121.5524073,25.0240284],[121.5524718,25.0240164],[121.5525376,25.0240144],[121.5526029,25.0240222],[121.5526658,25.0240398],[121.5527247,25.0240666],[121.5527747,25.0240994],[121.5528185,25.0241389],[121.5528549,25.0241842]]}},{"type":"Feature","properties":{"highway":"secondary","name":"基隆路二段","osm_id":424138578},"geometry":{"type":"LineString","coordinates":[[121.5525025,25.0242725],[121.5526161,25.0243768],[121.5526777,25.0244216],[121.5528648,25.0245866]]}},{"type":"Feature","properties":{"highway":"tertiary_link","name":"","osm_id":435677305},"geometry":{"type":"LineString","coordinates":[[121.5282655,25.0504538],[121.5283039,25.0505185],[121.5281786,25.0508733],[121.528211,25.0509109]]}},{"type":"Feature","properties":{"highway":"tertiary_link","name":"","osm_id":435677307},"geometry":{"type":"LineString","coordinates":[[121.5280883,25.0503873],[121.5282262,25.0504391],[121.5282655,25.0504538]]}},{"type":"Feature","properties":{"highway":"tertiary_link","name":"","osm_id":435677309},"geometry":{"type":"LineString","coordinates":[[121.5285597,25.0501],[121.5284771,25.0501275],[121.5283393,25.0504395],[121.5282655,25.0504538]]}},{"type":"Feature","properties":{"highway":"secondary","name":"和平東路一段","osm_id":450888102},"geometry":{"type":"LineString","coordinates":[[121.5258713,25.0267363],[121.5258865,25.0267347],[121.5259761,25.0267249]]}},{"type":"Feature","properties":{"highway":"tertiary_link","name":"市民大道五段","osm_id":453793967},"geometry":{"type":"LineString","coordinates":[[121.557824,25.0450423],[121.5578922,25.0450686],[121.5585265,25.0452858],[121.5589219,25.0454936]]}},{"type":"Feature","properties":{"highway":"secondary","name":"松壽路","osm_id":456417603},"geometry":{"type":"LineString","coordinates":[[121.5615056,25.0359423],[121.5611968,25.035948]]}},{"type":"Feature","properties":{"highway":"secondary_link","name":"","osm_id":461526485},"geometry":{"type":"LineString","coordinates":[[121.5573643,25.0299637],[121.557367,25.0299017],[121.5573697,25.0298159],[121.5573839,25.0296601],[121.5573905,25.029504]]}},{"type":"Feature","properties":{"highway":"tertiary","name":"四維路170巷","osm_id":463073084},"geometry":{"type":"LineString","coordinates":[[121.5480422,25.0281777],[121.54795,25.0281851],[121.5472731,25.0282236],[121.5470135,25.0282299],[121.54693,25.0282354],[121.5468733,25.028235],[121.5461071,25.0282693],[121.5460803,25.0282705],[121.5460188,25.0282733],[121.5460143,25.0282738]]}},{"type":"Feature","properties":{"highway":"tertiary","name":"安和路二段171巷","osm_id":463073085},"geometry":{"type":"LineString","coordinates":[[121.5511438,25.028185],[121.551045,25.0281567],[121.5505787,25.0280185],[121.5500251,25.0280476],[121.5498941,25.0280508],[121.5497686,25.0280584],[121.5497358,25.0280574],[121.5491906,25.0280863],[121.5491315,25.0280894],[121.5490692,25.0280927],[121.5489949,25.0280986],[121.5487519,25.0281204]]}},{"type":"Feature","properties":{"highway":"secondary","name":"光復南路","osm_id":465196147},"geometry":{"type":"LineString","coordinates":[[121.5574711,25.0353849],[121.5574694,25.0353123],[121.557447,25.034411],[121.5574448,25.0342769],[121.5574435,25.0342186],[121.5574356,25.0338868],[121.5574375,25.0332961],[121.5574319,25.0331793]]}},{"type":"Feature","properties":{"highway":"secondary","name":"仁愛路三段","osm_id":467228962},"geometry":{"type":"LineString","coordinates":[[121.5329036,25.038335],[121.5328654,25.0383296]]}},{"type":"Feature","properties":{"highway":"secondary","name":"仁愛路三段","osm_id":467228963},"geometry":{"type":"LineString","coordinates":[[121.5390093,25.0384289],[121.5387196,25.0383426],[121.5384594,25.0382357],[121.5383239,25.0382163],[121.5382763,25.038213],[121.5381715,25.038205],[121.5380538,25.0381996]]}},{"type":"Feature","properties":{"highway":"tertiary","name":"建國南路一段","osm_id":467228964},"geometry":{"type":"LineString","coordinates":[[121.5380538,25.0381996],[121.5380742,25.0382907],[121.5380759,25.0383426],[121.5381295,25.0386148],[121.5382153,25.0388675],[121.5382583,25.0391203]]}},{"type":"Feature","properties":{"highway":"tertiary","name":"建國南路一段","osm_id":467228965},"geometry":{"type":"LineString","coordinates":[[121.5380539,25.0381271],[121.5380539,25.0381551],[121.5380538,25.0381996]]}},{"type":"Feature","properties":{"highway":"secondary","name":"仁愛路三段","osm_id":467228966},"geometry":{"type":"LineString","coordinates":[[121.5380539,25.0381271],[121.5377859,25.0381403],[121.5376929,25.0381449]]}},{"type":"Feature","properties":{"highway":"secondary","name":"復興南路一段","osm_id":467228967},"geometry":{"type":"LineString","coordinates":[[121.543761,25.0380179],[121.5437628,25.0380498],[121.5437649,25.0381548]]}},{"type":"Feature","properties":{"highway":"tertiary","name":"愛國東路","osm_id":468047665},"geometry":{"type":"LineString","coordinates":[[121.5225741,25.0324039],[121.522416,25.0324514],[121.5223809,25.0324665]]}},{"type":"Feature","properties":{"highway":"tertiary","name":"延吉街","osm_id":468226875},"geometry":{"type":"LineString","coordinates":[[121.5569369,25.0338786],[121.5566888,25.0341827],[121.5563391,25.0346614],[121.5560138,25.0350634],[121.555968,25.0351213],[121.5559233,25.0351731],[121.5557279,25.0354132],[121.5556797,25.0358046],[121.555664,25.035976],[121.5556383,25.0362203],[121.5556099,25.0364212],[121.5555988,25.0364994],[121.5555894,25.0365888],[121.555575,25.0366966],[121.5555547,25.036938],[121.5555486,25.0370027],[121.5555441,25.0370663],[121.5554982,25.037455],[121.5554889,25.0375428]]}},{"type":"Feature","properties":{"highway":"tertiary","name":"樂業街","osm_id":473627352},"geometry":{"type":"LineString","coordinates":[[121.5507601,25.0219725],[121.5503988,25.0222966],[121.5503405,25.0223502]]}},{"type":"Feature","properties":{"highway":"tertiary","name":"渭水路","osm_id":484988951},"geometry":{"type":"LineString","coordinates":[[121.5350631,25.0456884],[121.5353295,25.0456234],[121.5353708,25.0455898],[121.5354423,25.0455134]]}},{"type":"Feature","properties":{"highway":"tertiary","name":"渭水路","osm_id":484988952},"geometry":{"type":"LineString","coordinates":[[121.5356246,25.0456344],[121.5354932,25.0456941],[121.5352551,25.0456963],[121.5350631,25.0456884]]}},{"type":"Feature","properties":{"highway":"secondary","name":"新生南路三段","osm_id":500220151},"geometry":{"type":"LineString","coordinates":[[121.5337556,25.0187124],[121.5338449,25.0191473],[121.5338551,25.019197],[121.5340974,25.0203768],[121.5341095,25.0204356],[121.5341982,25.0208673],[121.5342282,25.0210132],[121.5343496,25.0216039],[121.5343895,25.021798],[121.5344444,25.022066],[121.5344809,25.0222441]]}},{"type":"Feature","properties":{"highway":"secondary","name":"新生南路三段","osm_id":500220152},"geometry":{"type":"LineString","coordinates":[[121.5332649,25.0169773],[121.5331887,25.0168919],[121.5331033,25.0168122],[121.5329893,25.0167132],[121.5327962,25.016551],[121.5326756,25.0164493]]}},{"type":"Feature","properties":{"highway":"secondary","name":"新生南路三段","osm_id":502771871},"geometry":{"type":"LineString","coordinates":[[121.5336824,25.018363],[121.533742,25.0186474],[121.5337556,25.0187124]]}},{"type":"Feature","properties":{"highway":"secondary","name":"辛亥路二段","osm_id":503834521},"geometry":{"type":"LineString","coordinates":[[121.5345393,25.0226367],[121.5344085,25.0226374]]}},{"type":"Feature","properties":{"highway":"secondary","name":"新生南路三段","osm_id":503834522},"geometry":{"type":"LineString","coordinates":[[121.5344809,25.0222441],[121.5345393,25.0226367]]}},{"type":"Feature","properties":{"highway":"secondary","name":"復興北路","osm_id":506316035},"geometry":{"type":"LineString","coordinates":[[121.5439733,25.0517728],[121.5439695,25.0516795],[121.543945,25.0507026],[121.5439392,25.0504848],[121.5439335,25.0502669],[121.5439318,25.0502046],[121.5439306,25.0501565],[121.5439242,25.0499167],[121.5439031,25.0491193],[121.5439022,25.0490858],[121.5438833,25.0483682],[121.5438797,25.0482567]]}},{"type":"Feature","properties":{"highway":"secondary","name":"復興南路一段","osm_id":506316041},"geometry":{"type":"LineString","coordinates":[[121.5437875,25.0447395],[121.5437839,25.0446452],[121.5437763,25.0443148],[121.5437634,25.0437567],[121.5437442,25.0431387],[121.5437429,25.0430968],[121.5437347,25.0427933],[121.543721,25.0422993],[121.5437125,25.0418448],[121.5437139,25.0416931]]}},{"type":"Feature","properties":{"highway":"tertiary","name":"市民大道三段","osm_id":506316042},"geometry":{"type":"LineString","coordinates":[[121.5437875,25.0447395],[121.5439352,25.0447557]]}},{"type":"Feature","properties":{"highway":"primary","name":"忠孝東路四段","osm_id":506316043},"geometry":{"type":"LineString","coordinates":[[121.5438394,25.0416839],[121.5437139,25.0416931]]}},{"type":"Feature","properties":{"highway":"secondary","name":"信義路四段","osm_id":506316044},"geometry":{"type":"LineString","coordinates":[[121.5542896,25.0330886],[121.5544429,25.0330858],[121.5551236,25.0330685],[121.5557986,25.0330514],[121.556606,25.0330334],[121.5573232,25.0330181],[121.5574285,25.0330144],[121.55754,25.0330111]]}},{"type":"Feature","properties":{"highway":"secondary","name":"復興南路二段","osm_id":506316045},"geometry":{"type":"LineString","coordinates":[[121.5436756,25.0332946],[121.5436772,25.0333752]]}},{"type":"Feature","properties":{"highway":"primary","name":"忠孝東路一段","osm_id":506322836},"geometry":{"type":"LineString","coordinates":[[121.5216503,25.0452937],[121.5215783,25.0453094],[121.5215159,25.0453238],[121.5213324,25.0453691],[121.520623,25.0455444],[121.520094,25.0456727],[121.5199958,25.0456941],[121.5199058,25.0457116],[121.5197858,25.0457359]]}},{"type":"Feature","properties":{"highway":"primary","name":"忠孝東路一段","osm_id":506322837},"geometry":{"type":"LineString","coordinates":[[121.5233641,25.0448699],[121.523211,25.0449069],[121.5228237,25.0450049],[121.5224898,25.0450869],[121.5218053,25.0452551],[121.5217398,25.0452713],[121.5216503,25.0452937]]}},{"type":"Feature","properties":{"highway":"primary","name":"忠孝東路二段","osm_id":506322840},"geometry":{"type":"LineString","coordinates":[[121.5297829,25.0432221],[121.5296862,25.0432467],[121.529393,25.0433263],[121.5290033,25.0434305]]}},{"type":"Feature","properties":{"highway":"tertiary","name":"金山南路一段","osm_id":506322841},"geometry":{"type":"LineString","coordinates":[[121.5297829,25.0432221],[121.5297445,25.0431016],[121.5297193,25.0430118],[121.5296218,25.0426694],[121.5295326,25.0423669],[121.5293888,25.041829],[121.5292614,25.0413907],[121.5291742,25.0410313]]}},{"type":"Feature","properties":{"highway":"primary","name":"忠孝東路二段","osm_id":506322842},"geometry":{"type":"LineString","coordinates":[[121.5299523,25.0430502],[121.5300491,25.0430242],[121.5306186,25.0428672],[121.5307233,25.0428366]]}},{"type":"Feature","properties":{"highway":"tertiary","name":"金山南路一段","osm_id":506322843},"geometry":{"type":"LineString","coordinates":[[121.5299523,25.0430502],[121.5299832,25.0431658]]}},{"type":"Feature","properties":{"highway":"tertiary","name":"金山南路一段","osm_id":506322844},"geometry":{"type":"LineString","coordinates":[[121.5299832,25.0431658],[121.5300141,25.0432579],[121.5301006,25.0435143],[121.5301119,25.0435477],[121.5301252,25.0435852],[121.530165,25.0437086]]}},{"type":"Feature","properties":{"highway":"primary","name":"忠孝東路二段","osm_id":506322845},"geometry":{"type":"LineString","coordinates":[[121.5299832,25.0431658],[121.5298311,25.0432085],[121.5297829,25.0432221]]}},{"type":"Feature","properties":{"highway":"primary","name":"忠孝東路二段","osm_id":506322846},"geometry":{"type":"LineString","coordinates":[[121.5307233,25.0428366],[121.5308455,25.0428003],[121.5311667,25.0427105],[121.5321009,25.0424414],[121.5323462,25.042376],[121.532434,25.0423526],[121.5325479,25.0423222],[121.5326264,25.0423013],[121.5327726,25.0422648]]}},{"type":"Feature","properties":{"highway":"primary","name":"忠孝東路二段","osm_id":506322848},"geometry":{"type":"LineString","coordinates":[[121.5307596,25.0429529],[121.5306559,25.0429801],[121.5301929,25.0431093],[121.530085,25.0431395],[121.5299832,25.0431658]]}},{"type":"Feature","properties":{"highway":"secondary","name":"新生南路一段","osm_id":506322850},"geometry":{"type":"LineString","coordinates":[[121.5327802,25.0424169],[121.5327726,25.0422648]]}},{"type":"Feature","properties":{"highway":"primary","name":"忠孝東路三段","osm_id":506322851},"geometry":{"type":"LineString","coordinates":[[121.5329138,25.0422422],[121.53314,25.0422061],[121.5336552,25.0421321],[121.5342061,25.0420517],[121.5347012,25.0419781],[121.5353251,25.0418932]]}},{"type":"Feature","properties":{"highway":"secondary","name":"新生南路一段","osm_id":506322852},"geometry":{"type":"LineString","coordinates":[[121.5329138,25.0422422],[121.5329177,25.0423891]]}},{"type":"Feature","properties":{"highway":"primary","name":"忠孝東路三段","osm_id":506322853},"geometry":{"type":"LineString","coordinates":[[121.5353251,25.0418932],[121.5354526,25.0418752],[121.5357234,25.041835],[121.5366055,25.0417036],[121.5368542,25.0416674]]}},{"type":"Feature","properties":{"highway":"primary","name":"忠孝東路三段","osm_id":506322854},"geometry":{"type":"LineString","coordinates":[[121.5353426,25.0420268],[121.5339535,25.0422308],[121.5332423,25.0423345],[121.5332073,25.0423396],[121.5331684,25.0423463],[121.5329177,25.0423891]]}},{"type":"Feature","properties":{"highway":"primary","name":"忠孝東路三段","osm_id":506322856},"geometry":{"type":"LineString","coordinates":[[121.5373088,25.0416279],[121.5374029,25.0416224]]}},{"type":"Feature","properties":{"highway":"tertiary","name":"建國南路一段","osm_id":506322857},"geometry":{"type":"LineString","coordinates":[[121.5372719,25.0406761],[121.5373141,25.0405686],[121.5373185,25.0405548],[121.5374321,25.0401993],[121.5374424,25.0401529],[121.5374869,25.03984],[121.5374971,25.0397684]]}},{"type":"Feature","properties":{"highway":"primary","name":"忠孝東路三段","osm_id":506322858},"geometry":{"type":"LineString","coordinates":[[121.5368542,25.0416674],[121.5369629,25.0416553]]}},{"type":"Feature","properties":{"highway":"primary","name":"忠孝東路四段","osm_id":506322859},"geometry":{"type":"LineString","coordinates":[[121.5461208,25.0415216],[121.5462547,25.0415166],[121.5463481,25.041514],[121.5471396,25.0414998],[121.5472106,25.0414992]]}},{"type":"Feature","properties":{"highway":"tertiary","name":"大安路一段","osm_id":506322860},"geometry":{"type":"LineString","coordinates":[[121.5461208,25.0415216],[121.5461604,25.0416532],[121.5461709,25.0417393],[121.5461736,25.0419436],[121.5461593,25.0421892],[121.5461668,25.042561],[121.5461689,25.0426623],[121.5461697,25.0426931],[121.5461802,25.0431009],[121.5461909,25.0435869],[121.5461976,25.0440097],[121.5462084,25.0442576],[121.5462144,25.0443785],[121.5462164,25.0444496],[121.5462215,25.0449204],[121.5462252,25.045]]}},{"type":"Feature","properties":{"highway":"primary","name":"忠孝東路四段","osm_id":506322861},"geometry":{"type":"LineString","coordinates":[[121.5472095,25.0416319],[121.5471402,25.0416326],[121.5466372,25.0416426],[121.5462584,25.0416518],[121.5461604,25.0416532],[121.5460265,25.041655],[121.5452562,25.0416689],[121.5444525,25.04167],[121.5439715,25.0416782],[121.5438394,25.0416839]]}},{"type":"Feature","properties":{"highway":"secondary","name":"敦化南路一段","osm_id":506322865},"geometry":{"type":"LineString","coordinates":[[121.549113,25.0415884],[121.5491143,25.0417191],[121.5491147,25.0417663],[121.5491293,25.0420936],[121.5491228,25.0423843],[121.5491236,25.0424382],[121.5491245,25.0425092],[121.5491257,25.0426043]]}},{"type":"Feature","properties":{"highway":"primary","name":"忠孝東路四段","osm_id":506322866},"geometry":{"type":"LineString","coordinates":[[121.549113,25.0415884],[121.548901,25.0415955]]}},{"type":"Feature","properties":{"highway":"primary","name":"忠孝東路四段","osm_id":506322868},"geometry":{"type":"LineString","coordinates":[[121.548901,25.0415955],[121.5488758,25.0415958]]}},{"type":"Feature","properties":{"highway":"secondary","name":"敦化南路一段","osm_id":506322869},"geometry":{"type":"LineString","coordinates":[[121.5488759,25.0414575],[121.5488744,25.0413291],[121.5488737,25.0412621],[121.5488643,25.0404279],[121.5488483,25.0390073],[121.5488456,25.0388446],[121.5488448,25.0387952]]}},{"type":"Feature","properties":{"highway":"secondary","name":"敦化南路一段","osm_id":506322871},"geometry":{"type":"LineString","coordinates":[[121.5486159,25.0414665],[121.5486158,25.041336],[121.5486154,25.041279],[121.5486106,25.0405461],[121.5486054,25.0397423],[121.5486002,25.0389471]]}},{"type":"Feature","properties":{"highway":"primary","name":"忠孝東路四段","osm_id":506322872},"geometry":{"type":"LineString","coordinates":[[121.5486159,25.0414665],[121.5488759,25.0414575]]}},{"type":"Feature","properties":{"highway":"primary","name":"忠孝東路四段","osm_id":506339431},"geometry":{"type":"LineString","coordinates":[[121.5529787,25.0415189],[121.5528975,25.0415203],[121.5519005,25.0415265],[121.5507791,25.0415463],[121.5507021,25.0415464],[121.5496405,25.041576],[121.5493418,25.0415863],[121.5493252,25.0415869],[121.5492846,25.0415869],[121.5492354,25.041587],[121.549113,25.0415884]]}},{"type":"Feature","properties":{"highway":"primary","name":"忠孝東路四段","osm_id":506339435},"geometry":{"type":"LineString","coordinates":[[121.5544785,25.04148],[121.5544117,25.0414817],[121.5540166,25.041492],[121.5530889,25.041516],[121.5529787,25.0415189]]}},{"type":"Feature","properties":{"highway":"tertiary","name":"延吉街","osm_id":506339439},"geometry":{"type":"LineString","coordinates":[[121.5544785,25.04148],[121.554501,25.0413414],[121.5545209,25.0412488],[121.5546511,25.0407641],[121.5547764,25.0402979],[121.5549022,25.0398294],[121.5550249,25.0393724],[121.5551528,25.0389199],[121.5551986,25.0387259],[121.5552684,25.0384359]]}},{"type":"Feature","properties":{"highway":"secondary","name":"光復南路","osm_id":506339442},"geometry":{"type":"LineString","coordinates":[[121.5577437,25.0414128],[121.5577478,25.0415313],[121.5577633,25.0420403],[121.5578808,25.0421465],[121.557883,25.0426289],[121.5578884,25.0435203],[121.5578921,25.0436875],[121.5577942,25.0437598],[121.5578165,25.0444059],[121.5578288,25.0448927],[121.557825,25.0449939]]}},{"type":"Feature","properties":{"highway":"primary","name":"忠孝東路四段","osm_id":506339446},"geometry":{"type":"LineString","coordinates":[[121.5577437,25.0414128],[121.5576181,25.0414157]]}},{"type":"Feature","properties":{"highway":"secondary","name":"基隆路一段","osm_id":506339449},"geometry":{"type":"LineString","coordinates":[[121.5646488,25.0412047],[121.5647414,25.0413502],[121.5648564,25.041542],[121.5649666,25.0417182],[121.5654947,25.04265]]}},{"type":"Feature","properties":{"highway":"tertiary","name":"龍江路","osm_id":506359646},"geometry":{"type":"LineString","coordinates":[[121.5404609,25.0518439],[121.5404584,25.0517272],[121.5404456,25.051267],[121.5404391,25.0508236],[121.5404403,25.0506396],[121.5404425,25.0504836],[121.5404313,25.0499727],[121.5404205,25.049534],[121.5404154,25.0491786],[121.5404098,25.0487941],[121.5404081,25.0484293],[121.5404047,25.0483277],[121.5404026,25.048222],[121.5403887,25.0477446],[121.540388,25.0472781],[121.5405108,25.0468466],[121.5405186,25.0468193],[121.5405466,25.0467335]]}},{"type":"Feature","properties":{"highway":"primary","name":"中山北路一段","osm_id":515156287},"geometry":{"type":"LineString","coordinates":[[121.5214968,25.0498624],[121.5214584,25.0497845],[121.5214558,25.0497795],[121.521252,25.049386],[121.5210165,25.0489163],[121.5207639,25.048407],[121.5207316,25.048342],[121.520713,25.0483044],[121.5207046,25.0482892],[121.5206589,25.0481982]]}},{"type":"Feature","properties":{"highway":"tertiary","name":"長安東路一段","osm_id":515156291},"geometry":{"type":"LineString","coordinates":[[121.5216305,25.0498283],[121.5217364,25.0497999]]}},{"type":"Feature","properties":{"highway":"primary","name":"中山北路一段","osm_id":515156296},"geometry":{"type":"LineString","coordinates":[[121.5207105,25.0479991],[121.5206618,25.0478954],[121.5206236,25.0478143],[121.5204,25.047339],[121.5203305,25.0471911]]}},{"type":"Feature","properties":{"highway":"primary","name":"中山北路一段","osm_id":515156298},"geometry":{"type":"LineString","coordinates":[[121.5207105,25.0479991],[121.5207783,25.0481432],[121.5207935,25.0481732]]}},{"type":"Feature","properties":{"highway":"tertiary","name":"市民大道一段","osm_id":515156299},"geometry":{"type":"LineString","coordinates":[[121.5207105,25.0479991],[121.5208196,25.0479795]]}},{"type":"Feature","properties":{"highway":"primary","name":"中山北路一段","osm_id":515156300},"geometry":{"type":"LineString","coordinates":[[121.5209092,25.0481518],[121.5209344,25.0482007],[121.5209424,25.0482161],[121.5209737,25.0482795],[121.5212921,25.0489099],[121.5215379,25.0493964],[121.5216798,25.0496705],[121.5216858,25.049685],[121.5216884,25.04969],[121.5217364,25.0497999]]}},{"type":"Feature","properties":{"highway":"primary","name":"中山北路一段","osm_id":515156302},"geometry":{"type":"LineString","coordinates":[[121.5207935,25.0481732],[121.5208359,25.0482571],[121.5208563,25.0482975],[121.52158,25.0497285],[121.5216305,25.0498283]]}},{"type":"Feature","properties":{"highway":"tertiary","name":"市民大道一段","osm_id":515156304},"geometry":{"type":"LineString","coordinates":[[121.5207935,25.0481732],[121.5206589,25.0481982]]}},{"type":"Feature","properties":{"highway":"tertiary","name":"市民大道一段","osm_id":515156305},"geometry":{"type":"LineString","coordinates":[[121.5206589,25.0481982],[121.5205899,25.0482104],[121.5200253,25.0483105],[121.5197056,25.0483672],[121.519141,25.0484519],[121.5190627,25.0484636],[121.5189535,25.0484792],[121.5188149,25.048499],[121.5186683,25.0485227]]}},{"type":"Feature","properties":{"highway":"primary","name":"中山北路一段","osm_id":515156306},"geometry":{"type":"LineString","coordinates":[[121.5206589,25.0481982],[121.5205722,25.0480266]]}},{"type":"Feature","properties":{"highway":"primary","name":"中山北路一段","osm_id":515156313},"geometry":{"type":"LineString","coordinates":[[121.5201595,25.0471423],[121.5201051,25.0470252],[121.5200231,25.0468497],[121.519952,25.0466973],[121.5197656,25.0463017],[121.5196516,25.0460696]]}},{"type":"Feature","properties":{"highway":"primary","name":"忠孝東路一段","osm_id":515156319},"geometry":{"type":"LineString","coordinates":[[121.5195799,25.0455956],[121.5197151,25.0455801]]}},{"type":"Feature","properties":{"highway":"primary","name":"中山南路","osm_id":515166734},"geometry":{"type":"LineString","coordinates":[[121.51879,25.0433502],[121.5187549,25.0432266],[121.5184949,25.042311],[121.5184746,25.0422394],[121.5184655,25.0422076],[121.51844,25.0421201],[121.5184244,25.0420664],[121.5183918,25.041948]]}},{"type":"Feature","properties":{"highway":"tertiary","name":"濟南路一段","osm_id":515166736},"geometry":{"type":"LineString","coordinates":[[121.5189135,25.0433186],[121.51879,25.0433502]]}},{"type":"Feature","properties":{"highway":"primary","name":"中山南路","osm_id":515166738},"geometry":{"type":"LineString","coordinates":[[121.5190414,25.0432872],[121.5190747,25.0433995],[121.5192138,25.0438676],[121.519316,25.0442117],[121.5193545,25.0443411],[121.5193708,25.0443959],[121.5193993,25.044492]]}},{"type":"Feature","properties":{"highway":"tertiary","name":"濟南路一段","osm_id":515166739},"geometry":{"type":"LineString","coordinates":[[121.5190414,25.0432872],[121.5189135,25.0433186]]}},{"type":"Feature","properties":{"highway":"primary","name":"中山南路","osm_id":515166740},"geometry":{"type":"LineString","coordinates":[[121.5183918,25.041948],[121.5183405,25.0417729],[121.5182862,25.0415878],[121.5181379,25.0410871],[121.5180955,25.0409376],[121.5180715,25.0408561],[121.5180434,25.040757]]}},{"type":"Feature","properties":{"highway":"primary","name":"中山南路","osm_id":515166747},"geometry":{"type":"LineString","coordinates":[[121.5189135,25.0433186],[121.518878,25.0431962],[121.518859,25.0431307],[121.5185583,25.0420933],[121.518541,25.0420336],[121.5185048,25.0419087]]}},{"type":"Feature","properties":{"highway":"primary","name":"中山南路","osm_id":515166752},"geometry":{"type":"LineString","coordinates":[[121.5185048,25.0419087],[121.5184603,25.0417554],[121.5184577,25.0417467],[121.5182017,25.0408635],[121.5181893,25.0408206],[121.5181626,25.0407285]]}},{"type":"Feature","properties":{"highway":"tertiary","name":"長安東路二段","osm_id":515177074},"geometry":{"type":"LineString","coordinates":[[121.5328994,25.0484625],[121.5330402,25.0484591]]}},{"type":"Feature","properties":{"highway":"secondary","name":"松江路","osm_id":515177075},"geometry":{"type":"LineString","coordinates":[[121.5328994,25.0484625],[121.5328947,25.0483363],[121.5328857,25.0479489],[121.5328872,25.0475669]]}},{"type":"Feature","properties":{"highway":"secondary","name":"仁愛路三段","osm_id":518973332},"geometry":{"type":"LineString","coordinates":[[121.5434733,25.0380353],[121.5434518,25.0380601],[121.5423085,25.0380828]]}},{"type":"Feature","properties":{"highway":"secondary","name":"仁愛路三段","osm_id":518974807},"geometry":{"type":"LineString","coordinates":[[121.5368601,25.0384665],[121.5358799,25.0384737],[121.5355344,25.0384824],[121.5348216,25.0384981],[121.5346138,25.0385031],[121.5344709,25.0385073],[121.5338139,25.0383414],[121.5334221,25.03834],[121.5330165,25.0383526],[121.5329349,25.0383405]]}},{"type":"Feature","properties":{"highway":"tertiary","name":"建國南路一段","osm_id":518974811},"geometry":{"type":"LineString","coordinates":[[121.5376928,25.0382053],[121.5376929,25.0381643],[121.5376929,25.0381449]]}},{"type":"Feature","properties":{"highway":"secondary","name":"仁愛路三段","osm_id":518974814},"geometry":{"type":"LineString","coordinates":[[121.5376929,25.0381449],[121.53754,25.038147],[121.5346074,25.0381873],[121.5339277,25.0381966]]}},{"type":"Feature","properties":{"highway":"tertiary","name":"建國南路一段","osm_id":518974817},"geometry":{"type":"LineString","coordinates":[[121.5376929,25.0381449],[121.5376923,25.0380307]]}},{"type":"Feature","properties":{"highway":"secondary","name":"仁愛路三段","osm_id":518974820},"geometry":{"type":"LineString","coordinates":[[121.5376923,25.0380307],[121.5375411,25.0380331],[121.5346053,25.0380825],[121.533014,25.03811],[121.5329369,25.0381123],[121.5328941,25.0381145]]}},{"type":"Feature","properties":{"highway":"tertiary","name":"建國南路一段","osm_id":518974823},"geometry":{"type":"LineString","coordinates":[[121.5376923,25.0380307],[121.5376928,25.0379983],[121.5376933,25.0379695],[121.5376941,25.0378663],[121.5374811,25.0372253],[121.5374761,25.036888],[121.5374766,25.0368376],[121.5374638,25.0364581],[121.5374625,25.0363958],[121.5374525,25.0360976],[121.5375425,25.0356972],[121.5376278,25.0352867],[121.5376055,25.0349857]]}},{"type":"Feature","properties":{"highway":"secondary","name":"仁愛路四段","osm_id":518977852},"geometry":{"type":"LineString","coordinates":[[121.5554302,25.0377944],[121.5553479,25.0377968],[121.5530472,25.0378356],[121.5529366,25.0378378]]}},{"type":"Feature","properties":{"highway":"tertiary","name":"延吉街","osm_id":518977854},"geometry":{"type":"LineString","coordinates":[[121.5554302,25.0377944],[121.5554242,25.03782],[121.555401,25.0379194]]}},{"type":"Feature","properties":{"highway":"secondary","name":"仁愛路四段","osm_id":518977856},"geometry":{"type":"LineString","coordinates":[[121.5575226,25.037628],[121.5574077,25.03763],[121.5556089,25.0376606],[121.5554614,25.0376608]]}},{"type":"Feature","properties":{"highway":"tertiary","name":"延吉街","osm_id":518977860},"geometry":{"type":"LineString","coordinates":[[121.5554614,25.0376608],[121.5554302,25.0377944]]}},{"type":"Feature","properties":{"highway":"secondary","name":"仁愛路四段","osm_id":518977863},"geometry":{"type":"LineString","coordinates":[[121.555401,25.0379194],[121.5553229,25.0379214],[121.55407,25.0379427],[121.5530463,25.037964],[121.5529388,25.0379638]]}},{"type":"Feature","properties":{"highway":"tertiary","name":"延吉街","osm_id":518977865},"geometry":{"type":"LineString","coordinates":[[121.555401,25.0379194],[121.5553831,25.0379975],[121.5553699,25.0380469],[121.5552684,25.0384359]]}},{"type":"Feature","properties":{"highway":"secondary","name":"仁愛路四段","osm_id":518977867},"geometry":{"type":"LineString","coordinates":[[121.5554889,25.0375428],[121.555622,25.0375413],[121.5569249,25.0375236],[121.5574027,25.0375161],[121.5575201,25.0375127]]}},{"type":"Feature","properties":{"highway":"tertiary","name":"延吉街","osm_id":518977870},"geometry":{"type":"LineString","coordinates":[[121.5554889,25.0375428],[121.5554649,25.0376456],[121.5554614,25.0376608]]}},{"type":"Feature","properties":{"highway":"secondary","name":"仁愛路四段","osm_id":518978931},"geometry":{"type":"LineString","coordinates":[[121.5529388,25.0379638],[121.5528505,25.0379683],[121.5517675,25.0379889],[121.5516202,25.0379922],[121.5515564,25.037995],[121.5513703,25.0379954]]}},{"type":"Feature","properties":{"highway":"secondary","name":"仁愛路四段","osm_id":518978933},"geometry":{"type":"LineString","coordinates":[[121.5529366,25.0378378],[121.552849,25.0378394],[121.551556,25.0378617],[121.5513868,25.0378661]]}},{"type":"Feature","properties":{"highway":"secondary","name":"仁愛路四段","osm_id":518978935},"geometry":{"type":"LineString","coordinates":[[121.5554614,25.0376608],[121.5553577,25.0376647],[121.5530434,25.0377176],[121.5529349,25.0377198]]}},{"type":"Feature","properties":{"highway":"secondary","name":"仁愛路四段","osm_id":518978936},"geometry":{"type":"LineString","coordinates":[[121.5529355,25.0375929],[121.5530442,25.0375897],[121.5544684,25.0375619],[121.5553665,25.0375471],[121.5554889,25.0375428]]}},{"type":"Feature","properties":{"highway":"tertiary","name":"安和路一段","osm_id":518980173},"geometry":{"type":"LineString","coordinates":[[121.5513703,25.0379954],[121.5513625,25.0380446],[121.5513494,25.0381013],[121.5512578,25.0382146],[121.5508902,25.0385442],[121.5507506,25.0386716],[121.5504,25.0389914],[121.5498584,25.0394854],[121.5496236,25.0396995],[121.5494096,25.0398947],[121.5493692,25.0399316],[121.5491872,25.0400976],[121.5491026,25.0401724]]}},{"type":"Feature","properties":{"highway":"secondary","name":"仁愛路四段","osm_id":518980174},"geometry":{"type":"LineString","coordinates":[[121.5513703,25.0379954],[121.551195,25.0379984]]}},{"type":"Feature","properties":{"highway":"tertiary","name":"安和路一段","osm_id":518980175},"geometry":{"type":"LineString","coordinates":[[121.5513868,25.0378661],[121.5513828,25.0378973],[121.5513703,25.0379954]]}},{"type":"Feature","properties":{"highway":"secondary","name":"仁愛路四段","osm_id":518980176},"geometry":{"type":"LineString","coordinates":[[121.5513868,25.0378661],[121.5512219,25.0378705]]}},{"type":"Feature","properties":{"highway":"secondary","name":"仁愛路四段","osm_id":518980177},"geometry":{"type":"LineString","coordinates":[[121.5529349,25.0377198],[121.5528475,25.0377224],[121.551554,25.037746],[121.5514024,25.0377485]]}},{"type":"Feature","properties":{"highway":"tertiary","name":"安和路一段","osm_id":518980178},"geometry":{"type":"LineString","coordinates":[[121.5514024,25.0377485],[121.5513868,25.0378661]]}},{"type":"Feature","properties":{"highway":"secondary","name":"仁愛路四段","osm_id":518980179},"geometry":{"type":"LineString","coordinates":[[121.5514314,25.0376229],[121.5515844,25.0376209],[121.5517368,25.0376175],[121.5528446,25.0375963],[121.5529355,25.0375929]]}},{"type":"Feature","properties":{"highway":"tertiary","name":"安和路一段","osm_id":518980180},"geometry":{"type":"LineString","coordinates":[[121.5514314,25.0376229],[121.5514072,25.0377278],[121.5514024,25.0377485]]}},{"type":"Feature","properties":{"highway":"secondary","name":"仁愛路四段","osm_id":518980181},"geometry":{"type":"LineString","coordinates":[[121.5512592,25.0376241],[121.5514314,25.0376229]]}},{"type":"Feature","properties":{"highway":"tertiary","name":"安和路一段","osm_id":518980182},"geometry":{"type":"LineString","coordinates":[[121.5524703,25.0354206],[121.5524687,25.0353481],[121.5524611,25.0350039],[121.5524534,25.0347349],[121.552451,25.0346677],[121.5524508,25.0346213],[121.5524441,25.0343463],[121.5524426,25.0342713],[121.552439,25.0341906],[121.5524391,25.0338858],[121.5524383,25.0333959],[121.5524395,25.0332853]]}},{"type":"Feature","properties":{"highway":"tertiary","name":"安和路一段","osm_id":518980183},"geometry":{"type":"LineString","coordinates":[[121.551195,25.0379984],[121.5512156,25.0379005],[121.5512219,25.0378705]]}},{"type":"Feature","properties":{"highway":"secondary","name":"仁愛路四段","osm_id":518980185},"geometry":{"type":"LineString","coordinates":[[121.551195,25.0379984],[121.5510599,25.0380013],[121.5499772,25.0380271],[121.5498928,25.0380291],[121.5498472,25.0380302],[121.5497128,25.0380301]]}},{"type":"Feature","properties":{"highway":"secondary","name":"仁愛路四段","osm_id":518980187},"geometry":{"type":"LineString","coordinates":[[121.5512219,25.0378705],[121.5510552,25.0378719],[121.5498811,25.037902],[121.5498449,25.0379021],[121.549732,25.0378674]]}},{"type":"Feature","properties":{"highway":"tertiary","name":"安和路一段","osm_id":518981370},"geometry":{"type":"LineString","coordinates":[[121.5503238,25.0389212],[121.5506692,25.0385875],[121.5510392,25.0382554],[121.5511673,25.0381047],[121.551195,25.0379984]]}},{"type":"Feature","properties":{"highway":"tertiary","name":"市民大道四段","osm_id":518982573},"geometry":{"type":"LineString","coordinates":[[121.5491411,25.044937],[121.5489311,25.044962]]}},{"type":"Feature","properties":{"highway":"secondary","name":"敦化南路一段","osm_id":518982574},"geometry":{"type":"LineString","coordinates":[[121.5491411,25.044937],[121.5491483,25.0449907],[121.549151,25.0459481],[121.5491512,25.0460166],[121.5491515,25.0461058],[121.5491541,25.0461719],[121.5491572,25.0471591],[121.5491617,25.0479114],[121.549162,25.047973],[121.5491624,25.0480368],[121.5491664,25.0482029]]}},{"type":"Feature","properties":{"highway":"tertiary","name":"市民大道四段","osm_id":518982576},"geometry":{"type":"LineString","coordinates":[[121.5489311,25.044962],[121.5488856,25.0449681]]}},{"type":"Feature","properties":{"highway":"secondary","name":"敦化南路一段","osm_id":518982577},"geometry":{"type":"LineString","coordinates":[[121.5486443,25.0447762],[121.5486437,25.0446937],[121.5486434,25.0446428],[121.5486345,25.0436751],[121.5486342,25.0436369],[121.5486333,25.0435393],[121.5486305,25.0427822],[121.5486303,25.0427342],[121.5486302,25.0427041],[121.5486299,25.0426119]]}},{"type":"Feature","properties":{"highway":"tertiary","name":"市民大道四段","osm_id":518982578},"geometry":{"type":"LineString","coordinates":[[121.5486443,25.0447762],[121.5488814,25.0447471]]}},{"type":"Feature","properties":{"highway":"secondary","name":"敦化南路一段","osm_id":518982579},"geometry":{"type":"LineString","coordinates":[[121.5488814,25.0447471],[121.548881,25.0446669],[121.5488808,25.0446183],[121.5488759,25.0436644],[121.5488756,25.0436065],[121.5488754,25.0435677],[121.5488712,25.0427413],[121.548871,25.0427062],[121.5488706,25.042609]]}},{"type":"Feature","properties":{"highway":"tertiary","name":"市民大道四段","osm_id":518982580},"geometry":{"type":"LineString","coordinates":[[121.5488814,25.0447471],[121.5489278,25.0447411]]}},{"type":"Feature","properties":{"highway":"secondary","name":"敦化南路一段","osm_id":518982581},"geometry":{"type":"LineString","coordinates":[[121.5488856,25.0449681],[121.5488814,25.0447471]]}},{"type":"Feature","properties":{"highway":"tertiary","name":"市民大道四段","osm_id":518982582},"geometry":{"type":"LineString","coordinates":[[121.5488856,25.0449681],[121.5486457,25.0449924]]}},{"type":"Feature","properties":{"highway":"tertiary","name":"市民大道四段","osm_id":518982584},"geometry":{"type":"LineString","coordinates":[[121.5489278,25.0447411],[121.5491395,25.0447156]]}},{"type":"Feature","properties":{"highway":"secondary","name":"敦化南路一段","osm_id":518982585},"geometry":{"type":"LineString","coordinates":[[121.5486457,25.0449924],[121.5486443,25.0447762]]}},{"type":"Feature","properties":{"highway":"tertiary","name":"市民大道四段","osm_id":518982586},"geometry":{"type":"LineString","coordinates":[[121.5486457,25.0449924],[121.5485914,25.0449983],[121.5481203,25.0450496],[121.5472561,25.0451487],[121.5470262,25.0451759],[121.5469418,25.0451826],[121.5468599,25.0451901],[121.5467442,25.0451987],[121.5464816,25.0452056],[121.5460253,25.0452039],[121.5459206,25.0451954],[121.545576,25.0451549],[121.545278,25.0451269],[121.5451236,25.0451091],[121.545078,25.0451037],[121.5449916,25.0450936],[121.5440408,25.0449901],[121.5439383,25.0449789]]}},{"type":"Feature","properties":{"highway":"secondary","name":"敦化南路一段","osm_id":518982587},"geometry":{"type":"LineString","coordinates":[[121.5491395,25.0447156],[121.5491411,25.044937]]}},{"type":"Feature","properties":{"highway":"tertiary","name":"市民大道四段","osm_id":518982588},"geometry":{"type":"LineString","coordinates":[[121.5491395,25.0447156],[121.5492237,25.0447071],[121.549683,25.0446608],[121.5498396,25.0446454],[121.5500516,25.0446241],[121.5508101,25.0445426],[121.5509044,25.0445339],[121.5517946,25.0443789],[121.5519885,25.0443482],[121.5522774,25.0443109],[121.5523461,25.0443024],[121.5524543,25.0442867],[121.5527495,25.0442525],[121.5529959,25.044233],[121.5531208,25.0442352],[121.5532576,25.0442373],[121.5535649,25.0442331],[121.5537594,25.0442475],[121.55426,25.0443028],[121.5544407,25.0443247],[121.5546972,25.0443785],[121.5550431,25.0444511],[121.5551393,25.0444713],[121.5554278,25.0445342],[121.555636,25.044574],[121.5567015,25.0447779],[121.5571249,25.0448595],[121.5574786,25.0449278],[121.557603,25.044965],[121.5576844,25.0449905]]}},{"type":"Feature","properties":{"highway":"tertiary","name":"八德路二段","osm_id":518992771},"geometry":{"type":"LineString","coordinates":[[121.5489337,25.0482042],[121.5491664,25.0482029]]}},{"type":"Feature","properties":{"highway":"secondary","name":"敦化南路一段","osm_id":518992772},"geometry":{"type":"LineString","coordinates":[[121.548668,25.0482059],[121.5486669,25.0480422],[121.5486599,25.0470391],[121.5486551,25.0463559],[121.5486549,25.0463158],[121.5486547,25.0462806],[121.5486542,25.0462155],[121.5486472,25.0451993],[121.5486468,25.0451383],[121.5486474,25.045043],[121.5486457,25.0449924]]}},{"type":"Feature","properties":{"highway":"tertiary","name":"八德路二段","osm_id":518992773},"geometry":{"type":"LineString","coordinates":[[121.548668,25.0482059],[121.5489337,25.0482042]]}},{"type":"Feature","properties":{"highway":"secondary","name":"新生南路三段","osm_id":522438480},"geometry":{"type":"LineString","coordinates":[[121.5336456,25.018727],[121.5336335,25.0186683],[121.5335922,25.0184688]]}},{"type":"Feature","properties":{"highway":"secondary","name":"新生南路三段","osm_id":522438484},"geometry":{"type":"LineString","coordinates":[[121.5337272,25.019139],[121.5336456,25.018727]]}},{"type":"Feature","properties":{"highway":"primary","name":"羅斯福路四段","osm_id":522552165},"geometry":{"type":"LineString","coordinates":[[121.5338382,25.0153235],[121.5329887,25.016144],[121.5329316,25.0161992]]}},{"type":"Feature","properties":{"highway":"secondary","name":"和平東路一段","osm_id":529138608},"geometry":{"type":"LineString","coordinates":[[121.5287757,25.0266478],[121.5286253,25.0266602],[121.5285197,25.0266691],[121.5279877,25.0267134],[121.5277143,25.0267361],[121.527592,25.0267463],[121.5275035,25.0267541],[121.5272377,25.0267758],[121.5267782,25.026814],[121.5260799,25.0268729],[121.5259982,25.0268798]]}},{"type":"Feature","properties":{"highway":"primary","name":"忠孝東路五段","osm_id":550544430},"geometry":{"type":"LineString","coordinates":[[121.5769706,25.0408636],[121.5768995,25.0408647],[121.575502,25.0409437],[121.5753351,25.0409475],[121.5752711,25.040949],[121.5741424,25.0409753],[121.5740323,25.0409779],[121.5739674,25.0409794],[121.5725345,25.0410129],[121.5720707,25.0410237],[121.5719336,25.0410269],[121.5718505,25.0410296],[121.5713737,25.04104],[121.5706149,25.0410577],[121.5704541,25.0410614],[121.5702295,25.0410656],[121.5701605,25.0410668],[121.5700757,25.0410702],[121.5691144,25.0410927],[121.568772,25.0411007],[121.5687101,25.0411021]]}},{"type":"Feature","properties":{"highway":"trunk_link","name":"和平東路出口匝道","osm_id":551458785},"geometry":{"type":"LineString","coordinates":[[121.5376996,25.0295407],[121.5376291,25.029074],[121.5375835,25.0266826],[121.5375781,25.0262038]]}},{"type":"Feature","properties":{"highway":"trunk_link","name":"","osm_id":551458786},"geometry":{"type":"LineString","coordinates":[[121.5375781,25.0262038],[121.5374903,25.0258525],[121.537467,25.0257609]]}},{"type":"Feature","properties":{"highway":"tertiary","name":"椰林大道","osm_id":556821305},"geometry":{"type":"LineString","coordinates":[[121.5366585,25.0172874],[121.5365284,25.0172856],[121.5358978,25.017277],[121.5354836,25.0172714],[121.535313,25.017269],[121.5351437,25.0172667],[121.5347278,25.0172611],[121.5344818,25.0172577],[121.5342988,25.0172552],[121.5342278,25.0172474],[121.5341748,25.0172237],[121.5341272,25.0171945],[121.5340514,25.0171222]]}},{"type":"Feature","properties":{"highway":"tertiary","name":"市民大道一段","osm_id":557913218},"geometry":{"type":"LineString","coordinates":[[121.5186117,25.0483347],[121.5189013,25.0482935],[121.5189919,25.0482806],[121.5191074,25.0482642],[121.5197287,25.0481671],[121.5203006,25.0480777],[121.5204739,25.0480451],[121.5205103,25.0480382],[121.5205722,25.0480266]]}},{"type":"Feature","properties":{"highway":"secondary_link","name":"","osm_id":578164810},"geometry":{"type":"LineString","coordinates":[[121.5370424,25.0378208],[121.537085,25.0377566],[121.5371019,25.037745],[121.5371239,25.0377359],[121.5373486,25.0377189],[121.537375,25.0377118],[121.5373982,25.0377025],[121.5374214,25.0376854],[121.537463,25.0375929],[121.5374811,25.0372253]]}},{"type":"Feature","properties":{"highway":"trunk_link","name":"臺北轉運站出站通道","osm_id":581377324},"geometry":{"type":"LineString","coordinates":[[121.5181385,25.0487924],[121.5181158,25.048778],[121.5180941,25.048767],[121.5180639,25.0487553],[121.5180302,25.0487462],[121.5179957,25.0487414],[121.5176869,25.0487371],[121.517467,25.0487359],[121.5166273,25.0488765],[121.5164157,25.0488374]]}},{"type":"Feature","properties":{"highway":"tertiary","name":"師大路","osm_id":591996143},"geometry":{"type":"LineString","coordinates":[[121.5283825,25.0225689],[121.5283641,25.022378],[121.5283365,25.0221954],[121.5282867,25.0220482],[121.528237,25.0219298],[121.5281905,25.0218368],[121.5281482,25.0217607],[121.5280805,25.0216661],[121.5280284,25.0215984],[121.5277418,25.0213168],[121.5276733,25.021249]]}},{"type":"Feature","properties":{"highway":"tertiary","name":"師大路","osm_id":591996144},"geometry":{"type":"LineString","coordinates":[[121.5285824,25.024654],[121.5285794,25.0246227],[121.5285577,25.0243966],[121.5285436,25.0242498],[121.5285199,25.0240018],[121.5284837,25.0236242],[121.5284525,25.023299],[121.5284333,25.0230992],[121.5284197,25.0229569],[121.5284159,25.0229178],[121.5283825,25.0225689]]}},{"type":"Feature","properties":{"highway":"secondary","name":"松江路","osm_id":593841522},"geometry":{"type":"LineString","coordinates":[[121.5329259,25.0501939],[121.5329273,25.0501246],[121.5329186,25.0497805],[121.5329169,25.0493842]]}},{"type":"Feature","properties":{"highway":"secondary","name":"松江路","osm_id":593842811},"geometry":{"type":"LineString","coordinates":[[121.5330248,25.0475643],[121.5330389,25.0476378],[121.5330519,25.0479445],[121.533059,25.0483335],[121.5330402,25.0484591]]}},{"type":"Feature","properties":{"highway":"secondary","name":"松江路","osm_id":593842812},"geometry":{"type":"LineString","coordinates":[[121.5328823,25.0471021],[121.5328816,25.047029],[121.5328739,25.046615],[121.5328578,25.046075],[121.5328512,25.0459566]]}},{"type":"Feature","properties":{"highway":"secondary","name":"松江路","osm_id":593844216},"geometry":{"type":"LineString","coordinates":[[121.5329813,25.045846],[121.5329849,25.0459553],[121.5330111,25.0470305],[121.5330141,25.0470992]]}},{"type":"Feature","properties":{"highway":"tertiary","name":"新生北路一段","osm_id":593844218},"geometry":{"type":"LineString","coordinates":[[121.5327809,25.0458681],[121.5328929,25.0457957],[121.5329999,25.045756]]}},{"type":"Feature","properties":{"highway":"secondary","name":"新生北路一段","osm_id":593844221},"geometry":{"type":"LineString","coordinates":[[121.5327809,25.0458681],[121.5327774,25.0456434],[121.5327766,25.0455758]]}},{"type":"Feature","properties":{"highway":"tertiary","name":"市民大道三段","osm_id":593847700},"geometry":{"type":"LineString","coordinates":[[121.5329955,25.0455158],[121.5328894,25.0455443]]}},{"type":"Feature","properties":{"highway":"tertiary","name":"八德路二段","osm_id":593847701},"geometry":{"type":"LineString","coordinates":[[121.5347673,25.0450393],[121.5346656,25.0449707]]}},{"type":"Feature","properties":{"highway":"tertiary","name":"市民大道三段","osm_id":593847702},"geometry":{"type":"LineString","coordinates":[[121.5345193,25.0448603],[121.5347412,25.0448223],[121.5348054,25.0448116],[121.5350372,25.0447795],[121.5353374,25.0447445],[121.5362588,25.044675],[121.5363596,25.0446674],[121.5369054,25.0446398]]}},{"type":"Feature","properties":{"highway":"tertiary","name":"八德路二段","osm_id":593847703},"geometry":{"type":"LineString","coordinates":[[121.5345193,25.0448603],[121.5343201,25.0447859],[121.5340055,25.0446684],[121.5337759,25.0445871],[121.5331644,25.0444366],[121.5330006,25.0443975]]}},{"type":"Feature","properties":{"highway":"tertiary_link","name":"市民大道三段","osm_id":593847704},"geometry":{"type":"LineString","coordinates":[[121.5346656,25.0449707],[121.5348354,25.0449399],[121.5351029,25.044898],[121.5353505,25.0448684],[121.535707,25.0448306],[121.5362421,25.0447929],[121.5362672,25.0447911],[121.5363623,25.0447845]]}},{"type":"Feature","properties":{"highway":"tertiary","name":"八德路二段","osm_id":593847705},"geometry":{"type":"LineString","coordinates":[[121.5346656,25.0449707],[121.5345193,25.0448603]]}},{"type":"Feature","properties":{"highway":"tertiary","name":"市民大道三段","osm_id":593849711},"geometry":{"type":"LineString","coordinates":[[121.536364,25.0448736],[121.5362734,25.0448778],[121.5360408,25.0448885],[121.5357109,25.0449101],[121.5354594,25.0449386],[121.5349266,25.0450147],[121.5347673,25.0450393]]}},{"type":"Feature","properties":{"highway":"tertiary","name":"建國南路一段","osm_id":593849715},"geometry":{"type":"LineString","coordinates":[[121.536364,25.0448736],[121.5363623,25.0447845]]}},{"type":"Feature","properties":{"highway":"tertiary","name":"市民大道三段","osm_id":593849718},"geometry":{"type":"LineString","coordinates":[[121.5369054,25.0446398],[121.5369963,25.0446355],[121.5378515,25.0446034],[121.538322,25.0445781],[121.538709,25.0445584],[121.5391208,25.0445402],[121.5394209,25.0445231],[121.5397003,25.0445073],[121.5399655,25.0444965],[121.5401924,25.0444845],[121.5405854,25.0444672],[121.540679,25.0444631],[121.5407582,25.0444623],[121.5411,25.0444588],[121.5412399,25.0444638],[121.5413865,25.044471],[121.5416867,25.0444986],[121.5419776,25.0445324],[121.5420217,25.0445375],[121.5421703,25.0445548],[121.542296,25.0445681],[121.5423345,25.0445722],[121.5423634,25.0445753],[121.542381,25.0445773],[121.5424291,25.044583],[121.5431525,25.0446677],[121.5435931,25.0447168],[121.5436721,25.0447253],[121.5437875,25.0447395]]}},{"type":"Feature","properties":{"highway":"tertiary","name":"建國南路一段","osm_id":593849721},"geometry":{"type":"LineString","coordinates":[[121.5369054,25.0446398],[121.5369088,25.0447742]]}},{"type":"Feature","properties":{"highway":"tertiary_link","name":"市民大道三段","osm_id":593849724},"geometry":{"type":"LineString","coordinates":[[121.5363623,25.0447845],[121.5369088,25.0447742]]}},{"type":"Feature","properties":{"highway":"trunk_link","name":"建國南路出口匝道","osm_id":593852343},"geometry":{"type":"LineString","coordinates":[[121.5378714,25.0447264],[121.5376953,25.0448085]]}},{"type":"Feature","properties":{"highway":"trunk_link","name":"","osm_id":593852344},"geometry":{"type":"LineString","coordinates":[[121.5378714,25.0447264],[121.5389175,25.0446605]]}},{"type":"Feature","properties":{"highway":"tertiary","name":"建國南路一段","osm_id":593852345},"geometry":{"type":"LineString","coordinates":[[121.5369106,25.0448425],[121.5369101,25.0449339],[121.5369078,25.0453824],[121.5369133,25.0458502],[121.5369139,25.0459017],[121.5369147,25.0459733],[121.5369195,25.0461247]]}},{"type":"Feature","properties":{"highway":"tertiary","name":"市民大道三段","osm_id":593852346},"geometry":{"type":"LineString","coordinates":[[121.5369106,25.0448425],[121.536364,25.0448736]]}},{"type":"Feature","properties":{"highway":"tertiary_link","name":"市民大道三段","osm_id":594658757},"geometry":{"type":"LineString","coordinates":[[121.5308268,25.0460268],[121.5308978,25.0460019],[121.5326622,25.0455139],[121.5327758,25.045485]]}},{"type":"Feature","properties":{"highway":"tertiary","name":"金山北路","osm_id":594658758},"geometry":{"type":"LineString","coordinates":[[121.5308268,25.0460268],[121.5308345,25.0461013]]}},{"type":"Feature","properties":{"highway":"tertiary","name":"金山北路","osm_id":594658759},"geometry":{"type":"LineString","coordinates":[[121.5306452,25.0460768],[121.5306115,25.0459788]]}},{"type":"Feature","properties":{"highway":"tertiary","name":"市民大道三段","osm_id":594658760},"geometry":{"type":"LineString","coordinates":[[121.5316405,25.045692],[121.5317796,25.0456543],[121.5319151,25.0456137],[121.5321424,25.0455456],[121.532638,25.0454044],[121.532664,25.0453979],[121.5327771,25.0453616]]}},{"type":"Feature","properties":{"highway":"tertiary","name":"金山北路","osm_id":594658761},"geometry":{"type":"LineString","coordinates":[[121.5308292,25.0459219],[121.5308268,25.0460268]]}},{"type":"Feature","properties":{"highway":"tertiary","name":"金山北路","osm_id":594658762},"geometry":{"type":"LineString","coordinates":[[121.5306115,25.0459788],[121.5305888,25.0458914],[121.5305827,25.0458727],[121.5305275,25.0457047],[121.5304525,25.0456539],[121.5303347,25.0452764],[121.5300222,25.0441763],[121.5299348,25.0438138],[121.5299283,25.0437867],[121.5299227,25.0437635],[121.5298938,25.0436437]]}},{"type":"Feature","properties":{"highway":"tertiary","name":"市民大道三段","osm_id":594658763},"geometry":{"type":"LineString","coordinates":[[121.5308345,25.0461013],[121.5306685,25.0461496]]}},{"type":"Feature","properties":{"highway":"tertiary","name":"瑞安街208巷24弄","osm_id":598854145},"geometry":{"type":"LineString","coordinates":[[121.539393,25.0287406],[121.5394705,25.0287338],[121.5405156,25.0287234]]}},{"type":"Feature","properties":{"highway":"trunk_link","name":"市民大道入口匝道","osm_id":607889835},"geometry":{"type":"LineString","coordinates":[[121.5626997,25.0472576],[121.5623756,25.0470762],[121.5613545,25.0466348],[121.5609855,25.046461],[121.5604526,25.0462256]]}},{"type":"Feature","properties":{"highway":"primary","name":"忠孝東路三段","osm_id":623877957},"geometry":{"type":"LineString","coordinates":[[121.5437139,25.0416931],[121.5435485,25.0416959],[121.5430163,25.0417071],[121.54262,25.0417116],[121.5417653,25.0417212],[121.5416409,25.0417226]]}},{"type":"Feature","properties":{"highway":"primary","name":"忠孝東路三段","osm_id":623877960},"geometry":{"type":"LineString","coordinates":[[121.5416396,25.0415805],[121.5417611,25.0415792],[121.5424752,25.0415714],[121.543546,25.0415598],[121.5437139,25.041558]]}},{"type":"Feature","properties":{"highway":"secondary","name":"和平東路三段","osm_id":657765332},"geometry":{"type":"LineString","coordinates":[[121.5601233,25.0170656],[121.560178,25.0169332],[121.5602304,25.0167415],[121.5602529,25.0166501],[121.5602677,25.0165703],[121.5602842,25.0164055]]}},{"type":"Feature","properties":{"highway":"secondary","name":"和平東路三段","osm_id":657765337},"geometry":{"type":"LineString","coordinates":[[121.5604866,25.016391],[121.5603108,25.0168676],[121.5602304,25.0170596],[121.5601721,25.0171609]]}},{"type":"Feature","properties":{"highway":"secondary_link","name":"和平東路三段531巷","osm_id":657765340},"geometry":{"type":"LineString","coordinates":[[121.5603649,25.0163355],[121.5604093,25.0163334],[121.5604436,25.0163444],[121.5604675,25.0163645],[121.5604866,25.016391]]}},{"type":"Feature","properties":{"highway":"secondary","name":"和平東路三段","osm_id":657765343},"geometry":{"type":"LineString","coordinates":[[121.5606621,25.0160157],[121.5604866,25.016391]]}},{"type":"Feature","properties":{"highway":"secondary","name":"和平東路三段","osm_id":657765419},"geometry":{"type":"LineString","coordinates":[[121.5606621,25.0160157],[121.5608286,25.015852],[121.5608954,25.0157672],[121.560938,25.0157245],[121.5609796,25.0156825]]}},{"type":"Feature","properties":{"highway":"primary","name":"忠孝東路一段","osm_id":665599322},"geometry":{"type":"LineString","coordinates":[[121.5215159,25.0453238],[121.5207817,25.0454292]]}},{"type":"Feature","properties":{"highway":"secondary","name":"仁愛路四段","osm_id":667116548},"geometry":{"type":"LineString","coordinates":[[121.5477681,25.0378311],[121.547941,25.037774]]}},{"type":"Feature","properties":{"highway":"secondary","name":"信義路四段","osm_id":668037873},"geometry":{"type":"LineString","coordinates":[[121.5459746,25.0332496],[121.5461167,25.0332468],[121.5470873,25.033228],[121.5479969,25.0332104],[121.5480511,25.0332094],[121.5484067,25.0332025],[121.5485538,25.0331996]]}},{"type":"Feature","properties":{"highway":"primary","name":"忠孝東路三段","osm_id":668037874},"geometry":{"type":"LineString","coordinates":[[121.5369629,25.0416553],[121.5373088,25.0416279]]}},{"type":"Feature","properties":{"highway":"secondary","name":"信義路五段","osm_id":668037877},"geometry":{"type":"LineString","coordinates":[[121.5635362,25.0330043],[121.5634121,25.0330053]]}},{"type":"Feature","properties":{"highway":"trunk","name":"建國快速道路","osm_id":668037878},"geometry":{"type":"LineString","coordinates":[[121.5377074,25.0248692],[121.5377608,25.0262565],[121.5377755,25.0285981],[121.5378399,25.0319949],[121.5378988,25.035554],[121.5379109,25.0360935],[121.5379149,25.0367836],[121.5379283,25.0372751],[121.5379364,25.037808],[121.5379538,25.0387035],[121.5379337,25.0392272],[121.5378828,25.0397035],[121.5377969,25.0401118],[121.5376467,25.0405589],[121.5375683,25.0407428]]}},{"type":"Feature","properties":{"highway":"tertiary","name":"建國南路一段","osm_id":668037879},"geometry":{"type":"LineString","coordinates":[[121.53805,25.0379533],[121.5380512,25.0379914],[121.5380522,25.0380233],[121.5380539,25.0381271]]}},{"type":"Feature","properties":{"highway":"secondary","name":"仁愛路三段","osm_id":668037880},"geometry":{"type":"LineString","coordinates":[[121.5370424,25.0378208],[121.536991,25.0378058],[121.5367464,25.0377402],[121.5356665,25.0377576],[121.534599,25.0377762],[121.5344468,25.037785],[121.5342887,25.0378305],[121.5341049,25.0378809],[121.5338107,25.0379747],[121.5330131,25.0379874],[121.5329378,25.0379996],[121.5328864,25.0380082]]}},{"type":"Feature","properties":{"highway":"secondary","name":"仁愛路三段","osm_id":668037881},"geometry":{"type":"LineString","coordinates":[[121.5437575,25.0377844],[121.5436229,25.0377882],[121.5435212,25.0377911],[121.5434654,25.0377902],[121.5420053,25.0378179]]}},{"type":"Feature","properties":{"highway":"secondary","name":"復興南路一段","osm_id":668037883},"geometry":{"type":"LineString","coordinates":[[121.5436257,25.0379123],[121.5436249,25.0378768],[121.5436229,25.0377882],[121.5436212,25.0377168],[121.5436241,25.0371568],[121.5436011,25.0361639],[121.5435994,25.0360893]]}},{"type":"Feature","properties":{"highway":"secondary","name":"仁愛路三段","osm_id":668037884},"geometry":{"type":"LineString","coordinates":[[121.54376,25.0379096],[121.5436257,25.0379123]]}},{"type":"Feature","properties":{"highway":"trunk","name":"市民大道高架道路","osm_id":668070774},"geometry":{"type":"LineString","coordinates":[[121.5184518,25.0485155],[121.5176198,25.0486556]]}},{"type":"Feature","properties":{"highway":"trunk","name":"市民大道高架道路","osm_id":668070788},"geometry":{"type":"LineString","coordinates":[[121.5177083,25.0484794],[121.5184222,25.0483928]]}},{"type":"Feature","properties":{"highway":"trunk","name":"基隆路高架道路","osm_id":712593157},"geometry":{"type":"LineString","coordinates":[[121.5371468,25.0111464],[121.5374472,25.0113129],[121.5382667,25.011985],[121.5398866,25.0133411],[121.5410924,25.0143967]]}},{"type":"Feature","properties":{"highway":"trunk","name":"基隆路高架道路","osm_id":712593158},"geometry":{"type":"LineString","coordinates":[[121.5324707,25.0087581],[121.5328593,25.0089611],[121.5330817,25.0090724],[121.5335781,25.0093208],[121.5346819,25.0099321]]}},{"type":"Feature","properties":{"highway":"trunk_link","name":"永福橋出口匝道","osm_id":712593159},"geometry":{"type":"LineString","coordinates":[[121.5262564,25.014604],[121.5267196,25.0138962],[121.5269948,25.0134801]]}},{"type":"Feature","properties":{"highway":"trunk_link","name":"師大路出口匝道","osm_id":712593160},"geometry":{"type":"LineString","coordinates":[[121.5223044,25.0203715],[121.5224067,25.0203598],[121.5225089,25.0203623],[121.522706,25.0204015],[121.5228937,25.0204652],[121.5235787,25.0206424],[121.524045,25.0207722],[121.5242119,25.0208235],[121.5245124,25.020906]]}},{"type":"Feature","properties":{"highway":"trunk_link","name":"中正橋入口匝道","osm_id":713597829},"geometry":{"type":"LineString","coordinates":[[121.5183314,25.0211307],[121.5185172,25.0211268]]}},{"type":"Feature","properties":{"highway":"trunk","name":"基隆路高架道路","osm_id":721488131},"geometry":{"type":"LineString","coordinates":[[121.542817,25.0160489],[121.5419788,25.0153294],[121.5396292,25.0133266],[121.5389952,25.0127959],[121.5384722,25.0123414],[121.5381084,25.0120285]]}},{"type":"Feature","properties":{"highway":"secondary","name":"基隆路三段","osm_id":721488132},"geometry":{"type":"LineString","coordinates":[[121.5487254,25.021079],[121.5487029,25.0210589]]}},{"type":"Feature","properties":{"highway":"secondary","name":"基隆路三段","osm_id":721488135},"geometry":{"type":"LineString","coordinates":[[121.5486393,25.0207406],[121.5488053,25.0208976]]}},{"type":"Feature","properties":{"highway":"secondary","name":"基隆路三段","osm_id":721488136},"geometry":{"type":"LineString","coordinates":[[121.5488053,25.0208976],[121.5489352,25.0210158]]}},{"type":"Feature","properties":{"highway":"trunk_link","name":"敦化南路匝道","osm_id":721536475},"geometry":{"type":"LineString","coordinates":[[121.5486684,25.0209333],[121.5487095,25.0209837]]}},{"type":"Feature","properties":{"highway":"tertiary","name":"林森南路","osm_id":727547498},"geometry":{"type":"LineString","coordinates":[[121.5182777,25.0330658],[121.5182566,25.0330511],[121.5181732,25.0329692]]}},{"type":"Feature","properties":{"highway":"secondary","name":"光復南路","osm_id":746296430},"geometry":{"type":"LineString","coordinates":[[121.5576844,25.0449905],[121.5576832,25.0448892],[121.5576741,25.0442792],[121.5576693,25.0439487],[121.5576671,25.0437969],[121.5576632,25.0435239],[121.5576573,25.0431115],[121.5576553,25.0430328],[121.5576423,25.0425264],[121.557638,25.0423402],[121.5576241,25.0417443],[121.5576221,25.0415336],[121.5576181,25.0414157]]}},{"type":"Feature","properties":{"highway":"secondary","name":"信義路二段","osm_id":751224068},"geometry":{"type":"LineString","coordinates":[[121.5299535,25.0336428],[121.5301025,25.0336251],[121.5301908,25.0336112],[121.5304312,25.0335787],[121.5304698,25.0335735],[121.5315628,25.0335493],[121.5321174,25.0335382],[121.5323814,25.0335335],[121.5324142,25.0335396],[121.5325612,25.033527],[121.5326585,25.0335225]]}},{"type":"Feature","properties":{"highway":"secondary","name":"光復南路","osm_id":764011472},"geometry":{"type":"LineString","coordinates":[[121.5578214,25.0451338],[121.5578168,25.0452444]]}},{"type":"Feature","properties":{"highway":"trunk_link","name":"光復南路入口匝道","osm_id":764011473},"geometry":{"type":"LineString","coordinates":[[121.5570672,25.0450908],[121.556628,25.0449293]]}},{"type":"Feature","properties":{"highway":"trunk","name":"建國快速道路","osm_id":764187879},"geometry":{"type":"LineString","coordinates":[[121.5378224,25.0377958],[121.5378291,25.0371397],[121.5377969,25.035537],[121.537754,25.0320144],[121.5376996,25.0295407],[121.5376776,25.0283781],[121.5376495,25.0262662],[121.5376028,25.0248686]]}},{"type":"Feature","properties":{"highway":"tertiary","name":"金山南路一段","osm_id":771228577},"geometry":{"type":"LineString","coordinates":[[121.5292564,25.0408271],[121.5292948,25.0409331],[121.5293128,25.0409829]]}},{"type":"Feature","properties":{"highway":"tertiary","name":"金山南路一段","osm_id":771228578},"geometry":{"type":"LineString","coordinates":[[121.5291742,25.0410313],[121.5291588,25.0409681],[121.5291321,25.040858]]}},{"type":"Feature","properties":{"highway":"secondary","name":"興隆路一段","osm_id":771228580},"geometry":{"type":"LineString","coordinates":[[121.5407694,25.0039345],[121.5406923,25.0039958],[121.5405948,25.0040641],[121.5405353,25.0041014],[121.5404059,25.0041606],[121.54024,25.0042164],[121.5400482,25.0042514],[121.5395169,25.0043229],[121.539231,25.0043614],[121.5389694,25.0043966],[121.538838,25.0044111]]}},{"type":"Feature","properties":{"highway":"secondary","name":"興隆路一段","osm_id":771228582},"geometry":{"type":"LineString","coordinates":[[121.5388293,25.0043267],[121.5389523,25.0043124],[121.5395042,25.0042321],[121.5398027,25.0041886],[121.5401406,25.0041396],[121.5403176,25.0040988],[121.5404586,25.0040432],[121.5405866,25.0039575],[121.5406393,25.003924],[121.5407171,25.003858]]}},{"type":"Feature","properties":{"highway":"tertiary","name":"林森南路","osm_id":771315097},"geometry":{"type":"LineString","coordinates":[[121.5215511,25.0385733],[121.5211676,25.0373128]]}},{"type":"Feature","properties":{"highway":"tertiary","name":"愛國東路","osm_id":776226800},"geometry":{"type":"LineString","coordinates":[[121.5241035,25.0321535],[121.5240719,25.0321586],[121.5234629,25.0322568],[121.5232636,25.0322874]]}},{"type":"Feature","properties":{"highway":"tertiary","name":"愛國東路","osm_id":776226801},"geometry":{"type":"LineString","coordinates":[[121.5225392,25.0322812],[121.5226749,25.0322544],[121.5227559,25.0322468],[121.5234541,25.0321361],[121.5240459,25.0320456],[121.5240816,25.0320401]]}},{"type":"Feature","properties":{"highway":"primary","name":"羅斯福路二段","osm_id":776226802},"geometry":{"type":"LineString","coordinates":[[121.5215473,25.0281282],[121.521643,25.0279909],[121.5216832,25.0279394],[121.5220206,25.0274783],[121.522157,25.0272927],[121.5221907,25.0272469],[121.5221967,25.0272389],[121.5222923,25.0271109]]}},{"type":"Feature","properties":{"highway":"secondary","name":"金山南路二段","osm_id":776226803},"geometry":{"type":"LineString","coordinates":[[121.5263657,25.0288812],[121.5263663,25.0288838],[121.5264349,25.029202],[121.5265275,25.0296634],[121.5266032,25.0300697],[121.526624,25.0301814]]}},{"type":"Feature","properties":{"highway":"tertiary","name":"潮州街","osm_id":776226804},"geometry":{"type":"LineString","coordinates":[[121.5263657,25.0288812],[121.5264401,25.0288735],[121.5275383,25.028704]]}},{"type":"Feature","properties":{"highway":"tertiary","name":"愛國東路","osm_id":776226805},"geometry":{"type":"LineString","coordinates":[[121.5232636,25.0322874],[121.5228638,25.0323507],[121.5227034,25.032371],[121.5225741,25.0324039]]}},{"type":"Feature","properties":{"highway":"secondary","name":"仁愛路四段","osm_id":790658659},"geometry":{"type":"LineString","coordinates":[[121.557645,25.0376859],[121.5575251,25.0377465]]}},{"type":"Feature","properties":{"highway":"tertiary","name":"汀州路三段","osm_id":790887629},"geometry":{"type":"LineString","coordinates":[[121.5359398,25.0115528],[121.535976,25.0114905],[121.535994,25.0114595],[121.5360348,25.0113893],[121.5362094,25.0110914],[121.5362419,25.0110477]]}},{"type":"Feature","properties":{"highway":"tertiary","name":"信義路四段294巷","osm_id":793186869},"geometry":{"type":"LineString","coordinates":[[121.5542928,25.0332451],[121.5542912,25.0331653]]}},{"type":"Feature","properties":{"highway":"tertiary","name":"樂利路","osm_id":793186870},"geometry":{"type":"LineString","coordinates":[[121.5520259,25.0258829],[121.5520018,25.0259439],[121.5517514,25.0266202],[121.5517347,25.0266671],[121.5517136,25.0267164],[121.551451,25.0274205],[121.55144,25.0274617],[121.5514247,25.0275105],[121.5512942,25.0278277],[121.5511976,25.0280526],[121.5511716,25.0281227],[121.5511438,25.028185]]}},{"type":"Feature","properties":{"highway":"secondary","name":"","osm_id":793186871},"geometry":{"type":"LineString","coordinates":[[121.5528648,25.0245866],[121.5527813,25.024661],[121.5527225,25.0246934],[121.5526585,25.0247163],[121.5525911,25.024729],[121.5525223,25.0247312],[121.5524541,25.0247228]]}},{"type":"Feature","properties":{"highway":"primary","name":"忠孝東路五段","osm_id":793234605},"geometry":{"type":"LineString","coordinates":[[121.5650887,25.0410894],[121.5659218,25.0410578],[121.5659962,25.041055],[121.566141,25.0410496]]}},{"type":"Feature","properties":{"highway":"tertiary_link","name":"","osm_id":801414441},"geometry":{"type":"LineString","coordinates":[[121.5189535,25.0484792],[121.5189134,25.0484543],[121.5188882,25.0484209],[121.5188715,25.0483862],[121.5188688,25.0483504],[121.5188852,25.0483164],[121.5189013,25.0482935]]}},{"type":"Feature","properties":{"highway":"tertiary_link","name":"","osm_id":801414442},"geometry":{"type":"LineString","coordinates":[[121.5186117,25.0483347],[121.5186489,25.0483489],[121.5186854,25.0483732],[121.5187075,25.0484066],[121.5187042,25.0484528],[121.5186941,25.0484868],[121.5186683,25.0485227]]}},{"type":"Feature","properties":{"highway":"tertiary","name":"市民大道六段","osm_id":802123173},"geometry":{"type":"LineString","coordinates":[[121.5693973,25.0491449],[121.5690695,25.0491441]]}},{"type":"Feature","properties":{"highway":"tertiary","name":"市民大道六段","osm_id":802123174},"geometry":{"type":"LineString","coordinates":[[121.5717737,25.0494734],[121.5714564,25.0494655],[121.5708225,25.0494035],[121.5705636,25.0493532],[121.5703492,25.0492993],[121.5701852,25.0492653],[121.5696237,25.0491681],[121.569581,25.0491607],[121.5695445,25.0491593],[121.5693973,25.0491449]]}},{"type":"Feature","properties":{"highway":"tertiary","name":"市民大道一段","osm_id":822920808},"geometry":{"type":"LineString","coordinates":[[121.5186683,25.0485227],[121.518121,25.0486083],[121.5180661,25.0486167],[121.5173754,25.0487227],[121.5165498,25.0488523]]}},{"type":"Feature","properties":{"highway":"tertiary","name":"市民大道一段","osm_id":822920809},"geometry":{"type":"LineString","coordinates":[[121.518054,25.0484091],[121.5180689,25.0484068],[121.5186117,25.0483347]]}},{"type":"Feature","properties":{"highway":"primary","name":"羅斯福路五段","osm_id":826213491},"geometry":{"type":"LineString","coordinates":[[121.5382769,25.0080799],[121.5382317,25.008163],[121.5379447,25.0086878],[121.5378602,25.0088519],[121.5377448,25.009098],[121.5376503,25.0093469]]}},{"type":"Feature","properties":{"highway":"secondary","name":"辛亥路四段","osm_id":837734044},"geometry":{"type":"LineString","coordinates":[[121.5556648,25.002643],[121.5554186,25.0022619],[121.5553967,25.0022258],[121.5553625,25.0021735],[121.5551689,25.0018655],[121.5548508,25.0013731],[121.5547157,25.0011534],[121.5546319,25.0010234],[121.5546091,25.0009881],[121.5545632,25.0008881]]}},{"type":"Feature","properties":{"highway":"secondary","name":"辛亥路四段","osm_id":837734045},"geometry":{"type":"LineString","coordinates":[[121.5563568,25.0036289],[121.5564264,25.0037202],[121.5565947,25.0039958],[121.5567393,25.0042629],[121.5567817,25.0043444],[121.556815,25.0044085],[121.5568426,25.0044578],[121.5570459,25.0048217],[121.5573171,25.0053398],[121.5573246,25.0053541],[121.5573402,25.0053854],[121.5574138,25.0054913],[121.5574781,25.0055695],[121.5575634,25.0056588],[121.5576808,25.0057561],[121.5580147,25.0060105],[121.5581016,25.0061174]]}},{"type":"Feature","properties":{"highway":"secondary","name":"辛亥路四段","osm_id":837734047},"geometry":{"type":"LineString","coordinates":[[121.5581016,25.0061174],[121.5579653,25.0060558],[121.5578025,25.0059324],[121.557574,25.0057557],[121.557473,25.0056634],[121.5573827,25.0055622],[121.5573055,25.0054609],[121.5572767,25.0054143],[121.5572582,25.00538],[121.5569779,25.0048513],[121.5568142,25.0045554],[121.5567617,25.0044639],[121.556747,25.0044383],[121.5567113,25.004376],[121.5566201,25.0042168],[121.5563616,25.003762],[121.5563086,25.0036727]]}},{"type":"Feature","properties":{"highway":"secondary","name":"辛亥路四段","osm_id":837734048},"geometry":{"type":"LineString","coordinates":[[121.5585658,25.0067249],[121.5586156,25.0067855],[121.5586408,25.0070248],[121.5586667,25.0072781],[121.5586711,25.0073205],[121.5586797,25.007414]]}},{"type":"Feature","properties":{"highway":"secondary","name":"辛亥路四段","osm_id":837916915},"geometry":{"type":"LineString","coordinates":[[121.5554621,25.0021926],[121.5554866,25.0022333],[121.5555998,25.0024107],[121.5557319,25.0026129]]}},{"type":"Feature","properties":{"highway":"tertiary","name":"和平東路三段406巷","osm_id":843142191},"geometry":{"type":"LineString","coordinates":[[121.5583818,25.0184877],[121.5583227,25.018452],[121.5582717,25.0184364],[121.5581868,25.0184276],[121.5575052,25.0184684],[121.5574156,25.0184796]]}},{"type":"Feature","properties":{"highway":"tertiary","name":"臥龍街","osm_id":843142193},"geometry":{"type":"LineString","coordinates":[[121.5509749,25.0182722],[121.5510952,25.018215],[121.5514207,25.0180596],[121.5515029,25.0180238],[121.5515328,25.0180103],[121.551584,25.0179888],[121.5516438,25.0179613],[121.5519228,25.0178335],[121.5519887,25.0178143],[121.5520487,25.0178158],[121.5521835,25.0178403],[121.552216,25.0178476],[121.552297,25.0178649],[121.5524296,25.0178931],[121.5527708,25.0179644],[121.5534236,25.0181091],[121.5534883,25.018141],[121.5535412,25.0181817],[121.5535906,25.0182296],[121.5536422,25.0182931],[121.5536941,25.0183614],[121.5538195,25.0185461],[121.5538935,25.0186242],[121.5539521,25.0186689],[121.5540357,25.018703],[121.5541548,25.0187058],[121.5543191,25.0187058],[121.554576,25.0186922]]}},{"type":"Feature","properties":{"highway":"secondary","name":"辛亥路三段","osm_id":896985201},"geometry":{"type":"LineString","coordinates":[[121.545051,25.0209734],[121.5448923,25.0210885],[121.5445919,25.0212343],[121.5444831,25.0212849]]}},{"type":"Feature","properties":{"highway":"tertiary","name":"松仁路","osm_id":904425959},"geometry":{"type":"LineString","coordinates":[[121.5685218,25.0390749],[121.5685237,25.0391813],[121.5685545,25.0404859],[121.5685648,25.0409029],[121.5685671,25.0409822]]}},{"type":"Feature","properties":{"highway":"secondary","name":"承德路一段","osm_id":904425963},"geometry":{"type":"LineString","coordinates":[[121.5169549,25.0509118],[121.5169246,25.0508098],[121.5168336,25.0504617],[121.5167054,25.0500072],[121.5166839,25.0499169],[121.5166174,25.0496875],[121.5165924,25.0495968],[121.5164727,25.0491626],[121.5163898,25.048876]]}},{"type":"Feature","properties":{"highway":"tertiary","name":"林森北路","osm_id":905113646},"geometry":{"type":"LineString","coordinates":[[121.5237959,25.0463474],[121.5238283,25.0464637],[121.5238389,25.0465018],[121.5241414,25.0475877],[121.5241498,25.0476179],[121.5241783,25.04772]]}},{"type":"Feature","properties":{"highway":"tertiary","name":"林森北路","osm_id":905113648},"geometry":{"type":"LineString","coordinates":[[121.5237959,25.0463474],[121.5237538,25.0462034],[121.5237425,25.0461645],[121.5236842,25.0459651],[121.5236439,25.0458274],[121.5235084,25.0453636],[121.5234077,25.0450191],[121.523402,25.0449995],[121.5233641,25.0448699]]}},{"type":"Feature","properties":{"highway":"tertiary","name":"林森北路","osm_id":905113651},"geometry":{"type":"LineString","coordinates":[[121.5245753,25.0491466],[121.5246473,25.0492561],[121.5247917,25.0497617],[121.5248142,25.0498447],[121.5249354,25.05028],[121.5249543,25.0503479],[121.5250615,25.0507347],[121.5251685,25.0511199],[121.5252564,25.0514361],[121.5253534,25.0517854],[121.5253944,25.0519312],[121.5254102,25.0520419]]}},{"type":"Feature","properties":{"highway":"trunk","name":"市民大道高架道路","osm_id":906806085},"geometry":{"type":"LineString","coordinates":[[121.5423481,25.0446409],[121.545346,25.044987]]}},{"type":"Feature","properties":{"highway":"tertiary","name":"市民大道三段","osm_id":906806086},"geometry":{"type":"LineString","coordinates":[[121.5376953,25.0448085],[121.5369705,25.0448399],[121.5369106,25.0448425]]}},{"type":"Feature","properties":{"highway":"trunk","name":"市民大道高架道路","osm_id":906806087},"geometry":{"type":"LineString","coordinates":[[121.5454434,25.0450811],[121.5423394,25.0447574]]}},{"type":"Feature","properties":{"highway":"secondary","name":"復興南路二段","osm_id":906806088},"geometry":{"type":"LineString","coordinates":[[121.5435367,25.0333794],[121.5435348,25.0332978]]}},{"type":"Feature","properties":{"highway":"secondary","name":"信義路三段","osm_id":906806089},"geometry":{"type":"LineString","coordinates":[[121.5375853,25.0334188],[121.5380201,25.03341]]}},{"type":"Feature","properties":{"highway":"secondary","name":"信義路三段","osm_id":906806090},"geometry":{"type":"LineString","coordinates":[[121.5328697,25.0335156],[121.5329819,25.0335135],[121.5345405,25.0334808],[121.535689,25.0334579],[121.5358301,25.0334557]]}},{"type":"Feature","properties":{"highway":"tertiary","name":"建國南路二段","osm_id":906806091},"geometry":{"type":"LineString","coordinates":[[121.5375894,25.0335001],[121.5375853,25.0334188]]}},{"type":"Feature","properties":{"highway":"tertiary","name":"建國南路一段","osm_id":906806092},"geometry":{"type":"LineString","coordinates":[[121.5376055,25.0349857],[121.5376051,25.0349467],[121.5376026,25.0347178],[121.5376017,25.0345691],[121.5376008,25.0345484],[121.5375998,25.0344573],[121.537599,25.0343902],[121.5375914,25.0336885],[121.5375905,25.0336001],[121.5375894,25.0335001]]}},{"type":"Feature","properties":{"highway":"trunk","name":"建國快速道路","osm_id":906806093},"geometry":{"type":"LineString","coordinates":[[121.5372819,25.0411227],[121.5373,25.0410772],[121.5375072,25.0405881],[121.5376574,25.0401409],[121.5377755,25.0396646],[121.5378184,25.0392952],[121.5378506,25.0388092],[121.5378224,25.0377958]]}},{"type":"Feature","properties":{"highway":"secondary","name":"承德路一段","osm_id":906806095},"geometry":{"type":"LineString","coordinates":[[121.5167625,25.0496525],[121.5168272,25.0498871],[121.5168503,25.0499715],[121.5169809,25.0504493],[121.5170727,25.0507809],[121.5171257,25.0508746]]}},{"type":"Feature","properties":{"highway":"secondary","name":"承德路一段","osm_id":906806098},"geometry":{"type":"LineString","coordinates":[[121.5165498,25.0488523],[121.5166635,25.0492885],[121.5167391,25.0495649],[121.5167625,25.0496525]]}},{"type":"Feature","properties":{"highway":"secondary","name":"仁愛路三段","osm_id":906806102},"geometry":{"type":"LineString","coordinates":[[121.5436314,25.038158],[121.5435289,25.0381605],[121.5434771,25.0381613],[121.5430013,25.0381713],[121.5419661,25.0381886]]}},{"type":"Feature","properties":{"highway":"secondary","name":"仁愛路三段","osm_id":906806103},"geometry":{"type":"LineString","coordinates":[[121.5436291,25.0380224],[121.5435267,25.0380253],[121.5434733,25.0380353]]}},{"type":"Feature","properties":{"highway":"trunk_link","name":"光復南路入口匝道","osm_id":906877159},"geometry":{"type":"LineString","coordinates":[[121.556628,25.0449293],[121.5555042,25.0446961],[121.5549892,25.0446353]]}},{"type":"Feature","properties":{"highway":"secondary","name":"和平東路三段","osm_id":908148308},"geometry":{"type":"LineString","coordinates":[[121.5609796,25.0156825],[121.5612136,25.0154134]]}},{"type":"Feature","properties":{"highway":"secondary","name":"和平東路三段","osm_id":908148309},"geometry":{"type":"LineString","coordinates":[[121.5612136,25.0154134],[121.5612923,25.01535],[121.5613439,25.0153083],[121.5616533,25.0150689],[121.5617232,25.0150192],[121.5619134,25.0148624],[121.5620791,25.0146624],[121.562283,25.0143245],[121.562377,25.0141675],[121.562517,25.013921],[121.5626393,25.0136951],[121.5626745,25.0136531],[121.5627268,25.0136115],[121.5628123,25.0135441],[121.5631137,25.0133367]]}},{"type":"Feature","properties":{"highway":"primary","name":"忠孝東路一段","osm_id":909299062},"geometry":{"type":"LineString","coordinates":[[121.5251197,25.0444362],[121.5249728,25.0444726],[121.5236017,25.0448123],[121.5235224,25.0448286],[121.5233641,25.0448699]]}},{"type":"Feature","properties":{"highway":"tertiary","name":"林森北路","osm_id":909299063},"geometry":{"type":"LineString","coordinates":[[121.5233641,25.0448699],[121.5233288,25.044749]]}},{"type":"Feature","properties":{"highway":"tertiary","name":"杭州南路一段","osm_id":910093765},"geometry":{"type":"LineString","coordinates":[[121.5243557,25.0354583],[121.5243915,25.035536],[121.5244177,25.0355965],[121.5245904,25.0362032],[121.524715,25.036632],[121.5247618,25.036793],[121.5247793,25.0368533],[121.5247889,25.0368865],[121.5248907,25.0372368],[121.5249783,25.0375383],[121.5250789,25.0378846],[121.5251512,25.038125],[121.525174,25.038207]]}},{"type":"Feature","properties":{"highway":"trunk","name":"建國快速道路","osm_id":910567291},"geometry":{"type":"LineString","coordinates":[[121.5366887,25.0444713],[121.5367272,25.045687],[121.5367965,25.0478729],[121.5368096,25.0485636],[121.5368667,25.0515793],[121.5369436,25.055092],[121.5369338,25.0559506],[121.5369678,25.0582505]]}},{"type":"Feature","properties":{"highway":"trunk","name":"建國快速道路","osm_id":910567292},"geometry":{"type":"LineString","coordinates":[[121.5375683,25.0407428],[121.5374643,25.0409866],[121.5372712,25.0414629],[121.537003,25.0421036],[121.5369107,25.042355],[121.5368327,25.0426225],[121.5367348,25.0431542],[121.5366811,25.0437277],[121.5366785,25.0441502],[121.5366887,25.0444713]]}},{"type":"Feature","properties":{"highway":"primary_link","name":"","osm_id":910567293},"geometry":{"type":"LineString","coordinates":[[121.5373088,25.0416279],[121.5372466,25.0417778]]}},{"type":"Feature","properties":{"highway":"primary","name":"忠孝東路三段","osm_id":910567294},"geometry":{"type":"LineString","coordinates":[[121.5372466,25.0417778],[121.5369054,25.0418106]]}},{"type":"Feature","properties":{"highway":"secondary","name":"基隆路一段","osm_id":910959589},"geometry":{"type":"LineString","coordinates":[[121.5671248,25.0458603],[121.5670629,25.0457318]]}},{"type":"Feature","properties":{"highway":"secondary","name":"基隆路一段","osm_id":910959592},"geometry":{"type":"LineString","coordinates":[[121.5685581,25.0482627],[121.5685182,25.0481969],[121.5672562,25.0461163],[121.5672131,25.0460453],[121.5672014,25.0460259],[121.5671537,25.045917],[121.5671248,25.0458603]]}},{"type":"Feature","properties":{"highway":"secondary","name":"基隆路一段","osm_id":910959593},"geometry":{"type":"LineString","coordinates":[[121.5687763,25.0481134],[121.5689532,25.0484116],[121.5692638,25.0489221],[121.5692839,25.048955],[121.5693027,25.0489863],[121.5693364,25.0490413]]}},{"type":"Feature","properties":{"highway":"secondary_link","name":"","osm_id":910959594},"geometry":{"type":"LineString","coordinates":[[121.5685581,25.0482627],[121.5687763,25.0481134]]}},{"type":"Feature","properties":{"highway":"trunk","name":"建國快速道路","osm_id":910959595},"geometry":{"type":"LineString","coordinates":[[121.5368832,25.0582448],[121.5368454,25.0572071],[121.536824,25.0561259],[121.5368023,25.0540286],[121.536801,25.0539741],[121.5367674,25.0526117],[121.5367285,25.0510305],[121.536695,25.0492369],[121.5366785,25.0478924],[121.536608,25.0456861]]}},{"type":"Feature","properties":{"highway":"tertiary","name":"汀州路二段","osm_id":911132812},"geometry":{"type":"LineString","coordinates":[[121.5164306,25.0256692],[121.5165968,25.0256278],[121.5169814,25.0255299],[121.5172106,25.0254783],[121.5172647,25.0254642],[121.5173788,25.025434],[121.5174489,25.0253983]]}},{"type":"Feature","properties":{"highway":"secondary","name":"中正橋","osm_id":911132815},"geometry":{"type":"LineString","coordinates":[[121.516693,25.0225086],[121.5166293,25.0223698],[121.5165049,25.0221677],[121.5161516,25.0217798],[121.5159928,25.021615],[121.5158031,25.0213702],[121.5157279,25.0212371]]}},{"type":"Feature","properties":{"highway":"trunk_link","name":"中正橋入口匝道","osm_id":911137595},"geometry":{"type":"LineString","coordinates":[[121.5156631,25.0206716],[121.5157558,25.0208621],[121.5158148,25.0209957],[121.5158837,25.0211302],[121.5159662,25.0212778],[121.5160525,25.0214084],[121.5161074,25.0214722],[121.5161718,25.0215324],[121.5162643,25.0215846],[121.5163502,25.021618],[121.5164481,25.0216375],[121.5165449,25.0216385],[121.5166389,25.0216287],[121.5167297,25.0216047],[121.516827,25.0215705]]}},{"type":"Feature","properties":{"highway":"tertiary","name":"建國南路二段","osm_id":984958491},"geometry":{"type":"LineString","coordinates":[[121.5374718,25.0288501],[121.5374706,25.0287658],[121.5374607,25.0280927],[121.537455,25.0277022],[121.5374546,25.0276727],[121.5374312,25.0258635],[121.537467,25.0257609]]}},{"type":"Feature","properties":{"highway":"tertiary","name":"建國南路二段","osm_id":984958492},"geometry":{"type":"LineString","coordinates":[[121.5379736,25.0288432],[121.5379762,25.0289639],[121.5379853,25.0294718],[121.5379884,25.0298628],[121.5379911,25.030665],[121.5379902,25.0307841],[121.537998,25.0311729],[121.5379957,25.0316417],[121.538002,25.0320651],[121.5380032,25.0321984],[121.538004,25.0322796]]}},{"type":"Feature","properties":{"highway":"secondary","name":"光復南路","osm_id":1044172127},"geometry":{"type":"LineString","coordinates":[[121.5576576,25.0383654],[121.5576839,25.0392646],[121.5576852,25.0393115],[121.5576885,25.0394278]]}},{"type":"Feature","properties":{"highway":"secondary","name":"光復南路","osm_id":1044172129},"geometry":{"type":"LineString","coordinates":[[121.5575377,25.038402],[121.557534,25.0381491]]}},{"type":"Feature","properties":{"highway":"secondary","name":"光復南路","osm_id":1044172130},"geometry":{"type":"LineString","coordinates":[[121.557534,25.0381491],[121.5575324,25.0379266],[121.5575276,25.0378611]]}},{"type":"Feature","properties":{"highway":"secondary","name":"光復南路","osm_id":1044271656},"geometry":{"type":"LineString","coordinates":[[121.5576885,25.0394278],[121.5576907,25.0395218],[121.5577077,25.0402502],[121.5577328,25.041115],[121.5577346,25.0411752],[121.5577382,25.0412799]]}},{"type":"Feature","properties":{"highway":"secondary","name":"光復南路","osm_id":1044271657},"geometry":{"type":"LineString","coordinates":[[121.5575731,25.0393422],[121.557572,25.0393136],[121.5575377,25.038402]]}},{"type":"Feature","properties":{"highway":"tertiary","name":"福州街","osm_id":1056640953},"geometry":{"type":"LineString","coordinates":[[121.5163502,25.0274629],[121.5169545,25.0278239],[121.5171294,25.0279361],[121.5177126,25.0282936]]}},{"type":"Feature","properties":{"highway":"secondary","name":"信義路一段","osm_id":1058125427},"geometry":{"type":"LineString","coordinates":[[121.5236852,25.035665],[121.5240519,25.0354857],[121.5241552,25.0354358],[121.5243116,25.0353602]]}},{"type":"Feature","properties":{"highway":"secondary","name":"信義路一段","osm_id":1058125429},"geometry":{"type":"LineString","coordinates":[[121.5234346,25.0358981],[121.5235962,25.0357711],[121.5236852,25.035665]]}},{"type":"Feature","properties":{"highway":"secondary","name":"信義路一段","osm_id":1058125431},"geometry":{"type":"LineString","coordinates":[[121.5199669,25.0375979],[121.5200597,25.037519],[121.5202984,25.0373872],[121.520903,25.0370908],[121.5210561,25.0370667]]}},{"type":"Feature","properties":{"highway":"secondary_link","name":"","osm_id":1058125433},"geometry":{"type":"LineString","coordinates":[[121.5189526,25.0380944],[121.5190405,25.037982],[121.5190431,25.0379231]]}},{"type":"Feature","properties":{"highway":"secondary","name":"仁愛路三段","osm_id":1060223612},"geometry":{"type":"LineString","coordinates":[[121.5391256,25.0381138],[121.5388842,25.0381064],[121.5382748,25.0381232],[121.5381511,25.038125],[121.5380539,25.0381271]]}},{"type":"Feature","properties":{"highway":"secondary","name":"仁愛路三段","osm_id":1060223613},"geometry":{"type":"LineString","coordinates":[[121.53805,25.0379533],[121.5377817,25.0379655],[121.5376933,25.0379695],[121.5375417,25.0379692],[121.5370424,25.0378208]]}},{"type":"Feature","properties":{"highway":"secondary","name":"仁愛路三段","osm_id":1060223614},"geometry":{"type":"LineString","coordinates":[[121.5376928,25.0382053],[121.5375393,25.0382157],[121.5368601,25.0384665]]}},{"type":"Feature","properties":{"highway":"secondary","name":"仁愛路三段","osm_id":1060223615},"geometry":{"type":"LineString","coordinates":[[121.5339277,25.0381966],[121.5330791,25.0382083],[121.533015,25.0382091],[121.532936,25.0382102],[121.5328982,25.0382106]]}},{"type":"Feature","properties":{"highway":"secondary","name":"仁愛路四段","osm_id":1061707656},"geometry":{"type":"LineString","coordinates":[[121.5492146,25.0375612],[121.5493386,25.0376273]]}},{"type":"Feature","properties":{"highway":"secondary","name":"仁愛路四段","osm_id":1061707657},"geometry":{"type":"LineString","coordinates":[[121.5498427,25.0377833],[121.549732,25.0378674]]}},{"type":"Feature","properties":{"highway":"secondary","name":"仁愛路四段","osm_id":1061707677},"geometry":{"type":"LineString","coordinates":[[121.5483483,25.0379861],[121.5482731,25.0379425],[121.5481964,25.0379181],[121.5481337,25.0379036],[121.5480259,25.0378811],[121.5479357,25.0378635]]}},{"type":"Feature","properties":{"highway":"secondary","name":"光復南路","osm_id":1061783750},"geometry":{"type":"LineString","coordinates":[[121.5575226,25.037628],[121.5575221,25.0376029],[121.5575201,25.0375127]]}},{"type":"Feature","properties":{"highway":"secondary","name":"仁愛路四段","osm_id":1061783751},"geometry":{"type":"LineString","coordinates":[[121.5575201,25.0375127],[121.5576453,25.0375829]]}},{"type":"Feature","properties":{"highway":"secondary","name":"光復南路","osm_id":1061783752},"geometry":{"type":"LineString","coordinates":[[121.5576453,25.0375829],[121.5576452,25.0376333],[121.557645,25.0376859]]}},{"type":"Feature","properties":{"highway":"secondary","name":"光復南路","osm_id":1061783753},"geometry":{"type":"LineString","coordinates":[[121.5575276,25.0378611],[121.5575246,25.0377689],[121.5575251,25.0377465]]}},{"type":"Feature","properties":{"highway":"secondary","name":"仁愛路四段","osm_id":1061783754},"geometry":{"type":"LineString","coordinates":[[121.5575276,25.0378611],[121.5574182,25.0378666],[121.5556164,25.0379153],[121.555401,25.0379194]]}},{"type":"Feature","properties":{"highway":"secondary","name":"光復南路","osm_id":1061783755},"geometry":{"type":"LineString","coordinates":[[121.557645,25.0376859],[121.5576427,25.0377304],[121.5576448,25.037798],[121.5576454,25.0378955],[121.5576576,25.0383654]]}},{"type":"Feature","properties":{"highway":"secondary","name":"信義路四段","osm_id":1061958802},"geometry":{"type":"LineString","coordinates":[[121.5524395,25.0332853],[121.5525207,25.0332841]]}},{"type":"Feature","properties":{"highway":"tertiary","name":"安和路一段","osm_id":1061958803},"geometry":{"type":"LineString","coordinates":[[121.5525162,25.0332037],[121.5525207,25.0332841]]}},{"type":"Feature","properties":{"highway":"tertiary","name":"安和路二段","osm_id":1061958804},"geometry":{"type":"LineString","coordinates":[[121.552514,25.0331269],[121.5525162,25.0332037]]}},{"type":"Feature","properties":{"highway":"secondary","name":"信義路四段","osm_id":1061958805},"geometry":{"type":"LineString","coordinates":[[121.552514,25.0331269],[121.5526321,25.0331207],[121.553356,25.0331067],[121.554119,25.0330919],[121.5542896,25.0330886]]}},{"type":"Feature","properties":{"highway":"tertiary","name":"安和路一段","osm_id":1061958806},"geometry":{"type":"LineString","coordinates":[[121.5524395,25.0332853],[121.5524396,25.0332073]]}},{"type":"Feature","properties":{"highway":"secondary","name":"信義路四段","osm_id":1061958807},"geometry":{"type":"LineString","coordinates":[[121.5525207,25.0332841],[121.5526356,25.03328],[121.5533659,25.0332646],[121.5541234,25.0332487],[121.5542928,25.0332451]]}},{"type":"Feature","properties":{"highway":"secondary","name":"信義路四段","osm_id":1061958808},"geometry":{"type":"LineString","coordinates":[[121.5487917,25.0333589],[121.5490449,25.0333557]]}},{"type":"Feature","properties":{"highway":"secondary","name":"信義路四段","osm_id":1061958809},"geometry":{"type":"LineString","coordinates":[[121.549043,25.0331902],[121.5492552,25.0331782],[121.5501458,25.0331597],[121.5506736,25.0331446],[121.5514759,25.0331207],[121.5516098,25.0331211],[121.551864,25.0331252],[121.5520425,25.033147],[121.5523259,25.0331404],[121.552435,25.033131],[121.552514,25.0331269]]}},{"type":"Feature","properties":{"highway":"tertiary","name":"信義路四段294巷","osm_id":1061958810},"geometry":{"type":"LineString","coordinates":[[121.5542912,25.0331653],[121.5542896,25.0330886]]}},{"type":"Feature","properties":{"highway":"secondary","name":"光復南路","osm_id":1061958811},"geometry":{"type":"LineString","coordinates":[[121.55754,25.0330111],[121.557541,25.0330957]]}},{"type":"Feature","properties":{"highway":"secondary","name":"信義路四段","osm_id":1061958812},"geometry":{"type":"LineString","coordinates":[[121.55754,25.0330111],[121.5577059,25.0330299]]}},{"type":"Feature","properties":{"highway":"secondary","name":"信義路四段","osm_id":1061958813},"geometry":{"type":"LineString","coordinates":[[121.5574319,25.0331793],[121.5575434,25.0331759],[121.557705,25.0331709],[121.558572,25.0331463],[121.55915,25.0331422],[121.5593662,25.0331306],[121.5595406,25.0331222]]}},{"type":"Feature","properties":{"highway":"secondary","name":"信義路四段","osm_id":1062105324},"geometry":{"type":"LineString","coordinates":[[121.5435389,25.0334737],[121.543679,25.0334691]]}},{"type":"Feature","properties":{"highway":"secondary","name":"復興南路一段","osm_id":1062105325},"geometry":{"type":"LineString","coordinates":[[121.5436772,25.0333752],[121.543679,25.0334691]]}},{"type":"Feature","properties":{"highway":"secondary","name":"信義路四段","osm_id":1062105326},"geometry":{"type":"LineString","coordinates":[[121.5485555,25.0333661],[121.5487917,25.0333589]]}},{"type":"Feature","properties":{"highway":"secondary","name":"信義路四段","osm_id":1062105327},"geometry":{"type":"LineString","coordinates":[[121.5487888,25.0331944],[121.549043,25.0331902]]}},{"type":"Feature","properties":{"highway":"secondary","name":"信義路三段","osm_id":1062105328},"geometry":{"type":"LineString","coordinates":[[121.5394799,25.0335585],[121.5395906,25.0335607],[121.5404018,25.0335454],[121.5417727,25.0335096],[121.5418959,25.0335069]]}},{"type":"Feature","properties":{"highway":"secondary","name":"信義路三段","osm_id":1062105329},"geometry":{"type":"LineString","coordinates":[[121.5380201,25.03341],[121.5382015,25.0334064],[121.5393621,25.0333824],[121.5394748,25.0333794]]}},{"type":"Feature","properties":{"highway":"secondary","name":"信義路三段","osm_id":1062105331},"geometry":{"type":"LineString","coordinates":[[121.5394748,25.0333794],[121.5395908,25.0333784],[121.53997,25.0333713],[121.5404549,25.0333623],[121.5407794,25.0333562],[121.5417677,25.0333338],[121.5419002,25.0333311]]}},{"type":"Feature","properties":{"highway":"secondary","name":"信義路三段","osm_id":1062105332},"geometry":{"type":"LineString","coordinates":[[121.5380255,25.0335897],[121.5382077,25.0335856],[121.5386354,25.0335763],[121.5393638,25.0335618],[121.5394799,25.0335585]]}},{"type":"Feature","properties":{"highway":"secondary","name":"仁愛路四段","osm_id":1062105333},"geometry":{"type":"LineString","coordinates":[[121.5477681,25.0378311],[121.5477064,25.0378325],[121.5461689,25.0378665],[121.5460393,25.037869]]}},{"type":"Feature","properties":{"highway":"tertiary","name":"大安路一段","osm_id":1062105334},"geometry":{"type":"LineString","coordinates":[[121.5460382,25.0377413],[121.546039,25.0378366],[121.5460393,25.037869],[121.5460417,25.0379854],[121.546042,25.0380079],[121.5460434,25.0381065]]}},{"type":"Feature","properties":{"highway":"secondary","name":"仁愛路四段","osm_id":1062105335},"geometry":{"type":"LineString","coordinates":[[121.5479648,25.0380679],[121.5477758,25.0380688],[121.5477006,25.0380711],[121.547105,25.0380835],[121.5465524,25.0380957],[121.5461544,25.0381032],[121.5460434,25.0381065]]}},{"type":"Feature","properties":{"highway":"tertiary","name":"大安路二段","osm_id":1062105336},"geometry":{"type":"LineString","coordinates":[[121.5459766,25.0334204],[121.5459747,25.0333307],[121.5459746,25.0332496]]}},{"type":"Feature","properties":{"highway":"secondary","name":"信義路四段","osm_id":1062105337},"geometry":{"type":"LineString","coordinates":[[121.5459766,25.0334204],[121.5461182,25.0334174],[121.5461862,25.033416],[121.5463377,25.0334128],[121.5466024,25.0334072],[121.5470056,25.0333987],[121.5470166,25.0333985],[121.5471598,25.0333955],[121.5480562,25.0333766],[121.5484083,25.0333692],[121.5485555,25.0333661]]}},{"type":"Feature","properties":{"highway":"secondary","name":"信義路四段","osm_id":1062105338},"geometry":{"type":"LineString","coordinates":[[121.5436756,25.0332946],[121.5438497,25.0332907],[121.5446466,25.0332753],[121.5454528,25.0332597],[121.5458448,25.0332521],[121.5459746,25.0332496]]}},{"type":"Feature","properties":{"highway":"secondary","name":"敦化南路二段","osm_id":1062105339},"geometry":{"type":"LineString","coordinates":[[121.549043,25.0331902],[121.5490462,25.0332653]]}},{"type":"Feature","properties":{"highway":"secondary","name":"信義路四段","osm_id":1062105340},"geometry":{"type":"LineString","coordinates":[[121.543679,25.0334691],[121.5438515,25.0334653],[121.5443959,25.0334538],[121.5450664,25.0334396],[121.5458491,25.0334231],[121.5459766,25.0334204]]}},{"type":"Feature","properties":{"highway":"secondary","name":"敦化南路一段","osm_id":1062105341},"geometry":{"type":"LineString","coordinates":[[121.5487917,25.0333589],[121.5487891,25.033275]]}},{"type":"Feature","properties":{"highway":"secondary","name":"信義路二段","osm_id":1062618308},"geometry":{"type":"LineString","coordinates":[[121.5267104,25.0341844],[121.5270118,25.0340444],[121.5272071,25.0340062],[121.5273117,25.0339866]]}},{"type":"Feature","properties":{"highway":"secondary","name":"金山南路二段","osm_id":1062618309},"geometry":{"type":"LineString","coordinates":[[121.5273117,25.0339866],[121.5273242,25.0340741]]}},{"type":"Feature","properties":{"highway":"secondary","name":"信義路二段","osm_id":1062618310},"geometry":{"type":"LineString","coordinates":[[121.5272371,25.0341762],[121.5273396,25.0341597],[121.5274672,25.0341433],[121.5277473,25.0341088],[121.5287616,25.0339657],[121.5293359,25.0338906],[121.5299034,25.0338152],[121.5300024,25.0338025]]}},{"type":"Feature","properties":{"highway":"secondary","name":"金山南路一段","osm_id":1062618311},"geometry":{"type":"LineString","coordinates":[[121.5272371,25.0341762],[121.5272194,25.0340966]]}},{"type":"Feature","properties":{"highway":"secondary","name":"信義路二段","osm_id":1062618312},"geometry":{"type":"LineString","coordinates":[[121.5300024,25.0338025],[121.5301256,25.0337849],[121.5304875,25.0337395],[121.5310028,25.033726],[121.5311393,25.0337213],[121.5320847,25.0337007],[121.53238,25.0336923],[121.5324162,25.0336913],[121.5325367,25.033692]]}},{"type":"Feature","properties":{"highway":"secondary","name":"新生南路二段","osm_id":1062618313},"geometry":{"type":"LineString","coordinates":[[121.5327636,25.0335176],[121.5327638,25.0336064],[121.5327824,25.0336899]]}},{"type":"Feature","properties":{"highway":"secondary","name":"信義路三段","osm_id":1062618314},"geometry":{"type":"LineString","coordinates":[[121.5326585,25.0335225],[121.5327636,25.0335176]]}},{"type":"Feature","properties":{"highway":"secondary","name":"信義路三段","osm_id":1062618316},"geometry":{"type":"LineString","coordinates":[[121.5358301,25.0334557],[121.5360167,25.0334507],[121.5374177,25.033418],[121.5375853,25.0334188]]}},{"type":"Feature","properties":{"highway":"secondary","name":"信義路三段","osm_id":1062618317},"geometry":{"type":"LineString","coordinates":[[121.5375905,25.0336001],[121.5380255,25.0335897]]}},{"type":"Feature","properties":{"highway":"tertiary","name":"林森南路","osm_id":1062919951},"geometry":{"type":"LineString","coordinates":[[121.5215808,25.0386575],[121.5215615,25.0386005],[121.5215511,25.0385733]]}},{"type":"Feature","properties":{"highway":"secondary","name":"仁愛路一段","osm_id":1062919952},"geometry":{"type":"LineString","coordinates":[[121.525174,25.038207],[121.5250652,25.0382171],[121.5242564,25.0383123],[121.5234884,25.0384082],[121.5233895,25.0384197],[121.5233051,25.0384307],[121.5228849,25.0384881],[121.5224674,25.0385427],[121.522126,25.0385891],[121.5216888,25.0386442],[121.5215808,25.0386575]]}},{"type":"Feature","properties":{"highway":"secondary","name":"仁愛路一段","osm_id":1062919953},"geometry":{"type":"LineString","coordinates":[[121.523444,25.0386284],[121.523366,25.0386393],[121.522695,25.0387317],[121.5217479,25.0388545],[121.5216349,25.0388712]]}},{"type":"Feature","properties":{"highway":"secondary","name":"仁愛路一段","osm_id":1062919955},"geometry":{"type":"LineString","coordinates":[[121.5252338,25.0384177],[121.5251278,25.0384286],[121.5249746,25.0384451],[121.5245182,25.0385043],[121.523556,25.0386124],[121.523444,25.0386284]]}},{"type":"Feature","properties":{"highway":"secondary","name":"仁愛路一段","osm_id":1062919956},"geometry":{"type":"LineString","coordinates":[[121.5234141,25.0385253],[121.5233419,25.0385343],[121.5217222,25.0387543],[121.5216088,25.0387666]]}},{"type":"Feature","properties":{"highway":"secondary","name":"仁愛路一段","osm_id":1062919957},"geometry":{"type":"LineString","coordinates":[[121.5252001,25.0383004],[121.5250933,25.03831],[121.5237787,25.0384764],[121.5235218,25.038509],[121.5234141,25.0385253]]}},{"type":"Feature","properties":{"highway":"tertiary","name":"杭州南路一段","osm_id":1062919958},"geometry":{"type":"LineString","coordinates":[[121.525174,25.038207],[121.5251895,25.0382625],[121.5252001,25.0383004]]}},{"type":"Feature","properties":{"highway":"secondary","name":"信義路一段","osm_id":1062919959},"geometry":{"type":"LineString","coordinates":[[121.5227105,25.0361246],[121.5235426,25.035711],[121.5236852,25.035665]]}},{"type":"Feature","properties":{"highway":"secondary","name":"信義路一段","osm_id":1062919961},"geometry":{"type":"LineString","coordinates":[[121.5227757,25.0363504],[121.5228807,25.0362989],[121.5230396,25.0362208],[121.5233535,25.0360665],[121.5235874,25.0359515],[121.5242228,25.035636],[121.5243915,25.035536]]}},{"type":"Feature","properties":{"highway":"secondary","name":"復興南路一段","osm_id":1064294847},"geometry":{"type":"LineString","coordinates":[[121.5437575,25.0377844],[121.5437593,25.0378741],[121.54376,25.0379096],[121.543761,25.0380179]]}},{"type":"Feature","properties":{"highway":"secondary","name":"仁愛路三段","osm_id":1064294848},"geometry":{"type":"LineString","coordinates":[[121.5437649,25.0381548],[121.5436314,25.038158]]}},{"type":"Feature","properties":{"highway":"secondary","name":"復興南路一段","osm_id":1064294849},"geometry":{"type":"LineString","coordinates":[[121.5436314,25.038158],[121.543629,25.0380532],[121.5436291,25.0380224],[121.5436257,25.0379123]]}},{"type":"Feature","properties":{"highway":"secondary","name":"仁愛路三段","osm_id":1064294850},"geometry":{"type":"LineString","coordinates":[[121.543761,25.0380179],[121.5436291,25.0380224]]}},{"type":"Feature","properties":{"highway":"secondary","name":"仁愛路四段","osm_id":1064294851},"geometry":{"type":"LineString","coordinates":[[121.5479475,25.0377369],[121.5477426,25.0377086],[121.5475107,25.0377133],[121.5470806,25.0377215],[121.5461767,25.0377378],[121.5460382,25.0377413]]}},{"type":"Feature","properties":{"highway":"secondary","name":"仁愛路三段","osm_id":1064294852},"geometry":{"type":"LineString","coordinates":[[121.5380522,25.0380233],[121.5377832,25.0380288],[121.5376923,25.0380307]]}},{"type":"Feature","properties":{"highway":"secondary","name":"新生南路一段","osm_id":1064294853},"geometry":{"type":"LineString","coordinates":[[121.5326883,25.0383018],[121.5326871,25.0382171],[121.5326865,25.0381797]]}},{"type":"Feature","properties":{"highway":"secondary","name":"仁愛路二段","osm_id":1064294855},"geometry":{"type":"LineString","coordinates":[[121.5294144,25.0383387],[121.5293416,25.0383407],[121.5286988,25.0383474],[121.5285306,25.0383471],[121.5284125,25.0383525],[121.5282871,25.038359]]}},{"type":"Feature","properties":{"highway":"secondary","name":"仁愛路二段","osm_id":1064294856},"geometry":{"type":"LineString","coordinates":[[121.5293932,25.0382328],[121.5293116,25.0382341],[121.5284678,25.0382477],[121.5283734,25.0382493]]}},{"type":"Feature","properties":{"highway":"secondary","name":"金山南路一段","osm_id":1064294857},"geometry":{"type":"LineString","coordinates":[[121.5282871,25.038359],[121.5282656,25.0382928],[121.5282521,25.0382512],[121.5282395,25.0382122],[121.5282166,25.0381416]]}},{"type":"Feature","properties":{"highway":"secondary","name":"仁愛路二段","osm_id":1064294858},"geometry":{"type":"LineString","coordinates":[[121.5326883,25.0383018],[121.5325481,25.0382825],[121.5318517,25.0382952],[121.5316397,25.038299],[121.5306412,25.0383172],[121.5294813,25.0383384],[121.5294144,25.0383387]]}},{"type":"Feature","properties":{"highway":"secondary","name":"仁愛路二段","osm_id":1064294859},"geometry":{"type":"LineString","coordinates":[[121.5283333,25.0381416],[121.5282166,25.0381416]]}},{"type":"Feature","properties":{"highway":"secondary","name":"金山南路一段","osm_id":1064294860},"geometry":{"type":"LineString","coordinates":[[121.5283333,25.0381416],[121.5283589,25.0382105],[121.5283734,25.0382493],[121.5283891,25.0382907],[121.5284125,25.0383525],[121.5284483,25.0384486],[121.528521,25.0386525],[121.5286652,25.0390457],[121.5286949,25.0391305],[121.5287718,25.0393504],[121.5287999,25.0394307],[121.528816,25.0394769],[121.5288362,25.0395321],[121.5289555,25.0398585],[121.5291124,25.0402997],[121.5291592,25.0404713],[121.5292317,25.040737],[121.5292564,25.0408271]]}},{"type":"Feature","properties":{"highway":"secondary","name":"仁愛路二段","osm_id":1064294861},"geometry":{"type":"LineString","coordinates":[[121.5283734,25.0382493],[121.5282521,25.0382512]]}},{"type":"Feature","properties":{"highway":"secondary","name":"仁愛路二段","osm_id":1064294862},"geometry":{"type":"LineString","coordinates":[[121.5326865,25.0381797],[121.5325459,25.038182],[121.5324105,25.0381842],[121.529552,25.0382303],[121.529466,25.0382317],[121.5293932,25.0382328]]}},{"type":"Feature","properties":{"highway":"tertiary","name":"新生北路一段","osm_id":1064501314},"geometry":{"type":"LineString","coordinates":[[121.5288701,25.0489916],[121.5290101,25.0487888],[121.5292481,25.0484766],[121.5293992,25.0482863],[121.5294904,25.0481698]]}},{"type":"Feature","properties":{"highway":"secondary","name":"信義路三段","osm_id":1068183450},"geometry":{"type":"LineString","coordinates":[[121.5327636,25.0335176],[121.5328697,25.0335156]]}},{"type":"Feature","properties":{"highway":"secondary","name":"信義路二段","osm_id":1068183451},"geometry":{"type":"LineString","coordinates":[[121.5325367,25.033692],[121.5326551,25.0336903]]}},{"type":"Feature","properties":{"highway":"secondary","name":"新生南路一段","osm_id":1068183456},"geometry":{"type":"LineString","coordinates":[[121.5326312,25.0344378],[121.5326614,25.0342583],[121.5326536,25.0338788],[121.5326539,25.033824],[121.5326538,25.0337816],[121.5326551,25.0336903]]}},{"type":"Feature","properties":{"highway":"secondary","name":"新生南路一段","osm_id":1068183457},"geometry":{"type":"LineString","coordinates":[[121.5327824,25.0336899],[121.5327825,25.0337812],[121.5327827,25.0339737],[121.5327895,25.0342609]]}},{"type":"Feature","properties":{"highway":"secondary","name":"新生南路二段","osm_id":1068183458},"geometry":{"type":"LineString","coordinates":[[121.5330497,25.0326667],[121.5329028,25.0329466],[121.5328035,25.033274],[121.5327792,25.0333603],[121.5327699,25.0333985],[121.5327636,25.0335176]]}},{"type":"Feature","properties":{"highway":"secondary","name":"新生南路二段","osm_id":1068183459},"geometry":{"type":"LineString","coordinates":[[121.5342627,25.0292617],[121.5341373,25.0296141],[121.5340592,25.029742],[121.5337921,25.0305009],[121.5337687,25.0305743],[121.5337696,25.0306604]]}},{"type":"Feature","properties":{"highway":"secondary","name":"新生南路二段","osm_id":1068183460},"geometry":{"type":"LineString","coordinates":[[121.5349678,25.0261067],[121.5349923,25.0262403],[121.5350208,25.0264652],[121.5350284,25.0266867],[121.5350113,25.0269361],[121.5349639,25.0272048]]}},{"type":"Feature","properties":{"highway":"secondary","name":"新生南路二段","osm_id":1068183461},"geometry":{"type":"LineString","coordinates":[[121.5326561,25.0336106],[121.5326585,25.0335225],[121.5326732,25.0333936],[121.532728,25.0331632],[121.5327344,25.0330825]]}},{"type":"Feature","properties":{"highway":"secondary","name":"新生南路二段","osm_id":1068183462},"geometry":{"type":"LineString","coordinates":[[121.5333366,25.0314009],[121.5334466,25.0311616],[121.5335845,25.0307793],[121.5336129,25.0306943],[121.533635,25.0306216]]}},{"type":"Feature","properties":{"highway":"secondary","name":"新生南路二段","osm_id":1068183463},"geometry":{"type":"LineString","coordinates":[[121.5337742,25.0301393],[121.5340538,25.0293417],[121.5342642,25.0287272]]}},{"type":"Feature","properties":{"highway":"secondary","name":"新生南路二段","osm_id":1068183464},"geometry":{"type":"LineString","coordinates":[[121.533635,25.0306216],[121.5336597,25.0305434],[121.5337692,25.0302335],[121.5337742,25.0301393]]}},{"type":"Feature","properties":{"highway":"secondary","name":"新生南路二段","osm_id":1068183465},"geometry":{"type":"LineString","coordinates":[[121.5348127,25.027021],[121.5348633,25.0269221],[121.5348841,25.0267398],[121.5348802,25.0265132],[121.5348593,25.02633],[121.534849,25.0262576],[121.5348064,25.0261274]]}},{"type":"Feature","properties":{"highway":"secondary","name":"新生南路三段","osm_id":1068183466},"geometry":{"type":"LineString","coordinates":[[121.5348134,25.0249672],[121.5348385,25.0251796],[121.5348643,25.0253993],[121.5348862,25.0256654],[121.5349094,25.0258528],[121.5349266,25.0259653]]}},{"type":"Feature","properties":{"highway":"secondary","name":"新生南路一段","osm_id":1068234499},"geometry":{"type":"LineString","coordinates":[[121.5329288,25.0434332],[121.5329569,25.0436127],[121.5329652,25.043666],[121.5329863,25.0438011],[121.5329958,25.0442713],[121.5330006,25.0443975]]}},{"type":"Feature","properties":{"highway":"secondary","name":"新生南路一段","osm_id":1068234502},"geometry":{"type":"LineString","coordinates":[[121.5327504,25.0409998],[121.5327854,25.0408319],[121.5327819,25.040395],[121.5327804,25.0403212],[121.5327797,25.0402834],[121.5327321,25.0401916]]}},{"type":"Feature","properties":{"highway":"secondary","name":"新生南路一段","osm_id":1068234506},"geometry":{"type":"LineString","coordinates":[[121.5327164,25.0392699],[121.5327541,25.0389227],[121.532748,25.0385237],[121.5327461,25.0384115],[121.5326883,25.0383018]]}},{"type":"Feature","properties":{"highway":"secondary","name":"新生南路一段","osm_id":1068234512},"geometry":{"type":"LineString","coordinates":[[121.5326843,25.0380405],[121.5326848,25.0379608],[121.5326784,25.0375495],[121.5326678,25.0368299],[121.5326662,25.0367555]]}},{"type":"Feature","properties":{"highway":"secondary","name":"松江路","osm_id":1068439989},"geometry":{"type":"LineString","coordinates":[[121.5330681,25.0501991],[121.5330651,25.0502719],[121.533068,25.0506409],[121.5330651,25.0509325]]}},{"type":"Feature","properties":{"highway":"secondary","name":"松江路","osm_id":1068439991},"geometry":{"type":"LineString","coordinates":[[121.5328723,25.0489938],[121.5328656,25.0485777],[121.5328994,25.0484625]]}},{"type":"Feature","properties":{"highway":"secondary","name":"松江路","osm_id":1068439992},"geometry":{"type":"LineString","coordinates":[[121.5329169,25.0493842],[121.5328914,25.0493206],[121.5328723,25.0489938]]}},{"type":"Feature","properties":{"highway":"secondary","name":"松江路","osm_id":1068439994},"geometry":{"type":"LineString","coordinates":[[121.5328872,25.0475669],[121.5328853,25.0471952],[121.5328823,25.0471021]]}},{"type":"Feature","properties":{"highway":"secondary","name":"松江路","osm_id":1068439995},"geometry":{"type":"LineString","coordinates":[[121.5330141,25.0470992],[121.5330178,25.0471926],[121.5330248,25.0475643]]}},{"type":"Feature","properties":{"highway":"secondary","name":"新生北路一段","osm_id":1068439999},"geometry":{"type":"LineString","coordinates":[[121.5329883,25.0453065],[121.5329923,25.0454234],[121.5329955,25.0455158]]}},{"type":"Feature","properties":{"highway":"secondary","name":"新生北路一段","osm_id":1068440000},"geometry":{"type":"LineString","coordinates":[[121.5328512,25.0459566],[121.5327809,25.0458681]]}},{"type":"Feature","properties":{"highway":"tertiary","name":"渭水路","osm_id":1068440001},"geometry":{"type":"LineString","coordinates":[[121.5335965,25.045704],[121.5333608,25.0457328],[121.5332189,25.0457552],[121.5331152,25.0457752]]}},{"type":"Feature","properties":{"highway":"secondary","name":"新生北路一段","osm_id":1068440002},"geometry":{"type":"LineString","coordinates":[[121.5329999,25.045756],[121.5329813,25.045846]]}},{"type":"Feature","properties":{"highway":"tertiary","name":"市民大道三段","osm_id":1068440004},"geometry":{"type":"LineString","coordinates":[[121.5327771,25.0453616],[121.5328849,25.0453349],[121.5329883,25.0453065],[121.5331097,25.0452743],[121.5331299,25.0452669],[121.5340426,25.0450201],[121.5343892,25.0449065],[121.5345193,25.0448603]]}},{"type":"Feature","properties":{"highway":"secondary","name":"新生北路一段","osm_id":1068440005},"geometry":{"type":"LineString","coordinates":[[121.5327766,25.0455758],[121.5327758,25.045485]]}},{"type":"Feature","properties":{"highway":"tertiary","name":"市民大道三段","osm_id":1068440006},"geometry":{"type":"LineString","coordinates":[[121.5347673,25.0450393],[121.5346339,25.0450614],[121.5345368,25.0450881],[121.5340687,25.0452047],[121.533112,25.0454833],[121.5329955,25.0455158]]}},{"type":"Feature","properties":{"highway":"tertiary_link","name":"市民大道三段","osm_id":1068440007},"geometry":{"type":"LineString","coordinates":[[121.5329923,25.0454234],[121.533111,25.0453915],[121.5345583,25.0449965],[121.5346656,25.0449707]]}},{"type":"Feature","properties":{"highway":"tertiary_link","name":"市民大道三段","osm_id":1068440008},"geometry":{"type":"LineString","coordinates":[[121.5327758,25.045485],[121.5328876,25.0454524]]}},{"type":"Feature","properties":{"highway":"secondary","name":"","osm_id":1071561137},"geometry":{"type":"LineString","coordinates":[[121.5695866,25.0495305],[121.5695304,25.0496285],[121.5702945,25.0508946],[121.5704718,25.0511289]]}},{"type":"Feature","properties":{"highway":"secondary","name":"基隆路一段","osm_id":1071653475},"geometry":{"type":"LineString","coordinates":[[121.5672918,25.0456627],[121.5673934,25.0458103]]}},{"type":"Feature","properties":{"highway":"tertiary","name":"永吉路","osm_id":1071653477},"geometry":{"type":"LineString","coordinates":[[121.5672918,25.0456627],[121.5673898,25.0456604],[121.5687482,25.0456245],[121.5688462,25.045648]]}},{"type":"Feature","properties":{"highway":"tertiary","name":"永吉路","osm_id":1071653478},"geometry":{"type":"LineString","coordinates":[[121.5688526,25.0457547],[121.5687546,25.0457794],[121.567599,25.0458054],[121.5675544,25.0458061],[121.5674708,25.0458083],[121.5673934,25.0458103]]}},{"type":"Feature","properties":{"highway":"trunk","name":"新生高架道路","osm_id":1079151555},"geometry":{"type":"LineString","coordinates":[[121.5297245,25.0480869],[121.5301889,25.0476218],[121.5306985,25.0471652],[121.5307533,25.0471069],[121.5307869,25.0470592],[121.5308189,25.0470027],[121.530846,25.0469356],[121.530861,25.0468778],[121.530865,25.0468147],[121.5308616,25.0467472],[121.5308413,25.046664]]}},{"type":"Feature","properties":{"highway":"secondary","name":"光復南路","osm_id":1095692938},"geometry":{"type":"LineString","coordinates":[[121.5577633,25.0420403],[121.5577906,25.0435199],[121.5577942,25.0437598]]}},{"type":"Feature","properties":{"highway":"primary","name":"羅斯福路公車專用道","osm_id":1102939833},"geometry":{"type":"LineString","coordinates":[[121.5225061,25.0270083],[121.5224068,25.0271372]]}},{"type":"Feature","properties":{"highway":"primary_link","name":"","osm_id":1102939834},"geometry":{"type":"LineString","coordinates":[[121.5225061,25.0270083],[121.5224656,25.0271507]]}},{"type":"Feature","properties":{"highway":"primary","name":"羅斯福路大客車專用道","osm_id":1102939835},"geometry":{"type":"LineString","coordinates":[[121.5340159,25.0150884],[121.53391,25.0152172],[121.5336089,25.0155016],[121.532966,25.0161237],[121.5329112,25.016178],[121.5327708,25.0163548]]}},{"type":"Feature","properties":{"highway":"secondary_link","name":"","osm_id":1102939836},"geometry":{"type":"LineString","coordinates":[[121.5224496,25.0270136],[121.5225061,25.0270083]]}},{"type":"Feature","properties":{"highway":"secondary_link","name":"","osm_id":1102939837},"geometry":{"type":"LineString","coordinates":[[121.52236,25.0271264],[121.5222923,25.0271109]]}},{"type":"Feature","properties":{"highway":"primary","name":"羅斯福路公車專用道","osm_id":1102939838},"geometry":{"type":"LineString","coordinates":[[121.52236,25.0271264],[121.5224496,25.0270136]]}},{"type":"Feature","properties":{"highway":"primary_link","name":"","osm_id":1102939839},"geometry":{"type":"LineString","coordinates":[[121.5326035,25.0163954],[121.5326143,25.0163082]]}},{"type":"Feature","properties":{"highway":"primary","name":"羅斯福路一段","osm_id":1102939840},"geometry":{"type":"LineString","coordinates":[[121.5190944,25.0315158],[121.5191388,25.0314046],[121.5194286,25.0310201],[121.5195376,25.0308713],[121.5196956,25.0306571],[121.519978,25.0302664],[121.5200564,25.0301256],[121.5202259,25.0299052],[121.5202882,25.0298254]]}},{"type":"Feature","properties":{"highway":"primary","name":"羅斯福路一段","osm_id":1102939841},"geometry":{"type":"LineString","coordinates":[[121.5203693,25.0299912],[121.5200526,25.0303962],[121.519702,25.0308692],[121.5195344,25.0311062],[121.5193234,25.0313845],[121.5191899,25.0315719]]}},{"type":"Feature","properties":{"highway":"primary","name":"羅斯福路公車專用道","osm_id":1102939842},"geometry":{"type":"LineString","coordinates":[[121.5190944,25.0315158],[121.5191833,25.0314417],[121.5200383,25.0302961],[121.520265,25.030006],[121.5203034,25.0299515],[121.5203764,25.0298433],[121.5203957,25.0298146],[121.5205813,25.0295393],[121.5214389,25.0283787],[121.5215993,25.0281611],[121.5216956,25.0280305],[121.5217186,25.0279988],[121.5222445,25.027278],[121.5222512,25.0272692],[121.52236,25.0271264]]}},{"type":"Feature","properties":{"highway":"primary","name":"羅斯福路公車專用道","osm_id":1102939843},"geometry":{"type":"LineString","coordinates":[[121.5224068,25.0271372],[121.5222919,25.0272919],[121.522285,25.0273013],[121.5217527,25.0280267],[121.5217331,25.0280553]]}},{"type":"Feature","properties":{"highway":"primary","name":"羅斯福路公車專用道","osm_id":1102939844},"geometry":{"type":"LineString","coordinates":[[121.5294088,25.019572],[121.5290971,25.0198798],[121.5290174,25.0199603],[121.5286957,25.0202886],[121.5279038,25.0209952],[121.5276795,25.0211745],[121.5276527,25.0211979],[121.5275766,25.0212541],[121.5267346,25.0219682],[121.5264626,25.0222082],[121.5264001,25.0222664],[121.5263355,25.022324],[121.5262898,25.0223721],[121.5261825,25.0224675],[121.5255153,25.0230314],[121.5253245,25.0232373],[121.5251476,25.0235028],[121.524803,25.0239594],[121.5247067,25.0240873],[121.5246268,25.0241932]]}},{"type":"Feature","properties":{"highway":"primary","name":"羅斯福路公車專用道","osm_id":1102939845},"geometry":{"type":"LineString","coordinates":[[121.5224496,25.0270136],[121.5225156,25.0269246],[121.5225273,25.0269088],[121.5233805,25.0257568],[121.5244371,25.02435],[121.5244812,25.0242913],[121.5246556,25.0240568],[121.5250937,25.0234679],[121.5254744,25.0230235],[121.5257762,25.0227506],[121.5261584,25.0224401],[121.5262645,25.0223445],[121.5263085,25.0222981],[121.5263691,25.0222342],[121.5275511,25.0212298],[121.5276351,25.0211543],[121.527718,25.0210844]]}},{"type":"Feature","properties":{"highway":"secondary","name":"中正橋","osm_id":1103367104},"geometry":{"type":"LineString","coordinates":[[121.5167842,25.0229662],[121.5167445,25.0226887],[121.516693,25.0225086]]}},{"type":"Feature","properties":{"highway":"secondary","name":"中正橋","osm_id":1103367107},"geometry":{"type":"LineString","coordinates":[[121.516738,25.0223354],[121.5167771,25.0224211],[121.5168093,25.0224869],[121.5168451,25.0226274]]}},{"type":"Feature","properties":{"highway":"trunk","name":"新北環河快速道路","osm_id":1103487993},"geometry":{"type":"LineString","coordinates":[[121.5165988,25.0179809],[121.5164921,25.0180021],[121.5159637,25.0181042],[121.5156338,25.0181407],[121.5153683,25.0181747]]}},{"type":"Feature","properties":{"highway":"primary","name":"羅斯福路二段","osm_id":1104395412},"geometry":{"type":"LineString","coordinates":[[121.5247229,25.024165],[121.524687,25.0242135],[121.5245828,25.0243541]]}},{"type":"Feature","properties":{"highway":"primary","name":"羅斯福路公車專用道","osm_id":1104395413},"geometry":{"type":"LineString","coordinates":[[121.5246268,25.0241932],[121.5245301,25.0243215],[121.5234322,25.0257783],[121.5227312,25.0267055],[121.5226744,25.0267823],[121.5225926,25.0268922],[121.5225791,25.0269103],[121.5225061,25.0270083]]}},{"type":"Feature","properties":{"highway":"primary_link","name":"","osm_id":1104395414},"geometry":{"type":"LineString","coordinates":[[121.5246268,25.0241932],[121.5245828,25.0243541]]}},{"type":"Feature","properties":{"highway":"primary","name":"羅斯福路一段","osm_id":1104395415},"geometry":{"type":"LineString","coordinates":[[121.5204984,25.0298039],[121.5204576,25.0298603]]}},{"type":"Feature","properties":{"highway":"primary_link","name":"","osm_id":1104395416},"geometry":{"type":"LineString","coordinates":[[121.5327708,25.0163548],[121.5326281,25.0164138]]}},{"type":"Feature","properties":{"highway":"primary","name":"羅斯福路大客車專用道","osm_id":1104395417},"geometry":{"type":"LineString","coordinates":[[121.5340159,25.0150884],[121.5338878,25.0151996],[121.5329416,25.016102],[121.532888,25.0161569],[121.532726,25.0163178],[121.5326281,25.0164138]]}},{"type":"Feature","properties":{"highway":"secondary","name":"光復南路","osm_id":1125954415},"geometry":{"type":"LineString","coordinates":[[121.5576886,25.0451059],[121.5576844,25.0449905]]}},{"type":"Feature","properties":{"highway":"tertiary_link","name":"","osm_id":1125954416},"geometry":{"type":"LineString","coordinates":[[121.5576886,25.0451059],[121.5578214,25.0451338]]}},{"type":"Feature","properties":{"highway":"secondary","name":"光復南路","osm_id":1125954417},"geometry":{"type":"LineString","coordinates":[[121.557824,25.0450423],[121.5578214,25.0451338]]}},{"type":"Feature","properties":{"highway":"tertiary","name":"市民大道四段","osm_id":1125954418},"geometry":{"type":"LineString","coordinates":[[121.5576844,25.0449905],[121.557824,25.0450423]]}},{"type":"Feature","properties":{"highway":"secondary","name":"光復南路","osm_id":1125954419},"geometry":{"type":"LineString","coordinates":[[121.5576921,25.0452085],[121.5576886,25.0451059]]}},{"type":"Feature","properties":{"highway":"tertiary","name":"市民大道四段","osm_id":1125954420},"geometry":{"type":"LineString","coordinates":[[121.5576921,25.0452085],[121.5576153,25.0451925]]}},{"type":"Feature","properties":{"highway":"tertiary","name":"市民大道四段","osm_id":1125954421},"geometry":{"type":"LineString","coordinates":[[121.5576153,25.0451925],[121.5575668,25.0451815],[121.5570672,25.0450908],[121.556673,25.0450138],[121.5561505,25.0449135],[121.5551475,25.0447107],[121.5547506,25.0446476],[121.5543799,25.0445959],[121.554273,25.044583],[121.5537795,25.0445125],[121.5532982,25.0445008],[121.5531256,25.0445115],[121.5529144,25.0445186],[121.5524412,25.0445553],[121.5519827,25.0446006],[121.5510059,25.044725],[121.5509178,25.0447359],[121.5507087,25.0447571],[121.5505799,25.0447751],[121.5500679,25.0448362],[121.5498726,25.0448581],[121.5496721,25.0448759],[121.5493403,25.0449118],[121.5492802,25.0449183],[121.5492263,25.0449241],[121.5491411,25.044937]]}},{"type":"Feature","properties":{"highway":"secondary","name":"光復南路","osm_id":1125954422},"geometry":{"type":"LineString","coordinates":[[121.5578168,25.0452444],[121.5578158,25.0452874],[121.5578268,25.0457047],[121.5578368,25.0461701],[121.5578473,25.0466576],[121.5578495,25.0467587],[121.5578578,25.0471474],[121.5578683,25.0476374],[121.5578763,25.0480101],[121.557877,25.0480394],[121.557878,25.0480874],[121.5578747,25.0481941]]}},{"type":"Feature","properties":{"highway":"secondary","name":"光復南路","osm_id":1125954423},"geometry":{"type":"LineString","coordinates":[[121.557825,25.0449939],[121.557824,25.0450423]]}},{"type":"Feature","properties":{"highway":"tertiary_link","name":"","osm_id":1126120637},"geometry":{"type":"LineString","coordinates":[[121.5578214,25.0451338],[121.5578796,25.0451464],[121.5579773,25.0451709]]}},{"type":"Feature","properties":{"highway":"tertiary","name":"市民大道五段","osm_id":1126120638},"geometry":{"type":"LineString","coordinates":[[121.5579773,25.0451709],[121.5583716,25.0452952],[121.5586733,25.0454044],[121.5589219,25.0454936],[121.5594331,25.0457134],[121.5596847,25.0458222],[121.5597462,25.0458488],[121.5599466,25.045932],[121.5600014,25.0459552]]}},{"type":"Feature","properties":{"highway":"tertiary_link","name":"","osm_id":1130601786},"geometry":{"type":"LineString","coordinates":[[121.526514,25.0068957],[121.5265036,25.0069431],[121.5263066,25.0073963]]}},{"type":"Feature","properties":{"highway":"tertiary_link","name":"","osm_id":1130601787},"geometry":{"type":"LineString","coordinates":[[121.5242741,25.0104357],[121.5241952,25.0105268]]}},{"type":"Feature","properties":{"highway":"tertiary","name":"永福橋","osm_id":1130601788},"geometry":{"type":"LineString","coordinates":[[121.5261387,25.0096575],[121.5276171,25.0110816]]}},{"type":"Feature","properties":{"highway":"tertiary","name":"永福橋","osm_id":1130601789},"geometry":{"type":"LineString","coordinates":[[121.5279563,25.0114083],[121.5281945,25.0116527]]}},{"type":"Feature","properties":{"highway":"tertiary","name":"永福橋","osm_id":1130601790},"geometry":{"type":"LineString","coordinates":[[121.5259367,25.0094536],[121.5261387,25.0096575]]}},{"type":"Feature","properties":{"highway":"tertiary","name":"建國南路二段","osm_id":1130909483},"geometry":{"type":"LineString","coordinates":[[121.5375509,25.0322832],[121.5375522,25.0322044],[121.5375464,25.031839],[121.5375406,25.0314777],[121.537536,25.0310924],[121.5375205,25.0306653]]}},{"type":"Feature","properties":{"highway":"trunk_link","name":"長安東路入口匝道","osm_id":1132431141},"geometry":{"type":"LineString","coordinates":[[121.5306428,25.0471275],[121.530697,25.0470704],[121.5307265,25.0470364],[121.5307582,25.0469933],[121.5307924,25.0469356],[121.5308127,25.0468827],[121.5308288,25.0468274],[121.5308388,25.0467539],[121.5308413,25.046664]]}},{"type":"Feature","properties":{"highway":"trunk_link","name":"長安東路出口匝道","osm_id":1132431808},"geometry":{"type":"LineString","coordinates":[[121.5308842,25.0464253],[121.5309267,25.0465133],[121.5309649,25.0466051],[121.5309978,25.046698]]}},{"type":"Feature","properties":{"highway":"trunk_link","name":"八德路出口匝道","osm_id":1132433052},"geometry":{"type":"LineString","coordinates":[[121.5306665,25.0460846],[121.5305448,25.0458299]]}},{"type":"Feature","properties":{"highway":"trunk_link","name":"八德路入口匝道","osm_id":1132433053},"geometry":{"type":"LineString","coordinates":[[121.5307018,25.0456289],[121.5308122,25.0462036]]}},{"type":"Feature","properties":{"highway":"tertiary","name":"崇德街","osm_id":1133882681},"geometry":{"type":"LineString","coordinates":[[121.5555138,25.024139],[121.5557354,25.0240749],[121.55581,25.0240442]]}},{"type":"Feature","properties":{"highway":"secondary","name":"敦化南路一段","osm_id":1167314977},"geometry":{"type":"LineString","coordinates":[[121.5485116,25.0375134],[121.5486039,25.0373434]]}},{"type":"Feature","properties":{"highway":"trunk","name":"水源車行地下道","osm_id":1182831090},"geometry":{"type":"LineString","coordinates":[[121.516361,25.0225117],[121.5164441,25.0222232],[121.5165082,25.0220284],[121.5165623,25.0219287],[121.5166213,25.0218497],[121.5167031,25.0217634],[121.516797,25.0216869],[121.5168915,25.021626],[121.5170035,25.0215723]]}},{"type":"Feature","properties":{"highway":"secondary","name":"水源路","osm_id":1182831092},"geometry":{"type":"LineString","coordinates":[[121.5201657,25.0209174],[121.5189688,25.0211602],[121.5181809,25.0213395],[121.5176557,25.0214993],[121.5172249,25.0216348],[121.5170483,25.0216903]]}},{"type":"Feature","properties":{"highway":"secondary","name":"水源車行地下道","osm_id":1182831093},"geometry":{"type":"LineString","coordinates":[[121.5170483,25.0216903],[121.5169068,25.021766],[121.5168366,25.0218208],[121.5167635,25.0218935],[121.5166904,25.0219856],[121.5166388,25.0220769],[121.5165945,25.0221899],[121.5165461,25.0223481],[121.5164884,25.0225478]]}},{"type":"Feature","properties":{"highway":"trunk","name":"水源車行地下道","osm_id":1182831094},"geometry":{"type":"LineString","coordinates":[[121.5170299,25.0216432],[121.5169326,25.0216926],[121.5168392,25.0217541],[121.5167531,25.0218287],[121.5166776,25.0219105],[121.5166093,25.0220026],[121.5165674,25.0220887],[121.5165091,25.0222587],[121.5164279,25.0225311]]}},{"type":"Feature","properties":{"highway":"secondary_link","name":"","osm_id":1182954803},"geometry":{"type":"LineString","coordinates":[[121.5271615,25.0055165],[121.5271706,25.0055739],[121.527182,25.0056134],[121.5271944,25.0056455],[121.5272207,25.0057025],[121.5272481,25.0057427],[121.5273447,25.00584],[121.5278952,25.006224]]}},{"type":"Feature","properties":{"highway":"secondary","name":"基隆路四段","osm_id":1182954806},"geometry":{"type":"LineString","coordinates":[[121.5361574,25.0110295],[121.5359467,25.0109817],[121.5357578,25.0109091],[121.5354925,25.0107709],[121.5352534,25.01064]]}},{"type":"Feature","properties":{"highway":"trunk","name":"基隆路高架道路","osm_id":1182954807},"geometry":{"type":"LineString","coordinates":[[121.5352778,25.0106073],[121.5351784,25.0105463],[121.5348921,25.010367],[121.5346279,25.0101908],[121.5342076,25.0098992],[121.5340908,25.0098553]]}},{"type":"Feature","properties":{"highway":"secondary","name":"基隆路四段","osm_id":1182954808},"geometry":{"type":"LineString","coordinates":[[121.5353483,25.0105126],[121.5357586,25.0107467],[121.5359938,25.0108483],[121.5362231,25.0109121]]}},{"type":"Feature","properties":{"highway":"trunk_link","name":"師大路入口匝道","osm_id":1226878862},"geometry":{"type":"LineString","coordinates":[[121.5225488,25.0204341],[121.5224843,25.0204119],[121.5224458,25.0204024],[121.5223943,25.0203949]]}},{"type":"Feature","properties":{"highway":"secondary","name":"水源路","osm_id":1226878863},"geometry":{"type":"LineString","coordinates":[[121.5227371,25.0203036],[121.5226849,25.0203881],[121.5226417,25.0204579]]}},{"type":"Feature","properties":{"highway":"tertiary","name":"林森路","osm_id":1238508190},"geometry":{"type":"LineString","coordinates":[[121.5229006,25.0032458],[121.522923,25.0033158]]}},{"type":"Feature","properties":{"highway":"tertiary","name":"林森路","osm_id":1238508191},"geometry":{"type":"LineString","coordinates":[[121.5229636,25.0034581],[121.522923,25.0033158]]}},{"type":"Feature","properties":{"highway":"secondary","name":"汀州路三段","osm_id":1239061781},"geometry":{"type":"LineString","coordinates":[[121.5262204,25.0199863],[121.5259703,25.0203344],[121.5258634,25.0204811],[121.5258583,25.0204906],[121.5257993,25.0205708],[121.5256818,25.0207337]]}},{"type":"Feature","properties":{"highway":"tertiary","name":"渭水路","osm_id":1239087512},"geometry":{"type":"LineString","coordinates":[[121.5329999,25.045756],[121.5331147,25.045729]]}},{"type":"Feature","properties":{"highway":"tertiary","name":"渭水路","osm_id":1239087513},"geometry":{"type":"LineString","coordinates":[[121.5331152,25.0457752],[121.5329813,25.045846]]}},{"type":"Feature","properties":{"highway":"tertiary","name":"渭水路","osm_id":1239087514},"geometry":{"type":"LineString","coordinates":[[121.5331147,25.045729],[121.5332086,25.0457163],[121.5335965,25.045704]]}},{"type":"Feature","properties":{"highway":"secondary","name":"中正橋","osm_id":1263032335},"geometry":{"type":"LineString","coordinates":[[121.5158352,25.021175],[121.5159029,25.0213031],[121.5159908,25.021415],[121.5160838,25.0215495],[121.5162001,25.0216838],[121.5165605,25.0220644],[121.5166892,25.0222382],[121.516738,25.0223354]]}},{"type":"Feature","properties":{"highway":"trunk","name":"市民大道高架道路","osm_id":1272677946},"geometry":{"type":"LineString","coordinates":[[121.5673673,25.0461248],[121.5672716,25.0460131],[121.5671697,25.0459217],[121.5670626,25.0458252],[121.5669846,25.0457619],[121.5668911,25.0456959],[121.5667909,25.0456374],[121.5665966,25.0455487],[121.5650691,25.0449794],[121.5649339,25.0449376],[121.5647476,25.0448925],[121.5645688,25.0448443],[121.5644347,25.0448339],[121.5643006,25.0448346],[121.5640002,25.044854],[121.5637059,25.0448985],[121.5633641,25.044958]]}},{"type":"Feature","properties":{"highway":"trunk","name":"麥帥二橋","osm_id":1272677947},"geometry":{"type":"LineString","coordinates":[[121.5701228,25.052607],[121.5702568,25.0517997],[121.5702786,25.0515761],[121.5702725,25.051316],[121.5702346,25.0511038],[121.5701701,25.0508854],[121.5700494,25.050623],[121.5698442,25.0502707],[121.5697248,25.0499802]]}},{"type":"Feature","properties":{"highway":"trunk","name":"市民大道高架道路","osm_id":1272682373},"geometry":{"type":"LineString","coordinates":[[121.5630867,25.0449198],[121.5632452,25.0448919],[121.5635832,25.044836],[121.5639144,25.0447874],[121.5642551,25.0447533],[121.5646086,25.0447481],[121.5647739,25.0447474],[121.564843,25.0447543],[121.5649206,25.0447717],[121.5649829,25.0447894],[121.5650487,25.044812],[121.5665807,25.0453606]]}},{"type":"Feature","properties":{"highway":"trunk","name":"市民大道高架道路","osm_id":1272682374},"geometry":{"type":"LineString","coordinates":[[121.545346,25.044987],[121.5457865,25.0450302],[121.5459625,25.045045],[121.5461815,25.0450539],[121.5463863,25.0450572],[121.5466053,25.0450509],[121.5469694,25.0450326],[121.5478893,25.0449366],[121.5498447,25.0447093],[121.551364,25.0445147]]}},{"type":"Feature","properties":{"highway":"primary","name":"中山南路","osm_id":1273622048},"geometry":{"type":"LineString","coordinates":[[121.5177339,25.0392497],[121.5178434,25.0393842]]}},{"type":"Feature","properties":{"highway":"primary","name":"羅斯福路四段","osm_id":1276692364},"geometry":{"type":"LineString","coordinates":[[121.5370427,25.0110566],[121.5370544,25.0110077]]}},{"type":"Feature","properties":{"highway":"secondary","name":"基隆路四段","osm_id":1276692365},"geometry":{"type":"LineString","coordinates":[[121.5370544,25.0110077],[121.5371228,25.0110308],[121.5371642,25.0110517]]}},{"type":"Feature","properties":{"highway":"primary","name":"羅斯福路四段","osm_id":1276692366},"geometry":{"type":"LineString","coordinates":[[121.5372316,25.0110993],[121.5371612,25.011331]]}},{"type":"Feature","properties":{"highway":"secondary","name":"基隆路四段","osm_id":1276692368},"geometry":{"type":"LineString","coordinates":[[121.5371612,25.011331],[121.5370827,25.0112831]]}},{"type":"Feature","properties":{"highway":"secondary","name":"辛亥路四段","osm_id":1285589533},"geometry":{"type":"LineString","coordinates":[[121.5586098,25.0074195],[121.5586001,25.0073255],[121.5585724,25.0070648],[121.5585576,25.0069115],[121.558544,25.006793],[121.5585658,25.0067249]]}},{"type":"Feature","properties":{"highway":"tertiary","name":"市民大道五段","osm_id":1290438180},"geometry":{"type":"LineString","coordinates":[[121.5600014,25.0459552],[121.5604758,25.0461821],[121.5610082,25.0464202],[121.5613824,25.0465739],[121.561881,25.0467455]]}},{"type":"Feature","properties":{"highway":"tertiary","name":"市民大道五段","osm_id":1290438181},"geometry":{"type":"LineString","coordinates":[[121.561881,25.0467455],[121.5628572,25.0471831],[121.5629121,25.0472078],[121.5630342,25.0472442],[121.5631925,25.0472915],[121.5640397,25.0475901],[121.5643165,25.0476877],[121.5656259,25.0481449],[121.5656532,25.0481544],[121.5656989,25.0481704],[121.5657921,25.0482049]]}},{"type":"Feature","properties":{"highway":"trunk_link","name":"","osm_id":1290438184},"geometry":{"type":"LineString","coordinates":[[121.5604526,25.0462256],[121.5598717,25.0459625]]}},{"type":"Feature","properties":{"highway":"secondary","name":"基隆路一段","osm_id":1308944456},"geometry":{"type":"LineString","coordinates":[[121.5654353,25.0429991],[121.5647681,25.0418778],[121.5646725,25.0416977],[121.5645378,25.0414594],[121.5643902,25.0411963]]}},{"type":"Feature","properties":{"highway":"tertiary","name":"八德路二段","osm_id":1312616704},"geometry":{"type":"LineString","coordinates":[[121.5438654,25.0475633],[121.5440063,25.0475992],[121.5441454,25.0476335],[121.5442162,25.0476503],[121.5442633,25.0476615],[121.5449455,25.0478235],[121.5452472,25.0478953],[121.5455512,25.0479676],[121.545607,25.0479808],[121.5456968,25.0480022],[121.5458956,25.0480466]]}},{"type":"Feature","properties":{"highway":"secondary","name":"復興南路一段","osm_id":1312616705},"geometry":{"type":"LineString","coordinates":[[121.5438654,25.0475633],[121.5438611,25.047438],[121.5438537,25.0470794],[121.5438469,25.0468991],[121.5438351,25.0464469],[121.5438099,25.0455628],[121.5437968,25.0450231],[121.5437953,25.0449613]]}},{"type":"Feature","properties":{"highway":"secondary","name":"基隆路二段","osm_id":1314775744},"geometry":{"type":"LineString","coordinates":[[121.5559872,25.0273428],[121.5561774,25.0275102],[121.5563663,25.0276763],[121.5565068,25.0278173],[121.5566339,25.0280047],[121.5570406,25.0286668],[121.5573226,25.0291258],[121.5576258,25.029708],[121.5576717,25.0297961]]}},{"type":"Feature","properties":{"highway":"tertiary","name":"市民大道一段","osm_id":1317071635},"geometry":{"type":"LineString","coordinates":[[121.5178241,25.0484449],[121.518054,25.0484091]]}},{"type":"Feature","properties":{"highway":"secondary","name":"新生南路三段","osm_id":1320956808},"geometry":{"type":"LineString","coordinates":[[121.5333581,25.0173367],[121.5333179,25.017141],[121.5332963,25.0170397],[121.5332649,25.0169773]]}},{"type":"Feature","properties":{"highway":"secondary","name":"新生南路三段","osm_id":1320956809},"geometry":{"type":"LineString","coordinates":[[121.5333584,25.0168931],[121.5333896,25.016952],[121.5334095,25.0170055],[121.5334734,25.0173497],[121.5336075,25.018013],[121.5336824,25.018363]]}},{"type":"Feature","properties":{"highway":"secondary","name":"新生南路三段","osm_id":1320960186},"geometry":{"type":"LineString","coordinates":[[121.5335922,25.0184688],[121.5333581,25.0173367]]}},{"type":"Feature","properties":{"highway":"secondary","name":"和平東路一段","osm_id":1320960187},"geometry":{"type":"LineString","coordinates":[[121.528507,25.0265196],[121.5286081,25.026511],[121.5293141,25.0264509],[121.5298746,25.026413]]}},{"type":"Feature","properties":{"highway":"secondary","name":"新生南路三段","osm_id":1320961812},"geometry":{"type":"LineString","coordinates":[[121.5326143,25.0163082],[121.532699,25.0162954]]}},{"type":"Feature","properties":{"highway":"primary","name":"羅斯福路大客車專用道","osm_id":1320961813},"geometry":{"type":"LineString","coordinates":[[121.5326035,25.0163954],[121.532699,25.0162954]]}},{"type":"Feature","properties":{"highway":"secondary","name":"仁愛路一段","osm_id":1320961814},"geometry":{"type":"LineString","coordinates":[[121.5198208,25.039122],[121.5190884,25.0392148]]}},{"type":"Feature","properties":{"highway":"secondary","name":"仁愛路一段","osm_id":1320961815},"geometry":{"type":"LineString","coordinates":[[121.5216349,25.0388712],[121.5215502,25.0388865],[121.5205017,25.0390293],[121.5198208,25.039122]]}},{"type":"Feature","properties":{"highway":"tertiary","name":"杭州南路一段","osm_id":1320961817},"geometry":{"type":"LineString","coordinates":[[121.5252001,25.0383004],[121.5252094,25.0383327],[121.5252338,25.0384177],[121.5252504,25.0384725],[121.5253306,25.038751],[121.5253615,25.0388574],[121.5254063,25.0390235],[121.5254291,25.0390985],[121.5254891,25.0392957],[121.5255862,25.039549],[121.5256004,25.0395997],[121.5256483,25.0397664],[121.5257366,25.0400474],[121.525745,25.0400761],[121.5257785,25.0401911]]}},{"type":"Feature","properties":{"highway":"tertiary","name":"椰林大道","osm_id":1320961818},"geometry":{"type":"LineString","coordinates":[[121.5389761,25.0173191],[121.5385144,25.0173128],[121.5383153,25.0173101],[121.5381218,25.0173074],[121.5376416,25.0173008],[121.5370121,25.0172923],[121.5368494,25.01729],[121.5367699,25.0172889],[121.536691,25.0172879],[121.5366585,25.0172874]]}},{"type":"Feature","properties":{"highway":"secondary","name":"辛亥路二段","osm_id":1330349851},"geometry":{"type":"LineString","coordinates":[[121.5434174,25.0214977],[121.5432965,25.0215038]]}},{"type":"Feature","properties":{"highway":"secondary","name":"復興南路二段","osm_id":1330349852},"geometry":{"type":"LineString","coordinates":[[121.5432965,25.0215038],[121.5432933,25.021331]]}},{"type":"Feature","properties":{"highway":"secondary","name":"復興南路二段","osm_id":1330349854},"geometry":{"type":"LineString","coordinates":[[121.5433358,25.0236048],[121.5433343,25.0235259],[121.5433239,25.0229694]]}},{"type":"Feature","properties":{"highway":"tertiary","name":"市民大道三段","osm_id":1334904386},"geometry":{"type":"LineString","coordinates":[[121.5327766,25.0455758],[121.5326608,25.0456049],[121.531882,25.0458165],[121.5309151,25.0460838],[121.5308345,25.0461013]]}},{"type":"Feature","properties":{"highway":"secondary","name":"新生北路一段","osm_id":1334904387},"geometry":{"type":"LineString","coordinates":[[121.5327758,25.045485],[121.5327771,25.0453616]]}},{"type":"Feature","properties":{"highway":"tertiary_link","name":"市民大道三段","osm_id":1334904388},"geometry":{"type":"LineString","coordinates":[[121.5328876,25.0454524],[121.5329923,25.0454234]]}},{"type":"Feature","properties":{"highway":"tertiary","name":"市民大道三段","osm_id":1334904390},"geometry":{"type":"LineString","coordinates":[[121.5328894,25.0455443],[121.5327766,25.0455758]]}},{"type":"Feature","properties":{"highway":"tertiary","name":"八德路一段","osm_id":1334905223},"geometry":{"type":"LineString","coordinates":[[121.5298938,25.0436437],[121.5297872,25.0436187],[121.5297595,25.0436113],[121.5297025,25.0435977],[121.5292607,25.0434921],[121.5290033,25.0434305]]}},{"type":"Feature","properties":{"highway":"tertiary","name":"八德路一段","osm_id":1334905225},"geometry":{"type":"LineString","coordinates":[[121.530165,25.0437086],[121.5298938,25.0436437]]}},{"type":"Feature","properties":{"highway":"tertiary","name":"逸仙路","osm_id":1335104684},"geometry":{"type":"LineString","coordinates":[[121.5614341,25.0375703],[121.5614823,25.0376847],[121.5615113,25.0377536],[121.5615117,25.0377878],[121.5615152,25.0380499],[121.5615378,25.0390878],[121.5615402,25.0391995]]}},{"type":"Feature","properties":{"highway":"tertiary","name":"逸仙路","osm_id":1335104685},"geometry":{"type":"LineString","coordinates":[[121.5615828,25.04116],[121.5615858,25.041299]]}},{"type":"Feature","properties":{"highway":"tertiary","name":"逸仙路","osm_id":1335104686},"geometry":{"type":"LineString","coordinates":[[121.5615402,25.0391995],[121.5615426,25.0393124],[121.5615462,25.0394782],[121.5615467,25.0395013],[121.5615541,25.0398373],[121.5615627,25.0402351],[121.5615717,25.0406505],[121.5615806,25.0410577],[121.5615828,25.04116]]}},{"type":"Feature","properties":{"highway":"tertiary","name":"松高路","osm_id":1335106720},"geometry":{"type":"LineString","coordinates":[[121.5685218,25.0390749],[121.5686067,25.0390744],[121.5686332,25.0390726],[121.5693722,25.0390597],[121.5697404,25.0390531],[121.5698085,25.0390519],[121.5698839,25.0390506],[121.570849,25.0390334],[121.5717632,25.0390171],[121.5718653,25.0390152]]}},{"type":"Feature","properties":{"highway":"tertiary","name":"松高路","osm_id":1335106721},"geometry":{"type":"LineString","coordinates":[[121.5660984,25.0391181],[121.5664686,25.0391115]]}},{"type":"Feature","properties":{"highway":"tertiary","name":"松高路","osm_id":1335106722},"geometry":{"type":"LineString","coordinates":[[121.5683583,25.0390778],[121.5685218,25.0390749]]}},{"type":"Feature","properties":{"highway":"tertiary","name":"松高路","osm_id":1335106723},"geometry":{"type":"LineString","coordinates":[[121.5655608,25.0391067],[121.565699,25.0391266],[121.5658176,25.0391232],[121.5660984,25.0391181]]}},{"type":"Feature","properties":{"highway":"tertiary","name":"松高路","osm_id":1335106725},"geometry":{"type":"LineString","coordinates":[[121.5636125,25.0391447],[121.5638196,25.0391396],[121.5641001,25.039134],[121.5645148,25.039129],[121.5646148,25.0391276],[121.5650897,25.0391155],[121.5654211,25.0391124],[121.5655608,25.0391067]]}},{"type":"Feature","properties":{"highway":"tertiary","name":"松高路","osm_id":1335106727},"geometry":{"type":"LineString","coordinates":[[121.5615402,25.0391995],[121.5616247,25.0391928],[121.5624523,25.0391845],[121.5625327,25.0391818],[121.5625658,25.0391812],[121.5626579,25.0391782],[121.5628034,25.0391769],[121.5634312,25.0391524],[121.5636125,25.0391447]]}},{"type":"Feature","properties":{"highway":"tertiary","name":"松壽路","osm_id":1335559362},"geometry":{"type":"LineString","coordinates":[[121.5683099,25.0358305],[121.5683673,25.0358289],[121.5684456,25.0358278]]}},{"type":"Feature","properties":{"highway":"tertiary","name":"松壽路","osm_id":1335559363},"geometry":{"type":"LineString","coordinates":[[121.567571,25.0358321],[121.5678981,25.0358262],[121.5682108,25.0358339],[121.5683099,25.0358305]]}},{"type":"Feature","properties":{"highway":"tertiary","name":"松壽路","osm_id":1335559364},"geometry":{"type":"LineString","coordinates":[[121.5654443,25.035877],[121.565577,25.0358708],[121.5655995,25.0358706],[121.5657457,25.0358653],[121.5663989,25.0358534],[121.5666275,25.0358493],[121.5669154,25.0358441],[121.56697,25.035843],[121.5672115,25.0358387],[121.567571,25.0358321]]}},{"type":"Feature","properties":{"highway":"tertiary","name":"松智路","osm_id":1335559365},"geometry":{"type":"LineString","coordinates":[[121.5654443,25.035877],[121.5654537,25.0360001],[121.5654874,25.0370553],[121.5654978,25.0375078],[121.5655044,25.0378973],[121.5655046,25.0379048],[121.5655264,25.0389904],[121.5655608,25.0391067]]}},{"type":"Feature","properties":{"highway":"tertiary","name":"松智路","osm_id":1335559366},"geometry":{"type":"LineString","coordinates":[[121.5654166,25.032958],[121.5654185,25.0330768],[121.5654192,25.0331228],[121.5654326,25.0339542],[121.5654285,25.0340131]]}},{"type":"Feature","properties":{"highway":"tertiary","name":"松智路","osm_id":1335559367},"geometry":{"type":"LineString","coordinates":[[121.5654148,25.0328457],[121.5654166,25.032958]]}},{"type":"Feature","properties":{"highway":"tertiary","name":"松智路","osm_id":1335559368},"geometry":{"type":"LineString","coordinates":[[121.5654285,25.0340131],[121.5654348,25.0340881],[121.5654428,25.0345896],[121.5654485,25.035744],[121.5654443,25.035877]]}},{"type":"Feature","properties":{"highway":"tertiary","name":"松壽路","osm_id":1335559369},"geometry":{"type":"LineString","coordinates":[[121.5635646,25.0358947],[121.5637983,25.0359015],[121.5640057,25.0358969],[121.5650045,25.0358787],[121.5653123,25.0358733],[121.5654443,25.035877]]}},{"type":"Feature","properties":{"highway":"secondary","name":"松壽路","osm_id":1335559370},"geometry":{"type":"LineString","coordinates":[[121.5615056,25.0359423],[121.5619558,25.0359342]]}},{"type":"Feature","properties":{"highway":"secondary","name":"市府路","osm_id":1335559371},"geometry":{"type":"LineString","coordinates":[[121.5635786,25.037522],[121.5635822,25.0376979],[121.5635833,25.0377537],[121.563584,25.0377886],[121.5636088,25.0390162],[121.5636125,25.0391447]]}},{"type":"Feature","properties":{"highway":"secondary","name":"市府路","osm_id":1335559372},"geometry":{"type":"LineString","coordinates":[[121.5635646,25.0358947],[121.5635613,25.0360392],[121.5635734,25.0372648],[121.5635743,25.0373082],[121.5635768,25.037361],[121.5635786,25.037522]]}},{"type":"Feature","properties":{"highway":"tertiary","name":"信義一號道路","osm_id":1335559374},"geometry":{"type":"LineString","coordinates":[[121.5619558,25.0359342],[121.5619678,25.0365366],[121.5619865,25.0373535]]}},{"type":"Feature","properties":{"highway":"secondary","name":"松壽路","osm_id":1335559375},"geometry":{"type":"LineString","coordinates":[[121.5619558,25.0359342],[121.562093,25.0359325],[121.5621382,25.0359316],[121.562354,25.0359269],[121.5629137,25.0359167],[121.5630144,25.0359149],[121.5631183,25.035913],[121.5631382,25.0359126],[121.5633823,25.0359072],[121.5635646,25.0358947]]}},{"type":"Feature","properties":{"highway":"tertiary","name":"莊敬路","osm_id":1336525614},"geometry":{"type":"LineString","coordinates":[[121.5613767,25.0329441],[121.561369,25.0328496],[121.5613674,25.03273],[121.5613578,25.0325184],[121.5613565,25.0321509],[121.5613553,25.0320859]]}},{"type":"Feature","properties":{"highway":"secondary_link","name":"","osm_id":1337801729},"geometry":{"type":"LineString","coordinates":[[121.5225061,25.0270083],[121.5225652,25.0270028]]}},{"type":"Feature","properties":{"highway":"secondary_link","name":"","osm_id":1337801730},"geometry":{"type":"LineString","coordinates":[[121.5224068,25.0271372],[121.52236,25.0271264]]}},{"type":"Feature","properties":{"highway":"tertiary","name":"林森北路","osm_id":1347363384},"geometry":{"type":"LineString","coordinates":[[121.5241783,25.04772],[121.5242318,25.0479124]]}},{"type":"Feature","properties":{"highway":"primary","name":"羅斯福路二段","osm_id":1351656534},"geometry":{"type":"LineString","coordinates":[[121.5217795,25.028084],[121.5216774,25.0282106]]}},{"type":"Feature","properties":{"highway":"primary","name":"羅斯福路公車專用道","osm_id":1351656536},"geometry":{"type":"LineString","coordinates":[[121.5217331,25.0280553],[121.5216371,25.0281851]]}},{"type":"Feature","properties":{"highway":"tertiary","name":"杭州南路二段","osm_id":1351656537},"geometry":{"type":"LineString","coordinates":[[121.5216371,25.0281851],[121.5216774,25.0282106]]}},{"type":"Feature","properties":{"highway":"primary","name":"羅斯福路公車專用道","osm_id":1351656538},"geometry":{"type":"LineString","coordinates":[[121.5216371,25.0281851],[121.5214769,25.0284019],[121.5206926,25.0294261],[121.5206056,25.0295551],[121.5204551,25.0297661],[121.5204379,25.0298112],[121.520422,25.0298529],[121.5203693,25.0299912]]}},{"type":"Feature","properties":{"highway":"secondary","name":"辛亥路四段","osm_id":1356745461},"geometry":{"type":"LineString","coordinates":[[121.5571412,25.0098915],[121.5572327,25.0098003],[121.5573335,25.0097143],[121.55744,25.0096405],[121.5577361,25.0094184],[121.5579645,25.0091963],[121.5581381,25.0089266],[121.5584741,25.0084207],[121.5585114,25.0083245],[121.5585801,25.0081026],[121.5586184,25.0078762],[121.5586253,25.0076773],[121.5586155,25.0075136],[121.5586098,25.0074195]]}},{"type":"Feature","properties":{"highway":"secondary","name":"辛亥路四段","osm_id":1356745462},"geometry":{"type":"LineString","coordinates":[[121.5576363,25.009798],[121.5574595,25.0099845],[121.5573834,25.0100705]]}},{"type":"Feature","properties":{"highway":"tertiary","name":"萬美街二段","osm_id":1356745468},"geometry":{"type":"LineString","coordinates":[[121.5599622,25.005666],[121.5598686,25.0056869],[121.5598288,25.0056925],[121.5594238,25.0057194],[121.5591374,25.0057384],[121.5588954,25.0057544],[121.5588487,25.0057576],[121.5587898,25.0057662],[121.558713,25.0057855],[121.5586456,25.0058112],[121.5585809,25.0058438],[121.5584181,25.0059367],[121.5582415,25.0060375],[121.5581867,25.0060688],[121.5581016,25.0061174]]}},{"type":"Feature","properties":{"highway":"secondary","name":"辛亥路二段","osm_id":1375623372},"geometry":{"type":"LineString","coordinates":[[121.5432911,25.0212153],[121.5434068,25.0210372]]}},{"type":"Feature","properties":{"highway":"secondary","name":"辛亥路三段","osm_id":1375623373},"geometry":{"type":"LineString","coordinates":[[121.5434068,25.0210372],[121.5434646,25.0210374],[121.5436538,25.0210268],[121.5438626,25.0209993],[121.5440903,25.0209475],[121.5442787,25.0208883],[121.5444483,25.0208296]]}},{"type":"Feature","properties":{"highway":"secondary","name":"復興南路二段","osm_id":1375623374},"geometry":{"type":"LineString","coordinates":[[121.5434135,25.0213272],[121.5434174,25.0214977]]}},{"type":"Feature","properties":{"highway":"secondary","name":"復興南路二段","osm_id":1375623375},"geometry":{"type":"LineString","coordinates":[[121.5434109,25.0212164],[121.5434135,25.0213272]]}},{"type":"Feature","properties":{"highway":"secondary","name":"復興南路二段","osm_id":1375623376},"geometry":{"type":"LineString","coordinates":[[121.5432933,25.021331],[121.5432911,25.0212153]]}},{"type":"Feature","properties":{"highway":"secondary","name":"辛亥路二段","osm_id":1375623377},"geometry":{"type":"LineString","coordinates":[[121.5432933,25.021331],[121.5432026,25.0213339],[121.5411662,25.0213982],[121.5397013,25.0214429],[121.5394495,25.0214591],[121.5392023,25.0215053],[121.5389532,25.0215928],[121.5387453,25.0216961],[121.5383788,25.0219116]]}},{"type":"Feature","properties":{"highway":"secondary","name":"基隆路車行地下道","osm_id":1376754805},"geometry":{"type":"LineString","coordinates":[[121.5657929,25.0435296],[121.5656527,25.0432118],[121.565356,25.0427079]]}},{"type":"Feature","properties":{"highway":"tertiary","name":"松隆路","osm_id":1376756439},"geometry":{"type":"LineString","coordinates":[[121.5658923,25.0434852],[121.5657929,25.0435296]]}},{"type":"Feature","properties":{"highway":"secondary","name":"基隆路車行地下道","osm_id":1376756440},"geometry":{"type":"LineString","coordinates":[[121.5658325,25.0433812],[121.5658923,25.0434852]]}},{"type":"Feature","properties":{"highway":"tertiary","name":"松隆路","osm_id":1376756441},"geometry":{"type":"LineString","coordinates":[[121.5658325,25.0433812],[121.5658952,25.0433495]]}},{"type":"Feature","properties":{"highway":"secondary","name":"基隆路一段","osm_id":1376756442},"geometry":{"type":"LineString","coordinates":[[121.5658952,25.0433495],[121.565958,25.0434582]]}},{"type":"Feature","properties":{"highway":"tertiary","name":"松隆路","osm_id":1376756443},"geometry":{"type":"LineString","coordinates":[[121.5658952,25.0433495],[121.5660686,25.0433104],[121.5665001,25.0432674],[121.5666765,25.0432625],[121.5668125,25.0432695],[121.5669467,25.0432905],[121.5671015,25.0433328],[121.5671965,25.043371],[121.5673094,25.043428],[121.567375,25.0434651],[121.5676014,25.0436056],[121.5676786,25.0436595],[121.5687342,25.0443184],[121.5688072,25.0443696],[121.5690253,25.0445088],[121.569088,25.0445499],[121.5693901,25.0447643],[121.569547,25.0448901],[121.5700979,25.0453452],[121.5702091,25.0454336],[121.5704427,25.0455958]]}},{"type":"Feature","properties":{"highway":"tertiary","name":"松隆路","osm_id":1376756446},"geometry":{"type":"LineString","coordinates":[[121.565958,25.0434582],[121.5658923,25.0434852]]}},{"type":"Feature","properties":{"highway":"secondary","name":"基隆路一段","osm_id":1376756447},"geometry":{"type":"LineString","coordinates":[[121.565958,25.0434582],[121.5660201,25.0435592]]}},{"type":"Feature","properties":{"highway":"secondary_link","name":"","osm_id":1376756448},"geometry":{"type":"LineString","coordinates":[[121.5658325,25.0433812],[121.565958,25.0434582]]}},{"type":"Feature","properties":{"highway":"tertiary","name":"八德路四段","osm_id":1377428794},"geometry":{"type":"LineString","coordinates":[[121.5673145,25.0491422],[121.5673689,25.0491471],[121.5674189,25.0491532],[121.5674758,25.0491601],[121.5686513,25.0493028],[121.5688789,25.0493304],[121.5689181,25.0493368],[121.5689665,25.0493415],[121.5692013,25.0493749]]}},{"type":"Feature","properties":{"highway":"tertiary","name":"八德路四段","osm_id":1377428795},"geometry":{"type":"LineString","coordinates":[[121.5671833,25.0491225],[121.5673145,25.0491422]]}},{"type":"Feature","properties":{"highway":"secondary","name":"和平東路二段","osm_id":1409390659},"geometry":{"type":"LineString","coordinates":[[121.5388731,25.0255692],[121.5387275,25.0255889],[121.5385644,25.025611],[121.5383505,25.0256401],[121.5380402,25.0256822],[121.5379191,25.0256986]]}},{"type":"Feature","properties":{"highway":"secondary","name":"辛亥路四段","osm_id":1413006463},"geometry":{"type":"LineString","coordinates":[[121.5563086,25.0036727],[121.556281,25.0036206],[121.5559652,25.0031209],[121.5559121,25.0030353],[121.5556648,25.002643]]}},{"type":"Feature","properties":{"highway":"secondary","name":"辛亥路四段","osm_id":1413006464},"geometry":{"type":"LineString","coordinates":[[121.5557319,25.0026129],[121.5563353,25.0035931],[121.5563568,25.0036289]]}},{"type":"Feature","properties":{"highway":"secondary","name":"環河東路一段","osm_id":1416228054},"geometry":{"type":"LineString","coordinates":[[121.5167053,25.0179597],[121.5165988,25.0179809]]}},{"type":"Feature","properties":{"highway":"primary","name":"中山南路","osm_id":1416292773},"geometry":{"type":"LineString","coordinates":[[121.5177788,25.0394046],[121.5177339,25.0392497]]}},{"type":"Feature","properties":{"highway":"primary","name":"東門圓環","osm_id":1416292774},"geometry":{"type":"LineString","coordinates":[[121.5177788,25.0394046],[121.5177115,25.0394156]]}},{"type":"Feature","properties":{"highway":"primary","name":"東門圓環","osm_id":1416292777},"geometry":{"type":"LineString","coordinates":[[121.5176829,25.0387884],[121.5177232,25.0387934],[121.5177621,25.038804]]}},{"type":"Feature","properties":{"highway":"primary","name":"東門圓環","osm_id":1416292778},"geometry":{"type":"LineString","coordinates":[[121.5178434,25.0393842],[121.5177788,25.0394046]]}},{"type":"Feature","properties":{"highway":"primary","name":"中山南路","osm_id":1416292779},"geometry":{"type":"LineString","coordinates":[[121.5178434,25.0393842],[121.5179147,25.0394639],[121.5179199,25.0394738],[121.5180514,25.0399223]]}},{"type":"Feature","properties":{"highway":"primary","name":"東門圓環","osm_id":1416292780},"geometry":{"type":"LineString","coordinates":[[121.5177115,25.0394156],[121.5176431,25.039417],[121.5175753,25.0394086],[121.5175099,25.0393907],[121.5174483,25.0393637],[121.5173921,25.0393284],[121.5173427,25.0392855],[121.5173013,25.0392361],[121.517269,25.0391815],[121.5172478,25.0391323]]}},{"type":"Feature","properties":{"highway":"primary","name":"中山南路","osm_id":1416292781},"geometry":{"type":"LineString","coordinates":[[121.5177115,25.0394156],[121.5177339,25.0392497]]}},{"type":"Feature","properties":{"highway":"primary","name":"東門圓環","osm_id":1416292785},"geometry":{"type":"LineString","coordinates":[[121.5172478,25.0391323],[121.5172344,25.039062],[121.5172329,25.0390001],[121.5172422,25.0389387],[121.5172619,25.0388793],[121.5172917,25.0388235],[121.5173307,25.0387726],[121.517378,25.0387279],[121.5174325,25.0386904],[121.5174513,25.0386849]]}},{"type":"Feature","properties":{"highway":"primary","name":"東門圓環","osm_id":1416292786},"geometry":{"type":"LineString","coordinates":[[121.5174175,25.0390823],[121.5174103,25.0390461],[121.5174095,25.0390092],[121.517415,25.0389727],[121.5174267,25.0389375],[121.5174444,25.0389043],[121.5174676,25.0388741],[121.5174957,25.0388475],[121.5175281,25.0388252]]}},{"type":"Feature","properties":{"highway":"secondary","name":"仁愛路一段","osm_id":1416292787},"geometry":{"type":"LineString","coordinates":[[121.5180445,25.0392218],[121.5178841,25.0391463]]}},{"type":"Feature","properties":{"highway":"primary","name":"東門圓環","osm_id":1416292788},"geometry":{"type":"LineString","coordinates":[[121.5180445,25.0392218],[121.5180055,25.0392727],[121.5179581,25.0393175]]}},{"type":"Feature","properties":{"highway":"secondary","name":"仁愛路一段","osm_id":1416292789},"geometry":{"type":"LineString","coordinates":[[121.5179581,25.0393175],[121.5178841,25.0391463]]}},{"type":"Feature","properties":{"highway":"primary","name":"東門圓環","osm_id":1416292790},"geometry":{"type":"LineString","coordinates":[[121.5179581,25.0393175],[121.5179037,25.0393549],[121.5178434,25.0393842]]}},{"type":"Feature","properties":{"highway":"primary","name":"東門圓環","osm_id":1416292791},"geometry":{"type":"LineString","coordinates":[[121.5178841,25.0391463],[121.5178514,25.039187],[121.5178081,25.0392201],[121.5177723,25.0392375],[121.5177339,25.0392497]]}},{"type":"Feature","properties":{"highway":"primary","name":"東門圓環","osm_id":1416292793},"geometry":{"type":"LineString","coordinates":[[121.518094,25.0391067],[121.5180742,25.039166],[121.5180445,25.0392218]]}},{"type":"Feature","properties":{"highway":"secondary","name":"仁愛路一段","osm_id":1416292794},"geometry":{"type":"LineString","coordinates":[[121.518094,25.0391067],[121.5178841,25.0391463]]}},{"type":"Feature","properties":{"highway":"primary","name":"東門圓環","osm_id":1416292795},"geometry":{"type":"LineString","coordinates":[[121.5176023,25.0387957],[121.5176829,25.0387884]]}},{"type":"Feature","properties":{"highway":"primary","name":"東門圓環","osm_id":1416292796},"geometry":{"type":"LineString","coordinates":[[121.5175281,25.0388252],[121.5176023,25.0387957]]}},{"type":"Feature","properties":{"highway":"primary","name":"中山南路","osm_id":1416292797},"geometry":{"type":"LineString","coordinates":[[121.5174513,25.0386849],[121.5173899,25.0385207],[121.5173611,25.038423],[121.5172692,25.0381045],[121.5172566,25.0380554],[121.5171773,25.0378087],[121.5170083,25.0371975],[121.5168661,25.0366883],[121.5168564,25.0366576],[121.516661,25.0360371],[121.5164531,25.0352819],[121.5164399,25.0351399],[121.5165292,25.0350345],[121.516757,25.0348301]]}},{"type":"Feature","properties":{"highway":"primary","name":"東門圓環","osm_id":1416292798},"geometry":{"type":"LineString","coordinates":[[121.5174513,25.0386849],[121.5174928,25.0386611],[121.5175573,25.0386407]]}},{"type":"Feature","properties":{"highway":"primary","name":"中山南路","osm_id":1416292799},"geometry":{"type":"LineString","coordinates":[[121.5175573,25.0386407],[121.5174848,25.0383918],[121.5174642,25.0383246],[121.5173886,25.038078],[121.5173754,25.0380303],[121.5165838,25.0352868],[121.5165746,25.0351397],[121.5166144,25.0350156],[121.516757,25.0348301]]}},{"type":"Feature","properties":{"highway":"primary","name":"東門圓環","osm_id":1416292800},"geometry":{"type":"LineString","coordinates":[[121.5175573,25.0386407],[121.5176247,25.0386297],[121.517693,25.0386284]]}},{"type":"Feature","properties":{"highway":"primary","name":"東門圓環","osm_id":1416292801},"geometry":{"type":"LineString","coordinates":[[121.5177621,25.038804],[121.5177987,25.03882],[121.5178321,25.038841],[121.5178614,25.0388665],[121.517886,25.0388958],[121.5179052,25.0389283],[121.5179186,25.0389631],[121.5179258,25.0389993],[121.5179267,25.0390361],[121.5179212,25.0390726],[121.5179094,25.0391079],[121.5178841,25.0391463]]}},{"type":"Feature","properties":{"highway":"secondary","name":"信義路一段","osm_id":1416292802},"geometry":{"type":"LineString","coordinates":[[121.5177621,25.038804],[121.5178263,25.0386547],[121.5180276,25.0385488],[121.5181098,25.0385088],[121.5189526,25.0380944],[121.5199669,25.0375979]]}},{"type":"Feature","properties":{"highway":"primary","name":"中山南路","osm_id":1416292803},"geometry":{"type":"LineString","coordinates":[[121.517693,25.0386284],[121.5176829,25.0387884]]}},{"type":"Feature","properties":{"highway":"primary","name":"東門圓環","osm_id":1416292804},"geometry":{"type":"LineString","coordinates":[[121.517693,25.0386284],[121.5177608,25.0386368]]}},{"type":"Feature","properties":{"highway":"secondary","name":"信義路一段","osm_id":1416292805},"geometry":{"type":"LineString","coordinates":[[121.5177608,25.0386368],[121.5178448,25.0385109],[121.5180546,25.0384092],[121.5182518,25.0383128],[121.5189794,25.0379541],[121.5190431,25.0379231],[121.5191148,25.0378882],[121.5200903,25.0374072],[121.5201645,25.0373711],[121.52023,25.0373392],[121.5208659,25.037032],[121.5210096,25.0369706],[121.5211136,25.0369205],[121.5225696,25.0361948],[121.5227105,25.0361246]]}},{"type":"Feature","properties":{"highway":"primary","name":"東門圓環","osm_id":1416292806},"geometry":{"type":"LineString","coordinates":[[121.5177608,25.0386368],[121.5178263,25.0386547],[121.5178879,25.0386816],[121.5179441,25.038717],[121.5179934,25.0387599],[121.5180348,25.0388092],[121.5180672,25.0388638],[121.5180897,25.0389223],[121.5181018,25.0389833],[121.5181033,25.0390453],[121.518094,25.0391067]]}},{"type":"Feature","properties":{"highway":"secondary","name":"光復南路","osm_id":1417641280},"geometry":{"type":"LineString","coordinates":[[121.5578921,25.0436875],[121.5578957,25.0438544],[121.5579526,25.0439709],[121.5579621,25.0444972],[121.5579133,25.0445905],[121.5579157,25.0448959],[121.5579151,25.0449968]]}},{"type":"Feature","properties":{"highway":"primary","name":"中山北路一段","osm_id":1420922746},"geometry":{"type":"LineString","coordinates":[[121.5196516,25.0460696],[121.5195751,25.0458909],[121.5195271,25.0457875]]}},{"type":"Feature","properties":{"highway":"secondary","name":"光復南路","osm_id":1421483241},"geometry":{"type":"LineString","coordinates":[[121.5575965,25.0354802],[121.5575979,25.0355414],[121.5576148,25.0361705],[121.5576197,25.0364002],[121.5576212,25.0365425],[121.557629,25.0368753],[121.5576362,25.0371861],[121.5576455,25.0374383],[121.5576453,25.0375829]]}},{"type":"Feature","properties":{"highway":"secondary","name":"光復南路","osm_id":1421483242},"geometry":{"type":"LineString","coordinates":[[121.5575201,25.0375127],[121.5575184,25.0374373],[121.557495,25.0364713],[121.5574949,25.0364022],[121.5574749,25.0355443],[121.5574711,25.0353849]]}},{"type":"Feature","properties":{"highway":"primary","name":"羅斯福路三段","osm_id":1423845028},"geometry":{"type":"LineString","coordinates":[[121.5329316,25.0161992],[121.5328653,25.0162632],[121.5327708,25.0163548]]}},{"type":"Feature","properties":{"highway":"primary","name":"羅斯福路一段","osm_id":1426803610},"geometry":{"type":"LineString","coordinates":[[121.5190337,25.0316039],[121.5190944,25.0315158]]}},{"type":"Feature","properties":{"highway":"primary","name":"羅斯福路一段","osm_id":1427292863},"geometry":{"type":"LineString","coordinates":[[121.5204576,25.0298603],[121.5203693,25.0299912]]}},{"type":"Feature","properties":{"highway":"secondary","name":"基隆路四段","osm_id":1429319539},"geometry":{"type":"LineString","coordinates":[[121.5364187,25.0109561],[121.536493,25.0109912],[121.5367271,25.0110442],[121.5368136,25.0110637],[121.5370147,25.0111518]]}},{"type":"Feature","properties":{"highway":"secondary","name":"基隆路四段","osm_id":1429319542},"geometry":{"type":"LineString","coordinates":[[121.5363949,25.010842],[121.5364831,25.0108589],[121.5367693,25.0109237],[121.5369107,25.0109593],[121.5370544,25.0110077]]}},{"type":"Feature","properties":{"highway":"primary","name":"羅斯福路大客車專用道","osm_id":1429534380},"geometry":{"type":"LineString","coordinates":[[121.5353483,25.0137455],[121.535695,25.0134264],[121.5358452,25.0132618],[121.5359005,25.0131922]]}},{"type":"Feature","properties":{"highway":"primary","name":"羅斯福路大客車專用道","osm_id":1429534381},"geometry":{"type":"LineString","coordinates":[[121.5359005,25.0131922],[121.5360074,25.0129568]]}},{"type":"Feature","properties":{"highway":"primary","name":"羅斯福路大客車專用道","osm_id":1429534382},"geometry":{"type":"LineString","coordinates":[[121.5359005,25.0131922],[121.5359591,25.0131183],[121.5363116,25.012634],[121.5365553,25.0122244],[121.5367095,25.0119478],[121.5369707,25.0114676],[121.5370504,25.0112668]]}},{"type":"Feature","properties":{"highway":"primary","name":"羅斯福路公車專用道","osm_id":1429534385},"geometry":{"type":"LineString","coordinates":[[121.5326281,25.0164138],[121.5324706,25.0165671],[121.5315322,25.0174806],[121.5305074,25.0184781],[121.5304242,25.0185591],[121.5298917,25.0190774],[121.5295148,25.0194375],[121.5294088,25.019572]]}},{"type":"Feature","properties":{"highway":"secondary","name":"辛亥路一段","osm_id":1429534386},"geometry":{"type":"LineString","coordinates":[[121.5294088,25.019572],[121.5294481,25.0196056]]}},{"type":"Feature","properties":{"highway":"primary","name":"羅斯福路大客車專用道","osm_id":1429534387},"geometry":{"type":"LineString","coordinates":[[121.5358254,25.0133494],[121.5356299,25.0135389],[121.5351883,25.0139383],[121.5351292,25.0139918],[121.534947,25.0142124],[121.5343492,25.0147807],[121.5340159,25.0150884]]}},{"type":"Feature","properties":{"highway":"primary","name":"羅斯福路大客車專用道","osm_id":1429534388},"geometry":{"type":"LineString","coordinates":[[121.5360836,25.0131385],[121.5358254,25.0133494]]}},{"type":"Feature","properties":{"highway":"tertiary","name":"汀州路三段","osm_id":1431158889},"geometry":{"type":"LineString","coordinates":[[121.5322937,25.0150667],[121.5325215,25.0149062]]}},{"type":"Feature","properties":{"highway":"tertiary","name":"永福橋","osm_id":1431158890},"geometry":{"type":"LineString","coordinates":[[121.5298332,25.0132354],[121.5299519,25.0133472],[121.5302026,25.0135011]]}},{"type":"Feature","properties":{"highway":"tertiary","name":"思源街","osm_id":1431158891},"geometry":{"type":"LineString","coordinates":[[121.5321041,25.0148798],[121.5322295,25.0150115],[121.5322937,25.0150667]]}},{"type":"Feature","properties":{"highway":"tertiary","name":"思源街","osm_id":1431158894},"geometry":{"type":"LineString","coordinates":[[121.5302026,25.0135011],[121.5303423,25.013555],[121.5309253,25.0139858],[121.5310057,25.0140339],[121.531412,25.0142759],[121.5316325,25.0144622],[121.5321041,25.0148798]]}},{"type":"Feature","properties":{"highway":"primary","name":"羅斯福路五段","osm_id":1431892675},"geometry":{"type":"LineString","coordinates":[[121.5381377,25.0079829],[121.5382229,25.0078599],[121.5383156,25.0077287]]}},{"type":"Feature","properties":{"highway":"secondary","name":"基隆路四段","osm_id":1433752786},"geometry":{"type":"LineString","coordinates":[[121.5372316,25.0110993],[121.5374164,25.0112518],[121.5375349,25.0113495],[121.5380693,25.0117817],[121.5385093,25.0121344]]}},{"type":"Feature","properties":{"highway":"secondary","name":"基隆路四段","osm_id":1433754129},"geometry":{"type":"LineString","coordinates":[[121.5370427,25.0110566],[121.5371111,25.0110721]]}},{"type":"Feature","properties":{"highway":"primary","name":"羅斯福路大客車專用道","osm_id":1433757805},"geometry":{"type":"LineString","coordinates":[[121.5371541,25.0110818],[121.5371023,25.0112328]]}},{"type":"Feature","properties":{"highway":"primary","name":"羅斯福路大客車專用道","osm_id":1433757806},"geometry":{"type":"LineString","coordinates":[[121.5371111,25.0110721],[121.5371228,25.0110308]]}},{"type":"Feature","properties":{"highway":"secondary","name":"基隆路四段","osm_id":1433757808},"geometry":{"type":"LineString","coordinates":[[121.5371541,25.0110818],[121.5372316,25.0110993]]}},{"type":"Feature","properties":{"highway":"secondary","name":"基隆路四段","osm_id":1433757809},"geometry":{"type":"LineString","coordinates":[[121.5371111,25.0110721],[121.5371541,25.0110818]]}},{"type":"Feature","properties":{"highway":"secondary","name":"基隆路四段","osm_id":1433757811},"geometry":{"type":"LineString","coordinates":[[121.5371642,25.0110517],[121.5372316,25.0110993]]}},{"type":"Feature","properties":{"highway":"secondary","name":"基隆路四段","osm_id":1433757812},"geometry":{"type":"LineString","coordinates":[[121.5370764,25.0111952],[121.5370927,25.0112151],[121.5371023,25.0112328]]}},{"type":"Feature","properties":{"highway":"primary","name":"羅斯福路大客車專用道","osm_id":1433757813},"geometry":{"type":"LineString","coordinates":[[121.5370504,25.0112668],[121.5370764,25.0111952]]}},{"type":"Feature","properties":{"highway":"primary","name":"羅斯福路四段","osm_id":1433757814},"geometry":{"type":"LineString","coordinates":[[121.5370147,25.0111518],[121.5370427,25.0110566]]}},{"type":"Feature","properties":{"highway":"secondary","name":"基隆路四段","osm_id":1433757815},"geometry":{"type":"LineString","coordinates":[[121.5370147,25.0111518],[121.5370764,25.0111952]]}},{"type":"Feature","properties":{"highway":"secondary","name":"基隆路四段","osm_id":1433788590},"geometry":{"type":"LineString","coordinates":[[121.5364187,25.0109561],[121.5365084,25.0109356],[121.5367466,25.0109896],[121.5370427,25.0110566]]}},{"type":"Feature","properties":{"highway":"secondary","name":"基隆路四段","osm_id":1433830547},"geometry":{"type":"LineString","coordinates":[[121.5370504,25.0112668],[121.536986,25.0112377]]}},{"type":"Feature","properties":{"highway":"secondary","name":"基隆路四段","osm_id":1433835433},"geometry":{"type":"LineString","coordinates":[[121.5370827,25.0112831],[121.5370504,25.0112668]]}},{"type":"Feature","properties":{"highway":"primary","name":"羅斯福路公車專用道","osm_id":1433849520},"geometry":{"type":"LineString","coordinates":[[121.527718,25.0210844],[121.5278659,25.0209598],[121.528156,25.0207084],[121.5286522,25.0202819],[121.5289928,25.0199394],[121.5290737,25.0198604],[121.5293829,25.0195499],[121.5294862,25.0194144],[121.5303918,25.0185343],[121.5315015,25.0174558],[121.5324491,25.016544],[121.5326035,25.0163954]]}},{"type":"Feature","properties":{"highway":"tertiary","name":"師大路","osm_id":1433849521},"geometry":{"type":"LineString","coordinates":[[121.527721,25.0209953],[121.5277201,25.021076],[121.527718,25.0210844]]}},{"type":"Feature","properties":{"highway":"tertiary_link","name":"椰林大道","osm_id":1434347874},"geometry":{"type":"LineString","coordinates":[[121.5338704,25.016844],[121.5339993,25.0169659],[121.534022,25.0169877],[121.5340333,25.0170395],[121.5340514,25.0171222]]}},{"type":"Feature","properties":{"highway":"tertiary_link","name":"椰林大道","osm_id":1434347875},"geometry":{"type":"LineString","coordinates":[[121.5340514,25.0171222],[121.5339601,25.0171021],[121.5339028,25.0170896],[121.5338451,25.017034],[121.5337558,25.0169482]]}},{"type":"Feature","properties":{"highway":"primary","name":"中山南路","osm_id":1434385931},"geometry":{"type":"LineString","coordinates":[[121.516757,25.0348301],[121.516755,25.0349733]]}},{"type":"Feature","properties":{"highway":"primary","name":"羅斯福路大客車專用道","osm_id":1434385932},"geometry":{"type":"LineString","coordinates":[[121.5371228,25.0110308],[121.5371721,25.0108045],[121.5372577,25.0103161],[121.5373103,25.0100776],[121.5373792,25.0098436]]}},{"type":"Feature","properties":{"highway":"primary","name":"羅斯福路大客車專用道","osm_id":1434385934},"geometry":{"type":"LineString","coordinates":[[121.5374113,25.0098769],[121.5373486,25.0100843],[121.5372963,25.0103212],[121.5372109,25.0108105],[121.5371642,25.0110517]]}},{"type":"Feature","properties":{"highway":"primary","name":"羅斯福路大客車專用道","osm_id":1434548002},"geometry":{"type":"LineString","coordinates":[[121.5371023,25.0112328],[121.5370827,25.0112831]]}},{"type":"Feature","properties":{"highway":"secondary","name":"基隆路四段","osm_id":1434548003},"geometry":{"type":"LineString","coordinates":[[121.5371023,25.0112328],[121.5371353,25.0112802],[121.5371612,25.011331]]}},{"type":"Feature","properties":{"highway":"secondary","name":"敦化南路一段","osm_id":1445960942},"geometry":{"type":"LineString","coordinates":[[121.5487998,25.0386756],[121.5487547,25.0385654],[121.5487124,25.0384687],[121.5486876,25.0384235],[121.5486616,25.0383762],[121.548596,25.0383139]]}},{"type":"Feature","properties":{"highway":"secondary","name":"敦化南路一段","osm_id":1445960944},"geometry":{"type":"LineString","coordinates":[[121.5491348,25.0382261],[121.5490095,25.0383784],[121.5489642,25.0384862],[121.5489116,25.0386123],[121.5488855,25.0386749]]}},{"type":"Feature","properties":{"highway":"primary","name":"忠孝東路四段","osm_id":1445960945},"geometry":{"type":"LineString","coordinates":[[121.5488759,25.0414575],[121.5491111,25.0414462]]}},{"type":"Feature","properties":{"highway":"secondary","name":"敦化南路一段","osm_id":1445960946},"geometry":{"type":"LineString","coordinates":[[121.5485972,25.0386475],[121.5485971,25.0384837],[121.5485967,25.0384147],[121.548596,25.0383139]]}},{"type":"Feature","properties":{"highway":"secondary","name":"仁愛敦南圓環","osm_id":1445960947},"geometry":{"type":"LineString","coordinates":[[121.5490714,25.0370777],[121.5491826,25.0371125],[121.5492878,25.0371603],[121.5493852,25.0372201],[121.5494732,25.0372909]]}},{"type":"Feature","properties":{"highway":"secondary","name":"敦化南路一段","osm_id":1445960948},"geometry":{"type":"LineString","coordinates":[[121.548596,25.0383139],[121.54852,25.0382201]]}},{"type":"Feature","properties":{"highway":"secondary","name":"敦化南路一段","osm_id":1445960949},"geometry":{"type":"LineString","coordinates":[[121.5488448,25.0387952],[121.5487998,25.0386756]]}},{"type":"Feature","properties":{"highway":"secondary","name":"仁愛敦南圓環","osm_id":1445960950},"geometry":{"type":"LineString","coordinates":[[121.5487998,25.0386756],[121.5486976,25.0386668],[121.5485972,25.0386475]]}},{"type":"Feature","properties":{"highway":"secondary","name":"敦化南路一段","osm_id":1445960966},"geometry":{"type":"LineString","coordinates":[[121.5491257,25.0426043],[121.5491258,25.0427091],[121.5491289,25.0433826],[121.5491296,25.0434572],[121.5491302,25.0435316],[121.549133,25.0438543],[121.5491343,25.0440231],[121.5491381,25.0445483],[121.5491375,25.0445953],[121.5491389,25.0446432],[121.5491395,25.0447156]]}},{"type":"Feature","properties":{"highway":"secondary","name":"仁愛路四段","osm_id":1446866401},"geometry":{"type":"LineString","coordinates":[[121.5479357,25.0378635],[121.5477681,25.0378311]]}},{"type":"Feature","properties":{"highway":"secondary","name":"敦化南路一段","osm_id":1446869343},"geometry":{"type":"LineString","coordinates":[[121.5488204,25.0369179],[121.5488828,25.0370499]]}},{"type":"Feature","properties":{"highway":"secondary","name":"敦化南路一段","osm_id":1446869344},"geometry":{"type":"LineString","coordinates":[[121.5486039,25.0373434],[121.5487295,25.0371319],[121.548778,25.0370503]]}},{"type":"Feature","properties":{"highway":"tertiary","name":"八德路四段","osm_id":1452553147},"geometry":{"type":"LineString","coordinates":[[121.5695866,25.0495305],[121.5692013,25.0493749]]}},{"type":"Feature","properties":{"highway":"secondary","name":"基隆路一段","osm_id":1452553148},"geometry":{"type":"LineString","coordinates":[[121.5695562,25.0494373],[121.5695866,25.0495305]]}},{"type":"Feature","properties":{"highway":"secondary","name":"基隆路一段","osm_id":1452555206},"geometry":{"type":"LineString","coordinates":[[121.5689675,25.0489808],[121.5689302,25.0489152],[121.5685581,25.0482627]]}},{"type":"Feature","properties":{"highway":"secondary","name":"基隆路一段","osm_id":1452555207},"geometry":{"type":"LineString","coordinates":[[121.5690695,25.0491441],[121.5689675,25.0489808]]}},{"type":"Feature","properties":{"highway":"secondary","name":"基隆路一段","osm_id":1452555208},"geometry":{"type":"LineString","coordinates":[[121.5692013,25.0493749],[121.5691202,25.0492271],[121.5691051,25.049202],[121.5690695,25.0491441]]}},{"type":"Feature","properties":{"highway":"tertiary","name":"市民大道六段","osm_id":1452555209},"geometry":{"type":"LineString","coordinates":[[121.5693364,25.0490413],[121.5694917,25.0490687],[121.5699044,25.0491166],[121.5704369,25.0492007],[121.5704923,25.0492082],[121.5705247,25.0492112],[121.5712313,25.0492239],[121.5716557,25.0492259]]}},{"type":"Feature","properties":{"highway":"tertiary","name":"安和路一段","osm_id":1452561027},"geometry":{"type":"LineString","coordinates":[[121.5512592,25.0376241],[121.5513291,25.037529],[121.5522433,25.036354],[121.5523535,25.0362566],[121.5523952,25.0362267],[121.552454,25.036184],[121.5524809,25.0361479],[121.5524806,25.0361249],[121.5524713,25.0354858],[121.5524703,25.0354206]]}},{"type":"Feature","properties":{"highway":"tertiary","name":"安和路一段","osm_id":1452561029},"geometry":{"type":"LineString","coordinates":[[121.5525624,25.034668],[121.5525629,25.0347344],[121.5525746,25.0350061],[121.5525808,25.0353469],[121.5525821,25.0354178]]}},{"type":"Feature","properties":{"highway":"tertiary","name":"四維路170巷","osm_id":1452563037},"geometry":{"type":"LineString","coordinates":[[121.5487519,25.0281204],[121.5485085,25.0281367],[121.5484376,25.0281442],[121.5483781,25.0281498],[121.5481,25.0281736],[121.5480422,25.0281777]]}},{"type":"Feature","properties":{"highway":"tertiary","name":"新生北路一段","osm_id":1452564344},"geometry":{"type":"LineString","coordinates":[[121.5329813,25.045846],[121.5328512,25.0459566]]}},{"type":"Feature","properties":{"highway":"tertiary","name":"渭水路","osm_id":1454088642},"geometry":{"type":"LineString","coordinates":[[121.5340123,25.0456996],[121.5350631,25.0456884]]}},{"type":"Feature","properties":{"highway":"secondary","name":"信義路四段","osm_id":1456449140},"geometry":{"type":"LineString","coordinates":[[121.5490449,25.0333557],[121.549256,25.0333513],[121.55021,25.0333311],[121.5514776,25.0333045],[121.5516092,25.0333017],[121.5523276,25.0332869],[121.5524395,25.0332853]]}},{"type":"Feature","properties":{"highway":"secondary","name":"敦化南路二段","osm_id":1456449141},"geometry":{"type":"LineString","coordinates":[[121.549041,25.0329797],[121.5490419,25.0330687],[121.549043,25.0331902]]}},{"type":"Feature","properties":{"highway":"secondary","name":"信義路四段","osm_id":1456449142},"geometry":{"type":"LineString","coordinates":[[121.5485538,25.0331996],[121.5487888,25.0331944]]}},{"type":"Feature","properties":{"highway":"secondary","name":"敦化南路二段","osm_id":1456449143},"geometry":{"type":"LineString","coordinates":[[121.5485538,25.0331996],[121.5485527,25.0330687],[121.5485444,25.0321386],[121.5485361,25.0311184],[121.5485354,25.031075],[121.5485351,25.0310376],[121.5485339,25.0309695],[121.5485331,25.0308804],[121.5485265,25.0301424],[121.548526,25.0300856],[121.5485257,25.0300543],[121.5485249,25.0299643],[121.5485103,25.0283435],[121.5485098,25.0282872],[121.5485093,25.0282239],[121.5485085,25.0281367],[121.5485081,25.028088],[121.5485027,25.0274787],[121.548498,25.0269591],[121.5484974,25.0268935],[121.5484969,25.0268415],[121.5484921,25.0262949],[121.5484885,25.0258946],[121.5484849,25.0254937],[121.5484817,25.0251323],[121.5484795,25.0248096],[121.5484792,25.0247697],[121.548479,25.0247442],[121.5484773,25.0246445]]}},{"type":"Feature","properties":{"highway":"secondary","name":"和平東路三段","osm_id":1456449149},"geometry":{"type":"LineString","coordinates":[[121.5487098,25.0246324],[121.5484773,25.0246445]]}},{"type":"Feature","properties":{"highway":"secondary","name":"敦化南路二段","osm_id":1456449150},"geometry":{"type":"LineString","coordinates":[[121.5487098,25.0246324],[121.5487084,25.0245159]]}},{"type":"Feature","properties":{"highway":"secondary","name":"和平東路三段","osm_id":1456449151},"geometry":{"type":"LineString","coordinates":[[121.5487084,25.0245159],[121.5489583,25.024502]]}},{"type":"Feature","properties":{"highway":"secondary","name":"敦化南路二段","osm_id":1456449152},"geometry":{"type":"LineString","coordinates":[[121.5487084,25.0245159],[121.548707,25.0244041],[121.5487066,25.0243682],[121.5486882,25.0227982],[121.5486875,25.0227375]]}},{"type":"Feature","properties":{"highway":"secondary","name":"敦化南路二段","osm_id":1456449172},"geometry":{"type":"LineString","coordinates":[[121.5490124,25.0299554],[121.5490161,25.0300432],[121.5490172,25.0304577],[121.5490198,25.0307996],[121.5490201,25.0308451],[121.5490205,25.0308922],[121.5490218,25.0309517],[121.5490224,25.0310283],[121.5490259,25.0313757],[121.5490332,25.0321568],[121.5490375,25.0326072],[121.549041,25.0329797]]}},{"type":"Feature","properties":{"highway":"secondary","name":"敦化南路二段","osm_id":1456611915},"geometry":{"type":"LineString","coordinates":[[121.5486875,25.0227375],[121.5486875,25.0226875],[121.5486868,25.0214989],[121.5486888,25.0212329],[121.5486947,25.0211553],[121.5487029,25.0210589]]}},{"type":"Feature","properties":{"highway":"secondary","name":"敦化南路二段","osm_id":1456611916},"geometry":{"type":"LineString","coordinates":[[121.5487208,25.0254825],[121.548712,25.0247353],[121.5487116,25.0247022],[121.5487098,25.0246324]]}},{"type":"Feature","properties":{"highway":"secondary","name":"敦化南路二段","osm_id":1456611917},"geometry":{"type":"LineString","coordinates":[[121.5487741,25.029966],[121.5487723,25.0298176],[121.548754,25.0282938],[121.548753,25.0282173],[121.5487519,25.0281204]]}},{"type":"Feature","properties":{"highway":"secondary","name":"敦化南路二段","osm_id":1456611918},"geometry":{"type":"LineString","coordinates":[[121.5487519,25.0281204],[121.5487511,25.028059],[121.5487502,25.0279827],[121.5487374,25.0268967],[121.5487365,25.0268247]]}},{"type":"Feature","properties":{"highway":"secondary","name":"敦化南路二段","osm_id":1456611919},"geometry":{"type":"LineString","coordinates":[[121.5487888,25.0331944],[121.5487885,25.0330686],[121.5487864,25.0322921]]}},{"type":"Feature","properties":{"highway":"trunk","name":"基隆路高架道路","osm_id":1456613597},"geometry":{"type":"LineString","coordinates":[[121.5488766,25.0210857],[121.5491711,25.0213732],[121.5496391,25.0217754],[121.5500892,25.0221947]]}},{"type":"Feature","properties":{"highway":"trunk","name":"基隆路高架道路","osm_id":1456613598},"geometry":{"type":"LineString","coordinates":[[121.5488766,25.0210857],[121.5486622,25.0209507]]}},{"type":"Feature","properties":{"highway":"trunk","name":"基隆路高架道路","osm_id":1456613599},"geometry":{"type":"LineString","coordinates":[[121.5459511,25.0185086],[121.5469904,25.0193315],[121.5474175,25.0197017],[121.5478541,25.0200838],[121.5483474,25.0205369],[121.5486905,25.0208967],[121.5488766,25.0210857]]}},{"type":"Feature","properties":{"highway":"trunk","name":"基隆路高架道路","osm_id":1456613600},"geometry":{"type":"LineString","coordinates":[[121.5486622,25.0209507],[121.5480004,25.0203904],[121.5468811,25.0194288],[121.5458453,25.0185718]]}},{"type":"Feature","properties":{"highway":"trunk","name":"基隆路高架道路","osm_id":1456613601},"geometry":{"type":"LineString","coordinates":[[121.5458453,25.0185718],[121.5450392,25.0179204],[121.542817,25.0160489]]}},{"type":"Feature","properties":{"highway":"secondary","name":"辛亥路三段","osm_id":1456622268},"geometry":{"type":"LineString","coordinates":[[121.5472489,25.0189204],[121.5470839,25.0190736],[121.5469886,25.0191656],[121.5469304,25.0192199]]}},{"type":"Feature","properties":{"highway":"secondary","name":"辛亥路三段","osm_id":1456622275},"geometry":{"type":"LineString","coordinates":[[121.5506586,25.0160246],[121.5504611,25.0161627],[121.5496351,25.0167078],[121.5493564,25.0169387],[121.5493081,25.0169787],[121.5492399,25.0170352],[121.5491247,25.0171265]]}},{"type":"Feature","properties":{"highway":"secondary_link","name":"","osm_id":1456622276},"geometry":{"type":"LineString","coordinates":[[121.5534277,25.013633],[121.553584,25.0135273],[121.5536504,25.013523],[121.5537047,25.013548],[121.5537174,25.0135826],[121.5537234,25.0136154],[121.5536859,25.0136779],[121.553609,25.0137423]]}},{"type":"Feature","properties":{"highway":"secondary_link","name":"","osm_id":1456622277},"geometry":{"type":"LineString","coordinates":[[121.5534837,25.0138762],[121.5534261,25.0139581],[121.5533376,25.0141002]]}},{"type":"Feature","properties":{"highway":"secondary","name":"辛亥路三段","osm_id":1456622293},"geometry":{"type":"LineString","coordinates":[[121.5456196,25.0198291],[121.5460647,25.0193962],[121.546122,25.0193456],[121.5461909,25.0192849],[121.5462758,25.0192036],[121.5463388,25.0191501],[121.5463845,25.0191113]]}},{"type":"Feature","properties":{"highway":"secondary","name":"辛亥路三段","osm_id":1456622294},"geometry":{"type":"LineString","coordinates":[[121.543821,25.0214701],[121.5436287,25.0214838],[121.5435492,25.0214895],[121.5434823,25.0214943],[121.5434174,25.0214977]]}},{"type":"Feature","properties":{"highway":"secondary","name":"辛亥路三段","osm_id":1456622295},"geometry":{"type":"LineString","coordinates":[[121.5467398,25.0193911],[121.5466951,25.0194382],[121.5465318,25.0195939],[121.5464869,25.0196366]]}},{"type":"Feature","properties":{"highway":"secondary","name":"辛亥路三段","osm_id":1456622296},"geometry":{"type":"LineString","coordinates":[[121.5455848,25.0204955],[121.5451605,25.020894],[121.545051,25.0209734]]}},{"type":"Feature","properties":{"highway":"secondary","name":"辛亥路二段","osm_id":1456622303},"geometry":{"type":"LineString","coordinates":[[121.54225,25.0212453],[121.5431479,25.0212195],[121.5432,25.021218],[121.5432911,25.0212153]]}},{"type":"Feature","properties":{"highway":"secondary","name":"復興南路二段","osm_id":1456622304},"geometry":{"type":"LineString","coordinates":[[121.5433239,25.0229694],[121.5433187,25.0226893],[121.5433183,25.0226675]]}},{"type":"Feature","properties":{"highway":"secondary","name":"辛亥路二段","osm_id":1456622305},"geometry":{"type":"LineString","coordinates":[[121.5385345,25.0220324],[121.5384751,25.0220829],[121.5383643,25.0221886],[121.5382623,25.0223119],[121.5381872,25.0224136],[121.5381476,25.0224673],[121.5380534,25.0225948],[121.5380191,25.0226624]]}},{"type":"Feature","properties":{"highway":"secondary","name":"辛亥路二段","osm_id":1456622310},"geometry":{"type":"LineString","coordinates":[[121.5383788,25.0219116],[121.5381888,25.02214],[121.5380421,25.0223326],[121.5379718,25.0224676],[121.5379344,25.0225395],[121.5379064,25.022609]]}},{"type":"Feature","properties":{"highway":"trunk_link","name":"辛亥路出口匝道","osm_id":1456622311},"geometry":{"type":"LineString","coordinates":[[121.5376094,25.0233423],[121.5376126,25.0232026],[121.5376361,25.0230678],[121.5376732,25.0229219],[121.5376843,25.0228781]]}},{"type":"Feature","properties":{"highway":"secondary","name":"辛亥路二段","osm_id":1456622312},"geometry":{"type":"LineString","coordinates":[[121.537797,25.0225614],[121.5379064,25.022609]]}},{"type":"Feature","properties":{"highway":"secondary_link","name":"","osm_id":1456622313},"geometry":{"type":"LineString","coordinates":[[121.5377632,25.0226277],[121.537797,25.0225614]]}},{"type":"Feature","properties":{"highway":"secondary_link","name":"","osm_id":1456622314},"geometry":{"type":"LineString","coordinates":[[121.5377632,25.0226277],[121.5378838,25.0226745]]}},{"type":"Feature","properties":{"highway":"secondary_link","name":"","osm_id":1456622315},"geometry":{"type":"LineString","coordinates":[[121.5376968,25.0228208],[121.5377632,25.0226277]]}},{"type":"Feature","properties":{"highway":"secondary_link","name":"","osm_id":1456622317},"geometry":{"type":"LineString","coordinates":[[121.5376843,25.0228781],[121.5376968,25.0228208]]}},{"type":"Feature","properties":{"highway":"secondary","name":"辛亥路二段","osm_id":1456622318},"geometry":{"type":"LineString","coordinates":[[121.5375119,25.022856],[121.537538,25.0227974],[121.5376276,25.022581],[121.5376591,25.022505]]}},{"type":"Feature","properties":{"highway":"secondary","name":"辛亥路二段","osm_id":1456622319},"geometry":{"type":"LineString","coordinates":[[121.5359074,25.0226864],[121.5354766,25.0226721],[121.5354241,25.0226703],[121.5352908,25.0226615],[121.5346594,25.0226377],[121.5345393,25.0226367]]}},{"type":"Feature","properties":{"highway":"secondary","name":"辛亥路二段","osm_id":1456622320},"geometry":{"type":"LineString","coordinates":[[121.5376591,25.022505],[121.537797,25.0225614]]}},{"type":"Feature","properties":{"highway":"secondary","name":"辛亥路二段","osm_id":1456622321},"geometry":{"type":"LineString","coordinates":[[121.5379064,25.022609],[121.5380191,25.0226624]]}},{"type":"Feature","properties":{"highway":"trunk_link","name":"辛亥路入口匝道","osm_id":1456622322},"geometry":{"type":"LineString","coordinates":[[121.5378011,25.0228943],[121.537742,25.0230617],[121.5376991,25.0232123],[121.537679,25.0233752],[121.5376763,25.0235891],[121.5376999,25.0245596]]}},{"type":"Feature","properties":{"highway":"trunk_link","name":"辛亥路入口匝道","osm_id":1456622323},"geometry":{"type":"LineString","coordinates":[[121.537538,25.0227974],[121.5373922,25.0227767],[121.5370445,25.0227139],[121.5367495,25.0226282],[121.5366099,25.0225997]]}},{"type":"Feature","properties":{"highway":"secondary_link","name":"","osm_id":1456622326},"geometry":{"type":"LineString","coordinates":[[121.5378191,25.0228443],[121.5378011,25.0228943]]}},{"type":"Feature","properties":{"highway":"secondary_link","name":"","osm_id":1456622329},"geometry":{"type":"LineString","coordinates":[[121.5378838,25.0226745],[121.5378337,25.022806],[121.5378191,25.0228443]]}},{"type":"Feature","properties":{"highway":"secondary_link","name":"","osm_id":1456622330},"geometry":{"type":"LineString","coordinates":[[121.5378838,25.0226745],[121.5379905,25.0227196]]}},{"type":"Feature","properties":{"highway":"secondary_link","name":"","osm_id":1456622331},"geometry":{"type":"LineString","coordinates":[[121.5376276,25.022581],[121.5377632,25.0226277]]}},{"type":"Feature","properties":{"highway":"secondary","name":"辛亥路二段","osm_id":1456622333},"geometry":{"type":"LineString","coordinates":[[121.5366979,25.0222821],[121.5370218,25.0223297]]}},{"type":"Feature","properties":{"highway":"secondary","name":"辛亥路二段","osm_id":1456622334},"geometry":{"type":"LineString","coordinates":[[121.5368474,25.0227374],[121.5366367,25.0227209]]}},{"type":"Feature","properties":{"highway":"secondary","name":"辛亥路一段","osm_id":1456622364},"geometry":{"type":"LineString","coordinates":[[121.5330262,25.0221778],[121.5330933,25.0221877],[121.5331726,25.022201]]}},{"type":"Feature","properties":{"highway":"secondary","name":"辛亥路一段","osm_id":1456622365},"geometry":{"type":"LineString","coordinates":[[121.5328766,25.0225963],[121.5326913,25.0225565]]}},{"type":"Feature","properties":{"highway":"secondary","name":"辛亥路一段","osm_id":1456622366},"geometry":{"type":"LineString","coordinates":[[121.5296831,25.0203564],[121.5292144,25.0199768],[121.5291564,25.0199288]]}},{"type":"Feature","properties":{"highway":"secondary","name":"辛亥路一段","osm_id":1456622367},"geometry":{"type":"LineString","coordinates":[[121.5326913,25.0225565],[121.532562,25.0225215],[121.5324705,25.0224968],[121.5323554,25.022455],[121.5321739,25.0223757],[121.5320218,25.0223028],[121.5319413,25.0222537]]}},{"type":"Feature","properties":{"highway":"secondary","name":"辛亥路一段","osm_id":1456622368},"geometry":{"type":"LineString","coordinates":[[121.5319413,25.0222537],[121.5318145,25.0221764],[121.5316326,25.0220412],[121.5315861,25.0220011],[121.531542,25.0219631]]}},{"type":"Feature","properties":{"highway":"secondary","name":"辛亥路一段","osm_id":1456622369},"geometry":{"type":"LineString","coordinates":[[121.530086,25.0206827],[121.5296831,25.0203564]]}},{"type":"Feature","properties":{"highway":"primary","name":"羅斯福路三段","osm_id":1456622370},"geometry":{"type":"LineString","coordinates":[[121.5290079,25.0198059],[121.5293292,25.019504]]}},{"type":"Feature","properties":{"highway":"secondary","name":"辛亥路一段","osm_id":1456622371},"geometry":{"type":"LineString","coordinates":[[121.5291564,25.0199288],[121.5290971,25.0198798],[121.5290737,25.0198604],[121.5290079,25.0198059]]}},{"type":"Feature","properties":{"highway":"secondary","name":"辛亥路一段","osm_id":1456622372},"geometry":{"type":"LineString","coordinates":[[121.5290079,25.0198059],[121.5289524,25.0197599],[121.5285961,25.0194639],[121.5285023,25.0193811],[121.5282952,25.0192127]]}},{"type":"Feature","properties":{"highway":"secondary","name":"汀州路三段","osm_id":1456622373},"geometry":{"type":"LineString","coordinates":[[121.5273689,25.018241],[121.5274177,25.0181933]]}},{"type":"Feature","properties":{"highway":"secondary","name":"汀州路三段","osm_id":1456622374},"geometry":{"type":"LineString","coordinates":[[121.5270261,25.0185381],[121.5272552,25.0183175],[121.5273689,25.018241]]}},{"type":"Feature","properties":{"highway":"secondary","name":"辛亥路一段","osm_id":1456622375},"geometry":{"type":"LineString","coordinates":[[121.5287767,25.0190342],[121.5288245,25.0190744],[121.5292614,25.019442],[121.5293292,25.019504]]}},{"type":"Feature","properties":{"highway":"secondary","name":"辛亥路一段","osm_id":1456622376},"geometry":{"type":"LineString","coordinates":[[121.5286421,25.018921],[121.5287767,25.0190342]]}},{"type":"Feature","properties":{"highway":"secondary","name":"辛亥路一段","osm_id":1456622377},"geometry":{"type":"LineString","coordinates":[[121.5294481,25.0196056],[121.529524,25.0196697],[121.5298894,25.0199772],[121.5300534,25.0201129]]}},{"type":"Feature","properties":{"highway":"secondary","name":"辛亥路二段","osm_id":1456623494},"geometry":{"type":"LineString","coordinates":[[121.5366367,25.0227209],[121.5366055,25.0227184],[121.5359074,25.0226864]]}},{"type":"Feature","properties":{"highway":"secondary","name":"敦化南路二段","osm_id":1456625271},"geometry":{"type":"LineString","coordinates":[[121.548947,25.0228023],[121.5489535,25.0237838],[121.5489548,25.0239723],[121.5489572,25.0243234],[121.5489574,25.0243583],[121.5489577,25.0243965],[121.5489583,25.024502]]}},{"type":"Feature","properties":{"highway":"secondary","name":"基隆路車行地下道","osm_id":1457382191},"geometry":{"type":"LineString","coordinates":[[121.5647708,25.0417142],[121.5632991,25.039215],[121.5611781,25.0357482]]}},{"type":"Feature","properties":{"highway":"secondary","name":"基隆路車行地下道","osm_id":1457382192},"geometry":{"type":"LineString","coordinates":[[121.5612517,25.0357119],[121.5633659,25.0391944],[121.56484,25.0416814]]}},{"type":"Feature","properties":{"highway":"secondary","name":"基隆路車行地下道","osm_id":1457382193},"geometry":{"type":"LineString","coordinates":[[121.5599866,25.0335495],[121.5601262,25.033858],[121.5605417,25.0345424]]}},{"type":"Feature","properties":{"highway":"secondary","name":"基隆路車行地下道","osm_id":1457382194},"geometry":{"type":"LineString","coordinates":[[121.560462,25.0345775],[121.560046,25.0338975],[121.5598369,25.0336326]]}},{"type":"Feature","properties":{"highway":"secondary","name":"基隆路車行地下道","osm_id":1457382195},"geometry":{"type":"LineString","coordinates":[[121.5605417,25.0345424],[121.5612517,25.0357119]]}},{"type":"Feature","properties":{"highway":"secondary","name":"基隆路車行地下道","osm_id":1457382196},"geometry":{"type":"LineString","coordinates":[[121.5611781,25.0357482],[121.560462,25.0345775]]}},{"type":"Feature","properties":{"highway":"secondary","name":"基隆路車行地下道","osm_id":1457382197},"geometry":{"type":"LineString","coordinates":[[121.5654312,25.0426787],[121.5657263,25.0431765],[121.5657402,25.0432033],[121.5658325,25.0433812]]}},{"type":"Feature","properties":{"highway":"secondary","name":"基隆路車行地下道","osm_id":1457382199},"geometry":{"type":"LineString","coordinates":[[121.56484,25.0416814],[121.5654312,25.0426787]]}},{"type":"Feature","properties":{"highway":"secondary","name":"基隆路車行地下道","osm_id":1457382200},"geometry":{"type":"LineString","coordinates":[[121.565356,25.0427079],[121.5647708,25.0417142]]}},{"type":"Feature","properties":{"highway":"secondary","name":"基隆路一段","osm_id":1457413238},"geometry":{"type":"LineString","coordinates":[[121.5635643,25.0395598],[121.5635509,25.0394701],[121.5635455,25.0393965],[121.563547,25.0392625],[121.5636125,25.0391447]]}},{"type":"Feature","properties":{"highway":"secondary","name":"基隆路一段","osm_id":1457413239},"geometry":{"type":"LineString","coordinates":[[121.5636783,25.0393784],[121.5636824,25.0395505],[121.5636984,25.0396641],[121.5637388,25.0397776],[121.563786,25.0398793]]}},{"type":"Feature","properties":{"highway":"secondary","name":"敦化南路二段","osm_id":1457648192},"geometry":{"type":"LineString","coordinates":[[121.5489368,25.0212635],[121.5489376,25.0213741],[121.5489408,25.0218643],[121.5489424,25.0221085],[121.5489443,25.0223887],[121.5489454,25.0226177],[121.5489457,25.0226764],[121.5489459,25.0227225],[121.548947,25.0228023]]}},{"type":"Feature","properties":{"highway":"tertiary","name":"市民大道三段","osm_id":1458656966},"geometry":{"type":"LineString","coordinates":[[121.5308292,25.0459219],[121.530887,25.0459072],[121.5314725,25.0457376],[121.5316405,25.045692]]}},{"type":"Feature","properties":{"highway":"secondary","name":"新生南路一段","osm_id":1458697048},"geometry":{"type":"LineString","coordinates":[[121.5328788,25.0401917],[121.5328809,25.0402825],[121.5328905,25.0407626],[121.5328554,25.0414842],[121.5328609,25.0420569],[121.5328626,25.0420952],[121.5329138,25.0422422]]}},{"type":"Feature","properties":{"highway":"secondary","name":"新生南路一段","osm_id":1458697050},"geometry":{"type":"LineString","coordinates":[[121.5328527,25.0380846],[121.5328592,25.0381268]]}},{"type":"Feature","properties":{"highway":"secondary","name":"新生南路一段","osm_id":1458697051},"geometry":{"type":"LineString","coordinates":[[121.5328593,25.0394648],[121.5328601,25.0396394],[121.5328714,25.0399996],[121.5328746,25.0400833],[121.5328788,25.0401917]]}},{"type":"Feature","properties":{"highway":"tertiary","name":"濟南路三段","osm_id":1458697052},"geometry":{"type":"LineString","coordinates":[[121.5328788,25.0401917],[121.5327321,25.0401916]]}},{"type":"Feature","properties":{"highway":"tertiary","name":"濟南路三段","osm_id":1458697053},"geometry":{"type":"LineString","coordinates":[[121.5329575,25.0401911],[121.5329174,25.0401918]]}},{"type":"Feature","properties":{"highway":"secondary","name":"新生南路一段","osm_id":1458697059},"geometry":{"type":"LineString","coordinates":[[121.5328241,25.0372348],[121.5327979,25.0374106],[121.5328113,25.0378511],[121.5328282,25.037927],[121.5328419,25.0380145]]}},{"type":"Feature","properties":{"highway":"secondary","name":"新生南路一段","osm_id":1458697060},"geometry":{"type":"LineString","coordinates":[[121.5328496,25.0365925],[121.5328235,25.0366948],[121.5328251,25.0368259],[121.5328241,25.0372348]]}},{"type":"Feature","properties":{"highway":"secondary","name":"基隆路二段","osm_id":1460657555},"geometry":{"type":"LineString","coordinates":[[121.5503405,25.0223502],[121.5504162,25.0224241],[121.5513863,25.0232837],[121.5519202,25.0237566],[121.5522713,25.0240432],[121.5523053,25.0240728],[121.5525025,25.0242725]]}},{"type":"Feature","properties":{"highway":"tertiary","name":"樂業街","osm_id":1460657556},"geometry":{"type":"LineString","coordinates":[[121.5503405,25.0223502],[121.5502609,25.0224213]]}},{"type":"Feature","properties":{"highway":"secondary","name":"基隆路二段","osm_id":1460657557},"geometry":{"type":"LineString","coordinates":[[121.5502609,25.0224213],[121.5502239,25.0223896]]}},{"type":"Feature","properties":{"highway":"secondary","name":"仁愛敦南圓環","osm_id":1462243517},"geometry":{"type":"LineString","coordinates":[[121.5497128,25.0380301],[121.5496783,25.0381397],[121.5496272,25.0382439],[121.5495606,25.0383406],[121.5494798,25.0384279]]}},{"type":"Feature","properties":{"highway":"secondary","name":"仁愛路四段","osm_id":1462243518},"geometry":{"type":"LineString","coordinates":[[121.5497128,25.0380301],[121.5495083,25.0380452],[121.5494576,25.0380543],[121.5492867,25.0380848]]}},{"type":"Feature","properties":{"highway":"secondary","name":"仁愛敦南圓環","osm_id":1462243519},"geometry":{"type":"LineString","coordinates":[[121.549732,25.0378674],[121.5497128,25.0380301]]}},{"type":"Feature","properties":{"highway":"secondary","name":"仁愛路四段","osm_id":1462243521},"geometry":{"type":"LineString","coordinates":[[121.549732,25.0378674],[121.549633,25.0378826],[121.549511,25.0379143],[121.5494565,25.0379328],[121.5492867,25.0380848],[121.5492587,25.0381027]]}},{"type":"Feature","properties":{"highway":"secondary","name":"仁愛敦南圓環","osm_id":1462243522},"geometry":{"type":"LineString","coordinates":[[121.5497288,25.0377537],[121.549732,25.0378674]]}},{"type":"Feature","properties":{"highway":"secondary","name":"仁愛路四段","osm_id":1462243523},"geometry":{"type":"LineString","coordinates":[[121.5493386,25.0376273],[121.5494513,25.0376511],[121.5496049,25.0376556],[121.5497024,25.0376553]]}},{"type":"Feature","properties":{"highway":"secondary","name":"仁愛敦南圓環","osm_id":1462243524},"geometry":{"type":"LineString","coordinates":[[121.5497024,25.0376553],[121.5497288,25.0377537]]}},{"type":"Feature","properties":{"highway":"secondary","name":"仁愛敦南圓環","osm_id":1462243525},"geometry":{"type":"LineString","coordinates":[[121.5494732,25.0372909],[121.5495353,25.0373542],[121.5495899,25.0374232],[121.5496363,25.0374968],[121.5496406,25.0375056],[121.5496649,25.0375558],[121.5496739,25.0375745],[121.5497024,25.0376553]]}},{"type":"Feature","properties":{"highway":"secondary","name":"敦化南路一段","osm_id":1462243526},"geometry":{"type":"LineString","coordinates":[[121.5490953,25.0386435],[121.5490987,25.038792],[121.5490977,25.0389364]]}},{"type":"Feature","properties":{"highway":"secondary","name":"仁愛敦南圓環","osm_id":1462243527},"geometry":{"type":"LineString","coordinates":[[121.5490953,25.0386435],[121.5488855,25.0386749]]}},{"type":"Feature","properties":{"highway":"secondary","name":"敦化南路一段","osm_id":1462243528},"geometry":{"type":"LineString","coordinates":[[121.5488855,25.0386749],[121.5488448,25.0387952]]}},{"type":"Feature","properties":{"highway":"secondary","name":"仁愛敦南圓環","osm_id":1462243529},"geometry":{"type":"LineString","coordinates":[[121.5488855,25.0386749],[121.5487998,25.0386756]]}},{"type":"Feature","properties":{"highway":"secondary","name":"仁愛敦南圓環","osm_id":1462243530},"geometry":{"type":"LineString","coordinates":[[121.5494798,25.0384279],[121.5493895,25.0385018],[121.549289,25.038564],[121.549244,25.0385844],[121.5491963,25.038606],[121.5491801,25.0386133],[121.5490953,25.0386435]]}},{"type":"Feature","properties":{"highway":"secondary","name":"仁愛敦南圓環","osm_id":1462243531},"geometry":{"type":"LineString","coordinates":[[121.5492146,25.0375612],[121.5492727,25.0376464],[121.5493077,25.0377194],[121.5493282,25.0377968],[121.5493319,25.0378525],[121.5493335,25.0378763],[121.5493233,25.0379553],[121.5492982,25.0380316],[121.5492587,25.0381027]]}},{"type":"Feature","properties":{"highway":"secondary","name":"敦化南路一段","osm_id":1462243532},"geometry":{"type":"LineString","coordinates":[[121.5490977,25.0389364],[121.5490998,25.0393447],[121.5491017,25.0397126],[121.549102,25.0397722],[121.5491024,25.0400478],[121.5491026,25.0401724]]}},{"type":"Feature","properties":{"highway":"secondary","name":"敦化南路一段","osm_id":1462243533},"geometry":{"type":"LineString","coordinates":[[121.5486002,25.0389471],[121.5485997,25.0388957],[121.5485993,25.0388507],[121.5485987,25.0387984],[121.5485972,25.0386475]]}},{"type":"Feature","properties":{"highway":"secondary","name":"仁愛敦南圓環","osm_id":1462243836},"geometry":{"type":"LineString","coordinates":[[121.5479357,25.0378635],[121.547941,25.037774]]}},{"type":"Feature","properties":{"highway":"secondary","name":"仁愛敦南圓環","osm_id":1462243837},"geometry":{"type":"LineString","coordinates":[[121.5483483,25.0379861],[121.5483304,25.0378864],[121.5483372,25.0377857],[121.5483434,25.0377664],[121.5483684,25.0376887],[121.5484224,25.0376004]]}},{"type":"Feature","properties":{"highway":"secondary","name":"仁愛敦南圓環","osm_id":1462243838},"geometry":{"type":"LineString","coordinates":[[121.5479475,25.0377369],[121.5479552,25.0376935],[121.5479783,25.0376147],[121.54801,25.0375384],[121.5480499,25.0374653],[121.5480977,25.0373962],[121.5481529,25.0373318],[121.5482259,25.0372617],[121.5482978,25.0372095],[121.5483884,25.0371558],[121.5484217,25.037141],[121.5484805,25.0371149],[121.5485878,25.0370798],[121.548778,25.0370503]]}},{"type":"Feature","properties":{"highway":"secondary","name":"仁愛路四段","osm_id":1462243839},"geometry":{"type":"LineString","coordinates":[[121.547941,25.037774],[121.5480315,25.0377439],[121.5481296,25.0377183],[121.5482211,25.0376865],[121.5483088,25.0376474],[121.5484224,25.0376004]]}},{"type":"Feature","properties":{"highway":"secondary","name":"仁愛敦南圓環","osm_id":1462243840},"geometry":{"type":"LineString","coordinates":[[121.547941,25.037774],[121.5479475,25.0377369]]}},{"type":"Feature","properties":{"highway":"secondary","name":"敦化南路一段","osm_id":1462243841},"geometry":{"type":"LineString","coordinates":[[121.548778,25.0370503],[121.5488204,25.0369179]]}},{"type":"Feature","properties":{"highway":"secondary","name":"仁愛敦南圓環","osm_id":1462243842},"geometry":{"type":"LineString","coordinates":[[121.548778,25.0370503],[121.5488304,25.0370487],[121.5488828,25.0370499]]}},{"type":"Feature","properties":{"highway":"secondary","name":"敦化南路一段","osm_id":1462243843},"geometry":{"type":"LineString","coordinates":[[121.5490714,25.0370777],[121.5490678,25.0372128],[121.5490708,25.0373194],[121.5490979,25.0374571]]}},{"type":"Feature","properties":{"highway":"secondary","name":"敦化南路一段","osm_id":1462243844},"geometry":{"type":"LineString","coordinates":[[121.5488828,25.0370499],[121.5489109,25.0371545],[121.5489592,25.037259],[121.5489857,25.037314],[121.5490979,25.0374571]]}},{"type":"Feature","properties":{"highway":"secondary","name":"仁愛敦南圓環","osm_id":1462243845},"geometry":{"type":"LineString","coordinates":[[121.5488828,25.0370499],[121.5490714,25.0370777]]}},{"type":"Feature","properties":{"highway":"secondary","name":"仁愛敦南圓環","osm_id":1462243846},"geometry":{"type":"LineString","coordinates":[[121.5479435,25.0379694],[121.5479357,25.0378635]]}},{"type":"Feature","properties":{"highway":"secondary","name":"仁愛路四段","osm_id":1462243847},"geometry":{"type":"LineString","coordinates":[[121.5484307,25.0381372],[121.548347,25.038084]]}},{"type":"Feature","properties":{"highway":"secondary","name":"仁愛敦南圓環","osm_id":1462243848},"geometry":{"type":"LineString","coordinates":[[121.5479648,25.0380679],[121.5479435,25.0379694]]}},{"type":"Feature","properties":{"highway":"secondary","name":"仁愛路四段","osm_id":1462243849},"geometry":{"type":"LineString","coordinates":[[121.548347,25.038084],[121.5481523,25.0380676],[121.5480563,25.0380678],[121.5479648,25.0380679]]}},{"type":"Feature","properties":{"highway":"secondary","name":"仁愛路四段","osm_id":1462243850},"geometry":{"type":"LineString","coordinates":[[121.548347,25.038084],[121.5482849,25.0380398],[121.5482055,25.0380065],[121.5481189,25.0379929],[121.5480443,25.0379835],[121.5479435,25.0379694]]}},{"type":"Feature","properties":{"highway":"secondary","name":"新生南路一段","osm_id":1466375123},"geometry":{"type":"LineString","coordinates":[[121.5326855,25.0381194],[121.5326843,25.0380405]]}},{"type":"Feature","properties":{"highway":"secondary","name":"仁愛路二段","osm_id":1466375125},"geometry":{"type":"LineString","coordinates":[[121.5328635,25.0382053],[121.5326865,25.0381797]]}},{"type":"Feature","properties":{"highway":"secondary","name":"新生南路一段","osm_id":1466375126},"geometry":{"type":"LineString","coordinates":[[121.5328635,25.0382053],[121.5328641,25.0382413],[121.5328654,25.0383296]]}},{"type":"Feature","properties":{"highway":"secondary","name":"仁愛路三段","osm_id":1466375127},"geometry":{"type":"LineString","coordinates":[[121.5328654,25.0383296],[121.5326883,25.0383018]]}},{"type":"Feature","properties":{"highway":"secondary","name":"新生南路一段","osm_id":1466375128},"geometry":{"type":"LineString","coordinates":[[121.5328654,25.0383296],[121.5328665,25.0384266],[121.5328759,25.0391874],[121.5328593,25.0394648]]}},{"type":"Feature","properties":{"highway":"secondary","name":"新生南路一段","osm_id":1466375169},"geometry":{"type":"LineString","coordinates":[[121.5328419,25.0380145],[121.5328527,25.0380846]]}},{"type":"Feature","properties":{"highway":"secondary","name":"仁愛路二段","osm_id":1466375170},"geometry":{"type":"LineString","coordinates":[[121.5328419,25.0380145],[121.5326843,25.0380405]]}},{"type":"Feature","properties":{"highway":"secondary","name":"仁愛路三段","osm_id":1466375171},"geometry":{"type":"LineString","coordinates":[[121.5328592,25.0381268],[121.5326865,25.0381797]]}},{"type":"Feature","properties":{"highway":"secondary","name":"新生南路一段","osm_id":1466375172},"geometry":{"type":"LineString","coordinates":[[121.5328592,25.0381268],[121.5328635,25.0382053]]}},{"type":"Feature","properties":{"highway":"tertiary","name":"建國南路二段","osm_id":1466668325},"geometry":{"type":"LineString","coordinates":[[121.537467,25.0257609],[121.5374606,25.0256127]]}},{"type":"Feature","properties":{"highway":"secondary","name":"和平東路二段","osm_id":1466668326},"geometry":{"type":"LineString","coordinates":[[121.537467,25.0257609],[121.5373233,25.0257805],[121.5362865,25.0259237],[121.5351312,25.026083],[121.5351033,25.0260852],[121.5349678,25.0261067]]}},{"type":"Feature","properties":{"highway":"secondary","name":"基隆路四段","osm_id":1466670206},"geometry":{"type":"LineString","coordinates":[[121.5400972,25.0137846],[121.5400045,25.0137023],[121.539479,25.0132405],[121.5394305,25.0132]]}},{"type":"Feature","properties":{"highway":"tertiary","name":"八德路二段","osm_id":1468669449},"geometry":{"type":"LineString","coordinates":[[121.5357662,25.0457426],[121.5357356,25.0457187],[121.535713,25.0457011],[121.5356246,25.0456344]]}},{"type":"Feature","properties":{"highway":"tertiary","name":"八德路二段","osm_id":1468669450},"geometry":{"type":"LineString","coordinates":[[121.5356246,25.0456344],[121.5354423,25.0455134]]}},{"type":"Feature","properties":{"highway":"tertiary","name":"八德路二段","osm_id":1468669451},"geometry":{"type":"LineString","coordinates":[[121.5369195,25.0461247],[121.5364065,25.0460224]]}},{"type":"Feature","properties":{"highway":"tertiary","name":"八德路二段","osm_id":1468669455},"geometry":{"type":"LineString","coordinates":[[121.5415689,25.0469884],[121.5416223,25.0470024],[121.5416657,25.0470131],[121.5417245,25.0470253],[121.5419938,25.0470894],[121.5420495,25.0471027],[121.5421043,25.0471157],[121.542167,25.0471291],[121.5422136,25.0471397],[121.5423217,25.0471589],[121.542362,25.0471686],[121.5424153,25.0471814],[121.5427172,25.0472662]]}},{"type":"Feature","properties":{"highway":"tertiary","name":"八德路二段","osm_id":1468669456},"geometry":{"type":"LineString","coordinates":[[121.5372129,25.0461692],[121.5370856,25.0461475],[121.5370381,25.0461394],[121.5370032,25.0461373],[121.5369195,25.0461247]]}},{"type":"Feature","properties":{"highway":"tertiary","name":"八德路二段","osm_id":1468669457},"geometry":{"type":"LineString","coordinates":[[121.5375184,25.0462166],[121.5372414,25.0461741],[121.5372129,25.0461692]]}},{"type":"Feature","properties":{"highway":"tertiary","name":"八德路二段","osm_id":1468669458},"geometry":{"type":"LineString","coordinates":[[121.5392797,25.0464877],[121.5392486,25.0464825],[121.5392181,25.0464798],[121.5391356,25.0464662]]}},{"type":"Feature","properties":{"highway":"tertiary","name":"八德路二段","osm_id":1468669459},"geometry":{"type":"LineString","coordinates":[[121.5391356,25.0464662],[121.5390669,25.0464554],[121.5389991,25.0464452],[121.5389394,25.0464362],[121.5383393,25.0463459],[121.5382789,25.0463375],[121.5382434,25.0463317],[121.5381732,25.0463191],[121.5380903,25.0463051],[121.5380433,25.0462981],[121.5379842,25.0462892],[121.5376203,25.0462348],[121.5375184,25.0462166]]}},{"type":"Feature","properties":{"highway":"tertiary","name":"八德路二段","osm_id":1468669460},"geometry":{"type":"LineString","coordinates":[[121.5397211,25.0465645],[121.5393128,25.0464924],[121.5392797,25.0464877]]}},{"type":"Feature","properties":{"highway":"tertiary","name":"八德路二段","osm_id":1468669461},"geometry":{"type":"LineString","coordinates":[[121.5397712,25.0465728],[121.5397211,25.0465645]]}},{"type":"Feature","properties":{"highway":"tertiary","name":"八德路二段","osm_id":1468669462},"geometry":{"type":"LineString","coordinates":[[121.5398808,25.0465931],[121.5397712,25.0465728]]}},{"type":"Feature","properties":{"highway":"tertiary","name":"八德路二段","osm_id":1468669464},"geometry":{"type":"LineString","coordinates":[[121.5410817,25.0468646],[121.5407415,25.0467827],[121.5406875,25.0467691],[121.5406626,25.0467623],[121.5406097,25.0467492]]}},{"type":"Feature","properties":{"highway":"tertiary","name":"八德路二段","osm_id":1468669465},"geometry":{"type":"LineString","coordinates":[[121.5414969,25.04697],[121.5414518,25.046958],[121.5414147,25.0469486],[121.5413551,25.0469336],[121.5410817,25.0468646]]}},{"type":"Feature","properties":{"highway":"tertiary","name":"八德路二段","osm_id":1468669467},"geometry":{"type":"LineString","coordinates":[[121.5406097,25.0467492],[121.5405466,25.0467335],[121.5405107,25.0467255],[121.5404323,25.046708],[121.5403716,25.0466948],[121.5403132,25.0466822],[121.540151,25.046647],[121.5398808,25.0465931]]}},{"type":"Feature","properties":{"highway":"tertiary","name":"八德路二段","osm_id":1468669473},"geometry":{"type":"LineString","coordinates":[[121.5427172,25.0472662],[121.5433524,25.047428]]}},{"type":"Feature","properties":{"highway":"tertiary","name":"八德路二段","osm_id":1468669477},"geometry":{"type":"LineString","coordinates":[[121.5433524,25.047428],[121.5434591,25.0474555]]}},{"type":"Feature","properties":{"highway":"tertiary","name":"八德路二段","osm_id":1468669478},"geometry":{"type":"LineString","coordinates":[[121.5434591,25.0474555],[121.5435559,25.0474804],[121.5436041,25.0474928],[121.5437217,25.0475229],[121.5437531,25.0475296],[121.5438654,25.0475633]]}},{"type":"Feature","properties":{"highway":"tertiary","name":"八德路二段","osm_id":1468669480},"geometry":{"type":"LineString","coordinates":[[121.5468407,25.048204],[121.5467691,25.0482324],[121.5463858,25.0482295]]}},{"type":"Feature","properties":{"highway":"tertiary","name":"八德路二段","osm_id":1468669481},"geometry":{"type":"LineString","coordinates":[[121.5458956,25.0480466],[121.5459359,25.0480512],[121.5459799,25.0480605]]}},{"type":"Feature","properties":{"highway":"tertiary","name":"長安東路二段","osm_id":1468669482},"geometry":{"type":"LineString","coordinates":[[121.5456834,25.0482494],[121.5458956,25.0480466]]}},{"type":"Feature","properties":{"highway":"tertiary","name":"八德路二段","osm_id":1468669484},"geometry":{"type":"LineString","coordinates":[[121.5463858,25.0482295],[121.5461339,25.0481502],[121.5460939,25.0481353],[121.5460466,25.0481177],[121.5459799,25.0480605]]}},{"type":"Feature","properties":{"highway":"tertiary","name":"長安東路二段","osm_id":1468669485},"geometry":{"type":"LineString","coordinates":[[121.546201,25.0482504],[121.5459991,25.0482583],[121.5459509,25.0482576],[121.5459051,25.0482568],[121.5456834,25.0482494]]}},{"type":"Feature","properties":{"highway":"tertiary","name":"八德路二段","osm_id":1468767138},"geometry":{"type":"LineString","coordinates":[[121.5459799,25.0480605],[121.5463938,25.0481239],[121.5465967,25.0481427],[121.5466714,25.0481485],[121.5467364,25.0481536],[121.5467709,25.0481563],[121.5468407,25.048204]]}},{"type":"Feature","properties":{"highway":"tertiary","name":"八德路二段","osm_id":1468767142},"geometry":{"type":"LineString","coordinates":[[121.5477135,25.048204],[121.5483804,25.0482062],[121.54845,25.0482064],[121.5485455,25.0482067]]}},{"type":"Feature","properties":{"highway":"tertiary","name":"八德路二段","osm_id":1468767143},"geometry":{"type":"LineString","coordinates":[[121.5475069,25.0482048],[121.5475318,25.0482047],[121.547592,25.0482045],[121.5477135,25.048204]]}},{"type":"Feature","properties":{"highway":"tertiary","name":"八德路二段","osm_id":1468767144},"geometry":{"type":"LineString","coordinates":[[121.5474292,25.0482051],[121.5475069,25.0482048]]}},{"type":"Feature","properties":{"highway":"tertiary","name":"八德路二段","osm_id":1468767147},"geometry":{"type":"LineString","coordinates":[[121.5485455,25.0482067],[121.548668,25.0482059]]}},{"type":"Feature","properties":{"highway":"tertiary","name":"八德路三段","osm_id":1468767151},"geometry":{"type":"LineString","coordinates":[[121.5503166,25.0481953],[121.5504354,25.0481935],[121.550505,25.0481925],[121.550565,25.0481916],[121.5506212,25.048192],[121.5507403,25.048193]]}},{"type":"Feature","properties":{"highway":"tertiary","name":"八德路三段","osm_id":1468767153},"geometry":{"type":"LineString","coordinates":[[121.5507403,25.048193],[121.5507948,25.0481925],[121.5508595,25.0481919],[121.5523596,25.0481789],[121.5524361,25.0481782],[121.5524775,25.0481779],[121.5525652,25.0481817]]}},{"type":"Feature","properties":{"highway":"tertiary","name":"八德路三段","osm_id":1468767154},"geometry":{"type":"LineString","coordinates":[[121.5499708,25.0481889],[121.5503166,25.0481953]]}},{"type":"Feature","properties":{"highway":"tertiary","name":"八德路三段","osm_id":1468767180},"geometry":{"type":"LineString","coordinates":[[121.5528864,25.0481828],[121.5531663,25.0481792],[121.5532223,25.0481785],[121.5532846,25.0481777],[121.553342,25.0481763]]}},{"type":"Feature","properties":{"highway":"tertiary","name":"八德路三段","osm_id":1468767181},"geometry":{"type":"LineString","coordinates":[[121.553342,25.0481763],[121.5534152,25.0481751],[121.5534485,25.0481736],[121.5535098,25.048171],[121.5535604,25.0481688],[121.5536138,25.0481659],[121.5536994,25.048158],[121.553729,25.0481568],[121.5540053,25.0481459],[121.5540602,25.0481437],[121.5540935,25.0481424],[121.5541507,25.0481416],[121.5542164,25.0481387],[121.5542587,25.048134],[121.5543226,25.0481277],[121.5546015,25.0481048],[121.5548749,25.0480871],[121.5549295,25.0480836],[121.5549828,25.0480802],[121.5550757,25.0480647],[121.5551341,25.0480547],[121.5551796,25.0480518],[121.5552308,25.0480477],[121.5556329,25.0480135],[121.5560738,25.0480216],[121.5561233,25.0480225],[121.5561798,25.0480235],[121.5562874,25.0480215],[121.5563567,25.0480322],[121.5564031,25.048038],[121.5564696,25.0480452],[121.556818,25.0480876],[121.5575357,25.0481615],[121.5575847,25.0481654],[121.5576526,25.0481743]]}},{"type":"Feature","properties":{"highway":"tertiary","name":"八德路三段","osm_id":1468767182},"geometry":{"type":"LineString","coordinates":[[121.5525652,25.0481817],[121.5527109,25.0481851],[121.5527365,25.0481847],[121.5528038,25.0481839],[121.5528864,25.0481828]]}},{"type":"Feature","properties":{"highway":"tertiary","name":"八德路三段","osm_id":1468767192},"geometry":{"type":"LineString","coordinates":[[121.5576526,25.0481743],[121.5577609,25.0481861]]}},{"type":"Feature","properties":{"highway":"secondary","name":"光復北路","osm_id":1469088122},"geometry":{"type":"LineString","coordinates":[[121.5577702,25.0484556],[121.5577691,25.0484015],[121.5577684,25.0483707],[121.5577674,25.0483234],[121.5577609,25.0481861]]}},{"type":"Feature","properties":{"highway":"tertiary","name":"八德路四段","osm_id":1469088127},"geometry":{"type":"LineString","coordinates":[[121.5632504,25.0487323],[121.5637993,25.0487847],[121.563854,25.0487899],[121.5639245,25.0487966],[121.5640551,25.0488086],[121.5641301,25.0488154],[121.5642152,25.0488238],[121.5642591,25.0488282],[121.5647827,25.04888],[121.564915,25.0488914],[121.5649723,25.0488972],[121.5650155,25.0489016],[121.5652607,25.0489264],[121.5653117,25.048932],[121.5653682,25.0489386],[121.5655097,25.0489631]]}},{"type":"Feature","properties":{"highway":"tertiary","name":"八德路四段","osm_id":1469088128},"geometry":{"type":"LineString","coordinates":[[121.5627599,25.0486818],[121.562904,25.0486988],[121.5629594,25.0487038],[121.5630229,25.0487097],[121.5632504,25.0487323]]}},{"type":"Feature","properties":{"highway":"tertiary","name":"東興路","osm_id":1469088130},"geometry":{"type":"LineString","coordinates":[[121.5657176,25.0484433],[121.5657348,25.0483338],[121.5657921,25.0482049]]}},{"type":"Feature","properties":{"highway":"tertiary","name":"東興路","osm_id":1469088131},"geometry":{"type":"LineString","coordinates":[[121.5658228,25.0483567],[121.5657176,25.0484433]]}},{"type":"Feature","properties":{"highway":"tertiary","name":"東興路","osm_id":1469088132},"geometry":{"type":"LineString","coordinates":[[121.5654629,25.0494044],[121.5654865,25.0491973],[121.5654906,25.0491598],[121.5654962,25.049107],[121.5655097,25.0489631]]}},{"type":"Feature","properties":{"highway":"tertiary","name":"東興路","osm_id":1469088133},"geometry":{"type":"LineString","coordinates":[[121.5654482,25.0495639],[121.5654513,25.0495307],[121.5654629,25.0494044]]}},{"type":"Feature","properties":{"highway":"tertiary","name":"東興路","osm_id":1469088137},"geometry":{"type":"LineString","coordinates":[[121.5653875,25.0507277],[121.5653814,25.0502122],[121.5653842,25.0501837],[121.5653875,25.0501511],[121.5653944,25.050066]]}},{"type":"Feature","properties":{"highway":"tertiary","name":"市民大道五段","osm_id":1469088149},"geometry":{"type":"LineString","coordinates":[[121.5672857,25.0487187],[121.5670514,25.0486599],[121.5665966,25.048558],[121.5659793,25.0483982],[121.5659466,25.0483897],[121.5659024,25.0483782],[121.5658228,25.0483567]]}},{"type":"Feature","properties":{"highway":"secondary","name":"基隆路一段","osm_id":1469088150},"geometry":{"type":"LineString","coordinates":[[121.5693973,25.0491449],[121.5694584,25.049244],[121.5695037,25.0493273],[121.569523,25.0493627],[121.5695562,25.0494373]]}},{"type":"Feature","properties":{"highway":"secondary","name":"敦化北路","osm_id":1470345451},"geometry":{"type":"LineString","coordinates":[[121.5489465,25.0495972],[121.5489447,25.0494124],[121.5489347,25.0483932],[121.5489343,25.0483548],[121.5489337,25.0482042]]}},{"type":"Feature","properties":{"highway":"secondary","name":"敦化北路","osm_id":1470345452},"geometry":{"type":"LineString","coordinates":[[121.5491767,25.0495953],[121.5491798,25.0498234],[121.5491803,25.0498856],[121.5491807,25.0499304],[121.5491816,25.050036],[121.5491926,25.0513563]]}},{"type":"Feature","properties":{"highway":"secondary","name":"基隆路三段","osm_id":1480783250},"geometry":{"type":"LineString","coordinates":[[121.544217,25.0173035],[121.5441835,25.017276],[121.5441638,25.0172598],[121.5425453,25.0159325],[121.5424786,25.0158747]]}},{"type":"Feature","properties":{"highway":"secondary","name":"仁愛敦南圓環","osm_id":1485622864},"geometry":{"type":"LineString","coordinates":[[121.5492587,25.0381027],[121.549203,25.0381696],[121.5491348,25.0382261]]}},{"type":"Feature","properties":{"highway":"tertiary","name":"金華街","osm_id":1490429536},"geometry":{"type":"LineString","coordinates":[[121.5183868,25.0326747],[121.5185976,25.0325784],[121.5186616,25.0325523],[121.519758,25.0320535]]}},{"type":"Feature","properties":{"highway":"trunk_link","name":"光復南路出口匝道","osm_id":1492512226},"geometry":{"type":"LineString","coordinates":[[121.553334,25.0443925],[121.5536174,25.044401],[121.5539862,25.0444278],[121.5545669,25.0445006]]}},{"type":"Feature","properties":{"highway":"primary","name":"忠孝東路三段","osm_id":1492514257},"geometry":{"type":"LineString","coordinates":[[121.5374029,25.0416224],[121.5374999,25.0416214],[121.5381872,25.0416146],[121.5393265,25.0416034]]}},{"type":"Feature","properties":{"highway":"primary","name":"忠孝東路三段","osm_id":1492514258},"geometry":{"type":"LineString","coordinates":[[121.5393265,25.0416034],[121.5396354,25.0416003],[121.5397074,25.0415996]]}},{"type":"Feature","properties":{"highway":"primary","name":"忠孝東路三段","osm_id":1492514259},"geometry":{"type":"LineString","coordinates":[[121.5413218,25.0415836],[121.5415952,25.0415809],[121.5416396,25.0415805]]}},{"type":"Feature","properties":{"highway":"tertiary","name":"汀州路二段","osm_id":1507398696},"geometry":{"type":"LineString","coordinates":[[121.5201442,25.0247717],[121.5202258,25.0247517],[121.5203091,25.0247318],[121.5204167,25.024706],[121.5207078,25.0246211],[121.5209946,25.0244838],[121.5212353,25.0243529],[121.5213148,25.0243122],[121.5216388,25.024137],[121.5216897,25.0241088]]}},{"type":"Feature","properties":{"highway":"tertiary","name":"松高路","osm_id":1520299041},"geometry":{"type":"LineString","coordinates":[[121.5664686,25.0391115],[121.5671331,25.0390997],[121.5676428,25.0390906],[121.5682711,25.0390787],[121.5683583,25.0390778]]}},{"type":"Feature","properties":{"highway":"tertiary","name":"建國南路一段","osm_id":1524117427},"geometry":{"type":"LineString","coordinates":[[121.5374971,25.0397684],[121.5375672,25.0393604],[121.5376347,25.0388969],[121.5376404,25.0385273],[121.5376387,25.0383449],[121.5376382,25.0383115],[121.5376928,25.0382053]]}},{"type":"Feature","properties":{"highway":"tertiary","name":"建國南路一段","osm_id":1524117428},"geometry":{"type":"LineString","coordinates":[[121.5377496,25.040792],[121.5377089,25.0408856],[121.537451,25.041506],[121.5374029,25.0416224]]}},{"type":"Feature","properties":{"highway":"tertiary","name":"建國南路一段","osm_id":1524117429},"geometry":{"type":"LineString","coordinates":[[121.5368542,25.0416674],[121.5369225,25.0415591],[121.5370386,25.0412699],[121.5372369,25.0407652],[121.5372719,25.0406761]]}},{"type":"Feature","properties":{"highway":"secondary","name":"仁愛路三段","osm_id":1524117430},"geometry":{"type":"LineString","coordinates":[[121.5329349,25.0383405],[121.5329036,25.038335]]}},{"type":"Feature","properties":{"highway":"tertiary","name":"新生北路一段62巷","osm_id":1531158734},"geometry":{"type":"LineString","coordinates":[[121.530718,25.0463449],[121.5306685,25.0461496]]}},{"type":"Feature","properties":{"highway":"secondary","name":"仁愛敦南圓環","osm_id":1533889317},"geometry":{"type":"LineString","coordinates":[[121.549139,25.0375041],[121.5491841,25.0375397],[121.5492146,25.0375612]]}},{"type":"Feature","properties":{"highway":"secondary","name":"仁愛敦南圓環","osm_id":1533889318},"geometry":{"type":"LineString","coordinates":[[121.5484307,25.0381372],[121.5483684,25.0380387],[121.5483483,25.0379861]]}},{"type":"Feature","properties":{"highway":"secondary","name":"仁愛敦南圓環","osm_id":1533889319},"geometry":{"type":"LineString","coordinates":[[121.5484224,25.0376004],[121.5485116,25.0375134]]}},{"type":"Feature","properties":{"highway":"secondary","name":"仁愛敦南圓環","osm_id":1533889320},"geometry":{"type":"LineString","coordinates":[[121.54852,25.0382201],[121.5484724,25.0381812],[121.5484307,25.0381372]]}},{"type":"Feature","properties":{"highway":"secondary","name":"仁愛敦南圓環","osm_id":1533889321},"geometry":{"type":"LineString","coordinates":[[121.5485116,25.0375134],[121.5485917,25.0374642],[121.5486806,25.03743],[121.5487752,25.0374118],[121.5488719,25.0374103],[121.5489358,25.0374209],[121.5490572,25.0374573],[121.549139,25.0375041]]}},{"type":"Feature","properties":{"highway":"trunk_link","name":"辛亥路入口匝道","osm_id":1534147434},"geometry":{"type":"LineString","coordinates":[[121.5376999,25.0245596],[121.5377074,25.0248692]]}},{"type":"Feature","properties":{"highway":"trunk_link","name":"辛亥路出口匝道","osm_id":1534147435},"geometry":{"type":"LineString","coordinates":[[121.5376028,25.0248686],[121.5376027,25.0245614]]}},{"type":"Feature","properties":{"highway":"tertiary","name":"長安東路二段","osm_id":1535748843},"geometry":{"type":"LineString","coordinates":[[121.5391067,25.0483571],[121.5390361,25.0483572],[121.5382508,25.0483593],[121.5380689,25.0483616],[121.5379848,25.0483625],[121.5377215,25.0483659],[121.5370332,25.0483745],[121.5369385,25.0483757]]}},{"type":"Feature","properties":{"highway":"tertiary","name":"長安東路二段","osm_id":1535748844},"geometry":{"type":"LineString","coordinates":[[121.5404047,25.0483277],[121.5402875,25.0483314],[121.5396916,25.0483441]]}},{"type":"Feature","properties":{"highway":"tertiary","name":"長安東路二段","osm_id":1535748845},"geometry":{"type":"LineString","coordinates":[[121.5396916,25.0483441],[121.539178,25.0483551],[121.5391067,25.0483571]]}},{"type":"Feature","properties":{"highway":"tertiary","name":"長安東路二段","osm_id":1535748846},"geometry":{"type":"LineString","coordinates":[[121.5410343,25.0483074],[121.5405259,25.048322],[121.5404047,25.0483277]]}},{"type":"Feature","properties":{"highway":"tertiary","name":"長安東路二段","osm_id":1535748847},"geometry":{"type":"LineString","coordinates":[[121.5438797,25.0482567],[121.5437342,25.04826],[121.5433739,25.048267]]}},{"type":"Feature","properties":{"highway":"tertiary","name":"永福橋","osm_id":1535773103},"geometry":{"type":"LineString","coordinates":[[121.5276171,25.0110816],[121.5279563,25.0114083]]}},{"type":"Feature","properties":{"highway":"tertiary","name":"永福橋","osm_id":1535773104},"geometry":{"type":"LineString","coordinates":[[121.5230536,25.0080054],[121.5232796,25.0080299]]}},{"type":"Feature","properties":{"highway":"secondary_link","name":"仁愛路三段","osm_id":1545280390},"geometry":{"type":"LineString","coordinates":[[121.5423085,25.0380828],[121.542244,25.0380958],[121.5420208,25.0381591],[121.5419661,25.0381886]]}},{"type":"Feature","properties":{"highway":"secondary","name":"仁愛路四段","osm_id":1545301351},"geometry":{"type":"LineString","coordinates":[[121.5619882,25.0375554],[121.5616263,25.0375643],[121.5615996,25.037565]]}},{"type":"Feature","properties":{"highway":"tertiary","name":"信義一號道路","osm_id":1545301352},"geometry":{"type":"LineString","coordinates":[[121.5619865,25.0373535],[121.5619864,25.0373747],[121.5619882,25.0375554]]}},{"type":"Feature","properties":{"highway":"secondary","name":"仁愛路四段","osm_id":1545307375},"geometry":{"type":"LineString","coordinates":[[121.5615996,25.037565],[121.5614823,25.0376847],[121.5613417,25.0376904],[121.5612655,25.0376924]]}},{"type":"Feature","properties":{"highway":"secondary","name":"仁愛路四段","osm_id":1545308081},"geometry":{"type":"LineString","coordinates":[[121.5615996,25.037565],[121.5615543,25.0375664],[121.5614341,25.0375703],[121.5613419,25.0375723],[121.561263,25.0375758]]}},{"type":"Feature","properties":{"highway":"secondary","name":"仁愛路四段","osm_id":1545308082},"geometry":{"type":"LineString","coordinates":[[121.5612655,25.0376924],[121.5606536,25.0377084]]}},{"type":"Feature","properties":{"highway":"primary","name":"忠孝東路四段","osm_id":1546881445},"geometry":{"type":"LineString","coordinates":[[121.5473385,25.041495],[121.5475951,25.0414883],[121.548333,25.0414733],[121.548374,25.0414721],[121.548434,25.0414704],[121.5484885,25.0414689],[121.5486159,25.0414665]]}},{"type":"Feature","properties":{"highway":"primary","name":"忠孝東路四段","osm_id":1546881446},"geometry":{"type":"LineString","coordinates":[[121.5473417,25.0416283],[121.547281,25.0416296],[121.5472095,25.0416319]]}},{"type":"Feature","properties":{"highway":"trunk","name":"基隆路高架道路","osm_id":1557528645},"geometry":{"type":"LineString","coordinates":[[121.5410924,25.0143967],[121.541547,25.0147946]]}}]}