{"type":"FeatureCollection","features":[{"type":"Feature","properties":{"kind":"water","osm_id":228940805,"name":"映池"},"geometry":{"type":"Polygon","coordinates":[[[121.5600407,25.0392414],[121.5601245,25.0392505],[121.5602184,25.0392517],[121.560328,25.0392483],[121.5604102,25.0392414],[121.5604906,25.0392276],[121.5604935,25.0392063],[121.5605111,25.0391885],[121.5605302,25.0391819],[121.5605631,25.0391789],[121.5605708,25.0391057],[121.5605672,25.0390092],[121.560554,25.0389365],[121.5605233,25.0389335],[121.5604972,25.0389255],[121.5604836,25.0389104],[121.5604779,25.0388881],[121.5603897,25.0388808],[121.5602977,25.0388799],[121.5602046,25.0388828],[121.5601229,25.0388884],[121.560028,25.038902],[121.5600221,25.0389268],[121.5600087,25.0389423],[121.5599879,25.0389513],[121.5599545,25.0389549],[121.559947,25.0390282],[121.5599506,25.0391248],[121.5599636,25.0391973],[121.5600017,25.0391998],[121.5600211,25.0392069],[121.5600355,25.0392209],[121.5600407,25.0392414]]]}},{"type":"Feature","properties":{"kind":"water","osm_id":236577317,"name":"圓山河"},"geometry":{"type":"Polygon","coordinates":[[[121.5349967,25.0683476],[121.5351415,25.0683404],[121.5351684,25.0683622],[121.535155,25.0684448],[121.5351576,25.068542],[121.535104,25.0686319],[121.5350772,25.0687339],[121.5350664,25.0688238],[121.5349404,25.0691567],[121.5347285,25.0697252],[121.5345797,25.070137],[121.5345447,25.0702439],[121.534526,25.0702925],[121.534522,25.070318],[121.5344549,25.0704128],[121.5344093,25.0704759],[121.53442,25.0705294],[121.5344039,25.0706217],[121.5343449,25.0707942],[121.5342296,25.071042],[121.5341599,25.0711489],[121.5341652,25.0712096],[121.5341411,25.0712728],[121.534133,25.0713991],[121.5340713,25.071489],[121.5338755,25.0719482],[121.5338702,25.0720842],[121.5338487,25.0721814],[121.5338353,25.0723005],[121.5338407,25.0723879],[121.5338729,25.0725094],[121.5338541,25.0727766],[121.5338299,25.0728568],[121.5338246,25.0729297],[121.5338165,25.0730779],[121.5338004,25.0731605],[121.5337683,25.0732723],[121.5338218,25.0735518],[121.5337707,25.073794],[121.5337743,25.0738414],[121.5337466,25.0739307],[121.5337475,25.0739787],[121.5335895,25.0739811],[121.5335756,25.0738523],[121.5335617,25.073763],[121.5335572,25.0736858],[121.53361,25.073299],[121.5336127,25.0731362],[121.5336529,25.072971],[121.5336422,25.0729273],[121.5336261,25.0728641],[121.5336207,25.0727839],[121.5336234,25.0724778],[121.5336154,25.072213],[121.5336449,25.0720624],[121.5336636,25.0719506],[121.5337227,25.0717854],[121.5338219,25.0715935],[121.5339372,25.0713238],[121.5339614,25.0711708],[121.5340848,25.0708185],[121.5345273,25.0695916],[121.5346078,25.0695381],[121.5349967,25.0683476]]]}},{"type":"Feature","properties":{"kind":"water","osm_id":243253799,"name":""},"geometry":{"type":"Polygon","coordinates":[[[121.5573345,25.0751863],[121.5573587,25.0752446],[121.557356,25.0753066],[121.5573547,25.0753661],[121.5573587,25.0754487],[121.5573721,25.0755155],[121.557411,25.075592],[121.5574767,25.0756661],[121.557533,25.0757014],[121.5575987,25.0757341],[121.5576832,25.0757524],[121.5577691,25.0757499],[121.5578455,25.0757256],[121.5579085,25.0756928],[121.5579984,25.0756127],[121.5580871,25.0755572],[121.5581741,25.0755301],[121.5582438,25.0755349],[121.5582921,25.0755483],[121.558386,25.0755629],[121.5584906,25.0755519],[121.5586059,25.0755641],[121.5586569,25.0755471],[121.5587561,25.0754985],[121.5588098,25.0754487],[121.5588594,25.0753965],[121.5588701,25.0753357],[121.5589036,25.0752167],[121.5589157,25.0751438],[121.5589573,25.0750904],[121.5589988,25.0749968],[121.5590297,25.0749446],[121.5590699,25.0749215],[121.5590927,25.0748936],[121.5591088,25.0748571],[121.55909,25.0748231],[121.5590847,25.0747964],[121.5590579,25.0747855],[121.5590391,25.0748146],[121.5589908,25.0748438],[121.5589318,25.0748559],[121.5588661,25.0748936],[121.55885,25.074913],[121.5588138,25.0748899],[121.5587655,25.0749094],[121.5587387,25.0748984],[121.5587065,25.0749239],[121.5586622,25.0749713],[121.5586327,25.0749592],[121.5586046,25.0749944],[121.5585804,25.0750041],[121.5585657,25.0750017],[121.5585415,25.0750296],[121.5584946,25.0750369],[121.5584235,25.0750952],[121.5583457,25.0751839],[121.5582706,25.0752981],[121.5581955,25.0753673],[121.5581526,25.0754098],[121.558107,25.0754329],[121.5580413,25.0754536],[121.5579957,25.0754633],[121.5579179,25.0754645],[121.5578388,25.0754487],[121.5577865,25.0754414],[121.557647,25.0753697],[121.5575545,25.0752969],[121.557478,25.0752434],[121.5574418,25.0751815],[121.557419,25.0751875],[121.5573935,25.0751608],[121.5573345,25.0751863]]]}},{"type":"Feature","properties":{"kind":"water","osm_id":244113501,"name":""},"geometry":{"type":"Polygon","coordinates":[[[121.5739467,25.0685351],[121.5739135,25.0685149],[121.5738747,25.0685059],[121.5738349,25.0685094],[121.5737986,25.0685248],[121.5737703,25.0685503],[121.5737383,25.0685383],[121.5737157,25.0685687],[121.5737054,25.0686041],[121.5737085,25.0686406],[121.5737247,25.0686742],[121.5737521,25.0687011],[121.5737449,25.0687324],[121.5737763,25.0687527],[121.5738136,25.068762],[121.573852,25.0687589],[121.573887,25.0687439],[121.573914,25.0687189],[121.5739552,25.0687271],[121.5739758,25.0686957],[121.5739841,25.0686599],[121.573979,25.0686236],[121.5739611,25.0685908],[121.5739324,25.0685651],[121.5739467,25.0685351]]]}},{"type":"Feature","properties":{"kind":"water","osm_id":259752953,"name":""},"geometry":{"type":"Polygon","coordinates":[[[121.5149111,25.0420561],[121.514905,25.0420851],[121.514909,25.0421145],[121.5149229,25.0421413],[121.5149453,25.0421629],[121.5149739,25.0421772],[121.515006,25.0421828],[121.5150419,25.0421781],[121.5150738,25.0421626],[121.515098,25.0421381],[121.5151115,25.0421077],[121.5151127,25.0420748],[121.5151014,25.0420436],[121.515079,25.0420178],[121.5150482,25.0420005],[121.5150128,25.0419937],[121.5149804,25.0419973],[121.5149508,25.0420099],[121.5149269,25.0420301],[121.5149111,25.0420561]]]}},{"type":"Feature","properties":{"kind":"water","osm_id":259909319,"name":""},"geometry":{"type":"Polygon","coordinates":[[[121.5318955,25.1024836],[121.5318813,25.1024728],[121.5318619,25.1024292],[121.5318281,25.1024201],[121.5318323,25.1023823],[121.5318477,25.1023738],[121.5321698,25.1023867],[121.5321708,25.1024622],[121.5321821,25.1024814],[121.5321724,25.1025766],[121.5320928,25.1025758],[121.5320932,25.1024939],[121.5318955,25.1024836]]]}},{"type":"Feature","properties":{"kind":"water","osm_id":262260689,"name":""},"geometry":{"type":"Polygon","coordinates":[[[121.5504177,25.1007102],[121.5502901,25.1005864],[121.5502785,25.1005316],[121.5503786,25.1004131],[121.5504495,25.1003831],[121.5505162,25.1004289],[121.5505233,25.1004979],[121.5504766,25.1005595],[121.5504441,25.1006116],[121.5504618,25.1006943],[121.5504485,25.1007055],[121.5504177,25.1007102]]]}},{"type":"Feature","properties":{"kind":"water","osm_id":262377513,"name":""},"geometry":{"type":"Polygon","coordinates":[[[121.550842,25.1024742],[121.5508608,25.1025437],[121.5508893,25.1025991],[121.5509031,25.1026433],[121.5510055,25.1026695],[121.5511428,25.1026359],[121.5511895,25.1026369],[121.5512799,25.1025843],[121.5513158,25.102571],[121.5513302,25.10255],[121.5512634,25.1024617],[121.5511104,25.1023917],[121.5510926,25.1023538],[121.5511206,25.1023176],[121.5511249,25.1022739],[121.5510436,25.1022996],[121.5509887,25.1022849],[121.5508912,25.1023125],[121.5508099,25.1022868],[121.550757,25.1022868],[121.5506716,25.1022573],[121.5505986,25.1022199],[121.5504754,25.1022705],[121.5504665,25.1022742],[121.55049,25.1022893],[121.5505765,25.1023076],[121.5506716,25.1024073],[121.5507306,25.1024322],[121.5508119,25.1024451],[121.550842,25.1024742]]]}},{"type":"Feature","properties":{"kind":"water","osm_id":262378401,"name":""},"geometry":{"type":"Polygon","coordinates":[[[121.5497741,25.1016164],[121.549772,25.1016349],[121.5497868,25.101638],[121.5498029,25.1016414],[121.5498129,25.1016004],[121.5498807,25.1016042],[121.5499179,25.1016508],[121.54998,25.1016711],[121.5500088,25.1016674],[121.5500349,25.1016472],[121.5500591,25.1015708],[121.5500715,25.1015478],[121.5501366,25.1014026],[121.5501864,25.1013488],[121.5502274,25.1013038],[121.550228,25.1012615],[121.5502216,25.1012139],[121.5501477,25.1011627],[121.550093,25.1011596],[121.5500483,25.1011789],[121.5500201,25.101208],[121.5499826,25.1012569],[121.550005,25.1012715],[121.5500067,25.1012851],[121.5499838,25.1013228],[121.5499558,25.1013073],[121.5499605,25.1013465],[121.5499393,25.1013619],[121.5498929,25.101382],[121.5498607,25.1014203],[121.5498472,25.1014617],[121.5498129,25.101564],[121.5497918,25.1015726],[121.5497741,25.1016164]]]}},{"type":"Feature","properties":{"kind":"water","osm_id":262378405,"name":"洗筆池"},"geometry":{"type":"Polygon","coordinates":[[[121.5499132,25.1011019],[121.5499251,25.1010853],[121.5499756,25.1010965],[121.5500408,25.101094],[121.5500768,25.1010781],[121.5500979,25.1010133],[121.5500952,25.100955],[121.5500613,25.100911],[121.5499717,25.1008888],[121.5499114,25.1008897],[121.5498577,25.1009372],[121.5498538,25.1009776],[121.5498879,25.101062],[121.5498728,25.101083],[121.5499132,25.1011019]]]}},{"type":"Feature","properties":{"kind":"water","osm_id":270790285,"name":"新北池"},"geometry":{"type":"Polygon","coordinates":[[[121.5403229,25.0348589],[121.5405197,25.0348513],[121.5405185,25.0349024],[121.5403253,25.0349045],[121.5403229,25.0348589]]]}},{"type":"Feature","properties":{"kind":"water","osm_id":313047446,"name":""},"geometry":{"type":"Polygon","coordinates":[[[121.5801551,25.0520078],[121.5801506,25.0520996],[121.5800842,25.0524095],[121.58004,25.0525481],[121.5798116,25.0524991],[121.5799463,25.0520706],[121.5799433,25.0519836],[121.5801551,25.0520078]]]}},{"type":"Feature","properties":{"kind":"water","osm_id":324899962,"name":""},"geometry":{"type":"Polygon","coordinates":[[[121.5221121,25.0671544],[121.5220918,25.0670728],[121.5221666,25.0670575],[121.5221869,25.0671392],[121.5221121,25.0671544]]]}},{"type":"Feature","properties":{"kind":"water","osm_id":324899971,"name":""},"geometry":{"type":"Polygon","coordinates":[[[121.5218087,25.0663657],[121.5218103,25.0663733],[121.5218092,25.066381],[121.5218054,25.0663879],[121.5217992,25.0663934],[121.5217913,25.0663968],[121.5217827,25.0663977],[121.5217742,25.066396],[121.5217668,25.0663918],[121.5217613,25.0663857],[121.5217584,25.0663783],[121.5217582,25.0663704],[121.521761,25.0663629],[121.5217663,25.0663567],[121.5217734,25.0663524],[121.5217816,25.0663504],[121.5217901,25.0663509],[121.521798,25.0663539],[121.5218044,25.066359],[121.5218087,25.0663657]]]}},{"type":"Feature","properties":{"kind":"water","osm_id":334134816,"name":""},"geometry":{"type":"Polygon","coordinates":[[[121.5239183,25.0789295],[121.5239757,25.0789639],[121.5240423,25.0789662],[121.5240689,25.0789937],[121.5240844,25.0790265],[121.5240736,25.0790663],[121.5241046,25.0791342],[121.524197,25.0791595],[121.5242675,25.0790082],[121.5242858,25.0787876],[121.524318,25.078631],[121.524346,25.078547],[121.5244119,25.0784781],[121.5245022,25.0784144],[121.5244899,25.0783067],[121.5243103,25.0782789],[121.5242735,25.0782861],[121.5242185,25.0782473],[121.5241434,25.0782959],[121.5240917,25.0782831],[121.5240207,25.0782874],[121.5239697,25.0782552],[121.523961,25.0782102],[121.5239127,25.0781884],[121.5238671,25.0782388],[121.5237999,25.0782432],[121.5237799,25.0782394],[121.5237739,25.0782697],[121.5237853,25.0782704],[121.5237739,25.0783135],[121.5237471,25.0783068],[121.5237417,25.0783372],[121.523766,25.0783438],[121.5237484,25.07841],[121.523786,25.0785364],[121.5237656,25.078593],[121.5238074,25.0786056],[121.5238509,25.0785896],[121.5239616,25.0785862],[121.5239856,25.0786013],[121.5239905,25.0786333],[121.5238597,25.0787168],[121.5238293,25.0787606],[121.5237477,25.0788182],[121.5236379,25.078782],[121.5236022,25.0788027],[121.5235546,25.0788036],[121.5235465,25.0788204],[121.5235534,25.0789171],[121.5235446,25.0789664],[121.52357,25.0790216],[121.5236106,25.0790637],[121.5236334,25.0791084],[121.5236755,25.0790717],[121.5237371,25.0790399],[121.5238034,25.0790252],[121.5238575,25.0789964],[121.5239183,25.0789295]]]}},{"type":"Feature","properties":{"kind":"water","osm_id":374905366,"name":"滯洪池"},"geometry":{"type":"Polygon","coordinates":[[[121.5131243,25.0971617],[121.5133718,25.0966774],[121.5133695,25.0966056],[121.513094,25.0965189],[121.5129959,25.0964322],[121.5129445,25.0963941],[121.5128815,25.0963708],[121.5128325,25.0963645],[121.5125779,25.0963581],[121.5124519,25.0963433],[121.5123211,25.0963222],[121.5122043,25.096282],[121.5120666,25.0962313],[121.5119872,25.0961826],[121.5118728,25.0961107],[121.5118027,25.0960494],[121.5117848,25.0960336],[121.5115212,25.096034],[121.511219,25.0962968],[121.511268,25.0963391],[121.5111731,25.0964196],[121.5112493,25.0964575],[121.5113661,25.0964681],[121.5114758,25.0964618],[121.5116113,25.0964195],[121.5121763,25.0966944],[121.5131243,25.0971617]]]}},{"type":"Feature","properties":{"kind":"water","osm_id":375825645,"name":"圓山河"},"geometry":{"type":"Polygon","coordinates":[[[121.5335486,25.0761481],[121.533889,25.0761399],[121.5338287,25.0744134],[121.5339489,25.0742657],[121.5343053,25.0741993],[121.534378,25.0741098],[121.5338108,25.0741244],[121.5335264,25.0741284],[121.5335073,25.0747011],[121.5336797,25.0760618],[121.5335486,25.0761481]]]}},{"type":"Feature","properties":{"kind":"water","osm_id":379326176,"name":""},"geometry":{"type":"Polygon","coordinates":[[[121.567807,25.0393044],[121.5678086,25.0392983],[121.5678096,25.0392844],[121.5678081,25.0392706],[121.5678072,25.0392676],[121.5680813,25.0392636],[121.5680831,25.0392805],[121.5680817,25.0393005],[121.567807,25.0393044]]]}},{"type":"Feature","properties":{"kind":"water","osm_id":379326177,"name":""},"geometry":{"type":"Polygon","coordinates":[[[121.5673515,25.0392742],[121.5676257,25.0392702],[121.5676249,25.0392732],[121.5676239,25.0392871],[121.5676254,25.0393009],[121.5676272,25.039307],[121.5673525,25.039311],[121.5673503,25.0392911],[121.5673515,25.0392742]]]}},{"type":"Feature","properties":{"kind":"water","osm_id":379326179,"name":""},"geometry":{"type":"Polygon","coordinates":[[[121.5677449,25.0392854],[121.5677446,25.0392896],[121.5677435,25.0392937],[121.5677417,25.0392976],[121.5677393,25.0393011],[121.5677362,25.0393043],[121.5677325,25.0393069],[121.5677285,25.039309],[121.5677241,25.0393104],[121.5677195,25.0393112],[121.5677148,25.0393113],[121.5677102,25.0393106],[121.5677058,25.0393093],[121.5677017,25.0393074],[121.5676979,25.0393048],[121.5676947,25.0393018],[121.5676921,25.0392983],[121.5676902,25.0392944],[121.567689,25.0392904],[121.5676885,25.0392862],[121.5676888,25.039282],[121.5676899,25.0392779],[121.5676917,25.039274],[121.5676942,25.0392704],[121.5676973,25.0392672],[121.5677009,25.0392646],[121.567705,25.0392625],[121.5677094,25.0392611],[121.5677139,25.0392603],[121.5677186,25.0392603],[121.5677232,25.0392609],[121.5677276,25.0392622],[121.5677318,25.0392641],[121.5677355,25.0392667],[121.5677387,25.0392697],[121.5677413,25.0392732],[121.5677432,25.0392771],[121.5677445,25.0392812],[121.5677449,25.0392854]]]}},{"type":"Feature","properties":{"kind":"water","osm_id":404846551,"name":"鏡面水池"},"geometry":{"type":"Polygon","coordinates":[[[121.5380271,25.0986113],[121.538129,25.0986337],[121.5382007,25.0986301],[121.538255,25.0986143],[121.5383,25.0985888],[121.5383188,25.0985652],[121.5383235,25.0985398],[121.538314,25.0985038],[121.5382973,25.0984759],[121.5382644,25.0984479],[121.5382135,25.0984279],[121.5381565,25.0984249],[121.5381035,25.0984371],[121.5379949,25.0984735],[121.5380271,25.0986113]]]}},{"type":"Feature","properties":{"kind":"water","osm_id":443318129,"name":""},"geometry":{"type":"Polygon","coordinates":[[[121.5415304,25.0810696],[121.5415679,25.0810307],[121.5416591,25.0810162],[121.5418308,25.0811182],[121.5419086,25.0811498],[121.5420829,25.0811571],[121.5422036,25.0812032],[121.542276,25.0812907],[121.5423833,25.0813417],[121.5423967,25.0813781],[121.5423753,25.0814753],[121.5422894,25.0815312],[121.5421929,25.0815263],[121.5420561,25.081485],[121.541804,25.0814777],[121.5417289,25.0814389],[121.5415974,25.0814024],[121.5415304,25.081383],[121.5415062,25.0812324],[121.5415076,25.0811097],[121.5415304,25.0810696]]]}},{"type":"Feature","properties":{"kind":"water","osm_id":448227617,"name":""},"geometry":{"type":"Polygon","coordinates":[[[121.5297148,25.0457239],[121.5297204,25.0457424],[121.5297264,25.0457549],[121.5297351,25.0457626],[121.5297477,25.0457673],[121.5297626,25.0457704],[121.5298179,25.0457755],[121.5298833,25.0457777],[121.529883,25.0457685],[121.5299388,25.0457693],[121.5299391,25.0457745],[121.5299601,25.0457731],[121.5299802,25.0457673],[121.5299923,25.045761],[121.5299995,25.0457552],[121.5300067,25.0457452],[121.5300127,25.0457321],[121.5300147,25.0457251],[121.5300151,25.0457154],[121.5300134,25.0457057],[121.5300097,25.045699],[121.5300027,25.045693],[121.5299817,25.0456893],[121.5297379,25.0456855],[121.5297309,25.0456864],[121.5297252,25.0456891],[121.5297204,25.0456935],[121.5297178,25.0456999],[121.5297158,25.0457114],[121.5297148,25.0457239]]]}},{"type":"Feature","properties":{"kind":"water","osm_id":452032772,"name":""},"geometry":{"type":"Polygon","coordinates":[[[121.5283917,25.0457787],[121.5283828,25.0457831],[121.5283739,25.0457831],[121.5283677,25.0457824],[121.5283585,25.0457795],[121.5283481,25.0457711],[121.5283409,25.04576],[121.528339,25.0457508],[121.528341,25.0457345],[121.5283444,25.0457038],[121.5283491,25.0456999],[121.5283541,25.0456893],[121.5283588,25.0456843],[121.5283786,25.0456799],[121.5284104,25.0456783],[121.528443,25.0456782],[121.5285365,25.0456902],[121.5285894,25.0456978],[121.5286247,25.0457029],[121.5287065,25.0457157],[121.5287531,25.0457278],[121.5287708,25.0457333],[121.5287823,25.0457393],[121.5287896,25.0457467],[121.528791,25.0457607],[121.5287809,25.0457986],[121.5287752,25.045808],[121.5287618,25.0458093],[121.5287504,25.0458088],[121.5287253,25.0458038],[121.528608,25.0457809],[121.5285776,25.0457778],[121.5285521,25.0457772],[121.5285284,25.0457777],[121.528516,25.0457793],[121.5285028,25.0457816],[121.5284919,25.0457816],[121.5284787,25.0457799],[121.5284636,25.0457777],[121.5283917,25.0457787]]]}},{"type":"Feature","properties":{"kind":"water","osm_id":461351881,"name":""},"geometry":{"type":"Polygon","coordinates":[[[121.5198723,25.0476235],[121.5198888,25.0476429],[121.5198958,25.0476675],[121.5198948,25.0476976],[121.5198894,25.0477274],[121.519877,25.0477538],[121.5198636,25.0477666],[121.5198277,25.0477699],[121.5197976,25.0477663],[121.5197654,25.0477517],[121.5197546,25.0477274],[121.5197489,25.0477019],[121.5197567,25.0476757],[121.5197744,25.0476411],[121.5198009,25.0476156],[121.5198186,25.0475907],[121.5198274,25.0475686],[121.5198357,25.0475494],[121.5198331,25.0475339],[121.5198374,25.0475175],[121.5198565,25.0475102],[121.5198974,25.0475111],[121.5199323,25.0475151],[121.5199491,25.0475187],[121.5199504,25.0475306],[121.5199474,25.0475512],[121.5199531,25.0475686],[121.5199377,25.0475813],[121.5199236,25.0475853],[121.5198947,25.0475862],[121.5198743,25.0475968],[121.5198723,25.0476235]]]}},{"type":"Feature","properties":{"kind":"water","osm_id":462460494,"name":"水池"},"geometry":{"type":"Polygon","coordinates":[[[121.5155744,25.0580322],[121.5156334,25.058082],[121.5156843,25.0581051],[121.5156999,25.0581106],[121.5157326,25.058116],[121.515801,25.0581233],[121.5158694,25.0581136],[121.5157092,25.0580693],[121.5155744,25.0580322]]]}},{"type":"Feature","properties":{"kind":"water","osm_id":462702683,"name":""},"geometry":{"type":"Polygon","coordinates":[[[121.5679925,25.0384164],[121.567993,25.0384251],[121.5679902,25.0384335],[121.5679845,25.0384405],[121.5679765,25.0384454],[121.5679671,25.0384475],[121.5679575,25.0384467],[121.5679488,25.0384431],[121.5679423,25.0384375],[121.5679381,25.0384304],[121.5679366,25.0384225],[121.5679378,25.0384145],[121.5679416,25.0384073],[121.5679478,25.0384015],[121.5679557,25.0383977],[121.5679644,25.0383963],[121.5679739,25.0383976],[121.5679824,25.0384018],[121.5679889,25.0384083],[121.5679925,25.0384164]]]}},{"type":"Feature","properties":{"kind":"water","osm_id":484330232,"name":"希望之泉"},"geometry":{"type":"Polygon","coordinates":[[[121.5351711,25.0759591],[121.5351745,25.0759266],[121.5351725,25.0759014],[121.535165,25.0758608],[121.5351483,25.0758225],[121.5351279,25.0757938],[121.5351024,25.0757687],[121.5350683,25.0757457],[121.5350299,25.0757292],[121.5350148,25.0757176],[121.5350074,25.0756901],[121.5350048,25.075653],[121.5350034,25.075606],[121.5350076,25.0755646],[121.5350154,25.0755366],[121.5350287,25.0755005],[121.5350501,25.0754626],[121.5350731,25.0754253],[121.5350977,25.0753965],[121.5351228,25.0753736],[121.5351369,25.0753639],[121.5351756,25.0753597],[121.5352097,25.0753607],[121.5352374,25.0753631],[121.5352649,25.0753597],[121.535297,25.0753477],[121.535324,25.0753279],[121.5353436,25.0753024],[121.5353544,25.0752729],[121.5353564,25.0752511],[121.5353535,25.0752293],[121.5353474,25.0752057],[121.5353723,25.0751949],[121.5353921,25.0751796],[121.5354068,25.0751596],[121.5354129,25.0751324],[121.535415,25.0751079],[121.5354145,25.075093],[121.5354456,25.0750826],[121.5354829,25.0750745],[121.5355259,25.0750677],[121.5355708,25.0750659],[121.5355718,25.0750864],[121.5355926,25.0750862],[121.5356135,25.0750859],[121.5356131,25.075065],[121.5356538,25.0750642],[121.5356934,25.0750674],[121.5357336,25.0750715],[121.5357707,25.075078],[121.5357711,25.0750982],[121.5357749,25.0751183],[121.5357795,25.0751353],[121.5357879,25.0751518],[121.5357978,25.0751653],[121.5358118,25.0751773],[121.5358278,25.075189],[121.535842,25.0751931],[121.5358381,25.0752214],[121.5358414,25.0752497],[121.5358499,25.075273],[121.5358633,25.0752943],[121.5358881,25.0753186],[121.5359191,25.0753361],[121.535952,25.0753453],[121.5359864,25.0753468],[121.5360202,25.0753404],[121.5360513,25.0753267],[121.5361035,25.075367],[121.5361527,25.0754187],[121.5361846,25.0754751],[121.5362069,25.0755239],[121.5362239,25.0755803],[121.5362279,25.0756347],[121.5362263,25.0756989],[121.536179,25.0757178],[121.5361379,25.0757461],[121.5361119,25.0757733],[121.5360918,25.0758044],[121.5360776,25.0758401],[121.5360711,25.0758776],[121.5360772,25.075938],[121.53572,25.0759493],[121.5356996,25.0759338],[121.535675,25.0759224],[121.5356473,25.0759156],[121.5356204,25.0759125],[121.5355937,25.0759168],[121.5355725,25.0759222],[121.5355549,25.0759313],[121.5355407,25.0759436],[121.5355298,25.0759531],[121.5351711,25.0759591]]]}},{"type":"Feature","properties":{"kind":"water","osm_id":502011543,"name":""},"geometry":{"type":"Polygon","coordinates":[[[121.5186291,25.0817832],[121.5182429,25.0814941],[121.5184146,25.0812876],[121.518495,25.0813435],[121.518723,25.0817006],[121.5186291,25.0817832]]]}},{"type":"Feature","properties":{"kind":"water","osm_id":506584775,"name":""},"geometry":{"type":"Polygon","coordinates":[[[121.5679499,25.0388788],[121.5677796,25.038882],[121.5677803,25.0389136],[121.5679506,25.0389105],[121.5679499,25.0388788]]]}},{"type":"Feature","properties":{"kind":"water","osm_id":520937439,"name":""},"geometry":{"type":"Polygon","coordinates":[[[121.5379806,25.0633077],[121.5380096,25.0633057],[121.5380425,25.0633023],[121.5380712,25.0632997],[121.5380999,25.0633059],[121.5381151,25.0633276],[121.5381239,25.0633612],[121.5381391,25.0633948],[121.5381663,25.0634146],[121.5382037,25.0634239],[121.5382349,25.0634053],[121.5382537,25.0633672],[121.5382389,25.0633287],[121.5382133,25.0633098],[121.5381784,25.0633019],[121.5381479,25.0632822],[121.5381064,25.0632525],[121.5380894,25.0632318],[121.5380685,25.0631988],[121.5380365,25.0631602],[121.5380388,25.0631082],[121.5380349,25.0630836],[121.5380098,25.0630513],[121.5379758,25.0630448],[121.5379477,25.0630628],[121.5379331,25.063085],[121.5379362,25.0631082],[121.5379624,25.063128],[121.537982,25.0631576],[121.5379864,25.0632011],[121.5379859,25.0632276],[121.5379712,25.0632532],[121.5379575,25.0632695],[121.5379614,25.0632946],[121.5379806,25.0633077]]]}},{"type":"Feature","properties":{"kind":"water","osm_id":529298440,"name":"夢想海"},"geometry":{"type":"Polygon","coordinates":[[[121.5157514,25.0974614],[121.5157869,25.0974462],[121.5158131,25.0974395],[121.5158446,25.0974438],[121.5158681,25.097465],[121.5158788,25.0974978],[121.5158741,25.0975142],[121.5158627,25.0975361],[121.5158426,25.0975421],[121.5158225,25.0975427],[121.5158077,25.0975403],[121.5157869,25.0975373],[121.5157514,25.0975367],[121.5157239,25.0975373],[121.5157071,25.0975397],[121.515685,25.097547],[121.5156723,25.0975628],[121.5156582,25.097584],[121.5156468,25.0976126],[121.5156408,25.0976393],[121.5156448,25.0976563],[121.5156488,25.0976782],[121.5156434,25.0976897],[121.5156186,25.0977006],[121.5155905,25.0977006],[121.515571,25.0976867],[121.5155429,25.0976302],[121.5155227,25.0976059],[121.515508,25.097578],[121.5154691,25.0975682],[121.5154302,25.0975573],[121.51539,25.0975537],[121.5154114,25.0975209],[121.5154181,25.0974917],[121.5154208,25.097465],[121.5154289,25.0974359],[121.5154584,25.0974019],[121.5154865,25.0973849],[121.515512,25.0973739],[121.5155791,25.0973618],[121.5156166,25.0973764],[121.5156716,25.0974031],[121.515681,25.0974322],[121.5157011,25.0974541],[121.5157373,25.0974626],[121.5157514,25.0974614]]]}},{"type":"Feature","properties":{"kind":"water","osm_id":551761997,"name":""},"geometry":{"type":"Polygon","coordinates":[[[121.5320084,25.0932444],[121.5320377,25.0932492],[121.5320565,25.0932312],[121.532068,25.0932141],[121.5320983,25.0932066],[121.5321275,25.0931952],[121.5321327,25.0931858],[121.5321338,25.093163],[121.5321265,25.0931479],[121.5321265,25.0931328],[121.5321223,25.0931157],[121.5321432,25.0930987],[121.5321589,25.0930798],[121.532162,25.093059],[121.5321641,25.0930296],[121.5321474,25.0929984],[121.532138,25.0929766],[121.532115,25.0929624],[121.5320502,25.0929568],[121.532046,25.0929889],[121.5320345,25.0930107],[121.5319917,25.0930694],[121.5319885,25.0930911],[121.5320032,25.0931375],[121.5320094,25.0931593],[121.5319875,25.0931981],[121.5319938,25.0932198],[121.5320084,25.0932444]]]}},{"type":"Feature","properties":{"kind":"water","osm_id":551762002,"name":""},"geometry":{"type":"Polygon","coordinates":[[[121.5316465,25.0923869],[121.5316012,25.0923911],[121.5315769,25.0924475],[121.5316119,25.0925431],[121.5316599,25.092569],[121.5317274,25.0926012],[121.5317707,25.0926353],[121.5318589,25.0926541],[121.5318564,25.0926434],[121.5318568,25.0926232],[121.5318594,25.0926073],[121.531861,25.092589],[121.5318096,25.0925617],[121.5316511,25.0924472],[121.5316465,25.0923869]]]}},{"type":"Feature","properties":{"kind":"water","osm_id":570145865,"name":""},"geometry":{"type":"Polygon","coordinates":[[[121.5140048,25.0390168],[121.5139955,25.0390489],[121.5140417,25.0390768],[121.514128,25.0390754],[121.5142097,25.0390517],[121.5142851,25.0390461],[121.5143745,25.039028],[121.5144346,25.0390042],[121.5144608,25.0389665],[121.5144654,25.0389107],[121.5144299,25.0388968],[121.5143652,25.0389009],[121.5142898,25.0389456],[121.5141819,25.0389526],[121.5140941,25.0389512],[121.514014,25.0389721],[121.5140048,25.0390168]]]}},{"type":"Feature","properties":{"kind":"water","osm_id":570145867,"name":""},"geometry":{"type":"Polygon","coordinates":[[[121.5140487,25.0391968],[121.5140826,25.0392638],[121.5141165,25.039282],[121.5141657,25.0392806],[121.5142107,25.0392992],[121.5142744,25.0393093],[121.5143474,25.0393097],[121.5144142,25.0392852],[121.5144392,25.0392454],[121.5144473,25.0392007],[121.5144296,25.0391616],[121.5144011,25.0391786],[121.5143794,25.0392483],[121.5143394,25.039262],[121.5142823,25.0392718],[121.514202,25.039248],[121.5141812,25.039201],[121.5141282,25.0391645],[121.5140653,25.0391581],[121.5140487,25.0391968]]]}},{"type":"Feature","properties":{"kind":"water","osm_id":587073529,"name":"博物館内水池"},"geometry":{"type":"Polygon","coordinates":[[[121.5482507,25.1019406],[121.5482769,25.101896],[121.5483693,25.1019351],[121.5483447,25.1019797],[121.5482507,25.1019406]]]}},{"type":"Feature","properties":{"kind":"water","osm_id":587073531,"name":"博物館内水池"},"geometry":{"type":"Polygon","coordinates":[[[121.5489098,25.1022159],[121.5489322,25.1021699],[121.5490176,25.1022104],[121.5489911,25.1022546],[121.5489098,25.1022159]]]}},{"type":"Feature","properties":{"kind":"water","osm_id":593850363,"name":"蓮花池"},"geometry":{"type":"Polygon","coordinates":[[[121.5217373,25.0669963],[121.521745,25.0670025],[121.5217547,25.0670059],[121.521765,25.0670062],[121.5217748,25.0670032],[121.5217823,25.0669981],[121.5217877,25.0669911],[121.5217904,25.066983],[121.5217903,25.0669744],[121.5217872,25.0669664],[121.5217815,25.0669596],[121.5217738,25.0669547],[121.5217648,25.0669522],[121.5217554,25.0669524],[121.5217457,25.0669556],[121.5217377,25.0669616],[121.5217325,25.0669697],[121.5217306,25.0669789],[121.5217323,25.0669881],[121.5217373,25.0669963]]]}},{"type":"Feature","properties":{"kind":"water","osm_id":594379523,"name":""},"geometry":{"type":"Polygon","coordinates":[[[121.5735241,25.0611615],[121.573661,25.0611829],[121.5736626,25.0611723],[121.573783,25.0611897],[121.573781,25.0612008],[121.5738226,25.0612042],[121.5738635,25.0612045],[121.5738863,25.0612029],[121.5739158,25.0611923],[121.5739429,25.0611787],[121.5739741,25.0611583],[121.5740154,25.0611316],[121.5740499,25.0611058],[121.5740806,25.0610789],[121.5740992,25.0610569],[121.5741123,25.061038],[121.5741233,25.0610168],[121.5741354,25.0609894],[121.5741424,25.0609621],[121.5741488,25.0609324],[121.574137,25.0609313],[121.5741491,25.0608379],[121.5741639,25.0608394],[121.5741695,25.0607945],[121.5740022,25.0606673],[121.5738695,25.0606496],[121.5738682,25.0606593],[121.5737703,25.0606465],[121.5737716,25.0606371],[121.5736129,25.0606169],[121.5735241,25.0611615]]]}},{"type":"Feature","properties":{"kind":"water","osm_id":600027293,"name":""},"geometry":{"type":"Polygon","coordinates":[[[121.55562,25.0779213],[121.5556354,25.0782742],[121.555717,25.0783342],[121.5560344,25.078323],[121.5560852,25.0782589],[121.5560726,25.0779027],[121.55562,25.0779213]]]}},{"type":"Feature","properties":{"kind":"water","osm_id":654120365,"name":""},"geometry":{"type":"Polygon","coordinates":[[[121.5291205,25.0904762],[121.5291562,25.0905234],[121.5291015,25.0905734],[121.5290386,25.0905354],[121.5290106,25.0904613],[121.5290001,25.0904148],[121.5289329,25.090346],[121.5289241,25.0902971],[121.5289319,25.0902268],[121.5288352,25.0901427],[121.528805,25.0900654],[121.5288248,25.0900204],[121.5288701,25.0900637],[121.5288969,25.0901093],[121.5289546,25.0901621],[121.528999,25.0902361],[121.5291511,25.0902996],[121.5291963,25.0903711],[121.5291205,25.0904762]]]}},{"type":"Feature","properties":{"kind":"water","osm_id":654172075,"name":""},"geometry":{"type":"Polygon","coordinates":[[[121.5297155,25.096395],[121.5296977,25.0963802],[121.5296967,25.096358],[121.5297083,25.0963428],[121.5297302,25.0963385],[121.5297487,25.0963539],[121.5297501,25.0963719],[121.5297389,25.0963893],[121.5297155,25.096395]]]}},{"type":"Feature","properties":{"kind":"water","osm_id":656699544,"name":""},"geometry":{"type":"Polygon","coordinates":[[[121.529589,25.0966623],[121.5296138,25.0966627],[121.5296296,25.0966516],[121.5296385,25.0966351],[121.5296396,25.0966223],[121.5296403,25.0966136],[121.5296421,25.0965898],[121.5296357,25.0965692],[121.5296189,25.0965571],[121.5295964,25.0965554],[121.5295773,25.0965645],[121.5295678,25.0965854],[121.5295651,25.0966328],[121.5295741,25.0966542],[121.529589,25.0966623]]]}},{"type":"Feature","properties":{"kind":"water","osm_id":659653094,"name":""},"geometry":{"type":"Polygon","coordinates":[[[121.5167049,25.0980245],[121.5167498,25.0980437],[121.5168017,25.0980252],[121.51675,25.0979459],[121.5167915,25.0978435],[121.5168605,25.0978002],[121.516901,25.0977823],[121.5169107,25.0977464],[121.5168823,25.0977246],[121.5168457,25.0977377],[121.5168165,25.0977776],[121.5167432,25.0977563],[121.5166518,25.0977889],[121.516649,25.0978346],[121.5166323,25.0978872],[121.5166347,25.0979389],[121.5167082,25.0979731],[121.5167204,25.0979897],[121.5167049,25.0980245]]]}},{"type":"Feature","properties":{"kind":"water","osm_id":664765627,"name":""},"geometry":{"type":"Polygon","coordinates":[[[121.5303519,25.0918691],[121.5303807,25.0918729],[121.5303882,25.0918553],[121.530378,25.0918391],[121.5303513,25.0918383],[121.5303339,25.0918405],[121.5303053,25.0918454],[121.5302952,25.0918457],[121.5302935,25.0918558],[121.5303062,25.0918571],[121.530339,25.0918642],[121.5303519,25.0918691]]]}},{"type":"Feature","properties":{"kind":"water","osm_id":664765634,"name":""},"geometry":{"type":"Polygon","coordinates":[[[121.5318751,25.0926544],[121.5318634,25.0926434],[121.5318626,25.0926283],[121.5318657,25.0926143],[121.5318812,25.0926094],[121.5318968,25.0926136],[121.5319025,25.0926311],[121.5318949,25.092651],[121.5318751,25.0926544]]]}},{"type":"Feature","properties":{"kind":"water","osm_id":666277936,"name":""},"geometry":{"type":"Polygon","coordinates":[[[121.5309609,25.0934491],[121.5309332,25.0934276],[121.5309421,25.093408],[121.5309747,25.09342],[121.5310186,25.0934044],[121.5310388,25.0934272],[121.5310294,25.0934491],[121.530984,25.0934438],[121.5309609,25.0934491]]]}},{"type":"Feature","properties":{"kind":"water","osm_id":666277937,"name":""},"geometry":{"type":"Polygon","coordinates":[[[121.5304569,25.0936059],[121.5304287,25.0935905],[121.5303933,25.0936006],[121.5303858,25.0935583],[121.530413,25.0935145],[121.5304378,25.0935403],[121.5304717,25.0935277],[121.5304777,25.0935709],[121.5304569,25.0936059]]]}},{"type":"Feature","properties":{"kind":"water","osm_id":666277941,"name":""},"geometry":{"type":"Polygon","coordinates":[[[121.5314286,25.0930857],[121.5314612,25.0930966],[121.5314829,25.0930803],[121.5314732,25.0930528],[121.5314714,25.0930142],[121.5314806,25.0929905],[121.5315312,25.092971],[121.5315221,25.0929522],[121.5314839,25.0929498],[121.5314812,25.0929741],[121.5314599,25.0929917],[121.5314621,25.093016],[121.5314411,25.0930268],[121.5314361,25.0930416],[121.5314286,25.0930857]]]}},{"type":"Feature","properties":{"kind":"water","osm_id":734354382,"name":"生態池"},"geometry":{"type":"Polygon","coordinates":[[[121.5187874,25.0760697],[121.518803,25.0760617],[121.518815,25.0760497],[121.5188222,25.0760349],[121.5188239,25.0760187],[121.5188199,25.0760029],[121.5188106,25.0759891],[121.518797,25.0759786],[121.5187804,25.0759725],[121.5187625,25.0759714],[121.5187442,25.075976],[121.5187286,25.0759858],[121.5187175,25.0759997],[121.5187122,25.0760163],[121.5187132,25.0760334],[121.5187206,25.0760493],[121.5187333,25.076062],[121.51875,25.0760702],[121.5187688,25.0760729],[121.5187874,25.0760697]]]}},{"type":"Feature","properties":{"kind":"water","osm_id":773559108,"name":""},"geometry":{"type":"Polygon","coordinates":[[[121.5465663,25.0991538],[121.546421,25.0988851],[121.5463899,25.0988046],[121.5463468,25.0988243],[121.5463836,25.0988993],[121.546405,25.0989764],[121.546365,25.0989979],[121.5463789,25.099165],[121.5464241,25.0991668],[121.5464412,25.0991935],[121.5464146,25.0992245],[121.5464626,25.0992912],[121.5464821,25.0992653],[121.5465372,25.0991923],[121.5465663,25.0991538]]]}},{"type":"Feature","properties":{"kind":"water","osm_id":787144075,"name":""},"geometry":{"type":"Polygon","coordinates":[[[121.5262315,25.1016665],[121.5262201,25.1016567],[121.5262502,25.101579],[121.5262844,25.1015432],[121.5263039,25.1015213],[121.5263139,25.1014934],[121.5263233,25.1014816],[121.5263429,25.1014807],[121.5263475,25.1014904],[121.5263347,25.1015074],[121.526324,25.1015402],[121.5263019,25.1015602],[121.5262811,25.1015839],[121.5262482,25.101664],[121.5262315,25.1016665]]]}},{"type":"Feature","properties":{"kind":"water","osm_id":788104042,"name":"水車生態池"},"geometry":{"type":"Polygon","coordinates":[[[121.5402534,25.0977413],[121.5401575,25.0977996],[121.5401293,25.0978033],[121.5400992,25.0977911],[121.5400831,25.0977674],[121.5400911,25.097745],[121.5402205,25.0976527],[121.5402487,25.0976448],[121.5403949,25.097635],[121.5404197,25.0976496],[121.5404297,25.0976733],[121.5404136,25.0977024],[121.5403848,25.0977182],[121.5403419,25.0977304],[121.5402755,25.0977346],[121.5402534,25.0977413]]]}},{"type":"Feature","properties":{"kind":"water","osm_id":788104054,"name":"荷花池"},"geometry":{"type":"Polygon","coordinates":[[[121.5376537,25.098869],[121.5376806,25.0988497],[121.5377117,25.0988365],[121.5377452,25.0988299],[121.5377795,25.0988304],[121.5378128,25.0988379],[121.5378434,25.098852],[121.5376463,25.099056],[121.5376252,25.0990276],[121.5376125,25.0989953],[121.5376091,25.0989611],[121.5376152,25.0989273],[121.5376304,25.0988959],[121.5376537,25.098869]]]}},{"type":"Feature","properties":{"kind":"water","osm_id":797027309,"name":"磺溪"},"geometry":{"type":"Polygon","coordinates":[[[121.5259894,25.1230041],[121.526173,25.1228731],[121.525984,25.1226934],[121.5257614,25.1220353],[121.5256689,25.1217742],[121.5255978,25.1214792],[121.5256085,25.1212812],[121.5256528,25.1211513],[121.5257949,25.1208599],[121.525807,25.1207512],[121.5257902,25.1205818],[121.5256575,25.1203693],[121.5255529,25.1202503],[121.5254469,25.1202151],[121.5250379,25.1201763],[121.5247107,25.1199188],[121.5244089,25.1194016],[121.5241534,25.118656],[121.5240441,25.1185315],[121.5238953,25.1183099],[121.5238731,25.118214],[121.5236257,25.117769],[121.5235774,25.1176147],[121.5235714,25.1174885],[121.5235962,25.1173482],[121.5236438,25.1172438],[121.5237236,25.1171345],[121.5238041,25.1170483],[121.524877,25.1162353],[121.5249655,25.1161533],[121.5250453,25.1160459],[121.5250969,25.1159384],[121.5251297,25.1158036],[121.5251418,25.1156931],[121.5250754,25.1148467],[121.5250808,25.1147387],[121.5251002,25.1146002],[121.5251385,25.1144934],[121.5258332,25.1129913],[121.5258607,25.1128492],[121.525858,25.1127186],[121.5258271,25.1125869],[121.5254489,25.1116233],[121.5253812,25.1115237],[121.5252947,25.1114241],[121.5251586,25.1113227],[121.5250707,25.1112699],[121.5249936,25.1112317],[121.5249299,25.1112165],[121.5229981,25.1109414],[121.5229196,25.1109202],[121.5228324,25.1108856],[121.5227587,25.1108382],[121.5227057,25.1107824],[121.5226695,25.1107089],[121.52265,25.11063],[121.5226299,25.1097787],[121.5226038,25.1096573],[121.5225669,25.1095692],[121.5224864,25.1094453],[121.5224227,25.1093682],[121.522351,25.10933],[121.5214008,25.1089839],[121.5213049,25.108928],[121.5212184,25.1088515],[121.5211675,25.1087781],[121.5211494,25.1087015],[121.5211554,25.1086038],[121.5213639,25.1070791],[121.5213626,25.1070087],[121.5213378,25.1068958],[121.5213042,25.1067852],[121.5212949,25.1066219],[121.521209,25.1064798],[121.5210588,25.1063347],[121.519935,25.1041955],[121.5199578,25.1041822],[121.5199812,25.1041269],[121.5199015,25.104031],[121.5194113,25.1037699],[121.5187991,25.1035743],[121.5187293,25.1035434],[121.518671,25.1035003],[121.5186187,25.1034426],[121.5185972,25.1033952],[121.518553,25.1033667],[121.5181795,25.1024625],[121.5181473,25.1024704],[121.5179703,25.1020429],[121.5180004,25.1020314],[121.517694,25.1012955],[121.5176672,25.1011977],[121.5176652,25.101086],[121.5176859,25.1009675],[121.5178087,25.1006767],[121.5178328,25.1005814],[121.5178348,25.100469],[121.5178087,25.1003482],[121.5177483,25.1002377],[121.5176055,25.1000543],[121.5174236,25.0997273],[121.5173024,25.0997393],[121.5174627,25.1000415],[121.5176457,25.1003057],[121.5176893,25.100398],[121.5177101,25.1004854],[121.5177041,25.1005753],[121.5176846,25.1006585],[121.5175766,25.1009153],[121.5175505,25.1009961],[121.5175438,25.1011036],[121.5175471,25.1011831],[121.5175646,25.1012712],[121.5179401,25.1021838],[121.5179166,25.1022421],[121.5179347,25.1023034],[121.517987,25.1023053],[121.5184477,25.1033885],[121.5185,25.1034875],[121.5185489,25.1035531],[121.5186187,25.1036102],[121.5187401,25.1036745],[121.5187675,25.1036946],[121.5187743,25.1037201],[121.5187642,25.1037407],[121.519363,25.1040061],[121.5193845,25.1039739],[121.5198505,25.1041724],[121.5198686,25.1041973],[121.5198726,25.1042866],[121.5199115,25.1042969],[121.519935,25.1042878],[121.5210387,25.1064027],[121.5211091,25.1066899],[121.5212627,25.1069777],[121.5212721,25.1070573],[121.5210588,25.1086117],[121.5210622,25.1087155],[121.521097,25.1088206],[121.5211634,25.1089165],[121.5212439,25.1089887],[121.5213398,25.1090501],[121.5222497,25.1093682],[121.5223597,25.1094277],[121.5224496,25.1094945],[121.5225173,25.1095917],[121.5225535,25.1096961],[121.5225656,25.1097769],[121.5225776,25.1105984],[121.5225964,25.1106834],[121.522634,25.1107641],[121.522691,25.1108467],[121.5227801,25.1109159],[121.5228754,25.1109639],[121.5229719,25.1109955],[121.5248515,25.1112985],[121.5249681,25.1113385],[121.5251358,25.1114272],[121.5252323,25.1114964],[121.5253423,25.1116324],[121.5257581,25.1126318],[121.5257889,25.1127265],[121.5257902,25.112854],[121.5257802,25.1129299],[121.5250486,25.1144588],[121.5249977,25.1146057],[121.5249809,25.1147751],[121.5249829,25.1148905],[121.5250593,25.1157168],[121.5250473,25.1158315],[121.5250064,25.1159603],[121.5249541,25.1160441],[121.5248944,25.1161157],[121.5237216,25.1169542],[121.5236358,25.1170556],[121.5235519,25.1172019],[121.5234996,25.117316],[121.5234768,25.1174678],[121.5234782,25.1176208],[121.5235171,25.1177605],[121.5235888,25.1179226],[121.5237578,25.1182358],[121.5238181,25.1183117],[121.5238919,25.1184307],[121.5239342,25.1185673],[121.5239918,25.1187361],[121.5240723,25.1188223],[121.524317,25.1195363],[121.5244538,25.1197998],[121.5245973,25.119999],[121.5247609,25.1201744],[121.5250292,25.1203347],[121.5251237,25.1203463],[121.5253638,25.120393],[121.52552,25.1204555],[121.5256139,25.1205314],[121.5256923,25.1206699],[121.5256756,25.1208204],[121.5255817,25.1210493],[121.5255006,25.1212381],[121.5255012,25.1214676],[121.5255307,25.121657],[121.5259042,25.122691],[121.525862,25.1228336],[121.5259894,25.1230041]]]}},{"type":"Feature","properties":{"kind":"water","osm_id":833755586,"name":""},"geometry":{"type":"Polygon","coordinates":[[[121.5734862,25.0715027],[121.5734854,25.0715975],[121.5735357,25.0716773],[121.5735689,25.0717598],[121.5736011,25.0718156],[121.5736201,25.0718234],[121.5739406,25.0718225],[121.5740193,25.0717151],[121.574116,25.071673],[121.5741786,25.0715425],[121.5741938,25.0715036],[121.5734862,25.0715027]]]}},{"type":"Feature","properties":{"kind":"water","osm_id":857153997,"name":""},"geometry":{"type":"Polygon","coordinates":[[[121.5273332,25.0709109],[121.5273293,25.0708842],[121.5273354,25.0708578],[121.5273508,25.0708348],[121.5273739,25.0708177],[121.5273995,25.070809],[121.5274269,25.0708078],[121.5274534,25.0708144],[121.5274764,25.070828],[121.5274931,25.0708466],[121.527503,25.0708689],[121.5275051,25.0708929],[121.5274992,25.0709163],[121.5274923,25.0709289],[121.527483,25.0709402],[121.5274196,25.070879],[121.5273332,25.0709109]]]}},{"type":"Feature","properties":{"kind":"water","osm_id":860348763,"name":""},"geometry":{"type":"Polygon","coordinates":[[[121.5301774,25.0722117],[121.5303993,25.0721189],[121.5303832,25.0720922],[121.5303596,25.0720704],[121.5303304,25.0720553],[121.5302978,25.0720479],[121.5302683,25.0720483],[121.5302398,25.072055],[121.5302138,25.0720678],[121.5301923,25.0720855],[121.5301759,25.0721073],[121.5301657,25.0721319],[121.5301622,25.0721591],[121.5301662,25.0721863],[121.5301774,25.0722117]]]}},{"type":"Feature","properties":{"kind":"water","osm_id":863312058,"name":""},"geometry":{"type":"Polygon","coordinates":[[[121.5338928,25.0738899],[121.53389,25.0738043],[121.5338665,25.0738049],[121.5338943,25.0736407],[121.5339236,25.0736006],[121.534005,25.0735676],[121.5343541,25.0736446],[121.5343629,25.0738053],[121.534316,25.0738074],[121.5343195,25.0738707],[121.5338928,25.0738899]]]}},{"type":"Feature","properties":{"kind":"water","osm_id":863533473,"name":""},"geometry":{"type":"Polygon","coordinates":[[[121.5351806,25.0751596],[121.5353561,25.0750717],[121.5353404,25.0750509],[121.5353189,25.0750347],[121.5352934,25.0750246],[121.5352642,25.0750212],[121.5352352,25.0750256],[121.5352088,25.0750375],[121.5351908,25.0750521],[121.5351772,25.0750701],[121.5351687,25.0750906],[121.5351658,25.0751143],[121.5351699,25.0751378],[121.5351806,25.0751596]]]}},{"type":"Feature","properties":{"kind":"water","osm_id":863533474,"name":""},"geometry":{"type":"Polygon","coordinates":[[[121.5358283,25.0750576],[121.5360102,25.0751341],[121.5360195,25.0751103],[121.5360212,25.0750851],[121.5360152,25.0750605],[121.536001,25.0750371],[121.53598,25.0750185],[121.5359539,25.0750062],[121.5359302,25.0750017],[121.5359061,25.0750023],[121.5358828,25.0750082],[121.53586,25.0750201],[121.5358414,25.075037],[121.5358283,25.0750576]]]}},{"type":"Feature","properties":{"kind":"water","osm_id":863533475,"name":""},"geometry":{"type":"Polygon","coordinates":[[[121.5359177,25.0751744],[121.5359064,25.0751911],[121.5359,25.0752099],[121.5358987,25.0752295],[121.5359045,25.0752531],[121.5359177,25.0752741],[121.53594,25.0752923],[121.5359678,25.0753027],[121.53599,25.0753047],[121.536012,25.0753016],[121.5360325,25.0752936],[121.5360505,25.0752809],[121.5360644,25.0752644],[121.5359177,25.0751744]]]}},{"type":"Feature","properties":{"kind":"water","osm_id":863533476,"name":""},"geometry":{"type":"Polygon","coordinates":[[[121.5351447,25.075276],[121.5351578,25.0752917],[121.5351747,25.075304],[121.5351944,25.0753122],[121.5352207,25.0753161],[121.5352471,25.0753127],[121.535274,25.0753006],[121.5352949,25.075281],[121.5353051,25.0752631],[121.53531,25.0752434],[121.5353094,25.0752232],[121.5353029,25.0752033],[121.5352911,25.0751855],[121.5351447,25.075276]]]}},{"type":"Feature","properties":{"kind":"water","osm_id":867950523,"name":"烏龜池"},"geometry":{"type":"Polygon","coordinates":[[[121.5218286,25.0673523],[121.5218364,25.0673585],[121.521846,25.0673619],[121.5218563,25.0673622],[121.5218661,25.0673592],[121.5218737,25.0673541],[121.521879,25.0673471],[121.5218818,25.067339],[121.5218816,25.0673304],[121.5218785,25.0673224],[121.5218729,25.0673156],[121.5218651,25.0673107],[121.5218561,25.0673082],[121.5218467,25.0673084],[121.521837,25.0673116],[121.5218291,25.0673176],[121.5218239,25.0673257],[121.521822,25.0673349],[121.5218236,25.0673441],[121.5218286,25.0673523]]]}},{"type":"Feature","properties":{"kind":"water","osm_id":869761090,"name":""},"geometry":{"type":"Polygon","coordinates":[[[121.5195908,25.0399244],[121.5195799,25.0398865],[121.5196005,25.0398452],[121.5196586,25.0398312],[121.5197028,25.0398532],[121.5197159,25.0398947],[121.5196965,25.0398994],[121.5196897,25.0398759],[121.5196002,25.0398972],[121.519607,25.0399205],[121.5195908,25.0399244]]]}},{"type":"Feature","properties":{"kind":"water","osm_id":967458933,"name":"麗山高中生態池"},"geometry":{"type":"Polygon","coordinates":[[[121.5779817,25.0865238],[121.5779447,25.0864643],[121.5780444,25.0864261],[121.5781297,25.0864419],[121.5781739,25.0863935],[121.5782324,25.0863628],[121.5782232,25.0864093],[121.5781975,25.0864847],[121.578178,25.0865257],[121.578106,25.0865303],[121.5780382,25.0865303],[121.5779817,25.0865238]]]}},{"type":"Feature","properties":{"kind":"water","osm_id":967461077,"name":"青蛙池"},"geometry":{"type":"Polygon","coordinates":[[[121.5773983,25.0856826],[121.5774084,25.0857044],[121.5774168,25.0857291],[121.5774141,25.0857476],[121.5774298,25.085769],[121.5774539,25.085769],[121.5774631,25.0857589],[121.577476,25.0857556],[121.5774807,25.0857371],[121.5774585,25.0857313],[121.577452,25.0857195],[121.577452,25.0857078],[121.5774622,25.0856969],[121.5774611,25.085678],[121.5774465,25.0856687],[121.5774266,25.0856762],[121.5774091,25.0856703],[121.5773983,25.0856826]]]}},{"type":"Feature","properties":{"kind":"water","osm_id":1030598379,"name":""},"geometry":{"type":"Polygon","coordinates":[[[121.5424512,25.037358],[121.5424602,25.0373739],[121.5424721,25.0373784],[121.542487,25.0373786],[121.5425043,25.0373685],[121.5425257,25.0373739],[121.5425401,25.0373747],[121.5425506,25.0373752],[121.5425669,25.0373784],[121.5425994,25.0373571],[121.5426108,25.037338],[121.5426124,25.0373225],[121.542616,25.0373144],[121.5426098,25.0373067],[121.5426105,25.0372923],[121.5426122,25.0372839],[121.5426006,25.0372779],[121.5425882,25.0372753],[121.5425835,25.0372691],[121.542565,25.0372716],[121.5425584,25.0372837],[121.5425475,25.0372867],[121.5425406,25.0372847],[121.5425311,25.0372792],[121.5425257,25.0372725],[121.5425112,25.0372719],[121.5425074,25.0372824],[121.5425015,25.0372856],[121.5424906,25.037285],[121.5424849,25.0372925],[121.5424647,25.0372923],[121.5424562,25.0372996],[121.5424538,25.0373105],[121.542464,25.0373213],[121.5424659,25.0373301],[121.5424571,25.0373372],[121.5424491,25.0373505],[121.5424512,25.037358]]]}},{"type":"Feature","properties":{"kind":"water","osm_id":1050330873,"name":"魚池"},"geometry":{"type":"Polygon","coordinates":[[[121.5173514,25.0418616],[121.5173621,25.041844],[121.5173487,25.0418191],[121.5173192,25.0418124],[121.5173138,25.0417893],[121.5173239,25.0417674],[121.5173205,25.0417237],[121.5173084,25.0417182],[121.5173044,25.0417359],[121.5172816,25.0417383],[121.5172716,25.0417316],[121.5172407,25.0417425],[121.5172287,25.0417662],[121.5172367,25.041782],[121.5172521,25.041782],[121.517285,25.0417966],[121.5172937,25.0418179],[121.5172877,25.0418428],[121.517287,25.0418586],[121.5173031,25.0418665],[121.5173306,25.0418598],[121.5173514,25.0418616]]]}},{"type":"Feature","properties":{"kind":"water","osm_id":1050624584,"name":""},"geometry":{"type":"Polygon","coordinates":[[[121.5147851,25.0404322],[121.5147905,25.040471],[121.5148026,25.0404759],[121.5148757,25.0404662],[121.5148817,25.0404589],[121.514875,25.0404215],[121.5147851,25.0404322]]]}},{"type":"Feature","properties":{"kind":"water","osm_id":1050624585,"name":""},"geometry":{"type":"Polygon","coordinates":[[[121.5146624,25.040146],[121.5146396,25.0401284],[121.51459,25.0401314],[121.5145779,25.0401278],[121.5145759,25.0401144],[121.514588,25.0400901],[121.5146088,25.0400846],[121.514643,25.0401059],[121.5146805,25.0401035],[121.514696,25.0401217],[121.5146966,25.0401363],[121.5146879,25.040146],[121.5146624,25.040146]]]}},{"type":"Feature","properties":{"kind":"water","osm_id":1050624615,"name":""},"geometry":{"type":"Polygon","coordinates":[[[121.514244,25.0426727],[121.5142333,25.0426605],[121.5142373,25.0426466],[121.514244,25.0426323],[121.5142433,25.0426177],[121.5142132,25.0425606],[121.5142014,25.0425269],[121.5141997,25.0425111],[121.5142225,25.0424862],[121.5142232,25.0424667],[121.5142393,25.0424595],[121.5142675,25.042457],[121.5142909,25.0424437],[121.5142883,25.0424121],[121.514299,25.042409],[121.5143694,25.0424157],[121.514387,25.0424097],[121.5143998,25.0424054],[121.5144177,25.0423993],[121.51447,25.042361],[121.5144693,25.042344],[121.5144928,25.0423343],[121.5144968,25.042344],[121.5145243,25.0423695],[121.5145437,25.0423689],[121.5145954,25.0423465],[121.5146289,25.042324],[121.514643,25.0423064],[121.5146323,25.0422772],[121.5146323,25.0422638],[121.5146175,25.0422499],[121.5146014,25.0422529],[121.5145893,25.0422286],[121.514596,25.0422225],[121.5145964,25.0422146],[121.5146259,25.0422055],[121.5146755,25.042204],[121.5147057,25.0422073],[121.5147379,25.0422228],[121.5147553,25.0422426],[121.5147566,25.0422541],[121.5147174,25.0422775],[121.514705,25.0422988],[121.5147077,25.0423188],[121.5147208,25.0423398],[121.5147127,25.042351],[121.5147144,25.042368],[121.5147352,25.0423768],[121.5147623,25.0423635],[121.5147687,25.0423616],[121.5147724,25.0423711],[121.5147697,25.0423814],[121.5147677,25.0423902],[121.5147503,25.0424039],[121.5147137,25.0424081],[121.514695,25.0424175],[121.5146849,25.0424266],[121.5146564,25.0424327],[121.5146326,25.0424291],[121.5146088,25.0424358],[121.5145763,25.042467],[121.5145437,25.0424591],[121.5145183,25.0424473],[121.5144777,25.0424476],[121.5144519,25.0424576],[121.5144457,25.0424611],[121.5144324,25.0424686],[121.5144304,25.042491],[121.5144177,25.0425026],[121.5144204,25.0425478],[121.5144147,25.0425573],[121.5144133,25.042646],[121.5143811,25.0426785],[121.5143644,25.042687],[121.5143523,25.042693],[121.5143,25.042693],[121.5142735,25.0426851],[121.514244,25.0426727]]]}},{"type":"Feature","properties":{"kind":"water","osm_id":1050624657,"name":""},"geometry":{"type":"Polygon","coordinates":[[[121.515746,25.0423061],[121.5156629,25.0423285],[121.5156253,25.0423112],[121.5155818,25.0421675],[121.5156059,25.0421335],[121.5155911,25.0420892],[121.5155553,25.0420694],[121.515516,25.0419267],[121.5155362,25.0418926],[121.5156206,25.0418732],[121.5156589,25.0418963],[121.5157098,25.0418817],[121.5157259,25.0418519],[121.5158077,25.0418319],[121.5158493,25.0418513],[121.5158869,25.0419856],[121.5158694,25.042022],[121.5158828,25.0420725],[121.5159164,25.0420889],[121.5159579,25.0422298],[121.5159445,25.0422626],[121.5158574,25.0422851],[121.5158114,25.0422593],[121.5157662,25.0422702],[121.515746,25.0423061]]]}},{"type":"Feature","properties":{"kind":"water","osm_id":1051081794,"name":"弄春池"},"geometry":{"type":"Polygon","coordinates":[[[121.5250285,25.0408933],[121.5250171,25.040889],[121.5250164,25.0408805],[121.5250114,25.0408753],[121.524997,25.0408781],[121.5249802,25.0408787],[121.5249715,25.0408756],[121.5249708,25.0408668],[121.5249802,25.0408574],[121.5249829,25.0408374],[121.5250134,25.0408027],[121.5250258,25.0407951],[121.5250382,25.0407909],[121.5250526,25.0407909],[121.5250634,25.0407948],[121.5250724,25.0408037],[121.5250781,25.0408122],[121.5250801,25.0408313],[121.5250855,25.0408398],[121.5250962,25.0408425],[121.5251133,25.0408316],[121.5251224,25.040817],[121.5251344,25.0408033],[121.5251492,25.0407857],[121.5251599,25.0407775],[121.5251713,25.0407778],[121.5251874,25.0407857],[121.5252022,25.0407988],[121.5252028,25.040804],[121.5252022,25.0408088],[121.5251935,25.0408167],[121.5251774,25.0408261],[121.525166,25.0408368],[121.5251519,25.0408465],[121.5251405,25.0408632],[121.5251318,25.0408717],[121.525121,25.0408778],[121.5251123,25.0408793],[121.5251009,25.0408775],[121.5250942,25.0408738],[121.5250821,25.0408659],[121.5250704,25.0408571],[121.5250614,25.0408559],[121.5250567,25.0408574],[121.5250513,25.0408656],[121.5250486,25.0408778],[121.5250439,25.0408875],[121.5250352,25.0408924],[121.5250285,25.0408933]]]}},{"type":"Feature","properties":{"kind":"water","osm_id":1053359255,"name":""},"geometry":{"type":"Polygon","coordinates":[[[121.51808,25.0372183],[121.5181642,25.0372076],[121.5181595,25.0371768],[121.5180752,25.0371875],[121.51808,25.0372183]]]}},{"type":"Feature","properties":{"kind":"water","osm_id":1053359256,"name":""},"geometry":{"type":"Polygon","coordinates":[[[121.5180868,25.0372747],[121.5181856,25.0372606],[121.5181802,25.0372296],[121.5180814,25.0372437],[121.5180868,25.0372747]]]}},{"type":"Feature","properties":{"kind":"water","osm_id":1053359257,"name":""},"geometry":{"type":"Polygon","coordinates":[[[121.5182925,25.0373781],[121.5183396,25.0373562],[121.5183043,25.0372942],[121.5182573,25.0373161],[121.5182925,25.0373781]]]}},{"type":"Feature","properties":{"kind":"water","osm_id":1053359299,"name":""},"geometry":{"type":"Polygon","coordinates":[[[121.5197545,25.0369383],[121.5197632,25.0369341],[121.5198338,25.0370527],[121.5198409,25.0370645],[121.5196749,25.0371456],[121.5196702,25.0371377],[121.5198071,25.0370708],[121.5198341,25.0370629],[121.5198155,25.0370408],[121.5197545,25.0369383]]]}},{"type":"Feature","properties":{"kind":"water","osm_id":1053359300,"name":""},"geometry":{"type":"Polygon","coordinates":[[[121.5196415,25.0367486],[121.5196503,25.0367443],[121.5197444,25.0369025],[121.5197357,25.0369067],[121.5196415,25.0367486]]]}},{"type":"Feature","properties":{"kind":"water","osm_id":1053359301,"name":""},"geometry":{"type":"Polygon","coordinates":[[[121.5187771,25.0368189],[121.5187964,25.0368147],[121.5189449,25.0367421],[121.5189425,25.036738],[121.5189076,25.0367551],[121.5187771,25.0368189]]]}},{"type":"Feature","properties":{"kind":"water","osm_id":1053359302,"name":""},"geometry":{"type":"Polygon","coordinates":[[[121.5191257,25.0366485],[121.5191282,25.0366526],[121.5192764,25.0365801],[121.5192908,25.0365679],[121.5191607,25.0366314],[121.5191257,25.0366485]]]}},{"type":"Feature","properties":{"kind":"water","osm_id":1053359303,"name":""},"geometry":{"type":"Polygon","coordinates":[[[121.5196227,25.036717],[121.5196314,25.0367127],[121.5195562,25.0365862],[121.5195474,25.0365904],[121.5193991,25.0366629],[121.5193433,25.0365692],[121.5193503,25.0366002],[121.5193949,25.0366752],[121.519533,25.0366077],[121.5195541,25.0365924],[121.5195624,25.0366156],[121.5196227,25.036717]]]}},{"type":"Feature","properties":{"kind":"water","osm_id":1053359305,"name":""},"geometry":{"type":"Polygon","coordinates":[[[121.5180275,25.0356644],[121.5178748,25.035739],[121.517872,25.0357343],[121.5178896,25.0357216],[121.5180228,25.0356565],[121.5180275,25.0356644]]]}},{"type":"Feature","properties":{"kind":"water","osm_id":1053359306,"name":""},"geometry":{"type":"Polygon","coordinates":[[[121.5181109,25.0357716],[121.5182746,25.0356916],[121.5183182,25.0356703],[121.5183135,25.0356624],[121.518139,25.0357477],[121.5181109,25.0357716]]]}},{"type":"Feature","properties":{"kind":"water","osm_id":1053359307,"name":""},"geometry":{"type":"Polygon","coordinates":[[[121.5184928,25.0355851],[121.5185408,25.0355616],[121.5187001,25.0354838],[121.5186626,25.0354919],[121.5184881,25.0355771],[121.5184928,25.0355851]]]}},{"type":"Feature","properties":{"kind":"water","osm_id":1053359314,"name":""},"geometry":{"type":"Polygon","coordinates":[[[121.5187289,25.0351584],[121.5187376,25.0351541],[121.5188129,25.0352807],[121.5187998,25.0352871],[121.5186514,25.0353595],[121.5186979,25.0354377],[121.5186847,25.0354249],[121.5186424,25.0353538],[121.5187799,25.0352866],[121.5188061,25.0352788],[121.5187889,25.0352593],[121.5187289,25.0351584]]]}},{"type":"Feature","properties":{"kind":"water","osm_id":1053359315,"name":""},"geometry":{"type":"Polygon","coordinates":[[[121.51871,25.0351268],[121.5187188,25.0351225],[121.5186223,25.0349604],[121.5186136,25.0349647],[121.51871,25.0351268]]]}},{"type":"Feature","properties":{"kind":"water","osm_id":1053359316,"name":""},"geometry":{"type":"Polygon","coordinates":[[[121.518367,25.0348912],[121.5185044,25.0348241],[121.5185261,25.0348084],[121.5185347,25.0348322],[121.5185947,25.0349331],[121.5186035,25.0349288],[121.5185329,25.0348102],[121.5185282,25.0348023],[121.5183623,25.0348833],[121.518367,25.0348912]]]}},{"type":"Feature","properties":{"kind":"water","osm_id":1069584916,"name":""},"geometry":{"type":"Polygon","coordinates":[[[121.5735215,25.0689316],[121.5734605,25.0688326],[121.5735289,25.0687925],[121.5736107,25.068804],[121.5736811,25.068872],[121.5736865,25.0688963],[121.5737274,25.06892],[121.5738045,25.0689042],[121.5738253,25.0689091],[121.5738742,25.068951],[121.573893,25.0689455],[121.5739124,25.0689073],[121.5739285,25.0689036],[121.5739755,25.0689206],[121.5739949,25.0689121],[121.5740144,25.0688076],[121.5740848,25.0688192],[121.5740787,25.0688356],[121.5740284,25.0688259],[121.574003,25.0689376],[121.5739835,25.0689492],[121.5739453,25.0689449],[121.5739325,25.0689285],[121.5739198,25.0689297],[121.573897,25.0689771],[121.5738709,25.0689814],[121.5738092,25.068937],[121.5737354,25.0689814],[121.573661,25.0689941],[121.5736181,25.0689656],[121.573559,25.0689425],[121.5735369,25.0689139],[121.5735215,25.0689316]]]}},{"type":"Feature","properties":{"kind":"water","osm_id":1081162018,"name":""},"geometry":{"type":"Polygon","coordinates":[[[121.5219389,25.073715],[121.5219817,25.0737061],[121.5220286,25.0736983],[121.5220447,25.0736908],[121.5220678,25.0736644],[121.5220815,25.0736359],[121.5220769,25.0736044],[121.5220497,25.0735755],[121.5220261,25.0735548],[121.5219988,25.0735388],[121.5219771,25.0735265],[121.5219271,25.0735304],[121.521883,25.0735407],[121.5218482,25.0735624],[121.52182,25.0735976],[121.5218126,25.0736424],[121.5218179,25.0736869],[121.5218459,25.0737107],[121.5218733,25.0737238],[121.521906,25.0737183],[121.5219389,25.073715]]]}},{"type":"Feature","properties":{"kind":"water","osm_id":1081162021,"name":""},"geometry":{"type":"Polygon","coordinates":[[[121.5225963,25.0733797],[121.5225742,25.0734025],[121.5225758,25.0734459],[121.522583,25.0734733],[121.5225983,25.0734937],[121.5226286,25.073517],[121.5226586,25.0735326],[121.5226884,25.0735378],[121.5227199,25.0735359],[121.5227388,25.073526],[121.5227459,25.0735214],[121.5227213,25.0735012],[121.5227011,25.0735147],[121.5226605,25.0735047],[121.522625,25.0734817],[121.522609,25.0734541],[121.5225998,25.0734141],[121.5226171,25.073399],[121.5225963,25.0733797]]]}},{"type":"Feature","properties":{"kind":"water","osm_id":1094093388,"name":""},"geometry":{"type":"Polygon","coordinates":[[[121.5542558,25.0875397],[121.5542986,25.0875562],[121.5543353,25.0875692],[121.5543097,25.0876088],[121.5542779,25.0876076],[121.5542525,25.0876141],[121.5542367,25.087621],[121.5542159,25.0876142],[121.5542558,25.0875397]]]}},{"type":"Feature","properties":{"kind":"water","osm_id":1094093389,"name":""},"geometry":{"type":"Polygon","coordinates":[[[121.5546103,25.0865782],[121.5547644,25.0865982],[121.554738,25.0866859],[121.5547074,25.0866807],[121.5545729,25.086658],[121.5546103,25.0865782]]]}},{"type":"Feature","properties":{"kind":"water","osm_id":1094093390,"name":""},"geometry":{"type":"Polygon","coordinates":[[[121.5544811,25.0872644],[121.554376,25.0872174],[121.5543281,25.0873054],[121.5543958,25.0873253],[121.5545289,25.0873583],[121.5545584,25.0872985],[121.5544811,25.0872644]]]}},{"type":"Feature","properties":{"kind":"water","osm_id":1099993438,"name":""},"geometry":{"type":"Polygon","coordinates":[[[121.522304,25.0700217],[121.5223067,25.0700337],[121.5223215,25.0700476],[121.5223381,25.0700501],[121.5223501,25.0700521],[121.5223443,25.0700571],[121.5223286,25.0700584],[121.5223133,25.0700551],[121.5223,25.0700474],[121.5222902,25.0700362],[121.5222849,25.0700227],[121.5222847,25.0700085],[121.5222897,25.0699949],[121.5222992,25.0699835],[121.5223124,25.0699755],[121.5223276,25.0699718],[121.5223434,25.0699729],[121.5223509,25.0699793],[121.5223384,25.0699813],[121.522329,25.0699836],[121.522318,25.0699899],[121.522308,25.0699979],[121.5223046,25.0700097],[121.522304,25.0700217]]]}},{"type":"Feature","properties":{"kind":"water","osm_id":1099993439,"name":""},"geometry":{"type":"Polygon","coordinates":[[[121.5225135,25.0700262],[121.5225104,25.0700382],[121.5224954,25.0700518],[121.5224788,25.0700541],[121.5224667,25.0700558],[121.5224724,25.070061],[121.522488,25.0700625],[121.5225034,25.0700594],[121.5225169,25.070052],[121.5225269,25.070041],[121.5225325,25.0700276],[121.522533,25.0700134],[121.5225284,25.0699997],[121.5225191,25.0699881],[121.5225061,25.0699799],[121.5224909,25.069976],[121.5224751,25.0699767],[121.5224675,25.0699831],[121.52248,25.0699853],[121.5224893,25.0699877],[121.5225002,25.0699942],[121.52251,25.0700023],[121.5225131,25.0700143],[121.5225135,25.0700262]]]}},{"type":"Feature","properties":{"kind":"water","osm_id":1099993463,"name":""},"geometry":{"type":"Polygon","coordinates":[[[121.5226912,25.0733048],[121.5226265,25.0732455],[121.5226418,25.0732227],[121.5226703,25.0731947],[121.522797,25.0733084],[121.5227676,25.0733339],[121.5227349,25.0733018],[121.5227097,25.0733203],[121.5226912,25.0733048]]]}},{"type":"Feature","properties":{"kind":"water","osm_id":1099993464,"name":""},"geometry":{"type":"Polygon","coordinates":[[[121.5228139,25.0733683],[121.5228394,25.0733484],[121.5229272,25.0734337],[121.5229162,25.0734451],[121.5229295,25.0734569],[121.5229091,25.0734718],[121.5229209,25.0734824],[121.5228696,25.073526],[121.5228262,25.0734867],[121.5228375,25.0734768],[121.5228227,25.0734606],[121.5228374,25.0734438],[121.5228201,25.0734284],[121.5228477,25.0733989],[121.5228139,25.0733683]]]}},{"type":"Feature","properties":{"kind":"water","osm_id":1133753241,"name":""},"geometry":{"type":"Polygon","coordinates":[[[121.5125927,25.0971505],[121.5124714,25.0971483],[121.5123148,25.0971195],[121.5121472,25.0971019],[121.512013,25.0970466],[121.5119152,25.0970229],[121.5118186,25.0969519],[121.5116537,25.0969197],[121.5115906,25.0968007],[121.5115112,25.0967448],[121.5115018,25.0967078],[121.5115125,25.0966836],[121.5115909,25.0966219],[121.5116262,25.0966179],[121.5116654,25.0966252],[121.5118223,25.0966832],[121.512399,25.0969837],[121.5125827,25.0970494],[121.5126116,25.0970785],[121.5125927,25.0971505]]]}},{"type":"Feature","properties":{"kind":"water","osm_id":1133753242,"name":""},"geometry":{"type":"Polygon","coordinates":[[[121.5128962,25.0972212],[121.5128969,25.0972597],[121.5128663,25.0972725],[121.5126417,25.0973472],[121.51258,25.0973144],[121.5125462,25.0972714],[121.5125629,25.097206],[121.5126197,25.0971685],[121.512688,25.0971404],[121.5128684,25.0971954],[121.5128962,25.0972212]]]}},{"type":"Feature","properties":{"kind":"water","osm_id":1133753246,"name":""},"geometry":{"type":"Polygon","coordinates":[[[121.5114602,25.0972085],[121.511418,25.0971207],[121.5114207,25.0971022],[121.5114421,25.0970846],[121.5115749,25.0970033],[121.5116461,25.096995],[121.5117361,25.0970287],[121.5118003,25.0970871],[121.5120416,25.0971963],[121.5121838,25.0971733],[121.512269,25.0971996],[121.5123976,25.0972327],[121.5124664,25.0973356],[121.512486,25.0973641],[121.5125385,25.0974325],[121.5125214,25.0974483],[121.5124117,25.0974201],[121.5122934,25.0973645],[121.5121811,25.0973463],[121.5120402,25.0972816],[121.5119812,25.0972998],[121.5119232,25.0972986],[121.5118153,25.0972494],[121.5115263,25.0972403],[121.5114602,25.0972085]]]}},{"type":"Feature","properties":{"kind":"water","osm_id":1133753250,"name":""},"geometry":{"type":"Polygon","coordinates":[[[121.5115091,25.0966422],[121.5114994,25.0966738],[121.511488,25.0966917],[121.5114515,25.0966963],[121.511425,25.0966774],[121.5114059,25.0966343],[121.5114056,25.0965924],[121.5114371,25.0965879],[121.5114908,25.096576],[121.5115189,25.0965708],[121.511551,25.096589],[121.5115602,25.0966164],[121.511539,25.0966392],[121.5115091,25.0966422]]]}},{"type":"Feature","properties":{"kind":"water","osm_id":1156915916,"name":""},"geometry":{"type":"Polygon","coordinates":[[[121.5155277,25.0723993],[121.5157297,25.0723914],[121.5157682,25.0722751],[121.5157099,25.0721725],[121.5154973,25.0721807],[121.5154342,25.0722986],[121.5155277,25.0723993]]]}},{"type":"Feature","properties":{"kind":"water","osm_id":1178720727,"name":""},"geometry":{"type":"Polygon","coordinates":[[[121.575166,25.0771532],[121.5751334,25.0771147],[121.5750933,25.0770884],[121.5750576,25.0770136],[121.5750132,25.0769712],[121.5749923,25.0769288],[121.5749528,25.0768897],[121.5749577,25.0768339],[121.5749319,25.0767826],[121.5749072,25.0767625],[121.5748764,25.0767569],[121.5748493,25.0767625],[121.5748259,25.0767681],[121.5748283,25.0768149],[121.574837,25.0768473],[121.5748437,25.0768646],[121.5747991,25.0770016],[121.5748987,25.0771483],[121.5750056,25.0772209],[121.5751322,25.0771909],[121.575166,25.0771532]]]}},{"type":"Feature","properties":{"kind":"water","osm_id":1311039425,"name":""},"geometry":{"type":"Polygon","coordinates":[[[121.5416817,25.0531732],[121.5417941,25.0531733],[121.5417942,25.0530861],[121.5416818,25.053086],[121.5416817,25.0531732]]]}},{"type":"Feature","properties":{"kind":"water","osm_id":1334986653,"name":""},"geometry":{"type":"Polygon","coordinates":[[[121.5581883,25.0396388],[121.5583241,25.0396356],[121.5583256,25.0396861],[121.5581898,25.0396893],[121.5581883,25.0396388]]]}},{"type":"Feature","properties":{"kind":"water","osm_id":1335095042,"name":""},"geometry":{"type":"Polygon","coordinates":[[[121.562988,25.0380552],[121.5629893,25.0380975],[121.563026,25.0381225],[121.5630629,25.0381553],[121.5630986,25.0381969],[121.5631207,25.0382373],[121.5631363,25.0382863],[121.5631439,25.0383354],[121.5631418,25.0383853],[121.5631278,25.0384335],[121.5631093,25.0384824],[121.563133,25.0385105],[121.5631742,25.0384683],[121.5631968,25.0384057],[121.5632017,25.0383738],[121.5632038,25.0383144],[121.5631969,25.0382553],[121.5631813,25.0381976],[121.563157,25.0381423],[121.5631248,25.0380905],[121.563085,25.0380433],[121.5630385,25.0380013],[121.5629861,25.0379655],[121.562988,25.0380552]]]}},{"type":"Feature","properties":{"kind":"water","osm_id":1335095052,"name":""},"geometry":{"type":"Polygon","coordinates":[[[121.5630805,25.0389357],[121.563178,25.0388919],[121.5633217,25.0388895],[121.5632085,25.0389403],[121.5632029,25.03893],[121.5632079,25.0389278],[121.563201,25.0389152],[121.5630915,25.0389559],[121.5630805,25.0389357]]]}},{"type":"Feature","properties":{"kind":"water","osm_id":1335587031,"name":""},"geometry":{"type":"Polygon","coordinates":[[[121.5622369,25.0371583],[121.5622406,25.037146],[121.5622425,25.0371032],[121.5622602,25.037068],[121.5622661,25.0370562],[121.5623112,25.0370701],[121.5623404,25.0370877],[121.5623522,25.0370995],[121.5623652,25.0371126],[121.5623917,25.0371566],[121.5624037,25.037184],[121.5623544,25.0372037],[121.5622938,25.0372157],[121.5622871,25.0372046],[121.5622817,25.0371873],[121.5622676,25.0371721],[121.5622515,25.0371624],[121.5622369,25.0371583]]]}},{"type":"Feature","properties":{"kind":"water","osm_id":1335587035,"name":""},"geometry":{"type":"Polygon","coordinates":[[[121.562585,25.0372273],[121.5625927,25.0372045],[121.5626116,25.0371745],[121.5626342,25.0371525],[121.5626577,25.0371425],[121.5626931,25.0371349],[121.5627159,25.0371246],[121.5627487,25.0371026],[121.562786,25.0370605],[121.5627967,25.0370306],[121.5628188,25.0369615],[121.5628297,25.0369417],[121.5628562,25.0369103],[121.5628768,25.0368954],[121.56293,25.0368802],[121.5629881,25.0368838],[121.5630396,25.0368968],[121.5630667,25.0369021],[121.5631201,25.0368948],[121.5631373,25.0368851],[121.5631504,25.0368717],[121.5631635,25.0368311],[121.5631625,25.0367982],[121.5631507,25.0367711],[121.5631283,25.0367511],[121.5630902,25.0367429],[121.5630693,25.0367359],[121.5630471,25.036721],[121.5630297,25.0366937],[121.5630248,25.0366568],[121.5630129,25.036637],[121.5629918,25.0366218],[121.5629719,25.0366165],[121.5629477,25.03662],[121.5629011,25.0366346],[121.5628582,25.0366512],[121.5628008,25.0366675],[121.5627437,25.036673],[121.562673,25.0366698],[121.5626141,25.0366524],[121.5625772,25.0366317],[121.5625513,25.0366056],[121.5625311,25.036583],[121.5625151,25.0365603],[121.5625097,25.036522],[121.5625136,25.0364993],[121.5625259,25.0364792],[121.562545,25.0364641],[121.5625687,25.0364558],[121.562594,25.0364553],[121.5626181,25.0364627],[121.5626378,25.0364772],[121.5626509,25.0364969],[121.5626558,25.0365194],[121.5626519,25.0365422],[121.5626397,25.0365623],[121.5626206,25.0365774],[121.5625969,25.0365857],[121.5625715,25.0365862],[121.5625641,25.0365839],[121.5625869,25.0366055],[121.5626139,25.0366237],[121.5626439,25.0366378],[121.562676,25.0366471],[121.5627377,25.0366477],[121.5628079,25.0366348],[121.5628372,25.0366198],[121.5628634,25.0366005],[121.5628887,25.0365817],[121.5629174,25.0365737],[121.5629266,25.0365741],[121.5629507,25.0365752],[121.5629921,25.0365868],[121.5630161,25.0365994],[121.5630389,25.0366193],[121.5630537,25.0366381],[121.5630641,25.0366642],[121.5630823,25.0366865],[121.5631082,25.0367002],[121.5631266,25.0367017],[121.5631482,25.0367078],[121.5631779,25.0367254],[121.5632034,25.0367478],[121.5632215,25.0367742],[121.5632272,25.036795],[121.5632354,25.0367991],[121.5632574,25.0367987],[121.5632582,25.0368377],[121.5632486,25.0368378],[121.5632376,25.036869],[121.5632218,25.0368942],[121.563201,25.0369166],[121.5631735,25.0369334],[121.5631631,25.036937],[121.5631673,25.0369302],[121.5631671,25.0369217],[121.5631751,25.0369141],[121.563175,25.0369072],[121.5631373,25.0369079],[121.563138,25.0369413],[121.563114,25.0369464],[121.5630855,25.0369469],[121.563059,25.0369429],[121.5630389,25.0369384],[121.5629955,25.0369141],[121.5629727,25.0369062],[121.5629445,25.036903],[121.5629199,25.0369078],[121.5628966,25.0369154],[121.5628718,25.0369315],[121.5628507,25.0369498],[121.5628341,25.0369728],[121.5628264,25.037],[121.5628225,25.0370316],[121.5628243,25.0370729],[121.5628223,25.0370978],[121.5628146,25.0371205],[121.5627963,25.0371433],[121.5627729,25.0371639],[121.5627231,25.037192],[121.5627016,25.037197],[121.562674,25.0372014],[121.5626525,25.0372112],[121.5626354,25.0372274],[121.5626235,25.0372473],[121.5626141,25.0372558],[121.562585,25.0372273]]]}},{"type":"Feature","properties":{"kind":"water","osm_id":1336506670,"name":""},"geometry":{"type":"Polygon","coordinates":[[[121.5625669,25.0372849],[121.5625481,25.0372964],[121.5625119,25.0373122],[121.562446,25.0373264],[121.5624121,25.0373275],[121.5623602,25.0373219],[121.5623176,25.0373087],[121.5622755,25.0372871],[121.5622416,25.0372645],[121.5622009,25.0372227],[121.562167,25.0371562],[121.5621727,25.0371538],[121.5621636,25.037136],[121.5621722,25.0371324],[121.5621624,25.0371132],[121.5621757,25.0371077],[121.5621866,25.0371237],[121.5622017,25.0371369],[121.5622369,25.0371583],[121.5622515,25.0371624],[121.5622676,25.0371721],[121.5622817,25.0371873],[121.5622871,25.0372046],[121.5622938,25.0372157],[121.5623161,25.0372389],[121.5623509,25.037266],[121.5623732,25.0372769],[121.5624078,25.0372868],[121.5624544,25.0372897],[121.5624847,25.0372869],[121.5625608,25.0372614],[121.5625669,25.0372849]]]}},{"type":"Feature","properties":{"kind":"water","osm_id":1339401631,"name":""},"geometry":{"type":"Polygon","coordinates":[[[121.5679991,25.0388779],[121.5681702,25.0388747],[121.5681709,25.0389064],[121.5679999,25.0389096],[121.5679991,25.0388779]]]}},{"type":"Feature","properties":{"kind":"water","osm_id":1339541912,"name":""},"geometry":{"type":"Polygon","coordinates":[[[121.5646313,25.0386184],[121.5647007,25.0386172],[121.564713,25.0386129],[121.5647171,25.0386064],[121.5647128,25.038598],[121.5647021,25.0385925],[121.564685,25.038596],[121.5646309,25.0385969],[121.5646176,25.0386001],[121.5646166,25.0386094],[121.5646209,25.0386161],[121.5646313,25.0386184]]]}},{"type":"Feature","properties":{"kind":"water","osm_id":1339541913,"name":""},"geometry":{"type":"Polygon","coordinates":[[[121.5647321,25.0384307],[121.5647309,25.0383749],[121.564681,25.0383757],[121.5646822,25.0384315],[121.5647321,25.0384307]]]}},{"type":"Feature","properties":{"kind":"water","osm_id":1339541915,"name":""},"geometry":{"type":"Polygon","coordinates":[[[121.5647222,25.0383686],[121.5647308,25.0383685],[121.5647306,25.0383573],[121.5647456,25.0383571],[121.5647446,25.0383084],[121.564721,25.0383088],[121.5647222,25.0383686]]]}},{"type":"Feature","properties":{"kind":"water","osm_id":1339541917,"name":""},"geometry":{"type":"Polygon","coordinates":[[[121.5647209,25.0383012],[121.5647445,25.0383008],[121.5647433,25.0382429],[121.5646784,25.038244],[121.5646787,25.0382592],[121.56472,25.0382585],[121.5647209,25.0383012]]]}},{"type":"Feature","properties":{"kind":"water","osm_id":1339541919,"name":""},"geometry":{"type":"Polygon","coordinates":[[[121.5647425,25.0382045],[121.564742,25.0381786],[121.5646771,25.0381797],[121.5646782,25.0382367],[121.5646977,25.0382364],[121.5646971,25.0382053],[121.5647425,25.0382045]]]}},{"type":"Feature","properties":{"kind":"water","osm_id":1339541921,"name":""},"geometry":{"type":"Polygon","coordinates":[[[121.5647242,25.0381718],[121.5647419,25.0381715],[121.5647417,25.038165],[121.5647582,25.0381647],[121.5647572,25.0381137],[121.5646758,25.038115],[121.5646762,25.0381369],[121.5647235,25.0381361],[121.5647242,25.0381718]]]}},{"type":"Feature","properties":{"kind":"water","osm_id":1339541924,"name":""},"geometry":{"type":"Polygon","coordinates":[[[121.5646738,25.0380172],[121.5646743,25.0380426],[121.5647557,25.0380412],[121.5647552,25.0380158],[121.5646738,25.0380172]]]}},{"type":"Feature","properties":{"kind":"water","osm_id":1339541925,"name":""},"geometry":{"type":"Polygon","coordinates":[[[121.5647175,25.0381061],[121.564757,25.0381055],[121.5647559,25.0380494],[121.5646745,25.0380508],[121.5646749,25.038072],[121.5647168,25.0380713],[121.5647175,25.0381061]]]}},{"type":"Feature","properties":{"kind":"water","osm_id":1339545159,"name":""},"geometry":{"type":"Polygon","coordinates":[[[121.5649481,25.0369753],[121.5649485,25.0369935],[121.5649065,25.0369942],[121.5649061,25.036976],[121.5649481,25.0369753]]]}},{"type":"Feature","properties":{"kind":"water","osm_id":1339878255,"name":""},"geometry":{"type":"Polygon","coordinates":[[[121.5644455,25.0393946],[121.5644458,25.0394133],[121.5642433,25.0394161],[121.564243,25.0393974],[121.5644455,25.0393946]]]}},{"type":"Feature","properties":{"kind":"water","osm_id":1339878257,"name":""},"geometry":{"type":"Polygon","coordinates":[[[121.5641522,25.0393986],[121.5641526,25.0394174],[121.5639467,25.0394202],[121.5639464,25.0394015],[121.5641522,25.0393986]]]}},{"type":"Feature","properties":{"kind":"water","osm_id":1339888567,"name":""},"geometry":{"type":"Polygon","coordinates":[[[121.5649903,25.0393689],[121.5650047,25.0393587],[121.565059,25.0393306],[121.5651173,25.0393097],[121.5651618,25.0393001],[121.5651625,25.0393514],[121.5651456,25.0393671],[121.5649903,25.0393689]]]}},{"type":"Feature","properties":{"kind":"water","osm_id":1339889441,"name":""},"geometry":{"type":"Polygon","coordinates":[[[121.5652834,25.0392987],[121.5652841,25.03935],[121.5653013,25.0393653],[121.5654887,25.0393631],[121.5654725,25.039353],[121.5654217,25.039329],[121.5653634,25.0393105],[121.5653028,25.0392996],[121.5652834,25.0392987]]]}},{"type":"Feature","properties":{"kind":"water","osm_id":1340089165,"name":""},"geometry":{"type":"Polygon","coordinates":[[[121.5682606,25.0382476],[121.5682609,25.038262],[121.5682326,25.0382626],[121.5682323,25.0382481],[121.5682606,25.0382476]]]}},{"type":"Feature","properties":{"kind":"water","osm_id":1340089169,"name":""},"geometry":{"type":"Polygon","coordinates":[[[121.5682617,25.0382954],[121.5682285,25.0382961],[121.5682302,25.038372],[121.5682634,25.0383714],[121.5682617,25.0382954]]]}},{"type":"Feature","properties":{"kind":"water","osm_id":1340100281,"name":""},"geometry":{"type":"Polygon","coordinates":[[[121.569641,25.0363869],[121.5696615,25.0363865],[121.5696625,25.0364303],[121.5696473,25.0364306],[121.569613,25.0364312],[121.569612,25.0363874],[121.5696288,25.0363871],[121.5696282,25.0363623],[121.5695739,25.0363633],[121.5695715,25.0362556],[121.569593,25.0362552],[121.5695936,25.0362812],[121.5696195,25.0362807],[121.5696204,25.0363226],[121.5695946,25.0363231],[121.5695952,25.0363521],[121.5696402,25.0363513],[121.569641,25.0363869]]]}},{"type":"Feature","properties":{"kind":"water","osm_id":1340100306,"name":""},"geometry":{"type":"Polygon","coordinates":[[[121.5696622,25.0354762],[121.5696752,25.0356439],[121.5696871,25.0356437],[121.5696833,25.0354758],[121.5696622,25.0354762]]]}},{"type":"Feature","properties":{"kind":"water","osm_id":1340100308,"name":""},"geometry":{"type":"Polygon","coordinates":[[[121.5686068,25.0355503],[121.5686049,25.0354668],[121.5686832,25.0354739],[121.5686925,25.0355227],[121.5686068,25.0355503]]]}},{"type":"Feature","properties":{"kind":"water","osm_id":1340252368,"name":""},"geometry":{"type":"Polygon","coordinates":[[[121.5561214,25.043256],[121.5561175,25.0432675],[121.5561069,25.0432748],[121.5560937,25.043275],[121.5560828,25.0432682],[121.5560784,25.0432568],[121.5560823,25.0432453],[121.5560928,25.043238],[121.5561061,25.0432378],[121.556117,25.0432447],[121.5561214,25.043256]]]}},{"type":"Feature","properties":{"kind":"water","osm_id":1340538525,"name":""},"geometry":{"type":"Polygon","coordinates":[[[121.5694855,25.0368319],[121.5694835,25.0368423],[121.5694772,25.0368512],[121.5694676,25.0368573],[121.5694562,25.0368596],[121.5694447,25.0368577],[121.5694349,25.036852],[121.5694282,25.0368434],[121.5694257,25.036833],[121.5694277,25.0368226],[121.569434,25.0368137],[121.5694436,25.0368076],[121.569455,25.0368053],[121.5694665,25.0368072],[121.5694763,25.0368129],[121.569483,25.0368216],[121.5694855,25.0368319]]]}},{"type":"Feature","properties":{"kind":"water","osm_id":1341031413,"name":""},"geometry":{"type":"Polygon","coordinates":[[[121.5614387,25.0349136],[121.5614294,25.0349289],[121.5614259,25.0349295],[121.561413,25.034935],[121.5614019,25.0349432],[121.5613933,25.0349535],[121.5613877,25.0349654],[121.5613854,25.0349781],[121.5613865,25.034991],[121.561391,25.0350033],[121.5613986,25.0350142],[121.5614089,25.0350232],[121.5614212,25.0350297],[121.5614336,25.035033],[121.5614408,25.0350468],[121.5614325,25.0350465],[121.5614154,25.035042],[121.5614,25.0350339],[121.5613872,25.0350226],[121.5613777,25.035009],[121.5613721,25.0349937],[121.5613707,25.0349776],[121.5613735,25.0349616],[121.5613806,25.0349468],[121.5613913,25.0349339],[121.5614051,25.0349237],[121.5614212,25.0349168],[121.5614387,25.0349136]]]}},{"type":"Feature","properties":{"kind":"water","osm_id":1341031418,"name":""},"geometry":{"type":"Polygon","coordinates":[[[121.5614641,25.0350646],[121.5614816,25.0350678],[121.5614829,25.0350714],[121.5614889,25.03508],[121.561497,25.0350871],[121.5615067,25.0350922],[121.5615174,25.035095],[121.5615286,25.0350954],[121.5615396,25.0350934],[121.5615497,25.0350891],[121.5615584,25.0350827],[121.5615652,25.0350746],[121.5615696,25.0350652],[121.5615714,25.0350552],[121.5615707,25.0350468],[121.5615848,25.0350393],[121.5615859,25.0350423],[121.5615871,25.0350558],[121.5615846,25.0350692],[121.5615787,25.0350817],[121.5615697,25.0350925],[121.5615581,25.0351011],[121.5615445,25.0351069],[121.5615299,25.0351096],[121.5615149,25.035109],[121.5615005,25.0351052],[121.5614876,25.0350984],[121.5614768,25.035089],[121.5614688,25.0350775],[121.5614641,25.0350646]]]}},{"type":"Feature","properties":{"kind":"water","osm_id":1341031419,"name":""},"geometry":{"type":"Polygon","coordinates":[[[121.5615979,25.0350167],[121.5616075,25.0350108],[121.561623,25.0349966],[121.5616301,25.0349789],[121.5616309,25.0349605],[121.5616229,25.0349444],[121.5616128,25.0349341],[121.5615991,25.0349268],[121.5615805,25.0349237],[121.5615624,25.0349272],[121.5615436,25.0349289],[121.5615297,25.0349205],[121.5615151,25.0349095],[121.5614945,25.0349055],[121.561473,25.0349093],[121.5614574,25.0349212],[121.561448,25.0349356],[121.5614455,25.0349511],[121.5614487,25.0349634],[121.5614581,25.0349751],[121.5614608,25.0349889],[121.5614525,25.0350109],[121.5614518,25.0350257],[121.5614588,25.0350392],[121.5614719,25.0350481],[121.5614881,25.0350506],[121.5615037,25.0350459],[121.5615151,25.0350352],[121.5615207,25.0350294],[121.5615307,25.0350262],[121.5615414,25.0350278],[121.5615538,25.0350317],[121.5615662,25.0350293],[121.5615756,25.0350231],[121.5615803,25.0350138],[121.5615803,25.0349995],[121.5615738,25.0349884],[121.561561,25.0349821],[121.5615702,25.0349974],[121.5615684,25.0350088],[121.5615651,25.0350153],[121.5615607,25.0350182],[121.5615547,25.0350194],[121.5615447,25.0350162],[121.5615294,25.0350139],[121.5615131,25.0350193],[121.5615054,25.0350271],[121.5614965,25.0350355],[121.561487,25.0350383],[121.5614772,25.0350369],[121.5614693,25.0350314],[121.5614651,25.0350233],[121.5614655,25.0350131],[121.5614743,25.0349898],[121.5614705,25.0349703],[121.5614609,25.0349583],[121.5614589,25.0349506],[121.5614607,25.0349396],[121.5614676,25.034929],[121.5614789,25.0349204],[121.5614944,25.0349177],[121.5615092,25.0349205],[121.5615218,25.0349301],[121.5615402,25.0349412],[121.5615644,25.034939],[121.5615807,25.0349359],[121.5615944,25.0349381],[121.5616044,25.0349434],[121.5616117,25.0349509],[121.5616177,25.0349628],[121.561617,25.0349766],[121.5616117,25.0349901],[121.561599,25.0350016],[121.5615979,25.0350167]]]}},{"type":"Feature","properties":{"kind":"water","osm_id":1341036276,"name":""},"geometry":{"type":"Polygon","coordinates":[[[121.5625088,25.0357432],[121.5624998,25.0357354],[121.5624992,25.0357115],[121.562508,25.0357031],[121.5627431,25.0356983],[121.5627518,25.0357059],[121.5627524,25.0357302],[121.5627438,25.0357384],[121.5625088,25.0357432]]]}},{"type":"Feature","properties":{"kind":"water","osm_id":1341042549,"name":""},"geometry":{"type":"Polygon","coordinates":[[[121.5645265,25.0348361],[121.564441,25.0348377],[121.5644216,25.0348341],[121.5644058,25.0348232],[121.5643968,25.0348071],[121.5643964,25.0347892],[121.5644047,25.0347728],[121.5644199,25.0347613],[121.5644392,25.0347569],[121.5645247,25.0347553],[121.5645441,25.0347589],[121.5645599,25.0347699],[121.5645689,25.0347859],[121.5645693,25.0348039],[121.5645611,25.0348202],[121.5645458,25.0348318],[121.5645265,25.0348361]]]}},{"type":"Feature","properties":{"kind":"water","osm_id":1342680633,"name":""},"geometry":{"type":"Polygon","coordinates":[[[121.5662211,25.0449209],[121.5662264,25.0449353],[121.566226,25.0449506],[121.5662198,25.0449647],[121.5662086,25.0449761],[121.5661938,25.0449834],[121.5661771,25.0449856],[121.5661607,25.0449825],[121.5661463,25.0449746],[121.5661359,25.0449626],[121.5661306,25.0449481],[121.566131,25.0449329],[121.5661372,25.0449187],[121.5661484,25.0449073],[121.5661632,25.0449001],[121.5661799,25.0448979],[121.5661963,25.0449009],[121.5662107,25.0449089],[121.5662211,25.0449209]]]}},{"type":"Feature","properties":{"kind":"water","osm_id":1342935579,"name":""},"geometry":{"type":"Polygon","coordinates":[[[121.5668956,25.0467436],[121.5670197,25.0467794],[121.5670284,25.0467553],[121.5670341,25.0467398],[121.5669704,25.0467229],[121.566959,25.0467199],[121.5669616,25.0466713],[121.5669434,25.0466686],[121.5669439,25.0466584],[121.566899,25.0466687],[121.5669047,25.0466922],[121.566904,25.0467165],[121.5668956,25.0467436]]]}},{"type":"Feature","properties":{"kind":"water","osm_id":1343939995,"name":""},"geometry":{"type":"Polygon","coordinates":[[[121.5273035,25.0524794],[121.5272919,25.0524638],[121.5272727,25.0524521],[121.5271468,25.0524533],[121.5271288,25.0524647],[121.5271166,25.0524812],[121.5271174,25.0525433],[121.5273042,25.0525415],[121.5273035,25.0524794]]]}},{"type":"Feature","properties":{"kind":"water","osm_id":1344494809,"name":"水景花園"},"geometry":{"type":"Polygon","coordinates":[[[121.5251105,25.0537163],[121.525108,25.0536406],[121.5251901,25.0536369],[121.5251927,25.0537126],[121.5251105,25.0537163]]]}},{"type":"Feature","properties":{"kind":"water","osm_id":1344506940,"name":""},"geometry":{"type":"Polygon","coordinates":[[[121.5229283,25.0541259],[121.5231277,25.0541143],[121.5231278,25.0540916],[121.5229303,25.0540825],[121.5229283,25.0541259]]]}},{"type":"Feature","properties":{"kind":"water","osm_id":1344506941,"name":""},"geometry":{"type":"Polygon","coordinates":[[[121.5236114,25.0541996],[121.5236082,25.0542101],[121.5235988,25.054217],[121.5235867,25.0542175],[121.5235766,25.0542115],[121.5235723,25.0542013],[121.5235755,25.0541907],[121.5235849,25.0541838],[121.523597,25.0541833],[121.5236071,25.0541893],[121.5236114,25.0541996]]]}},{"type":"Feature","properties":{"kind":"water","osm_id":1344579077,"name":""},"geometry":{"type":"Polygon","coordinates":[[[121.5225245,25.0559956],[121.5225206,25.0560153],[121.5225077,25.0560315],[121.5224884,25.056041],[121.5224663,25.056042],[121.522446,25.0560343],[121.5224314,25.0560193],[121.5224254,25.056],[121.5224293,25.0559803],[121.5224422,25.0559641],[121.5224615,25.0559546],[121.5224836,25.0559536],[121.5225039,25.0559613],[121.5225185,25.0559763],[121.5225245,25.0559956]]]}},{"type":"Feature","properties":{"kind":"water","osm_id":1344769924,"name":""},"geometry":{"type":"Polygon","coordinates":[[[121.5226384,25.0594146],[121.522638,25.0594046],[121.5226344,25.0593131],[121.5226381,25.0593013],[121.5226488,25.0592937],[121.5226624,25.0592933],[121.5226737,25.0593001],[121.5226784,25.0593117],[121.5226824,25.0594131],[121.5226384,25.0594146]]]}},{"type":"Feature","properties":{"kind":"water","osm_id":1344769925,"name":""},"geometry":{"type":"Polygon","coordinates":[[[121.5226881,25.0595595],[121.5226924,25.0596672],[121.5226886,25.0596791],[121.5226779,25.0596867],[121.5226643,25.0596871],[121.522653,25.0596802],[121.5226484,25.0596687],[121.5226446,25.0595733],[121.5226441,25.059561],[121.5226881,25.0595595]]]}},{"type":"Feature","properties":{"kind":"water","osm_id":1344769951,"name":""},"geometry":{"type":"Polygon","coordinates":[[[121.5223791,25.0581318],[121.522552,25.0581262],[121.5225609,25.0583544],[121.5225753,25.0583539],[121.5225741,25.0583236],[121.522582,25.0583067],[121.5225813,25.0582914],[121.5225736,25.0582779],[121.5225773,25.0582674],[121.5225879,25.0582542],[121.5225904,25.0582402],[121.5225889,25.0582023],[121.5225924,25.0581863],[121.5226009,25.058178],[121.5226203,25.0581774],[121.5226194,25.058155],[121.5225912,25.0581559],[121.5225888,25.058096],[121.522524,25.058098],[121.5224245,25.0581013],[121.5224237,25.0580797],[121.5224125,25.0580801],[121.5224014,25.0581107],[121.5223901,25.058115],[121.5223903,25.0581194],[121.5223869,25.0581195],[121.5223791,25.0581318]]]}},{"type":"Feature","properties":{"kind":"water","osm_id":1344774302,"name":""},"geometry":{"type":"Polygon","coordinates":[[[121.5225401,25.0580314],[121.5225213,25.0580294],[121.522524,25.058098],[121.5225888,25.058096],[121.5225912,25.0581559],[121.5226194,25.058155],[121.522617,25.058095],[121.5226071,25.0580809],[121.5225984,25.0580744],[121.5225822,25.058071],[121.5225739,25.0580622],[121.522561,25.0580414],[121.5225401,25.0580314]]]}},{"type":"Feature","properties":{"kind":"water","osm_id":1346192381,"name":""},"geometry":{"type":"Polygon","coordinates":[[[121.5200964,25.0449584],[121.5202101,25.0449668],[121.5202168,25.0449616],[121.5202128,25.0449533],[121.5202022,25.0449413],[121.5202005,25.0449285],[121.5201808,25.0449204],[121.5201557,25.0449229],[121.5201404,25.0449207],[121.5201275,25.0449157],[121.5201166,25.0449165],[121.5200988,25.0449239],[121.5200928,25.0449283],[121.5200902,25.0449528],[121.5200964,25.0449584]]]}},{"type":"Feature","properties":{"kind":"water","osm_id":1348439185,"name":""},"geometry":{"type":"Polygon","coordinates":[[[121.5236033,25.037025],[121.5236082,25.0370159],[121.5236219,25.0370036],[121.5236197,25.0369958],[121.52366,25.0369862],[121.5236587,25.0369722],[121.5236695,25.0369637],[121.5236812,25.0369595],[121.5236881,25.0369455],[121.5236877,25.0369352],[121.5236788,25.0369306],[121.5236638,25.0369312],[121.5236465,25.036923],[121.5236257,25.0369116],[121.523614,25.0369098],[121.5236032,25.0369151],[121.5235974,25.0369232],[121.5235947,25.0369327],[121.5235747,25.0369384],[121.5235625,25.0369285],[121.5235449,25.0369197],[121.5235216,25.036922],[121.5235137,25.0369305],[121.52351,25.036949],[121.5235125,25.0369677],[121.5235176,25.0369911],[121.5235454,25.0369829],[121.5235597,25.0369856],[121.5235695,25.0369975],[121.5235762,25.0370111],[121.5235927,25.0370183],[121.5236033,25.037025]]]}},{"type":"Feature","properties":{"kind":"water","osm_id":1371684001,"name":""},"geometry":{"type":"Polygon","coordinates":[[[121.509002,25.0789802],[121.5089684,25.0786755],[121.5085632,25.0787309],[121.5085189,25.0790328],[121.5088033,25.0790162],[121.509002,25.0789802]]]}},{"type":"Feature","properties":{"kind":"water","osm_id":1390847382,"name":""},"geometry":{"type":"Polygon","coordinates":[[[121.5605307,25.0437292],[121.5605561,25.0437339],[121.560583,25.0437308],[121.5606073,25.0437197],[121.5606261,25.0437019],[121.5606372,25.0436794],[121.5606395,25.0436549],[121.5606326,25.0436311],[121.5606174,25.0436107],[121.5605955,25.0435961],[121.5605695,25.0435889],[121.5605437,25.0435897],[121.5605195,25.0435979],[121.5604994,25.0436126],[121.5604855,25.0436323],[121.5604792,25.043655],[121.5604812,25.0436784],[121.5604913,25.0436999],[121.5605084,25.0437175],[121.5605307,25.0437292]]]}},{"type":"Feature","properties":{"kind":"water","osm_id":1437064086,"name":""},"geometry":{"type":"Polygon","coordinates":[[[121.5344822,25.0432362],[121.5344807,25.0431543],[121.5344689,25.0431545],[121.5344329,25.0431551],[121.5344345,25.0432369],[121.5344709,25.0432364],[121.5344822,25.0432362]]]}},{"type":"Feature","properties":{"kind":"water","osm_id":1463954515,"name":""},"geometry":{"type":"Polygon","coordinates":[[[121.5371647,25.0852795],[121.5371528,25.0852792],[121.5371419,25.0852806],[121.5371326,25.08528],[121.5371283,25.0852758],[121.5371278,25.0852658],[121.5371303,25.0852611],[121.5371343,25.085259],[121.537142,25.085259],[121.5371578,25.0852666],[121.5371786,25.0852716],[121.5372139,25.0852726],[121.5372382,25.0852763],[121.5372505,25.0852795],[121.537253,25.085284],[121.5372527,25.0852895],[121.5372448,25.0852942],[121.5372398,25.0853039],[121.5372331,25.0853037],[121.5371807,25.0852836],[121.5371647,25.0852795]]]}},{"type":"Feature","properties":{"kind":"water","osm_id":1475195592,"name":""},"geometry":{"type":"Polygon","coordinates":[[[121.5464807,25.0993422],[121.5465636,25.0994813],[121.5466954,25.099487],[121.5467118,25.0994328],[121.546675,25.0992543],[121.5466145,25.099166],[121.546574,25.0992194],[121.5465171,25.0992942],[121.5464807,25.0993422]]]}},{"type":"Feature","properties":{"kind":"water","osm_id":1485696736,"name":""},"geometry":{"type":"Polygon","coordinates":[[[121.5340543,25.0433774],[121.5340537,25.0433651],[121.5340159,25.0433613],[121.5339764,25.0433491],[121.5338673,25.0433464],[121.5338667,25.0433768],[121.5340543,25.0433774]]]}},{"type":"Feature","properties":{"kind":"water","osm_id":1534273244,"name":""},"geometry":{"type":"Polygon","coordinates":[[[121.5477319,25.0864087],[121.5477095,25.086354],[121.5477266,25.0862901],[121.5478041,25.0862482],[121.5480246,25.0862354],[121.5480585,25.0862511],[121.5480595,25.086331],[121.5478866,25.0863956],[121.5478573,25.0864065],[121.5477773,25.0864265],[121.5477319,25.0864087]]]}},{"type":"Feature","properties":{"kind":"water","osm_id":1535748861,"name":""},"geometry":{"type":"Polygon","coordinates":[[[121.5434786,25.0433373],[121.5434597,25.0433448],[121.5434408,25.04334],[121.5434373,25.0433245],[121.543442,25.0433052],[121.5434597,25.0432951],[121.5434803,25.0432972],[121.5434904,25.0433095],[121.5434874,25.0433271],[121.5434786,25.0433373]]]}},{"type":"Feature","properties":{"kind":"water","osm_id":1549092093,"name":"社區水池"},"geometry":{"type":"Polygon","coordinates":[[[121.5621183,25.0556973],[121.5622022,25.0557026],[121.5622055,25.0556675],[121.5621225,25.055661],[121.5621183,25.0556973]]]}},{"type":"Feature","properties":{"kind":"water","osm_id":3298928,"name":"基隆河"},"geometry":{"type":"MultiPolygon","coordinates":[[[[121.5167415,25.080773],[121.5153837,25.0800729]]],[[[121.5167415,25.080773],[121.5168128,25.0807705],[121.5169777,25.0807879],[121.5174767,25.0808981],[121.5175882,25.0809199],[121.5176722,25.0809864],[121.5177981,25.0808683],[121.5176418,25.0807566],[121.5172662,25.0805951],[121.5172096,25.080468],[121.5173494,25.0802815],[121.5180592,25.0798026],[121.518858,25.0793647],[121.5210822,25.0784253],[121.5228609,25.0773987],[121.5234318,25.0770232],[121.5239324,25.0765668],[121.5242757,25.0761159],[121.5243693,25.0759706],[121.5249306,25.0750519],[121.5252113,25.0745844],[121.5254259,25.0741024],[121.5258373,25.0735747],[121.5261323,25.0733828],[121.5264301,25.0732239],[121.5265937,25.0731666],[121.5267734,25.0731384],[121.5270309,25.073154],[121.5272884,25.0732706],[121.5275287,25.0734649],[121.5276656,25.0737572],[121.527664,25.073902],[121.5276626,25.0740308],[121.5276608,25.0742018],[121.5276583,25.0744272],[121.5276357,25.0745818],[121.5276323,25.0746052],[121.5276096,25.0747609],[121.5275618,25.0750882],[121.5274706,25.0754867],[121.5274409,25.0755974],[121.5273556,25.0759151],[121.5273536,25.0760138],[121.5273777,25.0761012],[121.527418,25.0761838],[121.5274821,25.0762519],[121.5287617,25.07726],[121.5303023,25.0776703],[121.5314872,25.0777631],[121.5327007,25.0776755],[121.5330889,25.0775904],[121.5337814,25.0776586],[121.5367044,25.0774991],[121.5417787,25.0772283],[121.5431065,25.0770971],[121.5440721,25.0769611],[121.5448955,25.0768736],[121.545542,25.0768857],[121.5462527,25.0768372],[121.546588,25.0768056],[121.5466497,25.0768785],[121.5466792,25.0769999],[121.546698,25.0772161],[121.5470166,25.0772103],[121.5468544,25.0770353],[121.5468396,25.0769187],[121.5468428,25.0768785],[121.5468509,25.0767473],[121.546934,25.0767108],[121.5470225,25.076774],[121.5470815,25.0769222],[121.5471593,25.077085],[121.5471915,25.0772307],[121.5476233,25.0772161],[121.5476449,25.0771906],[121.5476502,25.0771578],[121.5476341,25.0771335],[121.5476113,25.0771105],[121.5475751,25.0770947],[121.547547,25.077085],[121.5472908,25.0769902],[121.5471487,25.0767643],[121.5471898,25.0767327],[121.5501927,25.0764345],[121.5512287,25.0763524],[121.5519341,25.076298],[121.5534623,25.0761239],[121.5540709,25.0760079],[121.5550908,25.0758117],[121.5553456,25.0760657],[121.5555454,25.0762849],[121.5558955,25.0766485],[121.5559078,25.0769013],[121.555912,25.0769806],[121.556055,25.0769756],[121.5560514,25.0768411],[121.556121,25.0769025],[121.5561888,25.0769524],[121.5562072,25.0769972],[121.5562768,25.0769989],[121.556286,25.0769358],[121.5561723,25.0768145],[121.5560037,25.0766253],[121.5557892,25.0764144],[121.5556151,25.0762401],[121.5551916,25.0757884],[121.5551755,25.0757749],[121.555499,25.0756944],[121.5558569,25.0756054],[121.556138,25.0755358],[121.5566815,25.0753559],[121.5573018,25.0751352],[121.5573318,25.0751505],[121.5574161,25.075125],[121.5574255,25.0750877],[121.5578716,25.0749179],[121.5585612,25.0746005],[121.559131,25.0743068],[121.559161,25.0743238],[121.5592191,25.0742966],[121.5592247,25.0742576],[121.5596726,25.0740115],[121.5602161,25.0737212],[121.5603735,25.073638],[121.5605816,25.0735463],[121.5606846,25.0734886],[121.5611475,25.0733155],[121.5615374,25.073251],[121.5615696,25.0732465],[121.5615978,25.0732794],[121.5616674,25.0734337],[121.5618113,25.0737509],[121.5620224,25.0742322],[121.5621748,25.0745994],[121.5623331,25.0749883],[121.5623835,25.0751013],[121.5624446,25.0752349],[121.5624552,25.0752543],[121.5624962,25.0753295],[121.5625622,25.0754305],[121.5626677,25.0755337],[121.5627385,25.0756184],[121.5627409,25.0756825],[121.5627397,25.075978],[121.5628788,25.0759737],[121.5628824,25.0757912],[121.5629508,25.0758564],[121.5630072,25.0759248],[121.5630216,25.0759715],[121.5630432,25.0759759],[121.5631043,25.0759737],[121.5630981,25.0759514],[121.5630851,25.0758812],[121.5630259,25.075829],[121.5628429,25.075625],[121.5627085,25.0754794],[121.5625754,25.0753197],[121.5625154,25.0752013],[121.5624722,25.0751035],[121.5623823,25.0749068],[121.562194,25.0744506],[121.5620344,25.0740573],[121.5618521,25.0736444],[121.5617598,25.0734663],[121.5617106,25.0733446],[121.5616479,25.0732357],[121.5619909,25.0731984],[121.5623208,25.0732136],[121.5627274,25.0732815],[121.5631278,25.0733897],[121.5632297,25.0734173],[121.5635239,25.0735531],[121.5640168,25.073823],[121.5644067,25.0740556],[121.565096,25.0744614],[121.5658866,25.0749309],[121.5666438,25.0753805],[121.5667397,25.0753887],[121.5669646,25.0755109],[121.5674909,25.0758327],[121.5678042,25.0760256],[121.568233,25.0762361],[121.5682915,25.0762578],[121.5685368,25.0763009],[121.5690785,25.0764136],[121.5694143,25.0764754],[121.569547,25.0764998],[121.5698618,25.0764202],[121.5703011,25.0761351],[121.5708099,25.0756941],[121.5709391,25.075473],[121.5716381,25.0744534],[121.571956,25.0745494],[121.572015,25.0744546],[121.5716958,25.0743489],[121.5719037,25.0739748],[121.5722336,25.0741218],[121.5723047,25.0740125],[121.5719587,25.0738594],[121.572184,25.0733856],[121.5723369,25.0728997],[121.5725327,25.0719036],[121.5726292,25.0707885],[121.5725623,25.0695519],[121.5721786,25.0684173],[121.5717342,25.0672823],[121.5702369,25.0648007],[121.5700343,25.0643355],[121.5701989,25.0631868],[121.5706723,25.0619558],[121.5723329,25.0606979],[121.572721,25.0607643],[121.5727526,25.0605961],[121.5725356,25.0605591],[121.5726438,25.0604773],[121.5727727,25.0605015],[121.5727835,25.0603676],[121.5726359,25.0603497],[121.5707367,25.0617468],[121.5710678,25.0609252],[121.5714288,25.0598948],[121.5716742,25.0590691],[121.5720055,25.0573071],[121.5720859,25.0568301],[121.5721016,25.0561187],[121.5720802,25.055244],[121.571989,25.0543887],[121.5719028,25.0540334],[121.571918,25.0537598],[121.572024,25.0534444],[121.5721366,25.0532627],[121.5724485,25.0529353],[121.5733958,25.0523214],[121.5742763,25.052161],[121.574756,25.0521333],[121.5815715,25.0536386],[121.5831842,25.0539973],[121.5859046,25.0548215],[121.5881149,25.055972],[121.5895904,25.0571779],[121.5911874,25.0587818],[121.5921469,25.0594566],[121.5930455,25.0601481],[121.5935738,25.0603803],[121.594005,25.0604688],[121.5946304,25.0604633],[121.5951527,25.0603748],[121.5964218,25.0600651],[121.5981947,25.0593401],[121.5989901,25.059246],[121.6021841,25.0592405],[121.6053706,25.0596298],[121.6076716,25.0601324],[121.6089137,25.0605573],[121.6107829,25.062004],[121.6110315,25.0624157],[121.6114558,25.0629643],[121.6118641,25.0637179],[121.6120738,25.0641317],[121.6125505,25.0645731],[121.6136175,25.0649478],[121.6139629,25.0649773],[121.614658,25.0648055],[121.6159858,25.0644512],[121.6162692,25.064512],[121.616482,25.0645755],[121.6172285,25.0643849],[121.6172298,25.0643124],[121.6173433,25.0641118],[121.6178186,25.0639609],[121.6184986,25.0636322],[121.6191768,25.0632271],[121.6212818,25.0612901],[121.6233759,25.0587631]]],[[[121.6221163,25.058837],[121.6233759,25.0587631]]],[[[121.6221163,25.058837],[121.6206017,25.0609164],[121.6178923,25.062883],[121.6146106,25.063994],[121.6138658,25.0640727],[121.6131425,25.0639003],[121.6126218,25.0636378],[121.6117047,25.0622031],[121.6107343,25.0611359],[121.609391,25.0601677],[121.6078921,25.0596337],[121.6055682,25.0590501],[121.6022083,25.0587316],[121.5990093,25.0585404],[121.5979881,25.0587151],[121.5966765,25.0592792],[121.5955837,25.0596115],[121.5948141,25.0596351],[121.5940334,25.0595029],[121.5929035,25.059079],[121.5919586,25.058544],[121.5909688,25.0577144],[121.5896876,25.0563426],[121.5885339,25.0555074],[121.5863904,25.054191],[121.5833786,25.0533502],[121.5832146,25.0532119],[121.5831721,25.0531732],[121.5832328,25.0530626],[121.5826074,25.0528966],[121.5825406,25.0530958],[121.5810711,25.0527694],[121.58004,25.0525481],[121.5798116,25.0524991],[121.5749624,25.0514585],[121.5742095,25.05137],[121.5734748,25.0513644],[121.5727218,25.0515525],[121.572236,25.0518512],[121.5718577,25.0520973],[121.5715304,25.0524205],[121.5713025,25.052751],[121.5711496,25.0531276],[121.5710825,25.0534435],[121.571045,25.0537569],[121.5710557,25.0544105],[121.5710798,25.0551249],[121.5710552,25.0558317],[121.5710219,25.0561976],[121.5708889,25.0574648],[121.5705276,25.0591338],[121.5701617,25.0603119],[121.5699077,25.0610741],[121.569486,25.0621378],[121.5693823,25.0623567],[121.5691973,25.0622206],[121.5691222,25.062381],[121.5693233,25.0625146],[121.5691973,25.0628061],[121.5690551,25.0627624],[121.5689237,25.0625316],[121.5688566,25.0625972],[121.5690202,25.0628572],[121.5689407,25.0630941],[121.5688281,25.0634221],[121.5687449,25.0637088],[121.5687235,25.0639785],[121.5687476,25.0642847],[121.5688093,25.0645616],[121.5707198,25.0677817],[121.5715108,25.0702278],[121.5713856,25.0720228],[121.5708382,25.0736203],[121.5702806,25.0746271],[121.569628,25.0752396],[121.5689613,25.0754604],[121.5684141,25.0753902],[121.5648798,25.0727762],[121.56318,25.072027],[121.5626825,25.0719025],[121.561763,25.0718636],[121.560644,25.0721488],[121.5576984,25.0737397],[121.5558187,25.0744386],[121.5544145,25.0748058],[121.5520736,25.0751449],[121.5491081,25.0755176],[121.5472085,25.0756041],[121.547145,25.0755801]]],[[[121.5448919,25.0757058],[121.5448883,25.0756488],[121.545314,25.0756307],[121.547145,25.0755801]]],[[[121.5335486,25.0761481],[121.533889,25.0761399],[121.5345545,25.0761225],[121.5348427,25.0761342],[121.53496,25.0761304],[121.5363722,25.0760842],[121.5366224,25.0760661],[121.536622,25.0760593],[121.538857,25.0759642],[121.5399243,25.0759151],[121.5399274,25.0759697],[121.5399574,25.0759683],[121.5399543,25.0759137],[121.541358,25.0758491],[121.5422546,25.0757911],[121.5422591,25.0758486],[121.5431754,25.0757894],[121.5431744,25.0757762],[121.5432374,25.0757721],[121.543238,25.0757794],[121.5432211,25.0757971],[121.5432352,25.0758082],[121.5432521,25.0757905],[121.5438539,25.0757584],[121.5438794,25.0757821],[121.5438854,25.075778],[121.5439656,25.0757777],[121.543977,25.0757259],[121.5441141,25.0757556],[121.5441221,25.0757458],[121.5448919,25.0757058]]],[[[121.5335486,25.0761481],[121.5303884,25.0762377],[121.5298009,25.0761434],[121.5289192,25.0757739],[121.5287123,25.0755879],[121.5285844,25.0753929],[121.5285194,25.0752498],[121.5284986,25.0751208],[121.5285107,25.0743407],[121.5285086,25.0742936],[121.5285063,25.0742661],[121.5284749,25.0738889],[121.5284733,25.0738707],[121.5284638,25.0737557],[121.5284561,25.0736639],[121.528364,25.0733327],[121.5284214,25.0732473],[121.528906,25.0731224],[121.5291649,25.0730601],[121.5294116,25.0730203],[121.5294588,25.0729605],[121.5293959,25.0729324],[121.529405,25.0729156],[121.5286182,25.072555],[121.5286084,25.0725867],[121.5286099,25.072611],[121.5287984,25.0727524],[121.5288082,25.0728376],[121.5286782,25.0729312],[121.5283606,25.073009],[121.5280688,25.0729857],[121.5279057,25.0728846],[121.5278923,25.0726654],[121.5278221,25.0725761],[121.527874,25.0725248],[121.5283182,25.0725594],[121.5285026,25.0725655],[121.5285238,25.0725508],[121.5285417,25.07252],[121.5281295,25.072331],[121.5280809,25.0723037],[121.5277624,25.0721651],[121.5275545,25.072291],[121.5269973,25.0722106],[121.5266218,25.0722786],[121.5255918,25.0727256],[121.5253315,25.0729518],[121.524347,25.0744258],[121.5239205,25.0751605],[121.5237869,25.0752975],[121.5237517,25.0754233],[121.5234089,25.0757101],[121.5221978,25.0766367],[121.5215881,25.0771068],[121.5212748,25.077301],[121.5194092,25.0777958],[121.5183583,25.0781545],[121.5171003,25.0787669],[121.5168298,25.0790738],[121.5167386,25.0791125],[121.5166127,25.079166],[121.5165441,25.0791952],[121.5164256,25.0792455],[121.5153837,25.0800729]]]]}},{"type":"Feature","properties":{"kind":"water","osm_id":4010571,"name":""},"geometry":{"type":"MultiPolygon","coordinates":[[[[121.4562873,25.1064866],[121.4567145,25.10664],[121.4568551,25.1066987],[121.4569524,25.1067999],[121.4570065,25.1069452],[121.4569001,25.1070611],[121.4568623,25.1072292],[121.4568695,25.1072977],[121.456956,25.1073287],[121.4570101,25.1072961],[121.457102,25.1074446],[121.4570732,25.1075507],[121.457239,25.1076617],[121.4572462,25.1077596],[121.4572336,25.1079049],[121.4572156,25.1081268],[121.4571705,25.1082492],[121.4569813,25.1084777],[121.4570335,25.1086132],[121.4570047,25.1088042],[121.456965,25.1091273],[121.4568767,25.1093085],[121.456915,25.109516],[121.4569205,25.1097065],[121.4569801,25.1098999],[121.4570315,25.1101255],[121.4571537,25.1103244],[121.4572757,25.1104978],[121.4574244,25.1106696],[121.4575222,25.1107921],[121.4576502,25.110954],[121.457827,25.1111926],[121.4579485,25.1113957],[121.4580908,25.1115889],[121.4582148,25.1118048],[121.4582818,25.1119046],[121.4583434,25.1119983],[121.4584326,25.112146],[121.4585012,25.1122254],[121.458771,25.1124591],[121.4588492,25.1125611],[121.4588991,25.1127133],[121.4588702,25.1128776],[121.4590078,25.1132571],[121.4590818,25.1135324],[121.4589923,25.1135645],[121.4590508,25.1137708],[121.459008,25.1141387],[121.4589135,25.1145255],[121.4588257,25.1148868],[121.4587635,25.1152266],[121.4586259,25.1154534],[121.458397,25.1159917],[121.4584197,25.1162885],[121.4580608,25.1176966],[121.4577714,25.1185355],[121.457861,25.1187944],[121.4575587,25.1193837],[121.4571466,25.1199194],[121.4570317,25.1202452],[121.4567014,25.1211266],[121.4565764,25.1213976],[121.4564987,25.121494],[121.4564319,25.1215801],[121.4562984,25.1219876],[121.4560879,25.1224132],[121.4557807,25.1228571],[121.4555867,25.1233933],[121.4549864,25.1244326],[121.4548846,25.1247605],[121.4545997,25.1247195],[121.4544474,25.1247206],[121.4544797,25.1250025],[121.4546487,25.1251538],[121.4546605,25.1252889],[121.4546325,25.1253625],[121.4545644,25.1254035],[121.4542615,25.1255919],[121.4538939,25.1263429],[121.4540049,25.1263932],[121.4538847,25.1266689],[121.4535184,25.1265284],[121.4534851,25.1266147],[121.4538588,25.1267491],[121.4536957,25.1271739],[121.453632,25.1273635],[121.4531618,25.1272283],[121.4530059,25.1276296],[121.4530149,25.1279199],[121.4531867,25.1279521],[121.4532624,25.1277012],[121.4532656,25.1276109],[121.4533851,25.1274331],[121.4535227,25.127544],[121.4533388,25.1279977],[121.4529347,25.1282411],[121.4525311,25.1298499],[121.4524969,25.1308726],[121.452378,25.1309663],[121.4523742,25.1312052],[121.4526705,25.1315934],[121.4526799,25.1317488],[121.4526625,25.1319103],[121.4526263,25.1323438],[121.452574,25.1325429],[121.4524426,25.1326376],[121.4523634,25.1330091],[121.4522709,25.1333588],[121.45224,25.1336186],[121.4521529,25.1337789],[121.4521201,25.1339967],[121.4520872,25.1342147],[121.4520134,25.1344867],[121.4518552,25.1348837],[121.4516795,25.1352346],[121.4515038,25.1357008],[121.4513978,25.1359194],[121.451147,25.1361051],[121.4511873,25.1364281],[121.4510505,25.1367401],[121.4509419,25.1369125],[121.4505476,25.1381023],[121.4504939,25.1382152],[121.4503866,25.1382698],[121.4503987,25.1385539],[121.4503209,25.1387106],[121.4502646,25.1388556],[121.4498945,25.1398704],[121.4495538,25.1406251],[121.4493057,25.1412115],[121.4492228,25.1413051],[121.4492596,25.1413623],[121.4490145,25.1419205],[121.4484344,25.1432004],[121.4472687,25.1446165],[121.4465122,25.1459935],[121.4463016,25.1467584],[121.4460125,25.1472762],[121.4457176,25.147769],[121.4458661,25.14788],[121.4443944,25.1495905],[121.443934,25.1502758],[121.4435357,25.1506064],[121.4431716,25.1511731],[121.4428668,25.1515498],[121.4428523,25.1517955],[121.4421777,25.1523814],[121.4420841,25.1523821],[121.4418968,25.1526876],[121.4419157,25.1527792],[121.4418512,25.152874],[121.4417337,25.1528849],[121.4416128,25.1530676],[121.4416166,25.1532186],[121.4410477,25.1541058],[121.4409381,25.1541353],[121.4408989,25.1546018],[121.4409379,25.1546262],[121.4409928,25.1546613],[121.4410263,25.1547087],[121.4410277,25.1547511],[121.441017,25.1547973],[121.4409955,25.1548313],[121.4409579,25.1548628],[121.4409217,25.1548762],[121.4408815,25.1548762],[121.4408426,25.1548725],[121.440809,25.1548628],[121.4407756,25.1548373],[121.4407517,25.1548127],[121.4407315,25.1547619],[121.4403631,25.1547707],[121.4402225,25.1549023],[121.4399947,25.154876],[121.4400723,25.1550295],[121.4400791,25.1551781],[121.4400286,25.1552665],[121.439796,25.1554156],[121.4395972,25.1554639],[121.4393964,25.1553816],[121.4392968,25.1553408],[121.4371072,25.1572285],[121.4358808,25.1581378],[121.4355086,25.1585477],[121.4353969,25.1586263],[121.435369,25.1587302],[121.4352936,25.1588291],[121.4352771,25.1588474],[121.4352608,25.1588657],[121.4350874,25.1590113],[121.4350294,25.1590235],[121.4349637,25.1590127],[121.4344781,25.1594364],[121.4344669,25.159506],[121.4344478,25.1595472],[121.4344143,25.1595928],[121.4343607,25.1596323],[121.4342936,25.1596719],[121.4342182,25.159689],[121.4341778,25.1596927],[121.4341462,25.1596956],[121.4340889,25.1596823],[121.4340273,25.1596584],[121.4338162,25.1598951],[121.4333836,25.1603363],[121.433044,25.1605332],[121.4326879,25.1608323],[121.4317548,25.1611111],[121.4316621,25.1611566],[121.4315267,25.1611952],[121.4314419,25.1612297],[121.4313783,25.1612448],[121.4312585,25.1612636],[121.430333,25.1614907],[121.4296745,25.161633],[121.4289156,25.1620004],[121.4284097,25.1621775],[121.428321,25.1621918],[121.4280921,25.1622286],[121.4276817,25.1622189],[121.4274238,25.1621491],[121.4272653,25.1621617],[121.4269028,25.162291],[121.4266139,25.162394],[121.426109,25.1627002],[121.4253213,25.1629593],[121.4248693,25.1631796],[121.4247785,25.1631613],[121.4247065,25.1631006],[121.4246709,25.1630852],[121.42457,25.163159],[121.4240538,25.1635319],[121.423895,25.1635948],[121.4235475,25.1635431],[121.4233912,25.163588],[121.4232615,25.1636564],[121.4229736,25.1639125],[121.4228301,25.1639857],[121.4227423,25.1639827],[121.4226789,25.1640457],[121.4226602,25.1641135],[121.4227497,25.1644686],[121.4228142,25.1645076],[121.4229412,25.164494],[121.4229807,25.1646594],[121.4229463,25.1646668],[121.4229952,25.1648905],[121.4230182,25.164886],[121.4230367,25.1649636],[121.4229421,25.1649821],[121.4229235,25.1649045],[121.4229583,25.1648977],[121.4229129,25.164674],[121.4228672,25.1646839],[121.4227798,25.1646995],[121.4227936,25.1647706],[121.4227345,25.1647812],[121.4227204,25.1647114],[121.4220363,25.1648396],[121.4219964,25.1646994],[121.4225631,25.164563],[121.4226548,25.1644669],[121.4225388,25.1640117],[121.4224682,25.1639959],[121.4223146,25.1640324],[121.4217782,25.1638466],[121.4217219,25.1636986],[121.4215936,25.1636517],[121.4211858,25.1636666],[121.4205795,25.1637975],[121.4199918,25.1641173],[121.4194394,25.1645004],[121.4192825,25.1650245],[121.418728,25.165576],[121.4188563,25.1659975],[121.4186971,25.1666903],[121.4184347,25.1670837],[121.418291,25.1671257],[121.4180028,25.1670295],[121.4178902,25.1668113],[121.4178734,25.1664572],[121.417724,25.1663228],[121.4176422,25.1663462],[121.4177611,25.1666835],[121.4177252,25.1667305],[121.4175649,25.1667185],[121.4175138,25.1666324],[121.4174381,25.1664333],[121.4168888,25.1662153],[121.4168218,25.166085],[121.416852,25.1660015],[121.4166865,25.165919],[121.4166233,25.1660423],[121.4164194,25.1662246],[121.4167628,25.1662164],[121.4167581,25.166271],[121.4163619,25.1662725],[121.4163654,25.1663061],[121.4165599,25.1663199],[121.4166036,25.1665162],[121.4164427,25.1666847],[121.4164659,25.1668455],[121.4166678,25.1669213],[121.4167387,25.16701],[121.4170719,25.1669979],[121.417408,25.1671393],[121.4176898,25.167379],[121.4179409,25.167424],[121.4181895,25.1674485],[121.4181975,25.1675202],[121.4179881,25.167622],[121.4178493,25.1676095],[121.4178703,25.1676793],[121.4180206,25.1677308],[121.4180872,25.1678028],[121.418215,25.1676775],[121.4184894,25.1676671],[121.4192164,25.1679138],[121.4195822,25.1677064],[121.4200575,25.1676685],[121.4207825,25.1676737],[121.4213958,25.1672406],[121.4214093,25.1665643],[121.4214152,25.1663427],[121.4216454,25.166486],[121.4221006,25.1666698],[121.4221935,25.1667581],[121.4223131,25.1669674],[121.422483,25.1673797],[121.4226457,25.1680543],[121.4225506,25.1684154],[121.4221513,25.1688631],[121.4217721,25.1693004],[121.4213017,25.1695597],[121.4203871,25.1696981],[121.419335,25.1697013],[121.4183454,25.1697116],[121.4177866,25.1698095],[121.4173541,25.1699815],[121.4169887,25.1702894],[121.4167468,25.1704595],[121.4166308,25.1708143],[121.4165377,25.1711211],[121.4163923,25.1714588]]],[[[121.4163923,25.1714588],[121.4160781,25.1716522],[121.4157262,25.1717606],[121.415308,25.1718071],[121.4148897,25.1718779],[121.4144939,25.1718977],[121.4141244,25.1718681],[121.4138055,25.1718806],[121.4134616,25.1719825],[121.4131194,25.1719064],[121.4128067,25.1716762],[121.4123983,25.1714866],[121.4120492,25.1713183],[121.4116269,25.1709567],[121.411066,25.1705342],[121.4105881,25.1699234],[121.4101813,25.1692583],[121.4096279,25.1686966],[121.4091036,25.1682371]]],[[[121.4091036,25.1682371],[121.4079669,25.1675187],[121.4069147,25.1667836],[121.4053386,25.1656153],[121.4041756,25.1647733],[121.4030621,25.1639233],[121.402264,25.1633772],[121.401426,25.1629781],[121.4005289,25.1625173],[121.39955,25.162003],[121.3989052,25.1616376],[121.3974088,25.1629667],[121.3900716,25.1694516],[121.3941829,25.1753025],[121.3957338,25.1775096]]],[[[121.3957338,25.1775096],[121.3961415,25.1777344],[121.4043057,25.1831028],[121.4050081,25.1835587],[121.4050128,25.1834719],[121.4050715,25.18339],[121.4051578,25.1833426],[121.4055138,25.182767],[121.4055131,25.1826845],[121.405609,25.182602],[121.4057029,25.1825917],[121.4058338,25.1826328],[121.4059424,25.182685],[121.4062492,25.1827527],[121.4067664,25.1826924],[121.4070368,25.1826741],[121.4080579,25.1825213],[121.4094177,25.1823016],[121.4096001,25.182241],[121.4097289,25.1822531],[121.4098188,25.1822033],[121.4104798,25.1821305],[121.4106395,25.1820662],[121.4108903,25.1820844],[121.4131098,25.1817494],[121.4144211,25.1815457],[121.4168559,25.1811674],[121.4169359,25.1811162],[121.4177647,25.1809852],[121.4179449,25.1808265],[121.4182411,25.1801844],[121.4186763,25.179664],[121.4190334,25.1790554],[121.419336,25.178467],[121.4191587,25.1781816],[121.4193573,25.1777654],[121.4194272,25.1777822],[121.4195745,25.177696],[121.419648,25.1774026],[121.4198157,25.17717]]],[[[121.4198157,25.17717],[121.4206432,25.1762302],[121.4206101,25.17618],[121.4207599,25.1760793],[121.4208089,25.1760575],[121.4210212,25.1763495],[121.4215812,25.1760111],[121.4218013,25.1763152],[121.4221421,25.1761918],[121.4221914,25.1763394]]],[[[121.4221914,25.1763394],[121.4221985,25.1763884],[121.4222009,25.1764114]]],[[[121.4222009,25.1764114],[121.4222972,25.1764631],[121.4227016,25.1762619],[121.4229376,25.1760677],[121.423091,25.176]]],[[[121.423091,25.176],[121.423576,25.1757594],[121.4235921,25.1756769],[121.4236511,25.1756453],[121.4237906,25.1756793],[121.424055,25.175543],[121.4241285,25.1755482],[121.4241366,25.1756065],[121.4242331,25.1756551],[121.4245376,25.1756927],[121.4245456,25.1757619],[121.4245993,25.1757582],[121.4246046,25.1758031],[121.4248018,25.1757886],[121.4250378,25.1758177],[121.4251654,25.1758521],[121.4255435,25.1759539],[121.4256527,25.1760482],[121.4257048,25.1759404],[121.4267959,25.1758078],[121.427135,25.1757599],[121.4284143,25.1754081],[121.4291563,25.1752041],[121.4299461,25.1751992],[121.4303084,25.1752352],[121.4306519,25.1751754],[121.4311845,25.1749612],[121.4311602,25.1746283],[121.4311093,25.1746429],[121.4310784,25.1745603],[121.431289,25.1744778],[121.4316162,25.1743516],[121.4322599,25.1741962],[121.4330217,25.1739583],[121.4330813,25.1740634],[121.433141,25.1741817],[121.433302,25.1741343],[121.4331826,25.173894],[121.4337914,25.1736155],[121.4337621,25.173558],[121.4337939,25.1735212],[121.4338371,25.1735235],[121.4338625,25.1735672],[121.4338886,25.173563],[121.4339349,25.1736374],[121.4340277,25.1735983],[121.4341477,25.1736405],[121.4345321,25.173389],[121.4344877,25.173328],[121.4346067,25.1732486],[121.4347126,25.1731699],[121.4347599,25.1731305],[121.4347357,25.1730262],[121.4347143,25.1730019],[121.4353045,25.1726186],[121.4353119,25.1725828],[121.4353567,25.1725582],[121.4356581,25.172393],[121.4358422,25.1722654],[121.4358608,25.1722532],[121.4363975,25.1719018],[121.4364164,25.1718867],[121.4367887,25.1715895],[121.4369295,25.1717121],[121.4370421,25.1716186],[121.4368973,25.1714911],[121.4370466,25.1713566],[121.4372098,25.1712096],[121.4373997,25.1710668],[121.4373596,25.1710175],[121.4374052,25.1709879],[121.4375422,25.1708966],[121.4377116,25.1707864],[121.4380627,25.1705565],[121.4381253,25.1705125],[121.4382991,25.170401],[121.4383624,25.1703603],[121.438625,25.1701931],[121.4386734,25.1700984],[121.4390079,25.1698057],[121.4391037,25.1697688],[121.4391642,25.1697455],[121.4400231,25.1694152],[121.4400959,25.1693872],[121.4407228,25.1691753],[121.4411563,25.169065],[121.4427376,25.167688],[121.4428937,25.1675598],[121.4429162,25.1675388],[121.4429876,25.167472],[121.4435062,25.167056],[121.443643,25.1670552],[121.4437261,25.1670593],[121.4438316,25.1669589],[121.4439809,25.1667979],[121.444267,25.1664782],[121.4444405,25.1662476],[121.4445808,25.1661116],[121.4446863,25.1659563],[121.4448043,25.1658932],[121.4449867,25.1658762],[121.445204,25.165881],[121.4452498,25.1659377],[121.4452745,25.1659948],[121.4451005,25.1661495],[121.4452587,25.1662955],[121.4453661,25.166226],[121.4455047,25.166192],[121.4456208,25.1661757],[121.4457914,25.1662015],[121.4460182,25.16635],[121.4463199,25.1665475],[121.4463725,25.1665087],[121.4464194,25.1664711],[121.4460104,25.1660717],[121.446052,25.165954],[121.445942,25.1659152],[121.446005,25.1657248],[121.4465299,25.1649149],[121.4465385,25.1647884],[121.4462632,25.16442],[121.4463636,25.1643577],[121.4465567,25.1642327],[121.4466372,25.1640846],[121.4468571,25.1637447],[121.4471897,25.1632446],[121.4475545,25.162764],[121.4480555,25.1625109],[121.4484227,25.1622817],[121.4487389,25.1621531],[121.4490575,25.1619628],[121.4491541,25.1617152],[121.4496208,25.1616667],[121.4497201,25.1615411],[121.4498829,25.1613353],[121.4504355,25.1605148],[121.4507634,25.1602683],[121.4506829,25.1601129],[121.4508761,25.1597051],[121.4510531,25.1596128],[121.4512703,25.1595448],[121.4513133,25.1595715],[121.4512918,25.1596929],[121.4513635,25.1597088],[121.4514252,25.1595534],[121.4515493,25.1594696],[121.4520187,25.1593725],[121.4525256,25.1592365],[121.4533758,25.1591577],[121.4540223,25.1591224],[121.4546767,25.1589864],[121.4554975,25.1586563],[121.4556404,25.1586277],[121.4557282,25.1586101],[121.4562432,25.1582848],[121.4565918,25.1578575],[121.4568306,25.1574594],[121.45697,25.1571341],[121.4570317,25.1568913],[121.457072,25.156799],[121.4571202,25.1565999],[121.4571685,25.1564543],[121.4572034,25.1562333],[121.4572088,25.1556021],[121.4572302,25.1554176],[121.4572973,25.1552064],[121.4575494,25.1545654],[121.4575199,25.1543712],[121.4572946,25.1547985],[121.4572114,25.155],[121.4571363,25.1552986],[121.4570988,25.1555973],[121.4570425,25.1561362],[121.4569486,25.1565878],[121.4567394,25.1571268],[121.4566187,25.1573841],[121.4564697,25.1576308],[121.4562006,25.1580012],[121.455647,25.158379],[121.4546821,25.1587145],[121.4541135,25.1588311],[121.4535425,25.158798],[121.4531479,25.1587728],[121.452622,25.1588674],[121.4519836,25.1590471],[121.4514204,25.1591733],[121.4510341,25.1591782],[121.4521018,25.1578551],[121.4537541,25.155136],[121.454253,25.1544173],[121.4547465,25.1530092],[121.4549879,25.1528829],[121.4554546,25.1517321],[121.4557979,25.1506784],[121.4562002,25.1490905],[121.4567386,25.146674],[121.4565723,25.1459408],[121.4567494,25.1457514],[121.4567764,25.1455479],[121.4570599,25.1442036],[121.4571785,25.1440032],[121.457141,25.1434787],[121.4572965,25.1432869],[121.4574279,25.1401886],[121.4573475,25.1396812],[121.4575111,25.1384574],[121.4575979,25.1375904],[121.4575939,25.1373038],[121.4575479,25.1369214],[121.4575391,25.1368477],[121.4575218,25.1367042],[121.4578705,25.1364274],[121.4580046,25.1349608],[121.4579724,25.1341643],[121.4582514,25.1341255],[121.4581495,25.133397],[121.4582568,25.1331396],[121.4580851,25.1327074],[121.4579563,25.132246],[121.4579563,25.1316146],[121.4580851,25.1310027],[121.4581226,25.1305996],[121.4584016,25.1302499],[121.4586323,25.1297643],[121.4584928,25.1296283],[121.4586354,25.1291389],[121.4588496,25.1284625],[121.4594692,25.1269908],[121.4596571,25.1267512],[121.4597959,25.1263392],[121.4599021,25.1261865],[121.4601942,25.1254669],[121.4603755,25.1247923],[121.4606048,25.123899],[121.4607712,25.1232051],[121.4608984,25.1229695],[121.4609927,25.1225055],[121.4611283,25.1220029],[121.4613854,25.1216294],[121.4617534,25.1213547],[121.461854,25.1209195],[121.4619182,25.1206373],[121.4618085,25.1206022],[121.4617688,25.1205741],[121.4617577,25.1205508],[121.4618216,25.1202177],[121.4618649,25.1199443],[121.462007,25.1193718],[121.4617451,25.119344],[121.4622704,25.1180334],[121.4631248,25.1164979]]],[[[121.4631248,25.1164979],[121.4630474,25.1159977]]],[[[121.4630474,25.1159977],[121.4629543,25.1158594],[121.4633876,25.1148137],[121.4634845,25.1145798],[121.4636668,25.1142196],[121.4637898,25.114051],[121.4639767,25.1137948],[121.4650118,25.1128219]]],[[[121.4648911,25.1101469],[121.4648065,25.1106309],[121.4647292,25.1110391],[121.46452,25.1113914],[121.4650118,25.1128219]]],[[[121.4648911,25.1101469],[121.4648525,25.1100752],[121.4648938,25.1099336],[121.4649399,25.1098249],[121.4649343,25.1096776],[121.4649899,25.1094812],[121.4650383,25.1092428],[121.4651157,25.1090331],[121.465227,25.1089255],[121.4654857,25.1086295],[121.4657012,25.1084672],[121.4659483,25.1082858],[121.4663436,25.1079021],[121.4666192,25.1075667],[121.4670332,25.1073069],[121.4680873,25.1067372],[121.46916,25.1063382],[121.4704685,25.1058191],[121.47308,25.1052058],[121.4751912,25.1045302],[121.4764902,25.1041985],[121.4780968,25.1038416],[121.479744,25.103402],[121.4812255,25.102888],[121.4831682,25.1021001],[121.4851348,25.101125],[121.4877174,25.0999024],[121.4897719,25.0986978],[121.4907547,25.0980807],[121.4928148,25.0965574],[121.4938191,25.0956589],[121.4946349,25.0948006],[121.4946443,25.0947907],[121.4963442,25.0933351],[121.5021149,25.0885044],[121.5034452,25.0869753],[121.5063758,25.0831129],[121.5074787,25.078658],[121.5077259,25.0774688],[121.5077359,25.0764488],[121.508026,25.0759289],[121.508026,25.0754288],[121.5083159,25.0748988],[121.5086922,25.0727924],[121.5089258,25.0718189],[121.5089876,25.0709239],[121.5089995,25.069652],[121.5088462,25.0685356],[121.5087359,25.0675276],[121.5085196,25.0648797],[121.5084789,25.0635845],[121.5082232,25.0618496],[121.5081462,25.0593687],[121.5079571,25.0584546],[121.5078346,25.0577903]]],[[[121.5078346,25.0577903],[121.5077707,25.0575036]]],[[[121.5077707,25.0575036],[121.5075378,25.0568092],[121.5074639,25.0566463],[121.5074529,25.0566241],[121.5074411,25.0566004],[121.5068043,25.0553863],[121.5063309,25.0545856],[121.5061059,25.054168],[121.5059912,25.0537932],[121.5055695,25.0527185],[121.5053157,25.0521403],[121.5050258,25.0514385],[121.5049123,25.0511573],[121.5047986,25.0506755],[121.5047505,25.0500626],[121.5045717,25.0495863]]],[[[121.5045717,25.0495863],[121.5045067,25.0494252]]],[[[121.5045067,25.0494252],[121.5041712,25.0488621],[121.5040076,25.0482073],[121.5037979,25.0479217],[121.5035775,25.0476026],[121.503465,25.0474485],[121.5033737,25.0472964],[121.5030827,25.0467169],[121.5014395,25.0452652],[121.5007333,25.044569],[121.5002173,25.043809],[121.4997541,25.0440425],[121.499631,25.0442164],[121.49956,25.0444576],[121.498797,25.044538],[121.4981582,25.0448836],[121.4971822,25.0450765],[121.4960274,25.0448018],[121.4936559,25.0438582],[121.4907574,25.0426191],[121.4880095,25.0415846],[121.4867924,25.0406524],[121.4857007,25.0390495],[121.4851193,25.0377077]]],[[[121.4829783,25.0377212],[121.4851193,25.0377077]]],[[[121.4829783,25.0377212],[121.482746,25.0381213],[121.4827654,25.0387305],[121.4831389,25.0401046]]],[[[121.4777725,25.0446664],[121.4830038,25.0418936],[121.4832745,25.0414356],[121.4831389,25.0401046]]],[[[121.4777725,25.0446664],[121.477986,25.0448076],[121.4780874,25.0448049],[121.4787339,25.0448292],[121.4789225,25.0449343],[121.4790848,25.0450888],[121.4791818,25.0452772],[121.4792504,25.0454084],[121.4794435,25.0456263],[121.4796754,25.0457607],[121.4798654,25.0458062],[121.4801757,25.045971],[121.4805172,25.0460884],[121.4806031,25.0462501],[121.4806059,25.0463456],[121.4807208,25.0463902],[121.4808945,25.0464034],[121.4819748,25.0465736],[121.4828418,25.046586],[121.4835341,25.0466504],[121.4841412,25.0465227],[121.4846789,25.0464783],[121.4850941,25.0463318],[121.4855281,25.0461103],[121.4868019,25.0458461],[121.4873719,25.0458561],[121.4883271,25.0463361],[121.4887855,25.0463796],[121.4891918,25.0465161],[121.4896956,25.0467579],[121.4903165,25.0470734],[121.4913721,25.0473271],[121.4916329,25.0476064],[121.491873,25.0477389],[121.4920572,25.0480119],[121.4922888,25.0484002],[121.4929441,25.0493493],[121.4934961,25.0501177],[121.49457,25.0510795],[121.4948759,25.0514052],[121.4955429,25.0518371],[121.4958915,25.0521661],[121.4958833,25.0523813],[121.4964658,25.0528244],[121.496929,25.0531823],[121.4968934,25.0532362],[121.4968736,25.0533249],[121.4968938,25.0534243],[121.4969692,25.0534796],[121.4973066,25.0536716],[121.4978015,25.0540266],[121.4979239,25.0542546],[121.4979145,25.0543681],[121.497954,25.0544499],[121.4980546,25.0545612],[121.4986495,25.0550216],[121.4989839,25.055318],[121.4991765,25.0554991],[121.4996494,25.055895],[121.4999572,25.0561483],[121.5002659,25.0563982],[121.5009484,25.057002],[121.5015503,25.0574564],[121.5017448,25.0576253],[121.5021752,25.0578852],[121.502352,25.0582583],[121.5027755,25.0587392],[121.5030908,25.0592557],[121.5035366,25.0599632],[121.5039209,25.0608057],[121.5042118,25.0613498],[121.5044811,25.0617531],[121.5046645,25.0622899],[121.5047857,25.0632736],[121.5049037,25.0642552],[121.5050432,25.0659851],[121.505556,25.0699888],[121.505246,25.0717888],[121.5049559,25.0725488],[121.5049459,25.0733288],[121.5046559,25.0740988],[121.5046359,25.0748688],[121.504346,25.0753789],[121.5040659,25.0766588],[121.5035305,25.0782693],[121.5026722,25.0798241],[121.5022859,25.0811457],[121.4976081,25.086626],[121.4969336,25.0873275],[121.4963156,25.0880375],[121.4961193,25.0885982],[121.4949211,25.0901799],[121.4946612,25.0909663],[121.493617,25.0919507],[121.4906524,25.0938612],[121.4904412,25.0941708],[121.4899062,25.0947167],[121.4844134,25.0972615],[121.47507,25.0998238],[121.4723547,25.1004093],[121.4695326,25.0998233],[121.4674618,25.0996476],[121.4617318,25.1008473],[121.4615606,25.1003163],[121.4614488,25.1001244],[121.4616112,25.0997338],[121.4612852,25.0997726],[121.4612515,25.099683],[121.4610332,25.0997022],[121.460976,25.0999957],[121.4600458,25.0999469],[121.4593324,25.1000453],[121.4584092,25.1004172],[121.4574657,25.1014326],[121.4568662,25.1022098],[121.4566894,25.1025105],[121.4565732,25.1026654],[121.4564795,25.1027315],[121.4564033,25.1027784],[121.4563056,25.1027803],[121.4562407,25.1027429]]],[[[121.4562407,25.1027429],[121.4552127,25.1029906]]],[[[121.4552127,25.1029906],[121.4551374,25.1030705],[121.4554852,25.1035944],[121.4557106,25.103942],[121.4557899,25.1041151],[121.4558241,25.1042668],[121.4558529,25.1044105],[121.4559449,25.1053914],[121.4559611,25.1055203],[121.4560206,25.1054387],[121.456053,25.1052363],[121.4560873,25.1051645],[121.4562621,25.1052037],[121.4563774,25.1053898],[121.4564117,25.1055432],[121.4563522,25.1056476],[121.4562693,25.1060279],[121.4562837,25.1062173]]],[[[121.4562837,25.1062173],[121.4562852,25.1063299],[121.4562873,25.1064866]]],[[[121.5022267,25.0496068],[121.5017707,25.0491393],[121.5014097,25.0486856],[121.5013594,25.0489148],[121.501251,25.0493666],[121.5014163,25.0499584],[121.5015221,25.0502993],[121.501581,25.0501753],[121.5016788,25.0501293],[121.501887,25.0504672],[121.5020265,25.0506453],[121.5022277,25.0508672],[121.5025677,25.0512821],[121.5027304,25.0514571],[121.5028158,25.0516302],[121.502778,25.0518145],[121.5026186,25.0518891],[121.5022732,25.0520741],[121.5023993,25.0523169],[121.5025339,25.0524137],[121.5025981,25.0525265],[121.5027881,25.0527489],[121.5028488,25.052746],[121.5028465,25.0527944],[121.5028875,25.0528179],[121.5028908,25.0528415],[121.5029368,25.0528644],[121.5029751,25.0528971],[121.5030058,25.0529379],[121.503044,25.0529578],[121.5031011,25.0530173],[121.5031419,25.0530361],[121.5031867,25.0530645],[121.5033676,25.0532127],[121.5034871,25.0533189],[121.5035349,25.0533244],[121.5036305,25.0534054],[121.5037215,25.0534575],[121.5038161,25.053496],[121.5039737,25.0536005],[121.504034,25.0536009],[121.5039861,25.0533345],[121.5039491,25.0531312],[121.5038853,25.0530108],[121.5038177,25.0530171],[121.5037916,25.0530037],[121.5038008,25.0529776],[121.5038382,25.0529669],[121.5038559,25.0529284],[121.5038258,25.0528346],[121.5037199,25.0527833],[121.5036463,25.0526208],[121.5036062,25.0525184],[121.5036417,25.0523652],[121.5035064,25.052153],[121.5033656,25.0519592],[121.5032268,25.0518617],[121.5031722,25.0517801],[121.5034675,25.0518049],[121.5034418,25.051633],[121.5034097,25.0515464],[121.5033188,25.0513981],[121.5032721,25.0512757],[121.5032242,25.0512741],[121.5031916,25.0511998],[121.5031379,25.0511948],[121.5030961,25.0511428],[121.5029963,25.0511168],[121.5029766,25.0511402],[121.5030184,25.0512763],[121.5029417,25.0511369],[121.5028808,25.0511013],[121.502823,25.0510392],[121.5026995,25.0509272],[121.5027945,25.0508202],[121.5028841,25.0507877],[121.5029758,25.0508025],[121.5030076,25.0509759],[121.5030542,25.0510347],[121.5031842,25.0510888],[121.5032534,25.0510997],[121.5033463,25.051181],[121.5033313,25.0512054],[121.5033646,25.0512762],[121.503424,25.0513606],[121.5034966,25.0514785],[121.503552,25.0515172],[121.5035453,25.0514288],[121.5034263,25.0512008],[121.5033871,25.0510945],[121.5032143,25.0507989],[121.5027132,25.0501347],[121.5022267,25.0496068]]]]}},{"type":"Feature","properties":{"kind":"water","osm_id":7743877,"name":""},"geometry":{"type":"MultiPolygon","coordinates":[[[[121.4648911,25.1101469],[121.4648065,25.1106309],[121.4647292,25.1110391],[121.46452,25.1113914],[121.4650118,25.1128219]]],[[[121.4650118,25.1128219],[121.4676619,25.1117711],[121.4688601,25.1114668],[121.4690569,25.1114168],[121.4704813,25.1113686],[121.4719733,25.1117906],[121.4723171,25.1121462],[121.4728728,25.1123316],[121.4737844,25.1123592],[121.4745471,25.1124074],[121.4752516,25.1125289],[121.4768081,25.1126946],[121.4784436,25.112795],[121.4828296,25.1140212],[121.4827442,25.114247]]],[[[121.4827442,25.114247],[121.4830674,25.1142897],[121.4831172,25.1141311],[121.4842748,25.1144559],[121.4844047,25.1144914],[121.4848294,25.1147545],[121.4854422,25.1150083],[121.4860095,25.1152759],[121.486859,25.1155264],[121.4874476,25.115646],[121.4883552,25.1157848],[121.4889525,25.1158643],[121.4893589,25.1158987],[121.4896932,25.1158918],[121.4900841,25.1158095],[121.4904454,25.1157375],[121.4907894,25.115629],[121.491232,25.1155143],[121.4917581,25.1152982],[121.4922027,25.1151243],[121.4924685,25.1149815],[121.4931514,25.1145172],[121.4947604,25.1133046],[121.4950133,25.1134137],[121.4951422,25.113333],[121.4952441,25.1134787],[121.4953072,25.1134545],[121.4952897,25.1132565],[121.4953367,25.1132565],[121.4957331,25.1132561],[121.4957707,25.1131823]]],[[[121.4957707,25.1131823],[121.4957867,25.1131361],[121.4974304,25.1137267],[121.4981088,25.1139169],[121.4990534,25.1141156],[121.4998716,25.1142446],[121.5001677,25.1143388],[121.5004304,25.1145121],[121.5005229,25.114484],[121.5002883,25.1142754],[121.4997216,25.1141047],[121.4995087,25.1140875],[121.4989217,25.1139187],[121.4981278,25.1137633],[121.497409,25.1134864],[121.4973979,25.1134237],[121.4975708,25.1130939],[121.497449,25.1130694],[121.4973972,25.1131701],[121.4972531,25.1132255],[121.4971285,25.1133517],[121.4970142,25.1133671],[121.4959756,25.1129317],[121.496387,25.1121576],[121.4967268,25.1117635],[121.4969801,25.1113374],[121.4973133,25.1104436],[121.4976975,25.1086292],[121.4980635,25.1073305],[121.4981955,25.1049984],[121.4980074,25.1040141],[121.498023,25.1032375],[121.4979922,25.1024925],[121.4981461,25.1015592],[121.4983047,25.1008472],[121.4981778,25.0998203],[121.4982093,25.0997543],[121.4982747,25.0996753],[121.49843,25.0992291],[121.4986323,25.0988643],[121.4987905,25.0986534],[121.499175,25.0983754],[121.5011293,25.0975542],[121.5030401,25.0972155],[121.5042272,25.0970903],[121.504894,25.0970314],[121.5055526,25.0970019],[121.506617,25.0969187],[121.5072581,25.0968289],[121.5085214,25.0965714],[121.5086081,25.0965825],[121.5092725,25.0969411]]],[[[121.5106212,25.0960691],[121.5092725,25.0969411]]],[[[121.5106212,25.0960691],[121.5108035,25.0960749],[121.5108495,25.0961244],[121.5109246,25.0960612],[121.5108803,25.0960163],[121.5112037,25.0957517],[121.5114894,25.0954687],[121.5113968,25.0953606],[121.5106354,25.0950732],[121.5106317,25.0950275],[121.510722,25.0948473],[121.5120181,25.093829],[121.5123357,25.0934326],[121.5125907,25.0932029],[121.5134812,25.0918281],[121.5139023,25.0905941],[121.5140284,25.0899504],[121.5141732,25.0892667],[121.5142859,25.0887917],[121.5144173,25.087905],[121.5146762,25.0847125],[121.5147811,25.0841161],[121.5149222,25.0835846],[121.5151437,25.0828685],[121.5152773,25.0825466],[121.5154417,25.0822498],[121.5157609,25.0818538],[121.5160881,25.0814749],[121.5164743,25.0810619],[121.5167415,25.080773]]],[[[121.5167415,25.080773],[121.5153837,25.0800729]]],[[[121.5153837,25.0800729],[121.5151945,25.0803992],[121.5148944,25.0810213],[121.5139374,25.0829834],[121.5136772,25.0841725],[121.5135688,25.0843973],[121.5135285,25.0846067],[121.5134871,25.0850928],[121.5130421,25.0884724],[121.5126451,25.0897939],[121.5122804,25.090853],[121.5119478,25.091572],[121.5117439,25.0920675],[121.5114221,25.0925339],[121.5107488,25.0932099],[121.5103261,25.0935577],[121.5090167,25.0946246],[121.5087463,25.0947632],[121.5086227,25.0948526],[121.5083188,25.0950727],[121.5077008,25.0952825],[121.50741,25.0954252],[121.5060346,25.0955962],[121.5050551,25.0956799],[121.5027322,25.0956739],[121.501696,25.0956778],[121.5006216,25.0956635],[121.4998913,25.0958616],[121.4980116,25.0968202],[121.4974233,25.097248],[121.4966554,25.0981845],[121.4963894,25.0990706],[121.4964237,25.1002443],[121.496281,25.1017348],[121.4962437,25.1024967],[121.4961984,25.1027208],[121.4962079,25.1029148],[121.496218,25.1030361],[121.496144,25.1036347],[121.4961349,25.1038697],[121.4961899,25.1040387],[121.4960543,25.106182],[121.4960207,25.1062452],[121.4960335,25.1062953],[121.4960481,25.1063324],[121.4960364,25.106522],[121.4960551,25.1067642],[121.4960439,25.1069017],[121.4960435,25.1070412],[121.4960708,25.1071583],[121.4960301,25.1087924],[121.4960283,25.1089237],[121.4959561,25.109074],[121.4958719,25.1097755],[121.4958426,25.1101439],[121.4956452,25.1106548],[121.4954971,25.1109116],[121.4952828,25.1112833],[121.4949278,25.1117907],[121.4944989,25.1122932],[121.4939544,25.1126226],[121.4933986,25.1128646],[121.4906644,25.1142107],[121.4896289,25.1145061],[121.4886804,25.1147082],[121.4881436,25.1146845],[121.4879262,25.1146747],[121.4876107,25.1145895],[121.4867763,25.1142885],[121.4858837,25.1138766],[121.4809405,25.1113189],[121.4778342,25.110319],[121.4772737,25.1101386],[121.4708572,25.1096879],[121.4705228,25.1095992],[121.4700542,25.109684],[121.4693209,25.1097539],[121.4683892,25.1098787],[121.4668069,25.1101832],[121.4665478,25.1102931],[121.4661729,25.1102631],[121.4657043,25.1103679],[121.4657221,25.1104756],[121.4656905,25.1104797],[121.4656827,25.1104641],[121.4656307,25.1104683],[121.4655636,25.1104777],[121.4655613,25.1104096],[121.465522,25.110417],[121.4655174,25.1103772],[121.4654445,25.1103929],[121.4654192,25.110392],[121.4651887,25.110458],[121.4651398,25.1104373],[121.4650979,25.1104029],[121.4651256,25.1102623],[121.4649712,25.1102027],[121.4648911,25.1101469]]]]}},{"type":"Feature","properties":{"kind":"water","osm_id":7743878,"name":"外雙溪"},"geometry":{"type":"MultiPolygon","coordinates":[[[[121.5092725,25.0969411],[121.5096306,25.0972194],[121.5101507,25.0974039],[121.510394,25.097554],[121.5106859,25.097689],[121.5109209,25.0977661],[121.5109199,25.0977803],[121.5109832,25.0978167],[121.5110021,25.0977824],[121.5112819,25.0978606],[121.5116106,25.097941],[121.5118568,25.0980385],[121.511862,25.0980624],[121.5118935,25.0980884],[121.511982,25.0981427],[121.511931,25.0983119],[121.511926,25.0983803],[121.5119875,25.0983822]]],[[[121.5119875,25.0983822],[121.5120088,25.0982819],[121.5120676,25.0982071],[121.5121451,25.0981543],[121.5122124,25.0981607],[121.5123057,25.0981815],[121.5123822,25.0982469],[121.5124009,25.0982965],[121.5124267,25.0982906],[121.5124091,25.098234],[121.5125197,25.0982506],[121.5127745,25.0983639],[121.5132433,25.0986545],[121.5141586,25.0989848],[121.5150009,25.0992637],[121.5157946,25.0994315],[121.5170486,25.0995604],[121.517193,25.0996817],[121.5173024,25.0997393],[121.5174236,25.0997273],[121.5175316,25.0996821],[121.5175476,25.099617],[121.5179351,25.0996504],[121.5181906,25.0996911],[121.5184808,25.0997177],[121.5187695,25.0997704],[121.5191401,25.0997949],[121.5193957,25.0997519],[121.5194217,25.0998238],[121.5195115,25.0998065],[121.519475,25.0996707],[121.5196164,25.0996235],[121.5200242,25.0994578],[121.520298,25.0992933],[121.5209601,25.0989155],[121.5214765,25.0987635],[121.5218622,25.0987415],[121.5221374,25.0987765],[121.5227773,25.0989356],[121.5232184,25.0990844],[121.5236621,25.0993191],[121.5239348,25.0995356],[121.5241759,25.0998097],[121.5245731,25.1000907],[121.5245781,25.1001059],[121.5245673,25.100128],[121.5245968,25.1001454],[121.5246243,25.1001203],[121.5246462,25.1001167],[121.5248681,25.1002295],[121.5250969,25.1003134],[121.525291,25.1003706],[121.5254492,25.1004035],[121.5255636,25.1004056],[121.5256107,25.1003964],[121.5256942,25.1004165],[121.5257306,25.1003542],[121.5257929,25.1003099],[121.5258619,25.100305],[121.5258988,25.1003599],[121.525878,25.1005221],[121.5259587,25.1005287],[121.5259607,25.1003669],[121.5259755,25.1003511],[121.5260062,25.100339],[121.526031,25.1002444],[121.5260933,25.1001846],[121.5261829,25.1001693],[121.5263711,25.1001746],[121.5265381,25.1001645],[121.526796,25.1002194],[121.5267853,25.1004866],[121.5267251,25.1006068],[121.5268993,25.1006323],[121.5269524,25.1003861],[121.5269757,25.1003359],[121.527021,25.1003167],[121.5274123,25.1003835],[121.5277883,25.100409],[121.5279303,25.1004109],[121.5279593,25.1004344],[121.5279663,25.1004654],[121.5279913,25.100668],[121.5280416,25.1006679],[121.5280582,25.1007037],[121.5282191,25.1006894],[121.5282321,25.1007104],[121.5282924,25.1007015],[121.5282489,25.1004152],[121.5282477,25.1003798],[121.5282556,25.1003616],[121.5283657,25.1003142],[121.5285426,25.1002304],[121.528691,25.1001476],[121.5288271,25.1000558],[121.5288717,25.1000139],[121.5289622,25.0999778],[121.5291238,25.0999087],[121.5294727,25.0998441],[121.5298667,25.0998285],[121.5302225,25.0998919],[121.5305132,25.0999881],[121.5309735,25.1002033],[121.5313546,25.1003884],[121.5318048,25.1005625],[121.5320235,25.1006292],[121.5322985,25.1006831],[121.5325751,25.1007095],[121.5328903,25.1006972],[121.5333546,25.1007723],[121.5334733,25.1008102],[121.5334927,25.100848],[121.5334893,25.1010599],[121.533514,25.1010641],[121.5335463,25.1008547],[121.5335729,25.1008125],[121.5336345,25.1007992],[121.5339499,25.1008352],[121.5341888,25.1008398],[121.5349538,25.1008093],[121.5355182,25.1007816],[121.5359027,25.1006911],[121.536256,25.1005621],[121.5367038,25.1003222],[121.5369529,25.1001571]]],[[[121.5369529,25.1001571],[121.5373306,25.0999722],[121.5394043,25.098419],[121.5395588,25.0983386],[121.5397853,25.0982467],[121.5400858,25.0982934],[121.5414487,25.0979406],[121.5419905,25.0976911],[121.5423197,25.0974965],[121.5429719,25.0967906],[121.5436233,25.0961097],[121.5437331,25.0960336],[121.543931,25.0959538],[121.5444053,25.0959011],[121.5451583,25.0959538],[121.5464887,25.0952309],[121.5468262,25.0951276],[121.5473142,25.0949647],[121.5475431,25.0948759],[121.5481281,25.094679],[121.5484972,25.0948267],[121.5487976,25.095021],[121.5490636,25.0952931],[121.5491666,25.0952931],[121.5494241,25.0956817],[121.5496215,25.0958838],[121.5495872,25.0960004],[121.5497331,25.0962258],[121.5501298,25.0981683],[121.5504415,25.0987765],[121.5510994,25.0996519],[121.5514119,25.0999482],[121.5517107,25.1002105],[121.5519602,25.1003684],[121.5522257,25.1005537],[121.5526565,25.1009729],[121.5527599,25.1010506],[121.5535506,25.1013036],[121.5527144,25.1008649],[121.5518805,25.1001075],[121.5511411,25.0995066],[121.5506494,25.0988435],[121.5502309,25.0981457],[121.5500936,25.0975627],[121.5498619,25.0961248],[121.5494671,25.0955496],[121.549013,25.095061],[121.5483906,25.0946768],[121.5478606,25.094563],[121.547466,25.0947131],[121.5473049,25.0947427],[121.5467375,25.0949584],[121.5465831,25.0950366],[121.5450721,25.0958367],[121.5447428,25.0958293],[121.5440394,25.095763],[121.5435276,25.0960082],[121.5427671,25.0967645],[121.5425562,25.0969978],[121.5419483,25.0975783],[121.5415191,25.097726],[121.5412887,25.0978323],[121.5410432,25.0978784],[121.5400171,25.0980213],[121.5395647,25.0982828],[121.5371933,25.0996536],[121.5368552,25.1000212]]],[[[121.5368552,25.1000212],[121.5363706,25.1003588],[121.5358458,25.1005744],[121.5354551,25.1006596],[121.5341301,25.1006996],[121.5337424,25.1006714],[121.5333224,25.1006182],[121.5328368,25.100541],[121.5323023,25.1005232],[121.5320519,25.1004699],[121.5316656,25.1003216],[121.5312328,25.1001532],[121.5308929,25.0999872],[121.5305419,25.0998223],[121.5302457,25.099744],[121.529792,25.0996864],[121.529605,25.0996922],[121.5291215,25.0997502],[121.5290458,25.0996213],[121.5289208,25.0996611],[121.528969,25.0998122],[121.5287527,25.0999156],[121.5284383,25.1001251],[121.5282667,25.1002093],[121.5280156,25.1002442],[121.5277084,25.1002426],[121.5274005,25.1002136],[121.5271189,25.1001427],[121.5268599,25.1000369],[121.5265241,25.0999394],[121.5262842,25.0999297],[121.526025,25.0999742],[121.5255014,25.1001357],[121.5252481,25.1001511],[121.5250622,25.1001106],[121.524658,25.0999113],[121.524357,25.0997038],[121.5240439,25.0993447],[121.5237923,25.099143],[121.5237039,25.0990115],[121.5234309,25.0988234],[121.5230302,25.0985816],[121.5227852,25.0984754],[121.5225368,25.0984007],[121.5221963,25.0983052],[121.5218504,25.0982638],[121.5216276,25.0982632],[121.5214117,25.098283],[121.5210826,25.0983544],[121.5207265,25.0984969],[121.5202621,25.0987982],[121.5198008,25.0990367],[121.5193775,25.0991948],[121.5189309,25.0992821],[121.5183888,25.0992957],[121.5167487,25.0990725],[121.5164788,25.0989865],[121.5153586,25.0988192],[121.5145883,25.0985767],[121.5140447,25.0984022],[121.5133848,25.0981645]]],[[[121.5133848,25.0981645],[121.5114429,25.0975242],[121.5113054,25.0974495],[121.5112814,25.0974895],[121.511121,25.0974467],[121.511132,25.0973994],[121.5110374,25.0973739],[121.5110195,25.0974092],[121.5109858,25.0974115],[121.5109278,25.0973827],[121.5109248,25.0973393],[121.5107847,25.0972452],[121.5106389,25.0970861],[121.5105342,25.0968865],[121.5104905,25.0966682],[121.5106212,25.0960691]]],[[[121.5106212,25.0960691],[121.5092725,25.0969411]]]]}},{"type":"Feature","properties":{"kind":"water","osm_id":8374132,"name":"雲漢池"},"geometry":{"type":"MultiPolygon","coordinates":[[[[121.5192315,25.0347084],[121.5192245,25.0347079],[121.5192168,25.0347097],[121.5192084,25.0347146],[121.5192011,25.0347249],[121.5191974,25.0347337],[121.519192,25.0347459],[121.5191786,25.0347668],[121.5191732,25.0347769],[121.5191732,25.0348021],[121.5191773,25.0348115],[121.5191826,25.0348182],[121.5191907,25.0348233],[121.5192001,25.0348267],[121.5192101,25.0348312],[121.5192161,25.0348391],[121.5192198,25.0348528],[121.5192156,25.0348911],[121.5192158,25.0349166],[121.5192175,25.0349309],[121.5192175,25.0349462],[121.5192155,25.0349619],[121.5192064,25.0349752],[121.519198,25.0349849],[121.5191866,25.0349925],[121.5191768,25.0349945],[121.5191638,25.0349948],[121.5191519,25.034993],[121.5191429,25.0349904],[121.5191315,25.0349828],[121.5191223,25.0349733],[121.5191184,25.0349666],[121.5191136,25.034957],[121.5191074,25.0349439],[121.5190978,25.0349193],[121.5190914,25.0348993],[121.5190913,25.0348729],[121.5190928,25.0348367],[121.5190835,25.0348174],[121.5190755,25.034811],[121.5190636,25.0348051],[121.5190547,25.0348001],[121.5190473,25.0347925],[121.5190411,25.0347838],[121.5190371,25.0347746],[121.5190348,25.0347622],[121.5190329,25.0347299],[121.5190237,25.0346915],[121.5190177,25.0346783],[121.519015,25.0346714],[121.5190136,25.0346429],[121.5190113,25.0346348],[121.5190079,25.0346274],[121.5190026,25.0346216],[121.5189962,25.0346204],[121.5189865,25.0346146],[121.5189821,25.0346067],[121.5189794,25.0345973],[121.5189727,25.0345803],[121.518961,25.0345414],[121.5189513,25.0345262],[121.5189422,25.0345153],[121.5189389,25.0345077],[121.5189388,25.0344958],[121.5189412,25.0344877],[121.5189466,25.0344779],[121.5189543,25.0344707],[121.5189711,25.03446],[121.5189875,25.0344539],[121.5189952,25.0344518],[121.5190086,25.0344503],[121.5190579,25.0344506],[121.5190847,25.0344486],[121.5191048,25.0344457],[121.5191239,25.03444],[121.5191404,25.0344348],[121.5191602,25.0344336],[121.5191806,25.0344343],[121.5191977,25.0344302],[121.519213,25.0344274],[121.5192254,25.0344283],[121.5192341,25.0344295],[121.519246,25.0344342],[121.5192524,25.0344409],[121.5192547,25.0344555],[121.519253,25.0344685],[121.5192493,25.0344773],[121.5192437,25.0344816],[121.5192373,25.0344846],[121.5192214,25.0344939],[121.5192121,25.0345007],[121.5192045,25.0345092],[121.5191967,25.0345272],[121.519194,25.0345442],[121.5191944,25.0345557],[121.5191991,25.0345657],[121.5192105,25.0345767],[121.5192245,25.034584],[121.5192336,25.034594],[121.519243,25.0346019],[121.5192528,25.0346049],[121.5192705,25.0346052],[121.5192973,25.0345991],[121.5193202,25.0345903],[121.5193389,25.034573],[121.5193503,25.0345451],[121.5193547,25.0345187],[121.519369,25.0344864],[121.5193835,25.0344822],[121.5194083,25.0344779],[121.5194311,25.0344743],[121.5194592,25.0344703],[121.519482,25.0344682],[121.5195001,25.0344682],[121.5195193,25.0344714],[121.5195357,25.0344703],[121.5195497,25.0344679],[121.5195642,25.0344658],[121.5195799,25.0344667],[121.519597,25.03447],[121.5196138,25.0344679],[121.5196269,25.0344676],[121.5196396,25.0344707],[121.5196502,25.0344742],[121.5196646,25.0344732],[121.5196807,25.034471],[121.5196919,25.0344711],[121.5196998,25.0344732],[121.5197048,25.0344779],[121.5197102,25.0344854],[121.5197129,25.034495],[121.5197142,25.0345054],[121.5197135,25.0345156],[121.5197103,25.0345332],[121.519704,25.0345505],[121.5196936,25.0345679],[121.5196719,25.0346035],[121.5196143,25.0346615],[121.5195516,25.0346899],[121.519541,25.0347003],[121.519533,25.0347117],[121.5195251,25.0347255],[121.5195199,25.0347419],[121.5195206,25.034775],[121.5195249,25.0348096],[121.5195243,25.0348241],[121.5195233,25.0348373],[121.5195191,25.0348492],[121.5195139,25.0348574],[121.5194978,25.0348683],[121.5194788,25.0348777],[121.5194616,25.0348856],[121.5194455,25.0348868],[121.5194284,25.0348862],[121.5194114,25.0348843],[121.5193824,25.0348783],[121.519358,25.0348713],[121.5193341,25.0348622],[121.5193137,25.0348525],[121.519299,25.0348388],[121.5192862,25.0348246],[121.5192753,25.0348081],[121.5192651,25.0347887],[121.5192604,25.0347744],[121.5192553,25.034757],[121.5192534,25.0347398],[121.519246,25.0347194],[121.5192383,25.0347119],[121.5192315,25.0347084]]]]}},{"type":"Feature","properties":{"kind":"water","osm_id":9231847,"name":""},"geometry":{"type":"MultiPolygon","coordinates":[[[[121.5356542,25.0984401],[121.5356333,25.0984586],[121.5355586,25.0984534],[121.5354878,25.0984141],[121.5355126,25.0983908],[121.5355434,25.0983898],[121.5355229,25.098363],[121.5355086,25.0982694],[121.5355427,25.0982343],[121.5356414,25.0981956],[121.5356719,25.0982323],[121.535678,25.0982796],[121.5356759,25.0983083],[121.5357054,25.0983243],[121.5357396,25.0983149],[121.5357873,25.0983037],[121.5358421,25.0982701],[121.5359388,25.0982643],[121.5359972,25.0982428],[121.5360608,25.0982365],[121.5360792,25.0982645],[121.5361258,25.0982581],[121.5361406,25.0982329],[121.536183,25.0982234],[121.5363144,25.0982837],[121.5363913,25.0983006],[121.5364976,25.0982718],[121.5365561,25.0982617],[121.536672,25.0982781],[121.5367189,25.0982982],[121.5367437,25.0983215],[121.5367531,25.0983346],[121.5367642,25.0983285],[121.5367742,25.098293],[121.5368073,25.0982712],[121.5368645,25.0982875],[121.5368684,25.0983461],[121.5368429,25.0984188],[121.5368141,25.0984138],[121.5367896,25.0984308],[121.5367927,25.0984451],[121.5368185,25.0984475],[121.5368165,25.0984988],[121.5367725,25.0985283],[121.5367561,25.0985414],[121.536755,25.0985828],[121.5366736,25.0986397],[121.5365959,25.0986299],[121.5365557,25.0986129],[121.5365192,25.0986243],[121.5365143,25.0987061],[121.5365009,25.0987349],[121.5364469,25.0987474],[121.5364099,25.0987245],[121.5364158,25.098698],[121.5364332,25.0987059],[121.5364383,25.0986926],[121.5364239,25.0986737],[121.5364245,25.0986528],[121.5364051,25.09865],[121.5363994,25.0986716],[121.5363779,25.0986859],[121.5363253,25.0986859],[121.5363146,25.0987147],[121.5363105,25.0987527],[121.5362682,25.0987518],[121.5361426,25.0987287],[121.5361062,25.0986935],[121.5360591,25.0986886],[121.5359711,25.0986291],[121.5359354,25.0985924],[121.5359339,25.0985386],[121.5359065,25.0985198],[121.5359259,25.0984736],[121.5358521,25.0984937],[121.5358576,25.098521],[121.5358029,25.0985747],[121.5357329,25.0985471],[121.5357228,25.098504],[121.5357282,25.0984794],[121.5357516,25.0984817],[121.535765,25.0984491],[121.5357399,25.0984319],[121.5357416,25.0984147],[121.5357496,25.0984014],[121.5357379,25.0983826],[121.5357134,25.0983838],[121.535706,25.098402],[121.5356883,25.0984081],[121.5356698,25.0984008],[121.5356477,25.098426],[121.5356542,25.0984401]]]]}},{"type":"Feature","properties":{"kind":"water","osm_id":9233939,"name":""},"geometry":{"type":"MultiPolygon","coordinates":[[[[121.5302494,25.0922654],[121.5302767,25.092229],[121.5302144,25.0922035],[121.5301523,25.0921451],[121.5300503,25.0921142],[121.5300286,25.0920792],[121.5299999,25.0921376],[121.5299521,25.0921412],[121.5299416,25.0921687],[121.5299941,25.0922036],[121.5300167,25.0921886],[121.5300419,25.0922113],[121.5301256,25.092231],[121.5301961,25.0922713],[121.5302494,25.0922654]]]]}},{"type":"Feature","properties":{"kind":"water","osm_id":10661392,"name":"龍池"},"geometry":{"type":"MultiPolygon","coordinates":[[[[121.5496645,25.1014793],[121.5496787,25.1014798],[121.5496895,25.1014602],[121.5497613,25.1014232],[121.5497861,25.1013914],[121.5498071,25.1013232],[121.5498224,25.1012438],[121.5498599,25.1011838],[121.5499132,25.1011019],[121.5498728,25.101083],[121.5497902,25.1010876],[121.5497328,25.1010938],[121.5496535,25.1011148],[121.549608,25.1011594],[121.5495668,25.1012358],[121.5496562,25.1013877],[121.5496528,25.1014764],[121.5496645,25.1014793]]]]}},{"type":"Feature","properties":{"kind":"water","osm_id":11791162,"name":"戲水區"},"geometry":{"type":"MultiPolygon","coordinates":[[[[121.5363851,25.0744308],[121.5363345,25.0744109],[121.5362797,25.0744047],[121.5362233,25.0744133],[121.5361721,25.0744364],[121.5361306,25.0744721],[121.5361024,25.0745172],[121.5360899,25.0745677],[121.5360926,25.0745998],[121.5360943,25.0746194],[121.5361151,25.0746677],[121.5361506,25.0747083],[121.5361977,25.0747378],[121.5362465,25.0747527],[121.5362979,25.0747553],[121.5363483,25.0747457],[121.5363941,25.0747243],[121.5364321,25.0746928],[121.5364611,25.0746503],[121.5364757,25.0746021],[121.5364746,25.0745521],[121.5364581,25.0745044],[121.5364274,25.0744628],[121.5363851,25.0744308]]]]}},{"type":"Feature","properties":{"kind":"water","osm_id":13006408,"name":""},"geometry":{"type":"MultiPolygon","coordinates":[[[[121.5278017,25.0719782],[121.5280985,25.0721127],[121.5281635,25.0719967],[121.5281452,25.0714848],[121.5281838,25.0714517],[121.5282875,25.0715566],[121.5284115,25.0715437],[121.5284725,25.0715069],[121.5280598,25.0708938],[121.5280456,25.0710043],[121.5280192,25.0711239],[121.5279785,25.0712528],[121.5279196,25.0713688],[121.5278423,25.0714903],[121.5277468,25.0716192],[121.527696,25.0716781],[121.5277291,25.0717106],[121.5277539,25.0717429],[121.5277746,25.0717806],[121.5277935,25.0718254],[121.5278028,25.0718703],[121.5278075,25.071916],[121.5278017,25.0719782]]],[[[121.5286029,25.0720686],[121.5286512,25.0720055],[121.5289945,25.0719083],[121.5288335,25.0716751],[121.5286887,25.0717625],[121.5285707,25.0716265],[121.5283722,25.0717479],[121.5283937,25.0718548],[121.5283776,25.0719423],[121.5286029,25.0720686]]],[[[121.5292305,25.072365],[121.5293646,25.0721804],[121.5291983,25.0719423],[121.528973,25.0720832],[121.5288657,25.0722095],[121.5292305,25.072365]]],[[[121.5293432,25.0724233],[121.5295792,25.0725157],[121.5296972,25.072297],[121.5297804,25.0720856],[121.5298689,25.0717407],[121.5299574,25.0715463],[121.5297401,25.071471],[121.5296543,25.0716508],[121.529311,25.0718694],[121.5294719,25.0720978],[121.5295256,25.0720686],[121.5295524,25.0721026],[121.529429,25.072331],[121.5293485,25.0723456],[121.5293432,25.0724233]]]]}},{"type":"Feature","properties":{"kind":"water","osm_id":14026204,"name":"日式庭院水池"},"geometry":{"type":"MultiPolygon","coordinates":[[[[121.5167204,25.0405494],[121.5166996,25.0405664],[121.5166902,25.0406168],[121.5166926,25.0406442],[121.5166938,25.0406584],[121.5166949,25.0406709],[121.5167016,25.0407323],[121.5166949,25.0407675],[121.5166976,25.0408161],[121.5166915,25.040821],[121.5166157,25.0407772],[121.5166218,25.0407456],[121.5166385,25.0407353],[121.5166493,25.0407104],[121.5166473,25.0406812],[121.5166466,25.0406696],[121.5166457,25.0406574],[121.5166459,25.0406424],[121.5166225,25.0406217],[121.5165976,25.0406108],[121.5165681,25.0405792],[121.516595,25.0405208],[121.5166339,25.0404965],[121.5166526,25.0404686],[121.5166841,25.0404443],[121.5167123,25.040434],[121.5167559,25.0404364],[121.5167995,25.0404546],[121.5168639,25.0404552],[121.5169564,25.0404078],[121.5169899,25.0404042],[121.517065,25.0404206],[121.5170925,25.0404206],[121.5171146,25.0403884],[121.5171562,25.0403641],[121.5172105,25.0403574],[121.5172474,25.0403398],[121.5172655,25.0403161],[121.5172923,25.0402724],[121.5173232,25.0402487],[121.5173668,25.0402311],[121.5174714,25.0402292],[121.5175036,25.040146],[121.5175344,25.0401339],[121.5175632,25.0401351],[121.5176028,25.04016],[121.5176075,25.0401849],[121.5175961,25.0402086],[121.5176082,25.0402311],[121.5176237,25.0402436],[121.5176345,25.0402524],[121.5176449,25.0402616],[121.5176893,25.040304],[121.5177061,25.0403319],[121.5177161,25.0403684],[121.5177134,25.0403854],[121.5176987,25.0403914],[121.5176819,25.040389],[121.5176678,25.0403817],[121.517635,25.0403222],[121.5176169,25.0403131],[121.5175971,25.0403134],[121.5174647,25.0403155],[121.5174385,25.040324],[121.5173882,25.0403647],[121.5173862,25.0403793],[121.5174003,25.0403914],[121.5174834,25.0403927],[121.5175116,25.0404018],[121.5175612,25.0404303],[121.5175679,25.0404516],[121.5175652,25.0404856],[121.5175592,25.0405208],[121.5175652,25.0405476],[121.5175813,25.0405634],[121.5176108,25.0405767],[121.5176323,25.0405913],[121.517641,25.0406077],[121.517637,25.0406272],[121.5176048,25.0406776],[121.5175867,25.0406825],[121.5175834,25.0406266],[121.5175639,25.0406083],[121.5175331,25.0405907],[121.5175022,25.0405919],[121.5174325,25.0406035],[121.5174117,25.040601],[121.5173547,25.0405549],[121.5173245,25.0405512],[121.5172943,25.0405561],[121.5172789,25.0405591],[121.5172032,25.0406053],[121.5171844,25.0406108],[121.5170409,25.0405755],[121.5170147,25.0405737],[121.5169953,25.0405786],[121.516955,25.0405968],[121.5168873,25.0406035],[121.5168685,25.0405919],[121.516827,25.04055],[121.5168122,25.0405403],[121.5167928,25.0405294],[121.5167586,25.0405312],[121.5167378,25.0405366],[121.5167204,25.0405494]]]]}},{"type":"Feature","properties":{"kind":"water","osm_id":14062892,"name":"光華池"},"geometry":{"type":"MultiPolygon","coordinates":[[[[121.5204386,25.0368197],[121.5204171,25.036841],[121.520395,25.0368592],[121.5203742,25.0368793],[121.520348,25.0368963],[121.5203279,25.0369054],[121.5203179,25.0369103],[121.5203145,25.0369176],[121.5203145,25.0369267],[121.5203085,25.0369376],[121.5202957,25.0369467],[121.5202823,25.0369473],[121.5202602,25.0369449],[121.5202126,25.0369309],[121.5201965,25.0369194],[121.5201925,25.0369133],[121.5201804,25.0369036],[121.5201804,25.0368969],[121.5201864,25.0368823],[121.5201905,25.0368744],[121.5201891,25.0368671],[121.5201844,25.0368574],[121.520171,25.0368513],[121.5201636,25.0368453],[121.5201214,25.0367882],[121.5201154,25.0367736],[121.5201127,25.0367578],[121.5201127,25.0367395],[121.5201147,25.0367244],[121.5201133,25.0367092],[121.520112,25.0366995],[121.5200993,25.0366922],[121.5200885,25.0366837],[121.5200845,25.0366733],[121.5200899,25.0366654],[121.5200926,25.0366575],[121.5200852,25.0366472],[121.5200865,25.0366369],[121.5200939,25.0365719],[121.5200966,25.0365652],[121.5201013,25.0365603],[121.5200986,25.0365372],[121.5201013,25.0365257],[121.5201073,25.0365105],[121.520114,25.0364741],[121.520112,25.0364358],[121.5201201,25.036423],[121.5201214,25.0364066],[121.5201268,25.0363957],[121.5201402,25.0363826],[121.5201616,25.0363817],[121.5202612,25.0363999],[121.5202689,25.0364042],[121.5202743,25.0364157],[121.5202817,25.0364279],[121.5203098,25.0364412],[121.5203262,25.0364564],[121.5203507,25.0364649],[121.5203806,25.0365063],[121.5203936,25.0365217],[121.520404,25.0365339],[121.5204174,25.0365381],[121.5204335,25.0365363],[121.5204416,25.0365284],[121.5204439,25.036505],[121.5204533,25.0364662],[121.5204647,25.0364473],[121.5204936,25.03642],[121.5205107,25.0364072],[121.5205341,25.036399],[121.5205492,25.0363957],[121.520579,25.0363951],[121.5206039,25.0363926],[121.5206471,25.0363835],[121.5206528,25.0363787],[121.5206582,25.0363689],[121.5206615,25.0363665],[121.5206712,25.0363668],[121.520679,25.0363647],[121.5206857,25.0363635],[121.5206974,25.0363683],[121.5207199,25.0363683],[121.5207494,25.0363623],[121.5207618,25.0363635],[121.5207651,25.0363671],[121.5207641,25.036375],[121.520752,25.0363966],[121.5207499,25.0364027],[121.5207504,25.0364083],[121.5207619,25.0364273],[121.5207636,25.0364347],[121.5207646,25.036454],[121.5207673,25.036459],[121.5207738,25.0364645],[121.5207919,25.0364751],[121.5208002,25.0364833],[121.520802,25.0364888],[121.5208027,25.0364961],[121.5207992,25.0365049],[121.5207971,25.0365113],[121.5207953,25.0365196],[121.5207963,25.0365301],[121.5208013,25.0365453],[121.5208064,25.0365555],[121.520808,25.0365665],[121.5208079,25.0365776],[121.5208055,25.036586],[121.5207998,25.0365936],[121.5207948,25.0366012],[121.5207926,25.0366088],[121.5207906,25.0366148],[121.5207851,25.0366214],[121.5207774,25.0366246],[121.5207547,25.0366337],[121.5207427,25.0366366],[121.5207234,25.0366434],[121.5207093,25.0366461],[121.5207001,25.036644],[121.5206945,25.0366375],[121.5206907,25.036624],[121.5206878,25.0366127],[121.5206823,25.036594],[121.5206818,25.036576],[121.5206734,25.0365667],[121.5206501,25.0365596],[121.5206345,25.0365556],[121.5206183,25.0365599],[121.5206042,25.0365687],[121.520593,25.0365823],[121.5205869,25.0365975],[121.5205861,25.0366136],[121.5205893,25.0366231],[121.5206136,25.036649],[121.5206342,25.0366739],[121.5206404,25.03668],[121.5206607,25.0366944],[121.5206649,25.0367032],[121.5206652,25.0367122],[121.5206625,25.0367193],[121.5206567,25.0367239],[121.5206458,25.0367268],[121.5206384,25.0367279],[121.5206263,25.0367251],[121.5206196,25.0367266],[121.5206144,25.0367303],[121.5205963,25.0367456],[121.5205861,25.0367487],[121.5205759,25.0367484],[121.5205625,25.0367443],[121.5205428,25.036731],[121.5205184,25.0367136],[121.5204915,25.0366925],[121.5204832,25.0366864],[121.5204672,25.0366729],[121.5204557,25.0366638],[121.5204478,25.0366592],[121.5204374,25.0366518],[121.5204233,25.0366478],[121.5204158,25.0366481],[121.5204047,25.0366486],[121.5203992,25.0366502],[121.5203936,25.0366546],[121.5203871,25.0366644],[121.5203859,25.0366721],[121.5203858,25.0367087],[121.5203878,25.0367225],[121.520396,25.0367377],[121.5204081,25.0367461],[121.5204211,25.0367566],[121.5204304,25.0367687],[121.5204402,25.0367901],[121.5204444,25.0368],[121.5204436,25.0368112],[121.5204386,25.0368197]]]]}},{"type":"Feature","properties":{"kind":"water","osm_id":16302062,"name":"四海潭"},"geometry":{"type":"MultiPolygon","coordinates":[[[[121.5365276,25.0825098],[121.5365759,25.0825098],[121.5373645,25.0821843],[121.5374396,25.0821017],[121.5371617,25.0814548],[121.5369847,25.0812604],[121.5368291,25.0810661],[121.5366832,25.080887],[121.5367165,25.0803324],[121.5364804,25.0803081],[121.5360137,25.0807794],[121.5359011,25.0809592],[121.5356372,25.0810717],[121.5354558,25.0812799],[121.5351393,25.0816734],[121.5352949,25.0824702],[121.5354869,25.0825195],[121.5356972,25.0826257],[121.5359483,25.082709],[121.5362487,25.082641],[121.5364429,25.0825285],[121.5365276,25.0825098]]]]}},{"type":"Feature","properties":{"kind":"water","osm_id":17811766,"name":""},"geometry":{"type":"MultiPolygon","coordinates":[[[[121.5112849,25.0970897],[121.5112121,25.0971143],[121.5110618,25.0970823],[121.5109784,25.0969191],[121.5108206,25.0967553],[121.5108722,25.0966813],[121.5110066,25.0966829],[121.5111114,25.0966565],[121.5112185,25.0966969],[121.5113026,25.0967108],[121.5113201,25.096736],[121.511302,25.0967746],[121.5112516,25.0968438],[121.5112627,25.0969243],[121.5113248,25.0970487],[121.5113271,25.097067],[121.5113048,25.0970809]]],[[[121.5113048,25.0970809],[121.511225,25.0969504],[121.5112232,25.0969374],[121.5112272,25.0969134],[121.5112238,25.0968969],[121.5112117,25.0968844],[121.5111969,25.0968774],[121.5111811,25.0968754],[121.5111611,25.0968813],[121.5111489,25.096894],[121.5111441,25.0969102],[121.5111474,25.0969266],[121.5111583,25.0969402],[121.5111746,25.0969481],[121.5111938,25.0969548],[121.5112057,25.0969661],[121.5112849,25.0970897]]]]}},{"type":"Feature","properties":{"kind":"water","osm_id":18296187,"name":"翠湖"},"geometry":{"type":"MultiPolygon","coordinates":[[[[121.5583077,25.0386305],[121.5582577,25.0386299],[121.5582396,25.0386178],[121.5582354,25.0386086],[121.5582274,25.0385453],[121.5582262,25.0385354],[121.5582114,25.0385178],[121.5581943,25.0385096],[121.5581759,25.0384559],[121.5581759,25.0384273],[121.558187,25.0384012],[121.5581866,25.0383905],[121.5581786,25.0383729],[121.5581779,25.038355],[121.5581903,25.0383353],[121.5582125,25.0383094],[121.5582225,25.0382751],[121.5582195,25.0382566],[121.5582296,25.0382432],[121.5582711,25.0382122],[121.5583264,25.0381658],[121.5583469,25.0381421],[121.558371,25.0381214],[121.5584173,25.0381071],[121.5584525,25.0381059],[121.5585005,25.0381083],[121.5585353,25.0381311],[121.5585575,25.0381348],[121.5585762,25.0381339],[121.5586185,25.0381433],[121.558654,25.0381466],[121.5587157,25.0381879],[121.5587465,25.0381937],[121.5587854,25.0381946],[121.5588223,25.038184],[121.5588391,25.038174],[121.5588496,25.038174],[121.5588607,25.0381741],[121.558876,25.0381743],[121.5588934,25.0381834],[121.5589192,25.0381882],[121.5589561,25.0381882],[121.559,25.0381809],[121.5590402,25.0381654],[121.5591063,25.0381244],[121.5591257,25.0381132],[121.5591586,25.0380995],[121.5592468,25.0380968],[121.5593272,25.0381123],[121.5593973,25.0381345],[121.5594422,25.0381594],[121.5594637,25.0381787],[121.5594949,25.0382157],[121.5595559,25.0383318],[121.5595594,25.0383466],[121.5595552,25.0383585],[121.5595559,25.0383802],[121.5595328,25.0384013],[121.5595303,25.0384148],[121.5595316,25.0384299],[121.559542,25.0384697],[121.559551,25.0384858],[121.5595526,25.0385199],[121.5595502,25.0385286],[121.5595507,25.0386067],[121.5595375,25.0386328],[121.5595187,25.0386433],[121.5594719,25.0386512],[121.5593973,25.0386527],[121.5593878,25.0386478],[121.5593733,25.0386492],[121.5593666,25.038661],[121.5593428,25.038667],[121.5593058,25.0386838],[121.5592858,25.0386847],[121.5592714,25.0386793],[121.559259,25.0386653],[121.5592506,25.0386475],[121.5592443,25.0386299],[121.5592109,25.0386017],[121.5591861,25.0385851],[121.5591695,25.0385708],[121.5591519,25.0385644],[121.5591286,25.0385663],[121.5590766,25.0385914],[121.559055,25.0386019],[121.559052,25.0386033],[121.5590275,25.0386089],[121.5589901,25.0386102],[121.558968,25.0386205],[121.5589509,25.0386217],[121.5589249,25.0386135],[121.5589018,25.0386126],[121.5588253,25.0386247],[121.5587851,25.0386405],[121.5587576,25.0386685],[121.558716,25.0386891],[121.5586731,25.0386995],[121.5586557,25.0386992],[121.5586262,25.0387095],[121.5585973,25.0387262],[121.5585725,25.038735],[121.5585457,25.0387344],[121.5584559,25.0387241],[121.5583687,25.0387089],[121.5583513,25.0386937],[121.5583392,25.0386797],[121.5583295,25.0386433],[121.5583077,25.0386305]]]]}},{"type":"Feature","properties":{"kind":"water","osm_id":18483137,"name":"七海潭"},"geometry":{"type":"MultiPolygon","coordinates":[[[[121.5364802,25.0791188],[121.5363313,25.0790314],[121.5362716,25.0790295],[121.5362307,25.079001],[121.5361235,25.0789566],[121.5360068,25.0788279],[121.5358827,25.078741],[121.5357734,25.0786293],[121.5356561,25.0784562],[121.5355106,25.0783681],[121.5354221,25.0782825],[121.5354288,25.0782114],[121.5355012,25.0781963],[121.5356259,25.0782612],[121.5357091,25.0783141],[121.5358016,25.0783505],[121.5359484,25.0783281],[121.5360826,25.0783329],[121.5361992,25.0783554],[121.53634,25.0783366],[121.5364319,25.0783341],[121.5364909,25.0783129],[121.5365439,25.0783086],[121.5366163,25.0782704],[121.5366968,25.0782625],[121.5367504,25.0783074],[121.5368389,25.0783432],[121.5369435,25.0783602],[121.5370515,25.0783536],[121.53714,25.0783317],[121.5372245,25.0782819],[121.5372996,25.0782303],[121.5374069,25.078237],[121.5374485,25.0782558],[121.5374579,25.0783171],[121.5374465,25.0783687],[121.5373747,25.0783809],[121.5372996,25.0783627],[121.5372258,25.0783353],[121.5371514,25.0783578],[121.5371682,25.0784307],[121.5371427,25.0784568],[121.5370153,25.078469],[121.5369342,25.0785121],[121.5367953,25.0786311],[121.5367457,25.078724],[121.5367202,25.0789506],[121.5367125,25.0790427],[121.5366602,25.0790778],[121.536623,25.0791115],[121.5365519,25.0791042],[121.5364802,25.0791188]]]]}},{"type":"Feature","properties":{"kind":"water","osm_id":20039406,"name":"生態景觀池"},"geometry":{"type":"MultiPolygon","coordinates":[[[[121.5620465,25.0438586],[121.5620665,25.0438516],[121.5620906,25.0438482],[121.5621255,25.0438479],[121.5621442,25.0438525],[121.5621599,25.0438589],[121.5621788,25.0438619],[121.5622022,25.043857],[121.5622217,25.0438528],[121.5622384,25.043851],[121.5622529,25.0438549],[121.5622656,25.0438665],[121.5622737,25.0438813],[121.5622929,25.0438971],[121.5623122,25.0439026],[121.5623356,25.0439063],[121.5623479,25.0439131],[121.5623573,25.0439198],[121.562369,25.0439302],[121.5623881,25.0439438],[121.5624916,25.0439321],[121.562524,25.0438939],[121.5625741,25.0438962],[121.5625803,25.0438958],[121.5625863,25.0438891],[121.5625978,25.0438708],[121.5626029,25.0438507],[121.5626036,25.0438312],[121.5625969,25.0438069],[121.5625959,25.0437905],[121.5625978,25.043772],[121.5626202,25.0436975],[121.5626294,25.0436815],[121.5626337,25.0436687],[121.5626354,25.0436566],[121.5626321,25.0436435],[121.5626277,25.0436292],[121.5626287,25.0436168],[121.5626364,25.0436001],[121.5626394,25.0435806],[121.5626368,25.043553],[121.56263,25.0435314],[121.5626185,25.0434548],[121.562615,25.0434467],[121.5626076,25.0434382],[121.5625922,25.0434254],[121.5625694,25.0434075],[121.5625633,25.043399],[121.5625613,25.0433807],[121.5625657,25.0433637],[121.5625669,25.0433327],[121.5625761,25.0433233],[121.5625992,25.0433151],[121.5626069,25.0433024],[121.5626093,25.0432881],[121.5626019,25.0432125],[121.5625948,25.0431797],[121.5625821,25.0431557],[121.5625941,25.0431079],[121.5625878,25.0431022],[121.5625482,25.0430995],[121.5625409,25.0430815],[121.5625153,25.0430591],[121.562508,25.0430503],[121.5625068,25.043044],[121.5625124,25.043036],[121.5625321,25.0430329],[121.5625556,25.0430351],[121.5625737,25.0430411],[121.5625828,25.0430424],[121.5625898,25.0430396],[121.562594,25.0430329],[121.5625985,25.0430287],[121.5626067,25.0430293],[121.5626131,25.0430363],[121.5626171,25.0430389],[121.5626214,25.0430389],[121.5626249,25.043037],[121.5626264,25.0430317],[121.562629,25.0430141],[121.5626334,25.0430067],[121.5626334,25.0429971],[121.5626327,25.0429856],[121.5626364,25.0429734],[121.5626366,25.0429618],[121.562626,25.0429502],[121.5626136,25.04294],[121.5625994,25.0429386],[121.5625855,25.0429406],[121.5624791,25.0429845],[121.5624676,25.0430283],[121.5624678,25.0430364],[121.5624705,25.0430408],[121.5624762,25.0430443],[121.5624837,25.043046],[121.5624862,25.043055],[121.5624859,25.0430613],[121.562484,25.0430733],[121.5624768,25.0430834],[121.562447,25.0430861],[121.5624262,25.0430925],[121.5624104,25.0431013],[121.5623917,25.0431065],[121.5623662,25.0431037],[121.5623484,25.0431037],[121.5623327,25.0431071],[121.5622864,25.0431241],[121.5622395,25.0431487],[121.5622284,25.0431519],[121.5622143,25.0431525],[121.5621952,25.04315],[121.5621761,25.043149],[121.5621597,25.0431517],[121.5621457,25.0431572],[121.5621322,25.0431651],[121.5621142,25.0431775],[121.5621061,25.0431847],[121.5621019,25.0431912],[121.5620986,25.0431955],[121.5620947,25.043198],[121.5620896,25.0431986],[121.562075,25.0431985],[121.5620556,25.0431965],[121.5620438,25.0431954],[121.5620312,25.0431958],[121.5620211,25.0431979],[121.5620145,25.0432007],[121.5620087,25.0432043],[121.5620017,25.0432097],[121.5619929,25.0432191],[121.5619883,25.0432346],[121.561989,25.043255],[121.5619954,25.0432696],[121.5619986,25.0432753],[121.5619997,25.0432832],[121.5619974,25.0432902],[121.5619877,25.0432992],[121.5619877,25.0433096],[121.5619914,25.0433199],[121.5619991,25.0433312],[121.5620101,25.0433452],[121.5620158,25.0433628],[121.5620118,25.0433908],[121.56199,25.0434369],[121.5620054,25.043518],[121.5620087,25.0435441],[121.5620099,25.0435718],[121.5620079,25.0435972],[121.5619989,25.0438082],[121.5619877,25.043808],[121.5619873,25.0438244],[121.561988,25.0438435],[121.561989,25.0438528],[121.5620061,25.0438595],[121.5620266,25.0438616],[121.5620465,25.0438586]]]]}},{"type":"Feature","properties":{"kind":"water_line","osm_id":35550291,"name":"磺溪"},"geometry":{"type":"LineString","coordinates":[[121.529185,25.1436885],[121.5292176,25.143578],[121.5291805,25.1435081],[121.52911,25.143444],[121.5290016,25.143388],[121.528901,25.143339],[121.5288614,25.1432999],[121.5288478,25.1432514],[121.5288424,25.1431674],[121.5288544,25.1430849],[121.5288659,25.1430333],[121.528985,25.1427751],[121.5290598,25.1426483],[121.5290314,25.14255],[121.5290193,25.1424544],[121.5289836,25.1423012],[121.5290034,25.142205],[121.5290254,25.1421467],[121.5290726,25.1420905],[121.5291594,25.1420601],[121.5293034,25.1420775],[121.529478,25.1420854],[121.5296124,25.1420723],[121.5296681,25.1420386],[121.5297212,25.1420235],[121.5297703,25.1419746],[121.5297922,25.1419045],[121.5298552,25.1418774],[121.5298843,25.1418128],[121.5298786,25.1417087],[121.5299232,25.14157],[121.5300643,25.1415059],[121.5301595,25.1413929],[121.5302103,25.1411685],[121.5302726,25.1410286],[121.5302219,25.1408794],[121.530254,25.1407515],[121.5302184,25.1406063],[121.5302232,25.140538],[121.530162,25.1403705],[121.530035,25.1402234],[121.5299002,25.1400748],[121.5298405,25.1399769],[121.5297944,25.1397742],[121.529812,25.1397166],[121.5298295,25.1396589],[121.5298614,25.1396018],[121.5299188,25.1394795],[121.5300249,25.1393352],[121.5300831,25.1391649],[121.5300714,25.1390364],[121.529987,25.1388267],[121.5297678,25.1383923],[121.5296594,25.1381396],[121.5293946,25.137902],[121.5293384,25.1377461],[121.5293852,25.1375954],[121.5294748,25.1375174],[121.5296646,25.1374338],[121.529825,25.1372955],[121.530129,25.137256],[121.5302155,25.1372037],[121.5301414,25.1369527],[121.5299766,25.1368011],[121.5298719,25.1367161],[121.5297251,25.1365211],[121.5298259,25.1364229],[121.5301098,25.1364301],[121.5304784,25.1363657],[121.5306563,25.135912],[121.5305359,25.1355954],[121.5306016,25.1353727],[121.5306242,25.135237],[121.5306632,25.1351434],[121.5306533,25.1350007],[121.5304061,25.1345723],[121.5304435,25.1342641],[121.5306976,25.1341093],[121.5310259,25.1339998],[121.5312052,25.133872],[121.5311305,25.1336915],[121.5311418,25.1335558],[121.531217,25.1333345],[121.5313296,25.1328941],[121.5311613,25.1327003],[121.5308625,25.132244],[121.5308726,25.1318937],[121.5309541,25.1315876],[121.5310172,25.1313123],[121.5311148,25.1307181],[121.5312704,25.1302105],[121.5312462,25.1294806],[121.5312787,25.1289514],[121.5315035,25.1282184],[121.5315219,25.1277877],[121.5314568,25.1275028],[121.5312874,25.1272115],[121.5311976,25.1269711],[121.5309822,25.1266772],[121.5305204,25.1264366],[121.5301993,25.1263922],[121.5299452,25.1262045],[121.529869,25.1260087],[121.529778,25.125664],[121.52982,25.1253614],[121.5298041,25.1251736],[121.5297666,25.1247341],[121.5297735,25.1244953],[121.5297228,25.1243786],[121.5294166,25.1240984],[121.5290429,25.1239422],[121.5285815,25.1237479],[121.5282501,25.1236865],[121.5277613,25.1236513],[121.5273813,25.1236977],[121.5270978,25.1236684],[121.5268103,25.1236046],[121.5266311,25.1235114],[121.5262821,25.1232295],[121.5261801,25.1231132],[121.5260932,25.1229379],[121.5259854,25.1228136],[121.5257099,25.1220037],[121.5255826,25.1216038],[121.5255515,25.1214638],[121.5255604,25.1212607],[121.5256365,25.1210491],[121.5257456,25.1208451],[121.5257813,25.1206183],[121.5256541,25.1204224],[121.5254693,25.1203249],[121.5252146,25.1202903],[121.5249526,25.120247],[121.524735,25.1200855],[121.5245596,25.119862],[121.5244975,25.1197281],[121.5244321,25.1195475],[121.5243795,25.1193377],[121.5242269,25.1190983],[121.5239323,25.1184411],[121.523606,25.1178209],[121.5235197,25.1176436],[121.5235231,25.1174068],[121.5236358,25.1171091],[121.5237545,25.1169752],[121.5240777,25.1167411],[121.5243432,25.1166014],[121.5244934,25.1164824],[121.5248848,25.1162003],[121.5250315,25.1160367],[121.5251042,25.1158305],[121.5251062,25.1157048],[121.5250454,25.1148678],[121.525052,25.1146575],[121.52508,25.1144583],[121.5258053,25.1129644],[121.5258262,25.1127673],[121.525786,25.1125966],[121.5253673,25.1115572],[121.5253065,25.1114641],[121.525133,25.1113329],[121.5249279,25.111245],[121.5229332,25.1109603],[121.5228164,25.1109154],[121.5227196,25.1108475],[121.5226433,25.110724],[121.5226182,25.1106098],[121.5225899,25.1097345],[121.5225421,25.1095831],[121.5224611,25.1094558],[121.5222692,25.1093288],[121.521376,25.1090038],[121.5212602,25.1089521],[121.52118,25.1088729],[121.5211311,25.1087743],[121.5211193,25.1086043],[121.5213182,25.1069996],[121.5212469,25.1067448],[121.5198511,25.1040867],[121.5187796,25.1036305],[121.5186196,25.1035367],[121.5185345,25.1034306],[121.5176191,25.1012817],[121.5175893,25.1011262],[121.5175953,25.1009929],[121.517728,25.1006623],[121.5177535,25.1005594],[121.5177565,25.100434],[121.5177219,25.100336],[121.5176121,25.10016],[121.5174298,25.0998251],[121.5171953,25.0993737]]}},{"type":"Feature","properties":{"kind":"water_line","osm_id":72990220,"name":"五分港溪"},"geometry":{"type":"LineString","coordinates":[[121.5104364,25.1016197],[121.510413,25.1016671],[121.5100394,25.1018869],[121.5092777,25.1021298],[121.5084945,25.1024407],[121.5080546,25.1027224],[121.5076898,25.1030431],[121.5074323,25.1034802],[121.5072928,25.10417],[121.5071534,25.1046169],[121.5068851,25.1050056],[121.506456,25.1054622],[121.5058108,25.1061971],[121.5056916,25.1063329],[121.5056406,25.1065211],[121.5056406,25.1067932],[121.5057372,25.1070458],[121.5061234,25.1074829],[121.5069066,25.1083476],[121.5070246,25.1085905],[121.507018,25.108698],[121.5070032,25.1087945],[121.5067671,25.1090762],[121.5065204,25.1092219],[121.5063058,25.1092511],[121.5060912,25.1091831],[121.5058874,25.1090568],[121.5055118,25.1087653],[121.5052436,25.1086293],[121.5050183,25.1085905],[121.5047823,25.1085905],[121.504557,25.108639],[121.5043102,25.1087459],[121.5035512,25.1093057],[121.5028404,25.1096882],[121.5020686,25.1100452],[121.5006365,25.1105244],[121.5004157,25.1106112],[121.4999972,25.1106986],[121.4996861,25.1106792],[121.4994179,25.1105917],[121.4991711,25.110514],[121.4979266,25.1104849],[121.4972605,25.1105821]]}},{"type":"Feature","properties":{"kind":"water_line","osm_id":137320992,"name":"外雙溪"},"geometry":{"type":"LineString","coordinates":[[121.5559128,25.1027713],[121.5554747,25.1029296],[121.5547916,25.1030272],[121.5546173,25.1030661],[121.55437,25.1031021],[121.5541087,25.1031291],[121.553812,25.103058],[121.5535902,25.1028921],[121.5534706,25.1027352],[121.5532033,25.1023273],[121.5529294,25.1019392],[121.552858,25.1016329],[121.5528283,25.1012294],[121.5527599,25.1010506],[121.5527209,25.1009641]]}},{"type":"Feature","properties":{"kind":"water_line","osm_id":210340847,"name":"基隆河"},"geometry":{"type":"LineString","coordinates":[[121.5712621,25.0740969],[121.5705959,25.075082],[121.5697,25.0757123],[121.5686486,25.0756832],[121.5678225,25.0751681],[121.5645911,25.0730985],[121.5629807,25.072455],[121.560929,25.0725612],[121.5579085,25.0740784],[121.5562311,25.0746859],[121.5559515,25.0747611],[121.5542714,25.0753401],[121.5524687,25.0755049],[121.5482462,25.0758897],[121.5452274,25.0761469],[121.5338475,25.0768279],[121.5322006,25.0769264],[121.5295352,25.0768571],[121.5287918,25.0765776],[121.5284248,25.0763032],[121.5281083,25.0759055],[121.527942,25.0754917],[121.5279835,25.0749844],[121.5281029,25.0742187],[121.5279451,25.0734682],[121.5278025,25.0731838],[121.5275397,25.0729408],[121.5272637,25.0728156],[121.5270622,25.072727],[121.5268289,25.0727052],[121.5265553,25.0727197],[121.5263273,25.0727853],[121.526026,25.0729212],[121.5256755,25.0732129],[121.525431,25.0734874],[121.5250385,25.0741672],[121.5246633,25.0748021],[121.5234734,25.076443],[121.5224552,25.0771227],[121.5218277,25.07766],[121.5173687,25.0794436],[121.5162429,25.0801707],[121.5149235,25.0819413],[121.5144054,25.0835823],[121.513772,25.0870752],[121.5137474,25.0887932],[121.5122175,25.0927655],[121.5109796,25.0938977],[121.5097602,25.0949663],[121.509118,25.0955291],[121.5083586,25.0957887],[121.5072373,25.0961721],[121.5014801,25.0963306],[121.4996661,25.0971604],[121.4985146,25.0977841],[121.4973439,25.0990796],[121.497269,25.100382],[121.4972944,25.1029129],[121.4969985,25.1059693],[121.4968066,25.1087043],[121.4967854,25.1088258],[121.4964988,25.11047],[121.4964035,25.1110168],[121.4951369,25.1124274],[121.4947719,25.1126713],[121.4945825,25.1127978],[121.4931122,25.1137804],[121.4908474,25.1146826],[121.4901657,25.1147934],[121.4891059,25.1149656],[121.4870428,25.114769],[121.4851471,25.1140206],[121.4837932,25.1133809],[121.4808533,25.1118279],[121.4770389,25.1108924],[121.4722352,25.1104267],[121.4681204,25.1105069],[121.4647227,25.1119781],[121.4629044,25.1134733],[121.46251,25.1136852],[121.461465,25.1150663]]}},{"type":"Feature","properties":{"kind":"water_line","osm_id":259755940,"name":"外雙溪"},"geometry":{"type":"LineString","coordinates":[[121.5535506,25.1013036],[121.5527209,25.1009641],[121.5519332,25.1002606],[121.5511002,25.0995649],[121.551025,25.0994624],[121.5505057,25.0987664],[121.5501889,25.0981425],[121.5500751,25.0976602],[121.5498556,25.0964747],[121.5496604,25.0958967],[121.5491888,25.0952781],[121.5488974,25.0950524],[121.5485282,25.0947975],[121.5483222,25.0946944],[121.5481002,25.0946402],[121.5477746,25.0946913],[121.5475687,25.0947256],[121.5473189,25.0948146],[121.5468542,25.0950239],[121.5467398,25.0950641],[121.5465951,25.0951064],[121.5463492,25.0952445],[121.5455738,25.0956341],[121.5453216,25.0957842],[121.5452836,25.0958068],[121.5452586,25.0958217],[121.5450745,25.0958946],[121.5449319,25.0958925],[121.5444395,25.095855],[121.5440276,25.0958425],[121.5437906,25.0959259],[121.5435536,25.0960675],[121.5432384,25.0963551],[121.5430772,25.0965203],[121.5430106,25.0965885],[121.5427736,25.0968698],[121.5425205,25.0971156],[121.5421846,25.0974511],[121.5419844,25.0976136],[121.5418119,25.0977074],[121.5415749,25.0977887],[121.5412316,25.097911],[121.540834,25.0979783],[121.5403939,25.0980604],[121.5400704,25.0981246],[121.539817,25.0981991],[121.5395358,25.0983253],[121.5394164,25.0983881],[121.5383472,25.0990731],[121.5374139,25.0996872],[121.5372058,25.0998777],[121.5368991,25.1001351],[121.5365679,25.1003277],[121.535986,25.1006378],[121.5355166,25.1007493],[121.534826,25.1007726],[121.5341288,25.1007625],[121.533543,25.1007216],[121.5330054,25.1006474],[121.5324861,25.1006283],[121.5319778,25.1005659],[121.5316643,25.1004633],[121.5311674,25.1002117],[121.5305962,25.0999406],[121.5302229,25.0998188],[121.5298644,25.0997504],[121.5294503,25.0997666],[121.5290881,25.0998469],[121.5288697,25.0999386],[121.5287616,25.1000074],[121.5284989,25.1001703],[121.5282964,25.1002695],[121.5280931,25.1003217],[121.5278334,25.1003363],[121.5272839,25.1002824],[121.5269521,25.1001931],[121.5264893,25.1000603],[121.5260715,25.1000698],[121.5257657,25.1001822],[121.5254599,25.1002754],[121.5252098,25.1002353],[121.524875,25.1001064],[121.5245705,25.0999742],[121.5242818,25.0997893],[121.523968,25.0994187],[121.5236563,25.0991817],[121.5230396,25.0988067],[121.5224404,25.0985926],[121.5218803,25.0985205],[121.5211966,25.0985779],[121.5205065,25.0989448],[121.5193246,25.0994956],[121.5186366,25.0995411],[121.5171953,25.0993737],[121.5154749,25.0991223],[121.5139225,25.0986268],[121.5120888,25.0979329],[121.510769,25.0974546],[121.5099346,25.0968779],[121.5083586,25.0957887]]}},{"type":"Feature","properties":{"kind":"water_line","osm_id":325912145,"name":"基隆河"},"geometry":{"type":"LineString","coordinates":[[121.7873146,25.0489519],[121.7874477,25.0489406],[121.7877237,25.049046],[121.7878854,25.0492854],[121.7882584,25.0496894],[121.7885677,25.0497402],[121.7893569,25.0496337],[121.7897832,25.0496681],[121.7898921,25.0498292],[121.7899099,25.0499296],[121.7902425,25.0502402],[121.7905751,25.0506722],[121.790788,25.0509892],[121.7909956,25.0512478],[121.7911709,25.051401],[121.7913837,25.0515542],[121.7920475,25.0519024],[121.7928074,25.0520818],[121.7931707,25.0521606],[121.793558,25.0521794],[121.7938085,25.0521302],[121.7943663,25.0517523],[121.7950019,25.0513657],[121.7956914,25.0509726],[121.7964475,25.0508047],[121.7973153,25.0506107],[121.7981532,25.0505136],[121.7987281,25.050646],[121.7992932,25.0508755],[121.7998041,25.0512804],[121.8007352,25.0523584],[121.8011379,25.0527821],[121.8014822,25.0530792],[121.8021373,25.0536342],[121.8024126,25.0540507],[121.8027075,25.0543866],[121.8034791,25.055018],[121.8043651,25.0554012],[121.8047226,25.0555678],[121.8051429,25.055496],[121.8060785,25.0552374],[121.8064114,25.0549358],[121.8069148,25.0547262],[121.8074108,25.0547724],[121.8075693,25.0548565],[121.8079433,25.0548725],[121.8083767,25.0550291],[121.8090408,25.0556044],[121.8100549,25.0563266],[121.8102031,25.0564216],[121.8107309,25.0568041],[121.8111978,25.0570983],[121.8115916,25.0573079],[121.8119893,25.0574294],[121.8123142,25.0575286],[121.8134753,25.0578081],[121.8139721,25.0579848],[121.8142595,25.058171],[121.8143109,25.058356],[121.8143166,25.0585834],[121.8143012,25.0587762],[121.8142557,25.0589859],[121.8141232,25.0595868],[121.8140802,25.0600846],[121.8143415,25.06057],[121.814518,25.0607718],[121.814921,25.0609349],[121.8151692,25.0610331],[121.8155467,25.0610874],[121.8159072,25.0610792],[121.8163538,25.0609846],[121.8168282,25.0607857],[121.8171703,25.0605255],[121.8176805,25.0600764],[121.8182155,25.05962],[121.8186042,25.0592483],[121.8190982,25.0587982],[121.8193475,25.0586064],[121.8196458,25.0584395],[121.8201789,25.058189],[121.8206314,25.0581741],[121.8209787,25.0582325],[121.8212572,25.0583518],[121.821465,25.0585722],[121.8215833,25.0588327],[121.8216989,25.0591499],[121.8217625,25.0594302],[121.8218443,25.0598167],[121.8219375,25.0600194],[121.8221017,25.0603246],[121.8225504,25.0610026],[121.8227775,25.0614648],[121.8228861,25.0620345],[121.8229403,25.0625341],[121.82287,25.0630189],[121.8228654,25.0635381],[121.8228401,25.0642962],[121.8229414,25.0647634],[121.8229176,25.0650019],[121.8229529,25.0654207],[121.8228793,25.0658924],[121.8227387,25.0662032],[121.822509,25.0668304],[121.8224143,25.0676326],[121.8223645,25.0679027],[121.8223448,25.0682734],[121.8224208,25.0687584],[121.8224526,25.0689944],[121.8225539,25.0690856],[121.8226958,25.0692133],[121.8229573,25.069436],[121.8232479,25.0696224],[121.823667,25.0698388],[121.8239053,25.0700201],[121.8240572,25.070235],[121.8241076,25.0706173],[121.824013,25.0709402],[121.8238865,25.0712432],[121.8238441,25.0717057],[121.8238982,25.0720967],[121.8240361,25.0723461],[121.8241555,25.0727193],[121.8241337,25.0731469],[121.8241918,25.0735613],[121.824131,25.0740728],[121.8240133,25.0747716],[121.8241571,25.0755059],[121.8242228,25.0758123],[121.8242629,25.0763758],[121.8245102,25.0771523],[121.8249109,25.077814],[121.8251038,25.0779596],[121.8252648,25.0783208],[121.8253418,25.0785721],[121.8254013,25.0788825],[121.8253146,25.0790829],[121.8253347,25.0792613],[121.8253276,25.0795467],[121.8250733,25.0798586],[121.824998,25.0800489],[121.8249754,25.0803171],[121.8248764,25.0806008],[121.8248698,25.0808505],[121.824762,25.0812108],[121.8247784,25.0814388],[121.8247946,25.0818365],[121.8249287,25.0821731],[121.825164,25.0825294],[121.8251248,25.083015],[121.8250725,25.0836071],[121.825138,25.0837986],[121.8253602,25.0840128],[121.8254329,25.0840556],[121.8258179,25.0842822],[121.8262201,25.084453],[121.8266319,25.0847027],[121.8269295,25.0850037],[121.8271714,25.0854123],[121.8272234,25.0854681],[121.8275146,25.0857804],[121.8277205,25.0859729],[121.828505,25.0865562],[121.8285325,25.0870292],[121.8285433,25.08722],[121.8285697,25.0876841],[121.828734,25.0883089],[121.8291394,25.0888774],[121.8299763,25.0894459],[121.8306695,25.0898954],[121.8310355,25.0901327],[121.8315455,25.0906894],[121.8316139,25.0908608],[121.8321078,25.0920986],[121.8322428,25.092594],[121.8323693,25.0930579],[121.8323562,25.0938987],[121.8323432,25.0947632],[121.8325916,25.0956988],[121.8330101,25.0966106],[121.8335201,25.0976409],[121.8335929,25.0978158],[121.8338601,25.098458],[121.8339124,25.0994054],[121.8337466,25.1003289],[121.8329823,25.1010793],[121.8326851,25.1012973],[121.8317022,25.1019737],[121.8309081,25.1024009],[121.8305071,25.1029705],[121.8303379,25.1034238],[121.8302843,25.1035715],[121.8302677,25.103708],[121.8302196,25.1047279],[121.8301834,25.1048525],[121.8301404,25.1049574],[121.8300791,25.1050774],[121.8299975,25.1051885],[121.8299194,25.1052679],[121.8298332,25.105341],[121.8296996,25.1054292],[121.8293446,25.1055861],[121.8289851,25.1057528],[121.828082,25.106244],[121.8272879,25.1065037],[121.826371,25.106511],[121.8251603,25.1063134],[121.8245785,25.1058008],[121.8235478,25.1043339],[121.8232475,25.1036089],[121.8226005,25.1033641],[121.8223691,25.1032766],[121.8220219,25.1033338],[121.8215129,25.1034176],[121.8207079,25.1039263],[121.8198604,25.1043926],[121.8187446,25.1056945],[121.8182181,25.1065084],[121.8181799,25.1065675],[121.8179317,25.1069511],[121.8177982,25.107361],[121.8175155,25.1078062],[121.8171837,25.1079656],[121.8168789,25.1079898],[121.8166338,25.1080719],[121.8160783,25.1084018],[121.8155572,25.1083597],[121.8145065,25.1082031],[121.8126987,25.1076051],[121.812099,25.1075852],[121.8108452,25.1075159],[121.8097767,25.1072061],[121.8093637,25.1068391],[121.808861,25.1064648],[121.8083666,25.1059562],[121.8079743,25.1056458],[121.807629,25.1054799],[121.8067469,25.1056623],[121.8053994,25.1064357],[121.8048009,25.1066446],[121.8033528,25.1071499],[121.8023444,25.1074379],[121.8013786,25.1077312],[121.8006347,25.107958],[121.7998035,25.1081196],[121.7994655,25.108562],[121.7992241,25.1089864],[121.7988875,25.1096551],[121.7985466,25.1102982],[121.797975,25.1110257],[121.7976202,25.1117924],[121.797316,25.1122036],[121.7970429,25.1123012],[121.7965088,25.1122627],[121.7958904,25.1123447],[121.7946444,25.1125655],[121.7945971,25.1125739],[121.7935574,25.1128543],[121.7926769,25.1128774],[121.7921371,25.1127205],[121.7915889,25.1126409],[121.790305,25.1120595],[121.7891088,25.111294],[121.7883588,25.1107307],[121.7869499,25.1097842],[121.7862242,25.108601],[121.7859964,25.1075717],[121.7857967,25.106533],[121.7855808,25.1057665],[121.7852121,25.1051378],[121.7848436,25.104591],[121.7844772,25.1040842],[121.784081,25.1036392],[121.7842542,25.1026232],[121.7842289,25.1022112],[121.7841556,25.1017359],[121.7840014,25.1010247],[121.78368,25.1005329],[121.783216,25.1005345],[121.7824235,25.1008071],[121.7816949,25.1011544],[121.7809478,25.1010438],[121.7807094,25.1009881],[121.7791966,25.1005936],[121.7777479,25.100429],[121.7770378,25.100357],[121.7767026,25.1005113],[121.7765236,25.100874],[121.7760592,25.1014657],[121.775724,25.1017435],[121.7755649,25.1021087],[121.7756615,25.1023248],[121.7759314,25.10251],[121.7759067,25.1027384],[121.7758746,25.1030347],[121.7759399,25.1038424],[121.7759172,25.1044848],[121.7759115,25.104645],[121.7763433,25.1054964],[121.7766032,25.1058925],[121.7767253,25.1066076],[121.7765861,25.1072146],[121.7764413,25.1076544],[121.776001,25.1082692],[121.7755867,25.1085017],[121.7752539,25.1086884],[121.7742512,25.1087167],[121.7735377,25.1088092],[121.772865,25.1088685],[121.7719986,25.1090228],[121.771656,25.109079],[121.7714021,25.1091206],[121.7711873,25.1090056],[121.7709504,25.1088788],[121.7705599,25.1082538],[121.7704292,25.1075979],[121.7703086,25.1071305],[121.7702105,25.1065818],[121.7699335,25.1062783],[121.7692972,25.1055941],[121.7683708,25.1045614],[121.7679295,25.1033383],[121.7674296,25.1026052],[121.7666797,25.1016792],[121.7665327,25.1013278],[121.7663246,25.1008303],[121.765978,25.09984],[121.7656457,25.0991197],[121.7651827,25.0988933],[121.7644839,25.0988908],[121.7638505,25.0990554],[121.7634045,25.0991377],[121.7631398,25.0993113],[121.7628707,25.0994536],[121.7625296,25.0998039],[121.7619829,25.100015],[121.7613587,25.1000994],[121.7609573,25.1002052],[121.7606343,25.100297],[121.7598584,25.1006116],[121.7591963,25.1008843],[121.7578312,25.1013648],[121.7573207,25.1015475],[121.7566761,25.1017108],[121.7563468,25.1017408],[121.7561854,25.1016752],[121.7557337,25.1015142],[121.7551588,25.1013506],[121.7546198,25.1012551],[121.753834,25.101009],[121.7525866,25.1005133],[121.7519558,25.1002991],[121.7507071,25.0998402],[121.7507039,25.0998349],[121.7501591,25.0996721],[121.7491777,25.0993895],[121.7483642,25.0992701],[121.7479006,25.0993236],[121.7475385,25.0994897],[121.7473155,25.0996925],[121.7471746,25.1001921],[121.747195,25.1007847],[121.7469189,25.1014535],[121.746503,25.102112],[121.746327,25.1023471],[121.7458213,25.1027983],[121.7449201,25.1028428],[121.7441637,25.102748],[121.7428194,25.1026491],[121.7417241,25.1028631],[121.7409992,25.1028919],[121.7392745,25.1032267],[121.7390414,25.1032994],[121.7386355,25.1034473],[121.7377031,25.103787],[121.737524,25.10392],[121.7365861,25.1048386],[121.7359271,25.1056309],[121.7350168,25.1071789],[121.7345628,25.1081002],[121.7341489,25.1086709],[121.7329994,25.1101627],[121.7324751,25.1108651],[121.7321662,25.1111154],[121.731963,25.1112576],[121.7316762,25.1113586],[121.7314479,25.1113902],[121.7311357,25.1113527],[121.728803,25.1107187],[121.7282428,25.1105224],[121.7278942,25.1103653],[121.7275914,25.110184],[121.7273917,25.1100027],[121.7271597,25.1097651],[121.7269853,25.1095377],[121.7263939,25.1086228],[121.726065,25.1080452],[121.7257528,25.1074679],[121.7255136,25.1068505],[121.7252595,25.1055856],[121.7250536,25.1047051],[121.7247457,25.1039485],[121.7244147,25.1031249],[121.7242089,25.1027506],[121.723886,25.1024096],[121.7234174,25.1020001],[121.7228166,25.101577],[121.722672,25.1015026],[121.7215525,25.1009265],[121.7209761,25.1006669],[121.7204522,25.100527],[121.719885,25.1004478],[121.7191897,25.1003458],[121.7187209,25.1002846],[121.7182434,25.1002846],[121.7178424,25.100337],[121.7159455,25.1008953],[121.7148315,25.1009515],[121.7130032,25.1005504],[121.7128165,25.1005094],[121.7102777,25.0997015],[121.7087154,25.0989298],[121.7076058,25.0981461],[121.7074223,25.0979521],[121.7072602,25.0977387],[121.7071891,25.0975702],[121.7071314,25.0974041],[121.7071474,25.0972321],[121.7072121,25.0971158],[121.7073412,25.0970238],[121.7075572,25.0969528],[121.7078977,25.0968679],[121.7084762,25.0966548],[121.7089151,25.0964781],[121.7096541,25.0955214],[121.7098378,25.0944809],[121.7098354,25.094063],[121.7098059,25.0935343],[121.7097068,25.0931353],[121.7095035,25.0927122],[121.7087997,25.0920366],[121.7074327,25.0912246],[121.7068291,25.091305],[121.7057217,25.0918637],[121.7043769,25.0929329],[121.7040706,25.0934474],[121.7037244,25.0946452],[121.7036534,25.095437],[121.7034848,25.0964459],[121.7030676,25.096671],[121.7020601,25.0968599],[121.7009216,25.0967996],[121.6998608,25.0967875],[121.6991818,25.0963213],[121.6984339,25.0954973],[121.697919,25.0943357],[121.6974441,25.0928324],[121.6971956,25.0917552],[121.6977881,25.0904569],[121.6985493,25.0886762],[121.6994858,25.0862765],[121.7004423,25.0843791],[121.7015519,25.0820235],[121.7015874,25.0816256],[121.7014231,25.0810628],[121.7008062,25.0803834],[121.6993815,25.0798729],[121.6982009,25.0797],[121.6954225,25.0789081],[121.6940421,25.0785704],[121.6933009,25.0786629],[121.6926551,25.0787996],[121.6913636,25.079282],[121.6911436,25.0795666],[121.690933,25.0798447],[121.6910839,25.0803714],[121.6915833,25.0808658],[121.6933453,25.081927],[121.6936094,25.0826225],[121.6933475,25.0842706],[121.6931655,25.08497],[121.6928859,25.0858664],[121.6924798,25.0864614],[121.6918998,25.0869075],[121.69113,25.0869452],[121.6884691,25.0861304],[121.6872845,25.0852557],[121.6840043,25.0830699],[121.683852,25.0830075],[121.6824405,25.0824293],[121.681955,25.0823037],[121.6813447,25.0825235],[121.6811367,25.0831579],[121.6812893,25.0839932],[121.6817123,25.0853939],[121.6817955,25.0864742],[121.6816846,25.0871839],[121.6815443,25.0874573],[121.6813655,25.0878057],[121.6808732,25.0881763],[121.6803184,25.0881574],[121.679634,25.0878651],[121.6789479,25.0874018],[121.677284,25.0859127],[121.6768335,25.0852243],[121.6751692,25.0835033],[121.6740665,25.0829443],[121.6732412,25.0829569],[121.6718889,25.0827622],[121.6712736,25.0825197],[121.6710737,25.0823673],[121.6708591,25.081977],[121.6701952,25.0810752],[121.6698465,25.0807101],[121.6694478,25.0802199],[121.6679394,25.0791191],[121.6663393,25.0781021],[121.6654567,25.0773981],[121.6634466,25.0766268],[121.6631677,25.0765198],[121.6615424,25.0760865],[121.6606126,25.075564],[121.6597791,25.0743399],[121.6596917,25.0740623],[121.6596089,25.0734279],[121.6590245,25.070922],[121.6585738,25.0703347],[121.6582201,25.0699609],[121.6573779,25.069568],[121.6570619,25.0694206],[121.6553074,25.0684596],[121.6551354,25.068382],[121.6538793,25.0682264],[121.6528152,25.0681991],[121.6514588,25.0684382],[121.6503843,25.0683051],[121.6497063,25.0683916],[121.6491457,25.0685558],[121.6485985,25.068636],[121.6483587,25.0690758],[121.6482482,25.0694759],[121.6485517,25.0700927],[121.6496448,25.0720854],[121.6499326,25.0728225],[121.6501134,25.0735742],[121.6499058,25.0743214],[121.6496394,25.0747038],[121.6494585,25.0749245],[121.6487327,25.0754892],[121.6487139,25.0755],[121.6458438,25.0752945],[121.645684,25.0752831],[121.6450143,25.0752559],[121.6441801,25.0752389],[121.6427567,25.0748961],[121.6414378,25.0742579],[121.6411129,25.0738586],[121.6407232,25.0729891],[121.6406143,25.0722543],[121.6405223,25.0716342],[121.6403533,25.0708616],[121.6400167,25.0702707],[121.6395803,25.0691274],[121.6390908,25.0678687],[121.6382032,25.0656044],[121.636872,25.0641161],[121.6362897,25.0635885],[121.6357356,25.0633897],[121.6344948,25.0632425],[121.6336507,25.0628271],[121.6328696,25.0623856],[121.6322217,25.0617055],[121.631482,25.0608869],[121.6311328,25.0603358],[121.6307494,25.0596333],[121.6300268,25.0582512],[121.6294502,25.0560948],[121.6284995,25.0547784],[121.627727,25.0543583],[121.6262259,25.0544892],[121.62469,25.0553846],[121.6240458,25.056279],[121.623454,25.0572081],[121.6231529,25.0578313],[121.622744,25.0585729],[121.6210346,25.0612142],[121.619143,25.0627297],[121.6182319,25.0633338],[121.6161156,25.0639924],[121.6147563,25.0644027],[121.6137614,25.0643817],[121.6130303,25.0642569],[121.6122427,25.0637303],[121.6115717,25.0623569],[121.6105828,25.0612534],[121.6093465,25.0604318],[121.6078137,25.0598548],[121.6056282,25.0592465],[121.6023153,25.0590149],[121.5986962,25.0589751],[121.5981189,25.0589989],[121.5968569,25.0594732],[121.595431,25.0599534],[121.5937316,25.0600471],[121.5917271,25.0588085],[121.5907285,25.0578111],[121.5896299,25.05674],[121.5883253,25.0556632],[121.586555,25.0546038],[121.5845338,25.0540174],[121.5820769,25.0533953],[121.579893,25.0529154]]}},{"type":"Feature","properties":{"kind":"water_line","osm_id":607939912,"name":"圓山河"},"geometry":{"type":"LineString","coordinates":[[121.5350532,25.0684864],[121.5345034,25.0700315],[121.5340072,25.0713848],[121.5337229,25.0722472],[121.5336478,25.0743657],[121.5338475,25.0768279]]}},{"type":"Feature","properties":{"kind":"water_line","osm_id":760887607,"name":"基隆河"},"geometry":{"type":"LineString","coordinates":[[121.579893,25.0529154],[121.5788475,25.0526857],[121.5748578,25.0518224],[121.5741998,25.0517617],[121.5736067,25.0517883],[121.5730868,25.05192],[121.5726843,25.0520883],[121.5720439,25.0527361],[121.5718732,25.0530207],[121.5717389,25.0534086],[121.5716817,25.0539931],[121.5717099,25.0550262],[121.5712504,25.059296],[121.5700038,25.0626728],[121.5695432,25.0636132],[121.5695798,25.0645911],[121.5713627,25.0674263],[121.5720125,25.0697425],[121.5719613,25.0720865],[121.5714911,25.0737583],[121.5712621,25.0740969]]}},{"type":"Feature","properties":{"kind":"water_line","osm_id":777894208,"name":""},"geometry":{"type":"LineString","coordinates":[[121.5296403,25.0966136],[121.5296573,25.0966151],[121.5296871,25.0966209],[121.5297106,25.0966285],[121.5297973,25.0966678],[121.5298363,25.0966602],[121.5298222,25.0966285],[121.5298363,25.0966158],[121.5298749,25.0966215],[121.529898,25.0966215],[121.5299204,25.0966371],[121.5299302,25.096644],[121.529961,25.0966495],[121.5299835,25.0966413],[121.5299912,25.0966212],[121.5299889,25.0966127],[121.5299865,25.0966042],[121.5299597,25.096583],[121.5299332,25.0965626],[121.5299215,25.0965456],[121.5299222,25.0965256],[121.5299299,25.096504],[121.529945,25.0964913],[121.5299661,25.0964837],[121.5299956,25.0964788],[121.5300066,25.0964746],[121.5300083,25.0964667],[121.5300036,25.0964576],[121.5299771,25.0964488],[121.5299728,25.0964403],[121.5299751,25.0964114],[121.5299735,25.0963987],[121.5299644,25.0963841],[121.5299486,25.0963713],[121.5299366,25.0963644],[121.529887,25.0963671],[121.5298699,25.0963622],[121.5298484,25.096351],[121.529829,25.0963364],[121.5298149,25.0963322],[121.529788,25.0963328],[121.5297589,25.0963467],[121.5297487,25.0963539]]}},{"type":"Feature","properties":{"kind":"water_line","osm_id":893670272,"name":"外雙溪"},"geometry":{"type":"LineString","coordinates":[[121.5559128,25.1027713],[121.5558404,25.1027054],[121.5555985,25.1026734],[121.5553898,25.1025403],[121.5552502,25.1024042],[121.5550294,25.1020966],[121.5547956,25.10176],[121.55459,25.1015365],[121.554466,25.1014607],[121.5541545,25.1014351],[121.5539786,25.101429],[121.5538348,25.101404],[121.5535506,25.1013036]]}},{"type":"Feature","properties":{"kind":"water_line","osm_id":1133685545,"name":"五分港溪"},"geometry":{"type":"LineString","coordinates":[[121.5120888,25.0979329],[121.5117228,25.0989717],[121.5117232,25.0993651],[121.5117946,25.0997025],[121.5117858,25.0999589],[121.5116228,25.1003146],[121.5108337,25.1012606]]}},{"type":"Feature","properties":{"kind":"water_line","osm_id":1133685546,"name":"五分港溪"},"geometry":{"type":"LineString","coordinates":[[121.5108337,25.1012606],[121.5104364,25.1016197]]}},{"type":"Feature","properties":{"kind":"water_line","osm_id":1302321509,"name":"新安溪"},"geometry":{"type":"LineString","coordinates":[[121.55033,25.1030182],[121.5504038,25.1026393],[121.5504044,25.1025031],[121.5503639,25.1023887],[121.5503152,25.1022816],[121.5502759,25.1022066],[121.5502579,25.1021185],[121.5502433,25.1019738],[121.5502641,25.1018661],[121.550302,25.1017581],[121.5503521,25.1016655],[121.5504483,25.101535],[121.5505229,25.1014202],[121.5505567,25.1013132],[121.5505906,25.1011951],[121.5505885,25.1010635],[121.5505824,25.1009394],[121.5505421,25.1008424],[121.5504876,25.100751],[121.5504485,25.1007055],[121.5504187,25.100662],[121.5503652,25.1005697],[121.5504835,25.1004095]]}},{"type":"Feature","properties":{"kind":"water_line","osm_id":1323406667,"name":""},"geometry":{"type":"LineString","coordinates":[[121.5099346,25.0968779],[121.5105835,25.0959663],[121.5108684,25.0957332],[121.5109919,25.0954095],[121.5097602,25.0949663]]}},{"type":"Feature","properties":{"kind":"bridge","osm_id":24006864,"name":"承德橋"},"geometry":{"type":"LineString","coordinates":[[121.5220567,25.0802012],[121.5214507,25.0790296],[121.5214051,25.0789228],[121.5201513,25.0754249]]}},{"type":"Feature","properties":{"kind":"bridge","osm_id":25976437,"name":"百齡橋"},"geometry":{"type":"LineString","coordinates":[[121.5118169,25.0877834],[121.5125959,25.0883178],[121.5151964,25.0900486],[121.5155118,25.0902805],[121.5156367,25.0903902]]}},{"type":"Feature","properties":{"kind":"bridge","osm_id":25976458,"name":"福林橋"},"geometry":{"type":"LineString","coordinates":[[121.5257197,25.1020752],[121.5264423,25.1006746],[121.5265665,25.1003964],[121.5266268,25.1002332],[121.5267759,25.0997405],[121.5269212,25.0991998],[121.5272808,25.0979172]]}},{"type":"Feature","properties":{"kind":"bridge","osm_id":25976464,"name":"福林橋"},"geometry":{"type":"LineString","coordinates":[[121.5273714,25.0979297],[121.5272029,25.0985365],[121.5270092,25.0992446],[121.5268556,25.0997714],[121.5267278,25.100239],[121.5266505,25.1004471],[121.5265464,25.1006903],[121.5258136,25.1021141]]}},{"type":"Feature","properties":{"kind":"bridge","osm_id":25976466,"name":"文昌橋"},"geometry":{"type":"LineString","coordinates":[[121.5208523,25.0969476],[121.5202558,25.0983627],[121.5201518,25.0987103],[121.5201219,25.0991326],[121.5201588,25.0995176],[121.5202206,25.0997729],[121.5203057,25.1000029],[121.5204307,25.1002569],[121.5205797,25.1004885],[121.5207562,25.1006967],[121.5213285,25.1012715]]}},{"type":"Feature","properties":{"kind":"bridge","osm_id":25989993,"name":"汐止五股高架道路"},"geometry":{"type":"LineString","coordinates":[[121.5095236,25.0784523],[121.5083991,25.0784347],[121.507189,25.0783591],[121.506173,25.0782928],[121.5050328,25.078213]]}},{"type":"Feature","properties":{"kind":"bridge","osm_id":31280020,"name":"市民大道入口匝道"},"geometry":{"type":"LineString","coordinates":[[121.5598717,25.0459625],[121.5589078,25.0455259],[121.5584344,25.0453533],[121.5578445,25.0451676]]}},{"type":"Feature","properties":{"kind":"bridge","osm_id":33072372,"name":"承德橋"},"geometry":{"type":"LineString","coordinates":[[121.5202718,25.0753741],[121.5213015,25.0782468],[121.521542,25.0789148],[121.5215649,25.0789769],[121.5221757,25.0801549]]}},{"type":"Feature","properties":{"kind":"bridge","osm_id":37099958,"name":"自強橋"},"geometry":{"type":"LineString","coordinates":[[121.5484537,25.0953258],[121.5484927,25.0946525]]}},{"type":"Feature","properties":{"kind":"bridge","osm_id":45265806,"name":"大直橋"},"geometry":{"type":"LineString","coordinates":[[121.54447,25.076712],[121.5444592,25.0770327],[121.5444909,25.0792716]]}},{"type":"Feature","properties":{"kind":"bridge","osm_id":48769244,"name":"堤頂交流道"},"geometry":{"type":"LineString","coordinates":[[121.572273,25.0703556],[121.5725174,25.0701404],[121.5726653,25.069982],[121.5727664,25.0698178],[121.5728415,25.069633],[121.5728773,25.0694619],[121.5728951,25.0693134],[121.5728762,25.0691321],[121.5728232,25.0689413],[121.572671,25.0685242],[121.5724804,25.0679977]]}},{"type":"Feature","properties":{"kind":"bridge","osm_id":48769246,"name":"堤頂交流道"},"geometry":{"type":"LineString","coordinates":[[121.5804032,25.0690882],[121.5795414,25.0694705],[121.5793761,25.0695359],[121.5789477,25.0696792],[121.57804,25.0700032],[121.5773334,25.0702341],[121.5768444,25.0703683],[121.5764226,25.0704783],[121.5760904,25.0705637]]}},{"type":"Feature","properties":{"kind":"bridge","osm_id":48769249,"name":"堤頂交流道"},"geometry":{"type":"LineString","coordinates":[[121.5727902,25.0732163],[121.5728603,25.0729817],[121.5729354,25.0726313],[121.5729823,25.0723203],[121.572989,25.0721351],[121.5729769,25.0720093],[121.5729441,25.071869],[121.5728623,25.0716929],[121.5727737,25.0715659],[121.5726511,25.0714463],[121.5725384,25.0713716],[121.5724305,25.0713163],[121.5722862,25.071275],[121.5721046,25.0712428],[121.5718954,25.0712131]]}},{"type":"Feature","properties":{"kind":"bridge","osm_id":48769251,"name":"中山高速公路"},"geometry":{"type":"LineString","coordinates":[[121.5768081,25.0700544],[121.5759767,25.0702536],[121.5753999,25.0703807],[121.574851,25.0704918],[121.5741911,25.0706139],[121.5733579,25.0707576],[121.5726499,25.0708516],[121.5719132,25.0709467],[121.571195,25.0710238],[121.5702985,25.0711016],[121.5691303,25.0711696],[121.5679555,25.0712036]]}},{"type":"Feature","properties":{"kind":"bridge","osm_id":48769257,"name":"堤頂交流道"},"geometry":{"type":"LineString","coordinates":[[121.5738556,25.0693842],[121.5737719,25.0694307],[121.5737223,25.0694718],[121.573673,25.069525],[121.5736207,25.0696052],[121.5735789,25.0697129],[121.5735738,25.069823],[121.5735987,25.0699423],[121.573644,25.0700525],[121.5737265,25.0701388],[121.5738129,25.0702015],[121.5739723,25.0702688],[121.574147,25.0702961],[121.5743779,25.0702896],[121.5747065,25.0702642]]}},{"type":"Feature","properties":{"kind":"bridge","osm_id":48769258,"name":"堤頂交流道"},"geometry":{"type":"LineString","coordinates":[[121.572273,25.0703556],[121.5726925,25.0700813],[121.5734232,25.0695615]]}},{"type":"Feature","properties":{"kind":"bridge","osm_id":48769261,"name":"堤頂交流道"},"geometry":{"type":"LineString","coordinates":[[121.5737712,25.0709754],[121.5733753,25.071035],[121.5727461,25.0711161],[121.572111,25.0711878],[121.5718954,25.0712131]]}},{"type":"Feature","properties":{"kind":"bridge","osm_id":48769267,"name":"堤頂交流道"},"geometry":{"type":"LineString","coordinates":[[121.5698854,25.0708878],[121.5711928,25.0707007],[121.5715515,25.0706351],[121.57176,25.0705762],[121.5718921,25.0705305],[121.5720661,25.0704598],[121.572273,25.0703556]]}},{"type":"Feature","properties":{"kind":"bridge","osm_id":48769274,"name":"中山高速公路"},"geometry":{"type":"LineString","coordinates":[[121.5811467,25.0686851],[121.5802346,25.069022],[121.5797941,25.0691692],[121.5787766,25.0694984],[121.5777268,25.069809],[121.5768081,25.0700544]]}},{"type":"Feature","properties":{"kind":"bridge","osm_id":48776357,"name":"光復南路出口匝道"},"geometry":{"type":"LineString","coordinates":[[121.551364,25.0445147],[121.5530488,25.0443937],[121.553334,25.0443925]]}},{"type":"Feature","properties":{"kind":"bridge","osm_id":48776359,"name":"市民大道高架道路"},"geometry":{"type":"LineString","coordinates":[[121.551364,25.0445147],[121.552374,25.0443983],[121.5528463,25.044356],[121.5532017,25.0443184],[121.5535169,25.0443147],[121.5539165,25.044333],[121.5542719,25.0443743],[121.5546581,25.0444423],[121.5551637,25.0445468],[121.5555433,25.0446367],[121.5565368,25.0448163],[121.5571352,25.0449465],[121.5579129,25.0451298],[121.5582168,25.045127],[121.5585232,25.045161],[121.5587459,25.0451732],[121.5589877,25.0451773],[121.5604212,25.0451678],[121.5613838,25.0451409],[121.5619484,25.0450948],[121.5623279,25.0450535],[121.5630867,25.0449198]]}},{"type":"Feature","properties":{"kind":"bridge","osm_id":48776360,"name":"市民大道高架道路"},"geometry":{"type":"LineString","coordinates":[[121.5423394,25.0447574],[121.541796,25.0447118],[121.5412892,25.04468],[121.540993,25.0446738],[121.5407125,25.0446751],[121.5403241,25.0446914],[121.5399173,25.0447085],[121.539605,25.0447249],[121.5394346,25.044734],[121.5389597,25.044751],[121.5379411,25.0447743],[121.5375361,25.044782],[121.5366679,25.0448245],[121.5358171,25.0448727],[121.5355159,25.0448998],[121.5352304,25.0449359],[121.5350338,25.0449654],[121.5346443,25.0450306],[121.5342338,25.0451319],[121.533827,25.0452457],[121.5314824,25.0458968],[121.5307175,25.0461239],[121.5299589,25.0463323],[121.529538,25.0464508],[121.5290759,25.0465838],[121.5281785,25.046853],[121.5275491,25.0470455],[121.5269873,25.0472018],[121.5266591,25.0473025]]}},{"type":"Feature","properties":{"kind":"bridge","osm_id":48776363,"name":"環東大道"},"geometry":{"type":"LineString","coordinates":[[121.5841632,25.0586802],[121.579101,25.0559735],[121.576685,25.0546688]]}},{"type":"Feature","properties":{"kind":"bridge","osm_id":48776372,"name":"市民大道高架道路"},"geometry":{"type":"LineString","coordinates":[[121.5266128,25.0471992],[121.5269455,25.0471009],[121.5274438,25.04691],[121.5280713,25.0467108],[121.5291343,25.0463864],[121.5301295,25.0461268],[121.5305701,25.0460273],[121.5310069,25.0459052],[121.5313183,25.0458402],[121.5315752,25.0457791],[121.5326688,25.0454666],[121.5337988,25.0451473],[121.5345196,25.0449839],[121.5348353,25.0449217],[121.5351312,25.0448721],[121.5353457,25.0448405],[121.5357037,25.0448069],[121.5361075,25.044778],[121.5377295,25.0446916],[121.5381297,25.0446629],[121.538502,25.0446327],[121.5392578,25.0445781],[121.5402354,25.044527],[121.5409328,25.0445076],[121.5413059,25.044519],[121.541561,25.044542],[121.5418631,25.0445763],[121.5423481,25.0446409]]}},{"type":"Feature","properties":{"kind":"bridge","osm_id":48793390,"name":"麥帥二橋"},"geometry":{"type":"LineString","coordinates":[[121.5729877,25.0601526],[121.573191,25.0590505],[121.5732385,25.058529],[121.573227,25.0582865],[121.5731841,25.0580629],[121.5730706,25.0577744],[121.5729397,25.0575631],[121.5727747,25.0573584],[121.572546,25.0571276],[121.5704682,25.0551383],[121.570206,25.0548691],[121.5700616,25.054653],[121.569982,25.0544941],[121.5699414,25.0543698],[121.5699095,25.0542033],[121.5699016,25.0540199],[121.5699171,25.053846],[121.5701228,25.052607]]}},{"type":"Feature","properties":{"kind":"bridge","osm_id":48793392,"name":"健康路出口匝道"},"geometry":{"type":"LineString","coordinates":[[121.5704682,25.0551383],[121.5703119,25.0550573],[121.5699799,25.0547564],[121.5698039,25.0546378],[121.5696451,25.0545665],[121.5694636,25.0545169],[121.5692436,25.0544925],[121.5675603,25.0543725]]}},{"type":"Feature","properties":{"kind":"bridge","osm_id":48793396,"name":"麥帥二橋"},"geometry":{"type":"LineString","coordinates":[[121.5698153,25.050131],[121.5698368,25.0502477],[121.5702104,25.0508815],[121.5703098,25.0510962],[121.5703739,25.0512878],[121.5704041,25.0514589],[121.5704047,25.0516692],[121.5703852,25.0518982]]}},{"type":"Feature","properties":{"kind":"bridge","osm_id":48793398,"name":"麥帥二橋"},"geometry":{"type":"LineString","coordinates":[[121.5703852,25.0518982],[121.5700408,25.0538529],[121.5700199,25.0540786],[121.5700297,25.0543095],[121.5700834,25.054498],[121.5701514,25.0546399],[121.5702295,25.0547636],[121.5703707,25.0549346],[121.5723524,25.0568396],[121.5727521,25.0572262],[121.5729366,25.0574252],[121.573066,25.0576022],[121.5731888,25.0578501],[121.5732707,25.0580963],[121.5733192,25.0583539],[121.5733185,25.0586262],[121.5732696,25.0590337],[121.5730642,25.0601592]]}},{"type":"Feature","properties":{"kind":"bridge","osm_id":48793401,"name":"正氣橋"},"geometry":{"type":"LineString","coordinates":[[121.5711987,25.0517166],[121.5708922,25.051531],[121.5708062,25.0514688],[121.5707155,25.0513928],[121.5706028,25.0512839],[121.5705363,25.0512069],[121.5704911,25.0511428],[121.5701976,25.0506923],[121.5699292,25.0502328],[121.5697248,25.0499802]]}},{"type":"Feature","properties":{"kind":"bridge","osm_id":48793403,"name":"麥帥一橋"},"geometry":{"type":"LineString","coordinates":[[121.5677968,25.0513569],[121.5701306,25.051297],[121.5703937,25.0512994],[121.5706313,25.0513317],[121.5708044,25.0513805],[121.5709867,25.0514642],[121.575717,25.0539964]]}},{"type":"Feature","properties":{"kind":"bridge","osm_id":48793405,"name":"市民大道高架道路"},"geometry":{"type":"LineString","coordinates":[[121.5665807,25.0453606],[121.5667258,25.0454313],[121.5668465,25.0455051],[121.5669517,25.0455802],[121.5670344,25.0456532],[121.5671141,25.0457367]]}},{"type":"Feature","properties":{"kind":"bridge","osm_id":48793406,"name":"永吉路出口匝道"},"geometry":{"type":"LineString","coordinates":[[121.5646086,25.0447481],[121.56471,25.0447854],[121.5648962,25.0448192],[121.5650424,25.0448561],[121.5652154,25.0449156],[121.5656139,25.0450644],[121.5657335,25.0451327]]}},{"type":"Feature","properties":{"kind":"bridge","osm_id":48794890,"name":"忠孝東路出口匝道"},"geometry":{"type":"LineString","coordinates":[[121.5365679,25.0444322],[121.5364481,25.0440058],[121.5364773,25.0434556],[121.5364869,25.0432419],[121.5365215,25.043006],[121.5365754,25.0427389],[121.5366223,25.0425567],[121.536676,25.0423708],[121.5367535,25.042153]]}},{"type":"Feature","properties":{"kind":"bridge","osm_id":48794908,"name":"建國快速道路"},"geometry":{"type":"LineString","coordinates":[[121.5332937,25.0701998],[121.5332843,25.0699548],[121.5332573,25.0694406],[121.5331916,25.0689826],[121.5331781,25.068736],[121.5332103,25.0684736],[121.5332532,25.0682987],[121.5333497,25.0680946],[121.5334785,25.0678905],[121.533558,25.0677803],[121.5336649,25.0676658],[121.5340165,25.0673919]]}},{"type":"Feature","properties":{"kind":"bridge","osm_id":49073263,"name":"建國南路入口匝道"},"geometry":{"type":"LineString","coordinates":[[121.5414005,25.0445955],[121.5423481,25.0446409]]}},{"type":"Feature","properties":{"kind":"bridge","osm_id":49073265,"name":""},"geometry":{"type":"LineString","coordinates":[[121.5389175,25.0446605],[121.5399843,25.0446132],[121.5403929,25.0445973],[121.5404562,25.0445958],[121.5408004,25.0445876],[121.5411432,25.0445894],[121.5414005,25.0445955]]}},{"type":"Feature","properties":{"kind":"bridge","osm_id":49073277,"name":"建國南路出口匝道"},"geometry":{"type":"LineString","coordinates":[[121.5423394,25.0447574],[121.5414005,25.0445955]]}},{"type":"Feature","properties":{"kind":"bridge","osm_id":49073297,"name":"忠孝東路入口匝道"},"geometry":{"type":"LineString","coordinates":[[121.5371536,25.0420022],[121.5370153,25.0423853],[121.5369214,25.0427183],[121.5368612,25.0429827],[121.5368075,25.0433873],[121.5367751,25.0438586],[121.5366887,25.0444713]]}},{"type":"Feature","properties":{"kind":"bridge","osm_id":49074699,"name":"汐止五股高架道路"},"geometry":{"type":"LineString","coordinates":[[121.5375435,25.0726488],[121.5383911,25.0725734],[121.5392256,25.0725199],[121.5439765,25.0723242],[121.5442563,25.0723186],[121.5445956,25.0723119],[121.5455691,25.0722926],[121.5461043,25.0722819],[121.5466497,25.0722711],[121.5484279,25.0722358],[121.5498789,25.0722297],[121.5509787,25.0722552],[121.5527278,25.0723126],[121.5536894,25.0723271],[121.5546305,25.0723195],[121.5565537,25.072259],[121.5569251,25.0722709],[121.5574351,25.0722348],[121.5579863,25.0721595],[121.5584634,25.0720681],[121.5589679,25.0719421],[121.5594615,25.0717914],[121.5605397,25.0714404],[121.5608656,25.0713432],[121.5612076,25.0712509],[121.5618044,25.0711246],[121.5624307,25.0710201],[121.5628773,25.070974],[121.5635063,25.0709302],[121.56404,25.0709254],[121.5673467,25.0709654],[121.5682023,25.0709601],[121.5698854,25.0708878]]}},{"type":"Feature","properties":{"kind":"bridge","osm_id":49074700,"name":"汐止五股高架道路"},"geometry":{"type":"LineString","coordinates":[[121.537569,25.0732707],[121.5367737,25.0731772],[121.536259,25.0731471],[121.535583,25.0731544],[121.5350011,25.0732042],[121.5343882,25.0732966],[121.5336036,25.0734411],[121.533043,25.0735357],[121.5324275,25.0736245],[121.5316041,25.0737108],[121.5306625,25.0737957],[121.5300443,25.0738723],[121.5294865,25.073978],[121.5288883,25.0741419],[121.5282485,25.0743631],[121.5273769,25.0746886],[121.5260291,25.0751854],[121.5249709,25.0755741],[121.5241327,25.0758923],[121.5230554,25.0762673],[121.5223487,25.0764933],[121.5215011,25.0767532],[121.5203611,25.0770728],[121.5197449,25.0772312],[121.519114,25.07738],[121.518033,25.0776133],[121.5169389,25.0778288],[121.516066,25.0779751],[121.5153102,25.0780883],[121.5145297,25.0781831],[121.513481,25.0782924],[121.5124939,25.0783726],[121.5115042,25.0784333],[121.510396,25.0784735],[121.5095236,25.0784523]]}},{"type":"Feature","properties":{"kind":"bridge","osm_id":49074710,"name":"建國快速道路"},"geometry":{"type":"LineString","coordinates":[[121.5369678,25.0582505],[121.5369793,25.0588833],[121.5371135,25.0640003],[121.5370813,25.0643015],[121.5370062,25.0646028],[121.5369203,25.0648555],[121.5367701,25.0651373],[121.5366092,25.0653997],[121.5364268,25.0656135],[121.536223,25.0658176],[121.5359783,25.0660246],[121.5339827,25.067531],[121.5338303,25.0676518]]}},{"type":"Feature","properties":{"kind":"bridge","osm_id":49074715,"name":"中山高速公路"},"geometry":{"type":"LineString","coordinates":[[121.5679555,25.0712036],[121.56701,25.0711963],[121.5640438,25.0711534],[121.5634362,25.0711692],[121.5628317,25.071212],[121.562196,25.0712862],[121.5615737,25.071404],[121.5609555,25.0715582],[121.5603413,25.0717465],[121.5586126,25.072366],[121.5580289,25.0725588],[121.5575782,25.07269],[121.5570096,25.0728309],[121.5564678,25.0729329],[121.5558522,25.0730156],[121.5550811,25.0730727],[121.5543274,25.0730933],[121.5501928,25.0731723],[121.5408225,25.0733545],[121.5400339,25.0733581],[121.5393071,25.0733278],[121.5386539,25.0732792],[121.5378372,25.073182],[121.5368126,25.0730484]]}},{"type":"Feature","properties":{"kind":"bridge","osm_id":49074716,"name":"中山高速公路"},"geometry":{"type":"LineString","coordinates":[[121.5674606,25.0710907],[121.5690431,25.071053],[121.5694965,25.0710367],[121.5701831,25.0709971],[121.5712197,25.0709096],[121.5723865,25.0707747],[121.5733066,25.0706458],[121.5741344,25.0705105],[121.5748406,25.0703723],[121.5754655,25.0702496],[121.576175,25.0700856],[121.5767725,25.0699392],[121.577814,25.0696657],[121.5782702,25.0695381],[121.5788219,25.0693684],[121.5802667,25.0688569]]}},{"type":"Feature","properties":{"kind":"bridge","osm_id":49134091,"name":"中山高速公路"},"geometry":{"type":"LineString","coordinates":[[121.5303406,25.0733453],[121.5289004,25.0738899],[121.5286707,25.0740123]]}},{"type":"Feature","properties":{"kind":"bridge","osm_id":49134093,"name":"圓山大橋"},"geometry":{"type":"LineString","coordinates":[[121.5279383,25.0742886],[121.5276892,25.0743848],[121.5273564,25.0745085],[121.5269236,25.074673],[121.5262204,25.0749349],[121.5251462,25.0753576],[121.5243133,25.0756759],[121.523439,25.075982],[121.5226732,25.076231],[121.5217486,25.0765078],[121.5200876,25.0769537]]}},{"type":"Feature","properties":{"kind":"bridge","osm_id":49134094,"name":"中山高速公路"},"geometry":{"type":"LineString","coordinates":[[121.527861,25.0741497],[121.5288476,25.0737719]]}},{"type":"Feature","properties":{"kind":"bridge","osm_id":49134095,"name":"中山高速公路"},"geometry":{"type":"LineString","coordinates":[[121.5200876,25.0769537],[121.519202,25.0771628],[121.5189302,25.077227],[121.5177286,25.0774772]]}},{"type":"Feature","properties":{"kind":"bridge","osm_id":49134103,"name":"中山高速公路"},"geometry":{"type":"LineString","coordinates":[[121.5288476,25.0737719],[121.5301597,25.0732627]]}},{"type":"Feature","properties":{"kind":"bridge","osm_id":49134109,"name":"圓山交流道"},"geometry":{"type":"LineString","coordinates":[[121.5338303,25.0676518],[121.5335965,25.0679974],[121.5334678,25.0683181],[121.5334356,25.0686486],[121.533457,25.0690081],[121.5335321,25.0696398],[121.5335374,25.0702739]]}},{"type":"Feature","properties":{"kind":"bridge","osm_id":49134112,"name":"中山高速公路"},"geometry":{"type":"LineString","coordinates":[[121.5340888,25.0727106],[121.5335067,25.0726803],[121.5332213,25.0726906],[121.5328067,25.0727119],[121.5324939,25.0727431]]}},{"type":"Feature","properties":{"kind":"bridge","osm_id":49134114,"name":"中山高速公路"},"geometry":{"type":"LineString","coordinates":[[121.5368126,25.0730484],[121.5354232,25.0728698],[121.5350783,25.0728287]]}},{"type":"Feature","properties":{"kind":"bridge","osm_id":49134120,"name":"中山高速公路"},"geometry":{"type":"LineString","coordinates":[[121.5327582,25.0725926],[121.5332211,25.0725716],[121.5337308,25.072579],[121.534176,25.0726183]]}},{"type":"Feature","properties":{"kind":"bridge","osm_id":49134122,"name":"中山高速公路"},"geometry":{"type":"LineString","coordinates":[[121.534982,25.0727107],[121.5357236,25.0728018],[121.5364854,25.0728658]]}},{"type":"Feature","properties":{"kind":"bridge","osm_id":49134123,"name":"圓山交流道"},"geometry":{"type":"LineString","coordinates":[[121.5351743,25.0726022],[121.5353159,25.0726463],[121.5364854,25.0728658]]}},{"type":"Feature","properties":{"kind":"bridge","osm_id":49134131,"name":"中山高速公路"},"geometry":{"type":"LineString","coordinates":[[121.537632,25.0730241],[121.5379754,25.0730751],[121.5387357,25.0731674],[121.5394573,25.0732306],[121.5401506,25.0732488],[121.5411631,25.0732379],[121.5501968,25.0730581],[121.5547123,25.0729712],[121.5553594,25.072944],[121.5560058,25.072885],[121.556677,25.0727824],[121.55731,25.0726463],[121.5578679,25.0724908],[121.5584892,25.0722883],[121.5603775,25.0716214],[121.560973,25.071438],[121.5616167,25.0712861],[121.5621866,25.0711792],[121.5628998,25.0710914],[121.5634791,25.0710526],[121.5639941,25.0710428],[121.5653068,25.0710602],[121.5674606,25.0710907]]}},{"type":"Feature","properties":{"kind":"bridge","osm_id":49164245,"name":"汐止五股高架道路"},"geometry":{"type":"LineString","coordinates":[[121.509639,25.0779291],[121.5109694,25.0778513],[121.5117486,25.0778088],[121.5128872,25.0777384],[121.5141049,25.0776339],[121.5152757,25.0775052],[121.5164411,25.0773546],[121.5178292,25.0771335],[121.519063,25.0769136],[121.5202324,25.0766537],[121.5210143,25.0764496],[121.5218016,25.0762213],[121.5226813,25.0759419],[121.5232533,25.0757347],[121.52376,25.0755255],[121.5243782,25.0752716],[121.5250232,25.0749753],[121.525783,25.0746163],[121.5264126,25.074329],[121.526888,25.0741359],[121.5272616,25.0740058]]}},{"type":"Feature","properties":{"kind":"bridge","osm_id":49164248,"name":"淡水河橋"},"geometry":{"type":"LineString","coordinates":[[121.5010328,25.0772624],[121.5018804,25.0774276],[121.5030391,25.0776316],[121.5040369,25.0777774],[121.5048811,25.0778835],[121.5057535,25.0779717],[121.5066333,25.0780398],[121.5074487,25.0780689],[121.5084143,25.0780884],[121.5093477,25.0781175]]}},{"type":"Feature","properties":{"kind":"bridge","osm_id":49164254,"name":"台北交流道"},"geometry":{"type":"LineString","coordinates":[[121.5153384,25.0775915],[121.515845,25.0775229]]}},{"type":"Feature","properties":{"kind":"bridge","osm_id":49164256,"name":"台北交流道"},"geometry":{"type":"LineString","coordinates":[[121.5143192,25.0793338],[121.5140362,25.0794002],[121.5138109,25.0794245],[121.5135319,25.0794196],[121.5132637,25.0793905]]}},{"type":"Feature","properties":{"kind":"bridge","osm_id":49164258,"name":"淡水河橋"},"geometry":{"type":"LineString","coordinates":[[121.5093477,25.0782813],[121.5078886,25.0782633],[121.5069551,25.0782244],[121.5059037,25.0781467],[121.504865,25.0780268],[121.5033824,25.0778454],[121.5021379,25.0776316],[121.5009792,25.0774179]]}},{"type":"Feature","properties":{"kind":"bridge","osm_id":49164261,"name":"中山高速公路"},"geometry":{"type":"LineString","coordinates":[[121.5158723,25.0777858],[121.5153792,25.0778545]]}},{"type":"Feature","properties":{"kind":"bridge","osm_id":49164262,"name":"中山高速公路"},"geometry":{"type":"LineString","coordinates":[[121.5176691,25.0773274],[121.519011,25.0770539],[121.5194183,25.076944]]}},{"type":"Feature","properties":{"kind":"bridge","osm_id":49164263,"name":"中山高速公路"},"geometry":{"type":"LineString","coordinates":[[121.5153535,25.0777044],[121.5158618,25.0776337]]}},{"type":"Feature","properties":{"kind":"bridge","osm_id":49164264,"name":"中山高速公路"},"geometry":{"type":"LineString","coordinates":[[121.5141877,25.0780012],[121.5136126,25.0780497]]}},{"type":"Feature","properties":{"kind":"bridge","osm_id":49164266,"name":"中山高速公路"},"geometry":{"type":"LineString","coordinates":[[121.513607,25.0779],[121.5142588,25.0778381]]}},{"type":"Feature","properties":{"kind":"bridge","osm_id":49164267,"name":"台北交流道"},"geometry":{"type":"LineString","coordinates":[[121.5135922,25.0777762],[121.5142428,25.0777093]]}},{"type":"Feature","properties":{"kind":"bridge","osm_id":49164268,"name":"台北交流道"},"geometry":{"type":"LineString","coordinates":[[121.5158919,25.07785],[121.515384,25.077962]]}},{"type":"Feature","properties":{"kind":"bridge","osm_id":49164271,"name":"台北交流道"},"geometry":{"type":"LineString","coordinates":[[121.5110536,25.0777968],[121.5128453,25.0770097],[121.5129343,25.0769844],[121.5130195,25.0769661],[121.5132638,25.0769365],[121.5133946,25.0769099]]}},{"type":"Feature","properties":{"kind":"bridge","osm_id":49164288,"name":"圓山大橋"},"geometry":{"type":"LineString","coordinates":[[121.520074,25.0768039],[121.521722,25.076356],[121.5226222,25.0760832],[121.5233616,25.0758423],[121.524518,25.0754383],[121.5260448,25.0748437],[121.5272317,25.074393],[121.527861,25.0741497]]}},{"type":"Feature","properties":{"kind":"bridge","osm_id":49710766,"name":"南京東路出口匝道"},"geometry":{"type":"LineString","coordinates":[[121.5368096,25.0485636],[121.536914,25.0494188],[121.5369355,25.0510711],[121.5370293,25.0514945]]}},{"type":"Feature","properties":{"kind":"bridge","osm_id":49710833,"name":"長安東路出口匝道"},"geometry":{"type":"LineString","coordinates":[[121.5367272,25.045687],[121.5368604,25.0464834],[121.5368959,25.0476988]]}},{"type":"Feature","properties":{"kind":"bridge","osm_id":49710834,"name":"長安東路入口匝道"},"geometry":{"type":"LineString","coordinates":[[121.5365634,25.0477172],[121.5365283,25.0465219],[121.536608,25.0456861]]}},{"type":"Feature","properties":{"kind":"bridge","osm_id":49795831,"name":"中山橋"},"geometry":{"type":"LineString","coordinates":[[121.5241462,25.07297],[121.5242651,25.073398],[121.5242971,25.0734695],[121.5243441,25.0735461],[121.524396,25.0736057],[121.5244527,25.0736675],[121.5245173,25.0737254],[121.5251087,25.0740817]]}},{"type":"Feature","properties":{"kind":"bridge","osm_id":50159996,"name":""},"geometry":{"type":"LineString","coordinates":[[121.5657335,25.0451327],[121.5669658,25.0456015],[121.5670397,25.0456273],[121.5671127,25.0456512],[121.5671802,25.04567],[121.567237,25.0456857],[121.567326,25.0457106],[121.5673943,25.0457206],[121.5674786,25.0457267],[121.5675552,25.0457321],[121.5677977,25.0457272],[121.5686377,25.045707]]}},{"type":"Feature","properties":{"kind":"bridge","osm_id":50159997,"name":"永吉路入口匝道"},"geometry":{"type":"LineString","coordinates":[[121.5657335,25.0451327],[121.5655708,25.045088],[121.5652273,25.044961],[121.5650322,25.0449035],[121.5648466,25.0448543],[121.5647066,25.0448289],[121.5645688,25.0448443]]}},{"type":"Feature","properties":{"kind":"bridge","osm_id":50202894,"name":"民族東路"},"geometry":{"type":"LineString","coordinates":[[121.5264,25.0683347],[121.527499,25.0683141],[121.5275382,25.0683134],[121.5276173,25.0683119],[121.5276981,25.0683068]]}},{"type":"Feature","properties":{"kind":"bridge","osm_id":50202895,"name":"民族東路"},"geometry":{"type":"LineString","coordinates":[[121.5276998,25.0683786],[121.5276163,25.0683794],[121.5264125,25.0683965]]}},{"type":"Feature","properties":{"kind":"bridge","osm_id":50202902,"name":"民族東路入口匝道"},"geometry":{"type":"LineString","coordinates":[[121.5280272,25.0698491],[121.5280058,25.0706514],[121.527999,25.0708187],[121.5279797,25.0709885],[121.5279255,25.0711176]]}},{"type":"Feature","properties":{"kind":"bridge","osm_id":50289491,"name":"新生高架道路"},"geometry":{"type":"LineString","coordinates":[[121.5279255,25.0711176],[121.5278931,25.0712147],[121.5278348,25.0713299],[121.5275499,25.0717167],[121.5269519,25.0724478]]}},{"type":"Feature","properties":{"kind":"bridge","osm_id":50289494,"name":"新生高架道路"},"geometry":{"type":"LineString","coordinates":[[121.527571,25.053905],[121.5276732,25.0592365],[121.5278077,25.0648808],[121.5278172,25.0650521],[121.5279596,25.0708558],[121.5279474,25.0709869],[121.5279255,25.0711176]]}},{"type":"Feature","properties":{"kind":"bridge","osm_id":50289495,"name":"新生高架道路"},"geometry":{"type":"LineString","coordinates":[[121.5278731,25.0709257],[121.5278839,25.0707799],[121.5278517,25.0694291],[121.5277544,25.0654761],[121.5277376,25.0640181],[121.5275748,25.0592416],[121.5275488,25.0574504],[121.527516,25.0553495],[121.5275083,25.0544324],[121.5274891,25.0535766],[121.5275081,25.0532069],[121.5275496,25.0527881],[121.5276204,25.0523251],[121.5276615,25.0521142],[121.5277161,25.0518706],[121.5278949,25.0512343],[121.5279078,25.0511959],[121.5283308,25.0501457],[121.528561,25.0497003],[121.5288154,25.0492759],[121.5291012,25.0488515],[121.5292905,25.0485946],[121.5294179,25.0484382],[121.5297245,25.0480869]]}},{"type":"Feature","properties":{"kind":"bridge","osm_id":50289964,"name":"中山橋"},"geometry":{"type":"LineString","coordinates":[[121.5254965,25.0744372],[121.5244706,25.0738224],[121.5243874,25.0737615],[121.52431,25.073687],[121.5242403,25.0736071],[121.5241828,25.0735136],[121.5241378,25.0734308]]}},{"type":"Feature","properties":{"kind":"bridge","osm_id":50823646,"name":"民族東路入口匝道"},"geometry":{"type":"LineString","coordinates":[[121.5277572,25.0676676],[121.5277358,25.0661515],[121.5277189,25.0658128]]}},{"type":"Feature","properties":{"kind":"bridge","osm_id":50823647,"name":"民權東路入口匝道"},"geometry":{"type":"LineString","coordinates":[[121.5368888,25.0612958],[121.5368446,25.0589306],[121.5368832,25.0582448]]}},{"type":"Feature","properties":{"kind":"bridge","osm_id":50823657,"name":"民權東路出口匝道"},"geometry":{"type":"LineString","coordinates":[[121.5369678,25.0582505],[121.5370296,25.0589039],[121.5371047,25.0612801]]}},{"type":"Feature","properties":{"kind":"bridge","osm_id":50893477,"name":"慶昌橋"},"geometry":{"type":"LineString","coordinates":[[121.5171419,25.0760216],[121.5155513,25.0764305],[121.5152915,25.0764836],[121.5149911,25.076503],[121.5136094,25.0765193],[121.5114039,25.0765419]]}},{"type":"Feature","properties":{"kind":"bridge","osm_id":50893489,"name":"新生高架道路"},"geometry":{"type":"LineString","coordinates":[[121.5246337,25.0788829],[121.5249185,25.0778507],[121.5249708,25.0776248],[121.5249856,25.077527],[121.524999,25.0773988],[121.5250231,25.0771729],[121.5250392,25.0770356],[121.525066,25.0768741],[121.5251023,25.076715],[121.5251486,25.0765376],[121.5254794,25.0756327],[121.5254919,25.0755845],[121.5255017,25.0755387],[121.525512,25.07548],[121.5255189,25.0754251],[121.5255218,25.0753808],[121.5255223,25.0753409],[121.5255086,25.0751748]]}},{"type":"Feature","properties":{"kind":"bridge","osm_id":50893498,"name":"中山高速公路"},"geometry":{"type":"LineString","coordinates":[[121.5118544,25.0781759],[121.5116329,25.0781855],[121.5115436,25.0781895]]}},{"type":"Feature","properties":{"kind":"bridge","osm_id":50893500,"name":"台北交流道"},"geometry":{"type":"LineString","coordinates":[[121.5110536,25.0777968],[121.5114076,25.0776802],[121.5117509,25.0776025],[121.5120299,25.0775928],[121.5122874,25.0776316],[121.5125234,25.0776997],[121.5128453,25.0777871]]}},{"type":"Feature","properties":{"kind":"bridge","osm_id":50893502,"name":"台北交流道"},"geometry":{"type":"LineString","coordinates":[[121.5129646,25.0793067],[121.5126361,25.0791658],[121.5119916,25.0788164],[121.5116537,25.078673],[121.5114613,25.0786131]]}},{"type":"Feature","properties":{"kind":"bridge","osm_id":50893503,"name":"台北交流道"},"geometry":{"type":"LineString","coordinates":[[121.5127358,25.079354],[121.5118951,25.0788577],[121.5116282,25.078718],[121.5114613,25.0786131]]}},{"type":"Feature","properties":{"kind":"bridge","osm_id":50893506,"name":"中山高速公路"},"geometry":{"type":"LineString","coordinates":[[121.5116277,25.0780427],[121.5117182,25.0780371],[121.5119132,25.0780266]]}},{"type":"Feature","properties":{"kind":"bridge","osm_id":50893514,"name":"慶昌橋"},"geometry":{"type":"LineString","coordinates":[[121.5114025,25.0764871],[121.5135884,25.0764574],[121.5149941,25.076448],[121.5152452,25.0764357],[121.5154859,25.0763884],[121.5157973,25.076308],[121.5171337,25.0759425]]}},{"type":"Feature","properties":{"kind":"bridge","osm_id":50893533,"name":"台北大橋"},"geometry":{"type":"LineString","coordinates":[[121.5107444,25.0629915],[121.5110549,25.062942],[121.5112567,25.0629274],[121.51141,25.0629238],[121.5117643,25.0629298],[121.5132985,25.0629956]]}},{"type":"Feature","properties":{"kind":"bridge","osm_id":50893534,"name":"台北大橋"},"geometry":{"type":"LineString","coordinates":[[121.5086538,25.0633631],[121.5089652,25.0633119],[121.5107444,25.0629915]]}},{"type":"Feature","properties":{"kind":"bridge","osm_id":50893549,"name":"台北大橋"},"geometry":{"type":"LineString","coordinates":[[121.5158233,25.0629589],[121.5157507,25.0629851],[121.5141119,25.0630369],[121.5138516,25.0630533],[121.51362,25.0630721],[121.5133425,25.0630774],[121.5130621,25.0630612],[121.5117543,25.0630034],[121.5114179,25.0630005],[121.5112057,25.0630045],[121.5110316,25.0630138],[121.5107444,25.0629915]]}},{"type":"Feature","properties":{"kind":"bridge","osm_id":51268667,"name":"塔悠路入口匝道"},"geometry":{"type":"LineString","coordinates":[[121.5703344,25.0517803],[121.5700125,25.0536801],[121.5699733,25.0539496],[121.5699658,25.0541446],[121.5700297,25.0543095]]}},{"type":"Feature","properties":{"kind":"bridge","osm_id":51272313,"name":"民權大橋"},"geometry":{"type":"LineString","coordinates":[[121.5711308,25.0644226],[121.5749607,25.0657051],[121.5753134,25.0658182],[121.575945,25.0659998],[121.5774873,25.0664158]]}},{"type":"Feature","properties":{"kind":"bridge","osm_id":51285121,"name":"長春路出口匝道"},"geometry":{"type":"LineString","coordinates":[[121.527477,25.0567174],[121.5274489,25.0553428]]}},{"type":"Feature","properties":{"kind":"bridge","osm_id":51289044,"name":""},"geometry":{"type":"LineString","coordinates":[[121.5291398,25.0490352],[121.5289119,25.0493839],[121.5287755,25.0496091],[121.5286396,25.0498619],[121.5282782,25.0506128]]}},{"type":"Feature","properties":{"kind":"bridge","osm_id":51289047,"name":"長安東路出口匝道"},"geometry":{"type":"LineString","coordinates":[[121.5309978,25.046698],[121.5310112,25.0467746],[121.5310098,25.0468438],[121.5310031,25.046904],[121.5309921,25.0469526],[121.5309676,25.04702],[121.5309394,25.0470765],[121.5309059,25.047136],[121.5308614,25.0471938],[121.5307381,25.0473098],[121.5304061,25.0475965],[121.530089,25.0478896]]}},{"type":"Feature","properties":{"kind":"bridge","osm_id":51289048,"name":"長安東路出口匝道"},"geometry":{"type":"LineString","coordinates":[[121.5280754,25.0505495],[121.528301,25.0500557],[121.5283975,25.0498655],[121.5285041,25.0496672],[121.5286312,25.0494446],[121.5288267,25.0491214]]}},{"type":"Feature","properties":{"kind":"bridge","osm_id":51338167,"name":"大直出口匝道"},"geometry":{"type":"LineString","coordinates":[[121.5260982,25.07348],[121.5259108,25.0737945],[121.5258587,25.073882],[121.5258425,25.0739327],[121.5258318,25.0739782],[121.5258305,25.0740651],[121.5258412,25.0741331],[121.525858,25.0741887],[121.5258888,25.0742564],[121.5259264,25.0743157],[121.5259968,25.0743891],[121.5260706,25.0744392]]}},{"type":"Feature","properties":{"kind":"bridge","osm_id":51362361,"name":"新生高架道路"},"geometry":{"type":"LineString","coordinates":[[121.5293576,25.0413296],[121.5298961,25.0430094],[121.5299689,25.0432614],[121.530634,25.0456455],[121.530692,25.0458481],[121.5308122,25.0462036],[121.5308842,25.0464253]]}},{"type":"Feature","properties":{"kind":"bridge","osm_id":51362366,"name":"新生南路入口匝道"},"geometry":{"type":"LineString","coordinates":[[121.527671,25.0469283],[121.5269873,25.0472018]]}},{"type":"Feature","properties":{"kind":"bridge","osm_id":51362367,"name":"新生南路出口匝道"},"geometry":{"type":"LineString","coordinates":[[121.5269455,25.0471009],[121.527671,25.0469283]]}},{"type":"Feature","properties":{"kind":"bridge","osm_id":51362368,"name":""},"geometry":{"type":"LineString","coordinates":[[121.5298469,25.0462907],[121.5306452,25.0460768]]}},{"type":"Feature","properties":{"kind":"bridge","osm_id":51362369,"name":"市民大道高架道路"},"geometry":{"type":"LineString","coordinates":[[121.5266591,25.0473025],[121.5261058,25.0474696],[121.5259431,25.0475125],[121.525748,25.0475625],[121.5255743,25.0476062],[121.5254172,25.047642],[121.5251867,25.0476913],[121.5249619,25.0477357],[121.524663,25.0477885],[121.5243329,25.047834],[121.5240669,25.0478626],[121.5237649,25.0478845],[121.5217318,25.0480011],[121.5214746,25.0480236],[121.5212272,25.0480459],[121.5210333,25.0480728],[121.5208161,25.0481098],[121.5204339,25.0481857],[121.5201241,25.0482435],[121.5197406,25.0483089],[121.5184518,25.0485155]]}},{"type":"Feature","properties":{"kind":"bridge","osm_id":51362381,"name":"八德路出口匝道"},"geometry":{"type":"LineString","coordinates":[[121.5305448,25.0458299],[121.5301191,25.0442503]]}},{"type":"Feature","properties":{"kind":"bridge","osm_id":51362398,"name":"八德路入口匝道"},"geometry":{"type":"LineString","coordinates":[[121.5302365,25.0440232],[121.5304026,25.0445955],[121.5305126,25.0449643],[121.5307018,25.0456289]]}},{"type":"Feature","properties":{"kind":"bridge","osm_id":51362403,"name":""},"geometry":{"type":"LineString","coordinates":[[121.527671,25.0469283],[121.5282258,25.0467812],[121.5287664,25.046615],[121.5298469,25.0462907]]}},{"type":"Feature","properties":{"kind":"bridge","osm_id":51362434,"name":"長安東路入口匝道"},"geometry":{"type":"LineString","coordinates":[[121.5297517,25.0479428],[121.5302774,25.0474215],[121.5306428,25.0471275]]}},{"type":"Feature","properties":{"kind":"bridge","osm_id":51364311,"name":"錦州橋"},"geometry":{"type":"LineString","coordinates":[[121.5275871,25.0602936],[121.527874,25.0603753],[121.5287784,25.0603498]]}},{"type":"Feature","properties":{"kind":"bridge","osm_id":51364313,"name":"錦州橋"},"geometry":{"type":"LineString","coordinates":[[121.5272413,25.0602503],[121.5274084,25.0602468],[121.5274463,25.0602521]]}},{"type":"Feature","properties":{"kind":"bridge","osm_id":51392699,"name":"台北大橋機慢車引道"},"geometry":{"type":"LineString","coordinates":[[121.5107737,25.0630935],[121.5089885,25.0634072],[121.50874,25.063473]]}},{"type":"Feature","properties":{"kind":"bridge","osm_id":51812997,"name":"環東大道"},"geometry":{"type":"LineString","coordinates":[[121.576685,25.0546688],[121.574742,25.0536288]]}},{"type":"Feature","properties":{"kind":"bridge","osm_id":51812999,"name":"環東大道"},"geometry":{"type":"LineString","coordinates":[[121.5767521,25.0545386],[121.5801179,25.0563551],[121.5842435,25.0585589]]}},{"type":"Feature","properties":{"kind":"bridge","osm_id":51813000,"name":"堤頂大道出口匝道"},"geometry":{"type":"LineString","coordinates":[[121.5767856,25.0549682],[121.5765262,25.0549451],[121.5762963,25.054946],[121.5760258,25.0549761],[121.5757356,25.0550381],[121.5754523,25.0551293],[121.575157,25.0552561],[121.5749063,25.0553891],[121.5746521,25.0555707],[121.574418,25.0557784],[121.5741834,25.056025],[121.5740124,25.056244]]}},{"type":"Feature","properties":{"kind":"bridge","osm_id":51813001,"name":"麥帥一橋"},"geometry":{"type":"LineString","coordinates":[[121.5756351,25.0541077],[121.5742729,25.0533664],[121.5708109,25.0515103],[121.5705912,25.0514176],[121.5703943,25.0513594],[121.5701446,25.0513337],[121.5698506,25.051328],[121.5676963,25.0513731]]}},{"type":"Feature","properties":{"kind":"bridge","osm_id":51813007,"name":"環東大道出口匝道"},"geometry":{"type":"LineString","coordinates":[[121.5739776,25.0561924],[121.574156,25.055967],[121.574349,25.0557599],[121.5746207,25.0555187],[121.5749009,25.0553238],[121.575192,25.0551613],[121.5754655,25.0550452],[121.5756935,25.05497],[121.5759285,25.0549154],[121.576185,25.0548752],[121.5763858,25.0548644],[121.5766114,25.0548698],[121.5768253,25.0548895],[121.5770567,25.0549245],[121.5773021,25.0549846],[121.577532,25.0550643],[121.5778109,25.0551866],[121.579823,25.0562638]]}},{"type":"Feature","properties":{"kind":"bridge","osm_id":51813008,"name":"南京東路出口匝道"},"geometry":{"type":"LineString","coordinates":[[121.5723524,25.0568396],[121.572485,25.0569112],[121.5728281,25.0571549],[121.5729423,25.0572047],[121.5730948,25.0572135],[121.5732417,25.0571789],[121.5733727,25.0571008],[121.573462,25.0569954],[121.5735297,25.0568661],[121.5737443,25.0563758],[121.5738824,25.0561511],[121.5740693,25.055897],[121.5742296,25.055722],[121.5744436,25.0555242]]}},{"type":"Feature","properties":{"kind":"bridge","osm_id":51813013,"name":"環東大道出口匝道"},"geometry":{"type":"LineString","coordinates":[[121.5724072,25.0639077],[121.5724594,25.0634722],[121.5724956,25.0632565],[121.5727585,25.0618158],[121.5728021,25.0616056],[121.5728706,25.0613343],[121.5730964,25.0606431],[121.5731421,25.0604676],[121.5733774,25.0591057],[121.5734324,25.0586938],[121.57348,25.0582414],[121.5734961,25.0576339],[121.5735041,25.0574808],[121.573525,25.0573138],[121.5735572,25.0571291],[121.5736189,25.0569092],[121.5736872,25.0567221],[121.5738187,25.0564488],[121.5739776,25.0561924]]}},{"type":"Feature","properties":{"kind":"bridge","osm_id":51813014,"name":"堤頂大道出口匝道"},"geometry":{"type":"LineString","coordinates":[[121.5740124,25.056244],[121.5738588,25.0564988],[121.5737295,25.0567665],[121.5736624,25.0569617],[121.5736169,25.0571351],[121.5735826,25.0573216],[121.5735625,25.0575167],[121.5735559,25.0576776],[121.5735485,25.0581976],[121.573482,25.0587582],[121.5734344,25.0591176],[121.5731998,25.0604888],[121.5731488,25.0606698],[121.5729101,25.0614048],[121.5728632,25.0615934],[121.5728202,25.0618328],[121.5725554,25.0632669],[121.5725185,25.0634818],[121.5724629,25.0639235]]}},{"type":"Feature","properties":{"kind":"bridge","osm_id":51813019,"name":"堤頂大道出口匝道"},"geometry":{"type":"LineString","coordinates":[[121.579101,25.0559735],[121.57881,25.0559008],[121.5779961,25.0554711],[121.5775968,25.0552584],[121.5774013,25.0551595],[121.5772059,25.055079],[121.5770225,25.0550241],[121.5767856,25.0549682]]}},{"type":"Feature","properties":{"kind":"bridge","osm_id":51821748,"name":"下塔悠出口匝道"},"geometry":{"type":"LineString","coordinates":[[121.5580046,25.0720019],[121.5583822,25.071873],[121.5600079,25.0712676]]}},{"type":"Feature","properties":{"kind":"bridge","osm_id":51903914,"name":"百齡橋"},"geometry":{"type":"LineString","coordinates":[[121.5153671,25.0904089],[121.5150199,25.0901494],[121.5119415,25.0880816]]}},{"type":"Feature","properties":{"kind":"bridge","osm_id":51903923,"name":""},"geometry":{"type":"LineString","coordinates":[[121.5116267,25.0847025],[121.5113267,25.0854174],[121.5110811,25.0858971],[121.5107527,25.086585],[121.510654,25.0867801],[121.5105521,25.086893],[121.5103993,25.0869792],[121.5102735,25.087008],[121.5100973,25.0870109]]}},{"type":"Feature","properties":{"kind":"bridge","osm_id":51903926,"name":""},"geometry":{"type":"LineString","coordinates":[[121.5090509,25.0867171],[121.5089711,25.0866756],[121.5089241,25.0866464],[121.5088718,25.086614]]}},{"type":"Feature","properties":{"kind":"bridge","osm_id":51903927,"name":""},"geometry":{"type":"LineString","coordinates":[[121.5088718,25.086614],[121.5089475,25.0866189],[121.5091757,25.086679],[121.5092629,25.0866721]]}},{"type":"Feature","properties":{"kind":"bridge","osm_id":51903933,"name":"百齡橋"},"geometry":{"type":"LineString","coordinates":[[121.5119415,25.0880816],[121.5118214,25.0880643],[121.5116222,25.0879225],[121.5107914,25.0873711],[121.5106327,25.0872799],[121.5104879,25.0872175]]}},{"type":"Feature","properties":{"kind":"bridge","osm_id":51903942,"name":"重陽橋"},"geometry":{"type":"LineString","coordinates":[[121.5105942,25.0871718],[121.5102361,25.0870597],[121.5100973,25.0870109]]}},{"type":"Feature","properties":{"kind":"bridge","osm_id":51911166,"name":"環河北路入口匝道"},"geometry":{"type":"LineString","coordinates":[[121.5095544,25.0503164],[121.5103681,25.0501216]]}},{"type":"Feature","properties":{"kind":"bridge","osm_id":51911167,"name":"環河北路出口匝道"},"geometry":{"type":"LineString","coordinates":[[121.5103268,25.0502484],[121.5095544,25.0503164]]}},{"type":"Feature","properties":{"kind":"bridge","osm_id":51911169,"name":""},"geometry":{"type":"LineString","coordinates":[[121.507061,25.0506577],[121.5088463,25.0504234],[121.5095544,25.0503164]]}},{"type":"Feature","properties":{"kind":"bridge","osm_id":51911176,"name":"重慶北路出口匝道"},"geometry":{"type":"LineString","coordinates":[[121.5184518,25.0485155],[121.5176828,25.0485645]]}},{"type":"Feature","properties":{"kind":"bridge","osm_id":51911177,"name":"重慶北路入口匝道"},"geometry":{"type":"LineString","coordinates":[[121.5176828,25.0485645],[121.5184222,25.0483928]]}},{"type":"Feature","properties":{"kind":"bridge","osm_id":51911178,"name":""},"geometry":{"type":"LineString","coordinates":[[121.5176828,25.0485645],[121.5155827,25.048901],[121.5146828,25.0491209]]}},{"type":"Feature","properties":{"kind":"bridge","osm_id":51919155,"name":"市民大道高架道路"},"geometry":{"type":"LineString","coordinates":[[121.5103681,25.0501216],[121.5107989,25.0500637],[121.5114641,25.0499471],[121.5119576,25.0498402],[121.5122795,25.049743],[121.5130412,25.0494805],[121.5145218,25.049082],[121.5153265,25.0488876],[121.5177083,25.0484794]]}},{"type":"Feature","properties":{"kind":"bridge","osm_id":52248925,"name":""},"geometry":{"type":"LineString","coordinates":[[121.5212981,25.0594917],[121.5212914,25.0590631]]}},{"type":"Feature","properties":{"kind":"bridge","osm_id":52248979,"name":"錦州街"},"geometry":{"type":"LineString","coordinates":[[121.5271483,25.0602589],[121.5269212,25.0602633]]}},{"type":"Feature","properties":{"kind":"bridge","osm_id":52344714,"name":"雙溪橋"},"geometry":{"type":"LineString","coordinates":[[121.5133735,25.0979437],[121.5129924,25.0988939]]}},{"type":"Feature","properties":{"kind":"bridge","osm_id":52344715,"name":"雙溪橋"},"geometry":{"type":"LineString","coordinates":[[121.5128106,25.0988182],[121.5131955,25.0978923]]}},{"type":"Feature","properties":{"kind":"bridge","osm_id":52907067,"name":"民權大橋"},"geometry":{"type":"LineString","coordinates":[[121.5774504,25.0665178],[121.5759216,25.0661018],[121.5752791,25.0659188],[121.5749194,25.0658093],[121.5711285,25.0645404]]}},{"type":"Feature","properties":{"kind":"bridge","osm_id":56723600,"name":"汐止五股高架道路"},"geometry":{"type":"LineString","coordinates":[[121.5033887,25.0775577],[121.5039537,25.0776486],[121.5050911,25.0777812],[121.5060111,25.0778454],[121.5072556,25.0779037],[121.5084267,25.0779194],[121.509639,25.0779291]]}},{"type":"Feature","properties":{"kind":"bridge","osm_id":78138167,"name":""},"geometry":{"type":"LineString","coordinates":[[121.5774269,25.0549872],[121.575132,25.0537564]]}},{"type":"Feature","properties":{"kind":"bridge","osm_id":81460455,"name":"後港一號橋"},"geometry":{"type":"LineString","coordinates":[[121.5108352,25.0951127],[121.5105785,25.0955735]]}},{"type":"Feature","properties":{"kind":"bridge","osm_id":81460458,"name":"基隆河右岸自行車道"},"geometry":{"type":"LineString","coordinates":[[121.510489,25.095659],[121.5104101,25.0955502],[121.5103134,25.0955626],[121.5102199,25.0956028],[121.5101357,25.0956704]]}},{"type":"Feature","properties":{"kind":"bridge","osm_id":81460690,"name":"後港二號橋"},"geometry":{"type":"LineString","coordinates":[[121.5103581,25.0957822],[121.5106398,25.0962815]]}},{"type":"Feature","properties":{"kind":"bridge","osm_id":98716307,"name":"圓山交流道"},"geometry":{"type":"LineString","coordinates":[[121.5315072,25.073951],[121.5311142,25.0739024],[121.5302103,25.0737845],[121.5297745,25.0737858],[121.5293654,25.0738465],[121.5289926,25.07394],[121.5286707,25.0740123]]}},{"type":"Feature","properties":{"kind":"bridge","osm_id":98717319,"name":"圓山交流道"},"geometry":{"type":"LineString","coordinates":[[121.5339613,25.0729682],[121.5338166,25.0729884],[121.5337004,25.0730195],[121.5336085,25.0730526],[121.533534,25.0730857]]}},{"type":"Feature","properties":{"kind":"bridge","osm_id":98723288,"name":"自強橋"},"geometry":{"type":"LineString","coordinates":[[121.5488496,25.0948624],[121.5487987,25.0954662]]}},{"type":"Feature","properties":{"kind":"bridge","osm_id":98725125,"name":""},"geometry":{"type":"LineString","coordinates":[[121.54447,25.076712],[121.5445235,25.0768474],[121.5445458,25.0769733],[121.54458,25.0770705],[121.5446206,25.077136],[121.5446997,25.0772248],[121.5448114,25.077294],[121.5448999,25.0773286],[121.544971,25.077345],[121.5450809,25.0773571],[121.5464141,25.0773244]]}},{"type":"Feature","properties":{"kind":"bridge","osm_id":99007450,"name":"復興橋"},"geometry":{"type":"LineString","coordinates":[[121.5373017,25.1005184],[121.5370575,25.1001964],[121.5368912,25.0999632],[121.5366794,25.0996708]]}},{"type":"Feature","properties":{"kind":"bridge","osm_id":99007456,"name":"復興橋"},"geometry":{"type":"LineString","coordinates":[[121.5367592,25.0996233],[121.5369744,25.0999098],[121.5371615,25.1002049],[121.5373666,25.1004762]]}},{"type":"Feature","properties":{"kind":"bridge","osm_id":99007518,"name":"望星橋"},"geometry":{"type":"LineString","coordinates":[[121.5424346,25.097116],[121.5425451,25.0971112],[121.5432553,25.0970676]]}},{"type":"Feature","properties":{"kind":"bridge","osm_id":99007736,"name":"士林橋"},"geometry":{"type":"LineString","coordinates":[[121.5234099,25.0995611],[121.5236857,25.0985369]]}},{"type":"Feature","properties":{"kind":"bridge","osm_id":99189792,"name":"雨農橋"},"geometry":{"type":"LineString","coordinates":[[121.5325662,25.0994316],[121.5326892,25.1001704]]}},{"type":"Feature","properties":{"kind":"bridge","osm_id":111481151,"name":"民權西路天橋"},"geometry":{"type":"LineString","coordinates":[[121.5184738,25.0630891],[121.5181207,25.0630963],[121.5180633,25.0630513],[121.5180637,25.0627497],[121.5181229,25.062692],[121.5184525,25.0626868],[121.5185106,25.0627301],[121.5185264,25.0630353],[121.5184738,25.0630891]]}},{"type":"Feature","properties":{"kind":"bridge","osm_id":136504187,"name":"婆婆橋"},"geometry":{"type":"LineString","coordinates":[[121.5514516,25.1001379],[121.5517789,25.0999142]]}},{"type":"Feature","properties":{"kind":"bridge","osm_id":136814871,"name":""},"geometry":{"type":"LineString","coordinates":[[121.5633294,25.0348678],[121.5631771,25.034871]]}},{"type":"Feature","properties":{"kind":"bridge","osm_id":136814879,"name":"人行空橋"},"geometry":{"type":"LineString","coordinates":[[121.5633294,25.0348678],[121.5636557,25.0348642],[121.5636533,25.0346862],[121.5641227,25.0346773],[121.5641195,25.0345428]]}},{"type":"Feature","properties":{"kind":"bridge","osm_id":137317898,"name":"大直橋"},"geometry":{"type":"LineString","coordinates":[[121.5443594,25.0792724],[121.5443204,25.0773077],[121.5442994,25.0767253],[121.544267,25.0750411],[121.5442762,25.0744985],[121.5442457,25.0730164]]}},{"type":"Feature","properties":{"kind":"bridge","osm_id":137317900,"name":"圓山交流道"},"geometry":{"type":"LineString","coordinates":[[121.537632,25.0730241],[121.5379453,25.0729751],[121.5385253,25.0730301],[121.5391472,25.0730731],[121.5397987,25.0730993],[121.5404208,25.0731071]]}},{"type":"Feature","properties":{"kind":"bridge","osm_id":137321011,"name":"望星橋"},"geometry":{"type":"LineString","coordinates":[[121.5430624,25.0972332],[121.5426026,25.0972633],[121.5425613,25.097266],[121.5424467,25.0972733],[121.542222,25.0972875]]}},{"type":"Feature","properties":{"kind":"bridge","osm_id":137324290,"name":"百齡橋"},"geometry":{"type":"LineString","coordinates":[[121.5156104,25.0905923],[121.5153671,25.0904089]]}},{"type":"Feature","properties":{"kind":"bridge","osm_id":137954844,"name":"仁愛路出口匝道"},"geometry":{"type":"LineString","coordinates":[[121.5373,25.0410772],[121.5373986,25.0406274],[121.5375261,25.0403],[121.5376373,25.039937],[121.5377093,25.0396273],[121.53776,25.0392421],[121.5377464,25.0386577]]}},{"type":"Feature","properties":{"kind":"bridge","osm_id":137954845,"name":"仁愛路入口匝道"},"geometry":{"type":"LineString","coordinates":[[121.5380391,25.0385629],[121.5380391,25.0390936],[121.5380023,25.0395326],[121.5379328,25.039927],[121.5379042,25.0400493],[121.5377652,25.040416],[121.5375683,25.0407428]]}},{"type":"Feature","properties":{"kind":"bridge","osm_id":159933546,"name":"舊宗路出口匝道"},"geometry":{"type":"LineString","coordinates":[[121.5747935,25.0534943],[121.575132,25.0537564]]}},{"type":"Feature","properties":{"kind":"bridge","osm_id":159933549,"name":"舊宗路入口匝道"},"geometry":{"type":"LineString","coordinates":[[121.575132,25.0537564],[121.574742,25.0536288]]}},{"type":"Feature","properties":{"kind":"bridge","osm_id":160053377,"name":"市民大道高架道路"},"geometry":{"type":"LineString","coordinates":[[121.5633641,25.044958],[121.5627878,25.0450582],[121.5622407,25.0451456],[121.5616399,25.045204],[121.5609961,25.0452331],[121.5589981,25.0452648],[121.5585109,25.0452537],[121.5581354,25.0452051],[121.5578445,25.0451676],[121.5574118,25.0451052],[121.5556597,25.0447604],[121.555024,25.0446413],[121.5549892,25.0446353],[121.5544554,25.0445441],[121.5539726,25.0444955],[121.5534576,25.0444664],[121.5529855,25.0444858],[121.5524705,25.0445247],[121.5517839,25.044583],[121.5495706,25.0448561],[121.5473054,25.045099],[121.5468384,25.0451507],[121.546465,25.0451589],[121.5460904,25.0451563],[121.5454434,25.0450811]]}},{"type":"Feature","properties":{"kind":"bridge","osm_id":160053381,"name":"基隆路入口匝道"},"geometry":{"type":"LineString","coordinates":[[121.5661245,25.0438715],[121.5668219,25.045029],[121.5673952,25.0459887],[121.568421,25.047706],[121.5684772,25.047884]]}},{"type":"Feature","properties":{"kind":"bridge","osm_id":160053390,"name":"市民大道高架道路"},"geometry":{"type":"LineString","coordinates":[[121.5671141,25.0457367],[121.5671835,25.0458178],[121.5673591,25.0460951],[121.5683449,25.0477516],[121.5684772,25.047884]]}},{"type":"Feature","properties":{"kind":"bridge","osm_id":160185688,"name":"基隆路出口匝道"},"geometry":{"type":"LineString","coordinates":[[121.5684902,25.0479042],[121.5684339,25.0477275],[121.5673846,25.0459682]]}},{"type":"Feature","properties":{"kind":"bridge","osm_id":160307898,"name":"環東大道出口匝道"},"geometry":{"type":"LineString","coordinates":[[121.579823,25.0562638],[121.5801179,25.0563551]]}},{"type":"Feature","properties":{"kind":"bridge","osm_id":188005565,"name":""},"geometry":{"type":"LineString","coordinates":[[121.517707,25.0807774],[121.5175555,25.0809319]]}},{"type":"Feature","properties":{"kind":"bridge","osm_id":188005570,"name":"百齡右岸越堤坡道"},"geometry":{"type":"LineString","coordinates":[[121.5149352,25.0910581],[121.5149418,25.090588],[121.514915,25.0905828]]}},{"type":"Feature","properties":{"kind":"bridge","osm_id":197842868,"name":"彩虹橋"},"geometry":{"type":"LineString","coordinates":[[121.5768657,25.0515152],[121.576833,25.0515077],[121.5768277,25.0515257],[121.5768245,25.0515365],[121.576756,25.0516448],[121.5767104,25.051722],[121.5766762,25.0518022],[121.576654,25.0518829],[121.5766374,25.0519631],[121.5766326,25.0520415],[121.576638,25.0521065],[121.5766516,25.0521738],[121.5766741,25.0522582],[121.576695,25.0523301],[121.5767044,25.0524084],[121.576703,25.0524789],[121.5766949,25.0525524],[121.5766815,25.0526156],[121.5766628,25.0526745],[121.5766413,25.0527279],[121.5766084,25.0527929],[121.5765655,25.0528628],[121.5765239,25.0529304],[121.5765152,25.052962]]}},{"type":"Feature","properties":{"kind":"bridge","osm_id":197842871,"name":"彩虹橋"},"geometry":{"type":"LineString","coordinates":[[121.5762881,25.0529113],[121.5765152,25.052962]]}},{"type":"Feature","properties":{"kind":"bridge","osm_id":204711168,"name":""},"geometry":{"type":"LineString","coordinates":[[121.5165803,25.0484614],[121.5166007,25.0485588],[121.5167068,25.0489255]]}},{"type":"Feature","properties":{"kind":"bridge","osm_id":204711191,"name":"市民大道高架道路"},"geometry":{"type":"LineString","coordinates":[[121.5164157,25.0488374],[121.5157342,25.0489654],[121.5148222,25.0491598],[121.5139854,25.0493153],[121.5133524,25.0494708],[121.5124297,25.0497916],[121.5120113,25.0499179],[121.5116036,25.0500151],[121.5110671,25.0501123],[121.5106354,25.0501917],[121.5103268,25.0502484]]}},{"type":"Feature","properties":{"kind":"bridge","osm_id":204711194,"name":"市民大道高架道路"},"geometry":{"type":"LineString","coordinates":[[121.5184222,25.0483928],[121.5195635,25.0482226],[121.5199592,25.0481619],[121.5205459,25.0480515],[121.5208074,25.0480029],[121.5211112,25.047953],[121.521372,25.0479185],[121.5216984,25.0478923],[121.5239628,25.0477593],[121.5243144,25.0477295],[121.5246944,25.0476749],[121.5249284,25.0476366],[121.5251975,25.0475807],[121.5255071,25.0475103],[121.5258472,25.0474228],[121.5261548,25.0473383],[121.5266128,25.0471992]]}},{"type":"Feature","properties":{"kind":"bridge","osm_id":204711199,"name":"市民大道高架道路"},"geometry":{"type":"LineString","coordinates":[[121.5176198,25.0486556],[121.5164157,25.0488374]]}},{"type":"Feature","properties":{"kind":"bridge","osm_id":218759342,"name":""},"geometry":{"type":"LineString","coordinates":[[121.5289001,25.0836772],[121.5289385,25.0836435],[121.5290137,25.0836445],[121.5291441,25.0836377],[121.5292216,25.0836637],[121.5292846,25.0836491],[121.5293425,25.0836346],[121.5294176,25.0836159],[121.5294537,25.0835959],[121.5294447,25.0835569],[121.5294079,25.0835288],[121.5293791,25.0834974],[121.5293469,25.0834551],[121.5293054,25.0833669],[121.5292516,25.0832941],[121.5291886,25.0832055],[121.5291287,25.0831521],[121.5291051,25.083115],[121.5290762,25.0830592],[121.5290843,25.0829392]]}},{"type":"Feature","properties":{"kind":"bridge","osm_id":228922784,"name":""},"geometry":{"type":"LineString","coordinates":[[121.5589262,25.0383809],[121.5589277,25.0384347],[121.5589925,25.0384667],[121.5589943,25.0385365],[121.5590638,25.0385708],[121.5590686,25.0386161]]}},{"type":"Feature","properties":{"kind":"bridge","osm_id":229056584,"name":""},"geometry":{"type":"LineString","coordinates":[[121.5625153,25.0430591],[121.5624859,25.0430613]]}},{"type":"Feature","properties":{"kind":"bridge","osm_id":238397767,"name":""},"geometry":{"type":"LineString","coordinates":[[121.5408692,25.0444113],[121.5408894,25.044748]]}},{"type":"Feature","properties":{"kind":"bridge","osm_id":242614245,"name":"台北交流道"},"geometry":{"type":"LineString","coordinates":[[121.5114613,25.0786131],[121.5109677,25.0784382]]}},{"type":"Feature","properties":{"kind":"bridge","osm_id":243253496,"name":""},"geometry":{"type":"LineString","coordinates":[[121.5567115,25.0752091],[121.5567805,25.0753641]]}},{"type":"Feature","properties":{"kind":"bridge","osm_id":243253513,"name":""},"geometry":{"type":"LineString","coordinates":[[121.5374164,25.0762052],[121.5374017,25.0760162]]}},{"type":"Feature","properties":{"kind":"bridge","osm_id":243253514,"name":""},"geometry":{"type":"LineString","coordinates":[[121.5376463,25.0761935],[121.5376343,25.0760029]]}},{"type":"Feature","properties":{"kind":"bridge","osm_id":243278534,"name":""},"geometry":{"type":"LineString","coordinates":[[121.5580674,25.0754308],[121.5581291,25.0755741]]}},{"type":"Feature","properties":{"kind":"bridge","osm_id":243279415,"name":"基隆河右岸自行車道"},"geometry":{"type":"LineString","coordinates":[[121.5716325,25.0610114],[121.5715678,25.0613745]]}},{"type":"Feature","properties":{"kind":"bridge","osm_id":243279417,"name":""},"geometry":{"type":"LineString","coordinates":[[121.5719446,25.0610693],[121.5720046,25.0607457]]}},{"type":"Feature","properties":{"kind":"bridge","osm_id":243279939,"name":""},"geometry":{"type":"LineString","coordinates":[[121.542692,25.077343],[121.5427698,25.0773454],[121.5442345,25.0772745]]}},{"type":"Feature","properties":{"kind":"bridge","osm_id":243279940,"name":""},"geometry":{"type":"LineString","coordinates":[[121.5442513,25.0774348],[121.5442345,25.0772745],[121.5442043,25.0767247],[121.5441741,25.0750436],[121.5441808,25.0744848],[121.5441779,25.0738278]]}},{"type":"Feature","properties":{"kind":"bridge","osm_id":243279941,"name":""},"geometry":{"type":"LineString","coordinates":[[121.5441661,25.0734306],[121.5441482,25.0734313],[121.543577,25.073445],[121.5435226,25.0734851]]}},{"type":"Feature","properties":{"kind":"bridge","osm_id":243280500,"name":""},"geometry":{"type":"LineString","coordinates":[[121.5334552,25.0755107],[121.5339465,25.0755061]]}},{"type":"Feature","properties":{"kind":"bridge","osm_id":243882064,"name":""},"geometry":{"type":"LineString","coordinates":[[121.5594589,25.0765338],[121.5594713,25.0765691],[121.5594903,25.0765816],[121.5600627,25.076461]]}},{"type":"Feature","properties":{"kind":"bridge","osm_id":243882071,"name":""},"geometry":{"type":"LineString","coordinates":[[121.5601288,25.0767282],[121.5599999,25.0767589],[121.5599905,25.0767651],[121.5599887,25.0767755],[121.5599955,25.076784],[121.560007,25.0767857],[121.5603616,25.0767039]]}},{"type":"Feature","properties":{"kind":"bridge","osm_id":244113337,"name":""},"geometry":{"type":"LineString","coordinates":[[121.5722471,25.0676025],[121.5727351,25.0674472],[121.5728779,25.0678907]]}},{"type":"Feature","properties":{"kind":"bridge","osm_id":244114112,"name":""},"geometry":{"type":"LineString","coordinates":[[121.5600627,25.076461],[121.5601211,25.0766967],[121.5601288,25.0767282]]}},{"type":"Feature","properties":{"kind":"bridge","osm_id":244126197,"name":""},"geometry":{"type":"LineString","coordinates":[[121.570954,25.051685],[121.5708632,25.0516377]]}},{"type":"Feature","properties":{"kind":"bridge","osm_id":244126286,"name":""},"geometry":{"type":"LineString","coordinates":[[121.5741619,25.0534192],[121.5744879,25.0536107]]}},{"type":"Feature","properties":{"kind":"bridge","osm_id":244137489,"name":""},"geometry":{"type":"LineString","coordinates":[[121.525639,25.0743374],[121.5245829,25.073677]]}},{"type":"Feature","properties":{"kind":"bridge","osm_id":244244636,"name":"基隆河右岸自行車道"},"geometry":{"type":"LineString","coordinates":[[121.5472722,25.0769303],[121.5470844,25.0769588]]}},{"type":"Feature","properties":{"kind":"bridge","osm_id":244244683,"name":"基隆河右岸自行車道"},"geometry":{"type":"LineString","coordinates":[[121.5468979,25.0769898],[121.5466786,25.077022]]}},{"type":"Feature","properties":{"kind":"bridge","osm_id":244450513,"name":"新生高架道路"},"geometry":{"type":"LineString","coordinates":[[121.5308413,25.046664],[121.530836,25.0466397],[121.5307508,25.0463529],[121.5306665,25.0460846],[121.5306086,25.0458156],[121.5298751,25.0433002],[121.5298034,25.0430455],[121.5293011,25.0413447]]}},{"type":"Feature","properties":{"kind":"bridge","osm_id":248977581,"name":"民生橋"},"geometry":{"type":"LineString","coordinates":[[121.5274678,25.0580239],[121.5277613,25.0580194]]}},{"type":"Feature","properties":{"kind":"bridge","osm_id":249164503,"name":"民權大橋人行道"},"geometry":{"type":"LineString","coordinates":[[121.57115,25.0643705],[121.5749784,25.0656563],[121.5753107,25.0657561]]}},{"type":"Feature","properties":{"kind":"bridge","osm_id":249164504,"name":"民權大橋人行道"},"geometry":{"type":"LineString","coordinates":[[121.5752439,25.0659682],[121.5748976,25.0658592],[121.5707891,25.0644819]]}},{"type":"Feature","properties":{"kind":"bridge","osm_id":252398627,"name":"汐止五股高架道路"},"geometry":{"type":"LineString","coordinates":[[121.5747065,25.0702642],[121.5757445,25.0700492],[121.5764479,25.0698828],[121.5778103,25.0695341],[121.5785944,25.0693101],[121.5793682,25.069058],[121.5803997,25.068689],[121.5826338,25.067797],[121.5842525,25.0671301],[121.5859457,25.0664308],[121.5874374,25.0658172],[121.5880997,25.0655535],[121.5887822,25.0652628],[121.5896472,25.0649104],[121.5902682,25.0646948],[121.5908681,25.0645018],[121.5918009,25.0642368],[121.592349,25.0641019],[121.5928063,25.0640008],[121.5932291,25.0639254],[121.5939139,25.0638012],[121.5945829,25.0637082],[121.5951909,25.0636415],[121.5963981,25.0635723],[121.5971564,25.0635542],[121.5979747,25.0635782],[121.5986197,25.0636207],[121.599353,25.0636834],[121.6002676,25.0637755],[121.6019291,25.0639865],[121.6032703,25.0641518],[121.6076032,25.0646819],[121.6105858,25.0650731],[121.6120449,25.0652432],[121.6138388,25.0654302],[121.6153406,25.0656231],[121.6189657,25.0660013]]}},{"type":"Feature","properties":{"kind":"bridge","osm_id":252398631,"name":"環東大道"},"geometry":{"type":"LineString","coordinates":[[121.5747935,25.0534943],[121.5767521,25.0545386]]}},{"type":"Feature","properties":{"kind":"bridge","osm_id":252398632,"name":"正氣橋"},"geometry":{"type":"LineString","coordinates":[[121.5684772,25.047884],[121.5688256,25.048465],[121.5698153,25.050131]]}},{"type":"Feature","properties":{"kind":"bridge","osm_id":252494895,"name":"汐止五股高架道路"},"geometry":{"type":"LineString","coordinates":[[121.5804032,25.0690882],[121.5795084,25.0693785],[121.5787295,25.0696261],[121.5781153,25.0698081],[121.5772674,25.0700407],[121.5766162,25.070206],[121.5757322,25.070413],[121.5750539,25.0705545],[121.5743365,25.0706922],[121.5739051,25.0707677],[121.5734122,25.0708469],[121.5729213,25.0709201],[121.5722108,25.0710116],[121.5714662,25.0710968],[121.5706096,25.0711817],[121.5697674,25.0712424],[121.5683629,25.0713018]]}},{"type":"Feature","properties":{"kind":"bridge","osm_id":252494908,"name":"麥帥一橋"},"geometry":{"type":"LineString","coordinates":[[121.574742,25.0536288],[121.5711987,25.0517166]]}},{"type":"Feature","properties":{"kind":"bridge","osm_id":252494927,"name":"市民大道高架道路"},"geometry":{"type":"LineString","coordinates":[[121.5684902,25.0479042],[121.5683563,25.0477719],[121.5673673,25.0461248]]}},{"type":"Feature","properties":{"kind":"bridge","osm_id":252657373,"name":"建國快速道路"},"geometry":{"type":"LineString","coordinates":[[121.536608,25.0456861],[121.5365679,25.0444322]]}},{"type":"Feature","properties":{"kind":"bridge","osm_id":252657374,"name":"建國快速道路"},"geometry":{"type":"LineString","coordinates":[[121.5365679,25.0444322],[121.5365605,25.0441988],[121.5365738,25.0437277],[121.5366382,25.0430279],[121.5367272,25.0425897],[121.5368034,25.0423477],[121.536901,25.0420688],[121.5370995,25.0415698],[121.5372819,25.0411227]]}},{"type":"Feature","properties":{"kind":"bridge","osm_id":253163812,"name":""},"geometry":{"type":"LineString","coordinates":[[121.5133292,25.037004],[121.5133197,25.0369158]]}},{"type":"Feature","properties":{"kind":"bridge","osm_id":253163832,"name":""},"geometry":{"type":"LineString","coordinates":[[121.5147698,25.0357972],[121.514749,25.035632]]}},{"type":"Feature","properties":{"kind":"bridge","osm_id":254326529,"name":"民族東路出口匝道"},"geometry":{"type":"LineString","coordinates":[[121.5272392,25.0718621],[121.5274291,25.0716358],[121.5276051,25.0713963],[121.5276805,25.0712821],[121.5277349,25.0711804],[121.5277802,25.0710711],[121.5278032,25.0709787],[121.5278214,25.0708238],[121.5278242,25.0707999]]}},{"type":"Feature","properties":{"kind":"bridge","osm_id":254326530,"name":"新生高架道路"},"geometry":{"type":"LineString","coordinates":[[121.5268653,25.0723946],[121.5275338,25.0716014],[121.5276369,25.0714619],[121.5277692,25.0712558],[121.527818,25.0711467],[121.5278503,25.0710396],[121.5278731,25.0709257]]}},{"type":"Feature","properties":{"kind":"bridge","osm_id":257896676,"name":"人行空橋"},"geometry":{"type":"LineString","coordinates":[[121.5668349,25.0362245],[121.5669035,25.0361882],[121.5669367,25.0361596],[121.5669622,25.0361273],[121.5669797,25.03609],[121.5669867,25.0360353],[121.5670106,25.0356738],[121.5670057,25.0354322],[121.566809,25.0354355],[121.5667985,25.0349218],[121.5666939,25.0349236],[121.566513,25.0349267],[121.5662684,25.034931],[121.5662064,25.0349321],[121.5658941,25.0349533]]}},{"type":"Feature","properties":{"kind":"bridge","osm_id":260152355,"name":"新生高架道路"},"geometry":{"type":"LineString","coordinates":[[121.5260982,25.07348],[121.525929,25.0736594],[121.525807,25.0738082],[121.525748,25.0738829],[121.5256273,25.0740493],[121.5255772,25.0741456],[121.5255475,25.0742133],[121.5255088,25.0743258],[121.5255014,25.0743842],[121.5254975,25.0744498],[121.525498,25.0745725],[121.5255449,25.074836],[121.5255938,25.0750648],[121.5256058,25.0751401],[121.5256141,25.0752513],[121.5256066,25.0753682],[121.5255991,25.0754501],[121.5255832,25.0755299],[121.5255649,25.0755924],[121.5255386,25.0756748],[121.5252415,25.0765156],[121.5251495,25.0768358],[121.5251304,25.0769372],[121.5251184,25.0770253],[121.5250996,25.0772142],[121.5250835,25.0773903],[121.5250687,25.0774996],[121.5250486,25.0776357],[121.5249963,25.0778628],[121.5247052,25.0789017]]}},{"type":"Feature","properties":{"kind":"bridge","osm_id":260152357,"name":"新生高架道路"},"geometry":{"type":"LineString","coordinates":[[121.5308842,25.0464253],[121.5309394,25.046712],[121.5309475,25.0467898],[121.5309414,25.0468693],[121.53093,25.0469228],[121.5309144,25.0469793],[121.5308703,25.047071],[121.5308308,25.0471299],[121.5307837,25.047184],[121.5301088,25.0477965],[121.5297762,25.0481367],[121.5294543,25.0485061],[121.5292362,25.0487908],[121.5290648,25.0490333],[121.52894,25.049218],[121.5288198,25.0494153],[121.5286966,25.0496208],[121.528565,25.0498551],[121.5284464,25.0500843],[121.5283256,25.0503399],[121.528105,25.0508599],[121.5280406,25.0510336],[121.5279679,25.0512583],[121.5278338,25.0517011],[121.5277469,25.0520445],[121.5276903,25.052334],[121.527638,25.0527799],[121.5275964,25.0532234],[121.527575,25.0536133],[121.527571,25.053905]]}},{"type":"Feature","properties":{"kind":"bridge","osm_id":260284692,"name":"民權東路出口匝道"},"geometry":{"type":"LineString","coordinates":[[121.5340165,25.0673919],[121.5341711,25.0672184],[121.5347346,25.0667875],[121.5359383,25.0658475],[121.5361542,25.0656586]]}},{"type":"Feature","properties":{"kind":"bridge","osm_id":262260682,"name":""},"geometry":{"type":"LineString","coordinates":[[121.5508578,25.1027246],[121.550984,25.1027331],[121.5510376,25.1027342],[121.5510896,25.1027],[121.5512055,25.1027241],[121.5512814,25.1026948],[121.5512687,25.1026642],[121.5513943,25.1026025],[121.5513017,25.1024437],[121.5511425,25.1023796]]}},{"type":"Feature","properties":{"kind":"bridge","osm_id":262375074,"name":"雨農橋"},"geometry":{"type":"LineString","coordinates":[[121.5326892,25.1001704],[121.5328628,25.1012126]]}},{"type":"Feature","properties":{"kind":"bridge","osm_id":262378402,"name":""},"geometry":{"type":"LineString","coordinates":[[121.5499237,25.1013166],[121.5499486,25.1013246],[121.5499534,25.1013596],[121.5499905,25.1013711],[121.5499921,25.1014047],[121.5500318,25.1014171],[121.5500348,25.1014519],[121.5500637,25.1014606]]}},{"type":"Feature","properties":{"kind":"bridge","osm_id":264610554,"name":"中華路景觀陸橋"},"geometry":{"type":"LineString","coordinates":[[121.5090694,25.0461831],[121.509092,25.0461774],[121.5090993,25.0461755],[121.5091131,25.046172],[121.5096819,25.0460283],[121.5097311,25.0460159]]}},{"type":"Feature","properties":{"kind":"bridge","osm_id":264853186,"name":"百齡橋"},"geometry":{"type":"LineString","coordinates":[[121.5119415,25.0880816],[121.5118829,25.0879883],[121.5112793,25.0875743],[121.5109071,25.0873327],[121.5107743,25.0871777],[121.5107189,25.0870478],[121.5107078,25.0869216],[121.5107312,25.086804],[121.5110237,25.0861293],[121.511198,25.0856318]]}},{"type":"Feature","properties":{"kind":"bridge","osm_id":269170875,"name":""},"geometry":{"type":"LineString","coordinates":[[121.5204336,25.0397847],[121.5204961,25.0399965]]}},{"type":"Feature","properties":{"kind":"bridge","osm_id":277048242,"name":""},"geometry":{"type":"LineString","coordinates":[[121.5200435,25.0755271],[121.5199088,25.0751119],[121.5202836,25.0750278]]}},{"type":"Feature","properties":{"kind":"bridge","osm_id":277048244,"name":""},"geometry":{"type":"LineString","coordinates":[[121.520229,25.0748793],[121.5202836,25.0750278]]}},{"type":"Feature","properties":{"kind":"bridge","osm_id":277048246,"name":""},"geometry":{"type":"LineString","coordinates":[[121.5200764,25.0756226],[121.5200435,25.0755271]]}},{"type":"Feature","properties":{"kind":"bridge","osm_id":277048251,"name":""},"geometry":{"type":"LineString","coordinates":[[121.5198605,25.0749853],[121.5199088,25.0751119]]}},{"type":"Feature","properties":{"kind":"bridge","osm_id":291325256,"name":"中山高速公路"},"geometry":{"type":"LineString","coordinates":[[121.5286707,25.0740123],[121.5279383,25.0742886]]}},{"type":"Feature","properties":{"kind":"bridge","osm_id":294201942,"name":"水晶情人橋"},"geometry":{"type":"LineString","coordinates":[[121.5231563,25.0707669],[121.5231511,25.0707317],[121.5238041,25.0706522],[121.5238747,25.0706436]]}},{"type":"Feature","properties":{"kind":"bridge","osm_id":294201943,"name":"水晶情人橋"},"geometry":{"type":"LineString","coordinates":[[121.5238899,25.0707065],[121.5238747,25.0706436],[121.523858,25.0705747]]}},{"type":"Feature","properties":{"kind":"bridge","osm_id":300896734,"name":"信義路入口匝道"},"geometry":{"type":"LineString","coordinates":[[121.5380453,25.0344991],[121.5379889,25.0347587],[121.5380009,25.0368484],[121.5379283,25.0372751]]}},{"type":"Feature","properties":{"kind":"bridge","osm_id":300896736,"name":"信義路出口匝道"},"geometry":{"type":"LineString","coordinates":[[121.5378224,25.0377958],[121.5377577,25.0371437],[121.5377293,25.0357057]]}},{"type":"Feature","properties":{"kind":"bridge","osm_id":300896737,"name":""},"geometry":{"type":"LineString","coordinates":[[121.5369708,25.0533092],[121.5369875,25.054773],[121.5369436,25.055092]]}},{"type":"Feature","properties":{"kind":"bridge","osm_id":300896738,"name":"長春路入口匝道"},"geometry":{"type":"LineString","coordinates":[[121.5366957,25.0537708],[121.5366513,25.0515576],[121.5367285,25.0510305]]}},{"type":"Feature","properties":{"kind":"bridge","osm_id":304148117,"name":"正氣橋"},"geometry":{"type":"LineString","coordinates":[[121.5698153,25.050131],[121.569913,25.0502121],[121.5701453,25.0505842],[121.5703218,25.050825],[121.5705067,25.0510373],[121.5707521,25.0512661],[121.5709974,25.051447],[121.5712528,25.051604]]}},{"type":"Feature","properties":{"kind":"bridge","osm_id":307453005,"name":"彩虹橋"},"geometry":{"type":"LineString","coordinates":[[121.5766303,25.0514555],[121.5767629,25.0514857]]}},{"type":"Feature","properties":{"kind":"bridge","osm_id":307453006,"name":"彩虹橋"},"geometry":{"type":"LineString","coordinates":[[121.5767518,25.0515254],[121.5767563,25.0515093],[121.5767629,25.0514857]]}},{"type":"Feature","properties":{"kind":"bridge","osm_id":307453007,"name":"彩虹橋"},"geometry":{"type":"LineString","coordinates":[[121.5767563,25.0515093],[121.5768277,25.0515257]]}},{"type":"Feature","properties":{"kind":"bridge","osm_id":308419910,"name":""},"geometry":{"type":"LineString","coordinates":[[121.5176492,25.0920369],[121.5175266,25.0919566]]}},{"type":"Feature","properties":{"kind":"bridge","osm_id":308419912,"name":""},"geometry":{"type":"LineString","coordinates":[[121.5174168,25.0918846],[121.5175266,25.0919566]]}},{"type":"Feature","properties":{"kind":"bridge","osm_id":308419915,"name":""},"geometry":{"type":"LineString","coordinates":[[121.517791,25.0916257],[121.5175266,25.0919566]]}},{"type":"Feature","properties":{"kind":"bridge","osm_id":308419921,"name":""},"geometry":{"type":"LineString","coordinates":[[121.5176902,25.0915597],[121.517791,25.0916257]]}},{"type":"Feature","properties":{"kind":"bridge","osm_id":308419922,"name":""},"geometry":{"type":"LineString","coordinates":[[121.5116184,25.0839018],[121.5121131,25.0841051]]}},{"type":"Feature","properties":{"kind":"bridge","osm_id":308419924,"name":""},"geometry":{"type":"LineString","coordinates":[[121.5179995,25.0917624],[121.5179187,25.0917094]]}},{"type":"Feature","properties":{"kind":"bridge","osm_id":308419925,"name":""},"geometry":{"type":"LineString","coordinates":[[121.517791,25.0916257],[121.5179187,25.0917094]]}},{"type":"Feature","properties":{"kind":"bridge","osm_id":310909470,"name":"人行空橋"},"geometry":{"type":"LineString","coordinates":[[121.5668505,25.0370629],[121.5670378,25.03706]]}},{"type":"Feature","properties":{"kind":"bridge","osm_id":310909564,"name":"人行空橋"},"geometry":{"type":"LineString","coordinates":[[121.5670195,25.0394975],[121.5672215,25.0394937]]}},{"type":"Feature","properties":{"kind":"bridge","osm_id":311689671,"name":"台北大橋"},"geometry":{"type":"LineString","coordinates":[[121.5107444,25.0629915],[121.5109432,25.0628962],[121.5110488,25.0628733],[121.5111906,25.0628592],[121.5114152,25.0628472],[121.5117504,25.0628547],[121.5123245,25.0628826],[121.5130567,25.062913],[121.51333,25.0629262],[121.5135865,25.0629434],[121.5138601,25.0629669],[121.5141165,25.0629713],[121.5157434,25.0629341],[121.5158233,25.0629589]]}},{"type":"Feature","properties":{"kind":"bridge","osm_id":311689672,"name":"台北大橋機慢車引道"},"geometry":{"type":"LineString","coordinates":[[121.5086335,25.0632468],[121.5089588,25.063219],[121.5107566,25.0628833]]}},{"type":"Feature","properties":{"kind":"bridge","osm_id":312174842,"name":""},"geometry":{"type":"LineString","coordinates":[[121.5604877,25.0405503],[121.5604859,25.0405029],[121.5603111,25.0405081],[121.5601381,25.0405132],[121.5601399,25.0405606]]}},{"type":"Feature","properties":{"kind":"bridge","osm_id":313584142,"name":"松河街"},"geometry":{"type":"LineString","coordinates":[[121.5801497,25.0521772],[121.5799035,25.0521247]]}},{"type":"Feature","properties":{"kind":"bridge","osm_id":317838357,"name":"大直入口匝道"},"geometry":{"type":"LineString","coordinates":[[121.5250828,25.0767649],[121.5250681,25.0767419],[121.5250524,25.0767014],[121.52505,25.0766682],[121.5250533,25.0766226],[121.5250634,25.076574],[121.525209,25.076175]]}},{"type":"Feature","properties":{"kind":"bridge","osm_id":317838359,"name":"大直入口匝道"},"geometry":{"type":"LineString","coordinates":[[121.525209,25.076175],[121.5254049,25.0756012],[121.5254565,25.0754394],[121.5254772,25.0753741],[121.5254956,25.0752919],[121.5255086,25.0751748]]}},{"type":"Feature","properties":{"kind":"bridge","osm_id":317839328,"name":"民生東路出口匝道"},"geometry":{"type":"LineString","coordinates":[[121.527641,25.0545193],[121.5277131,25.0573243],[121.5277703,25.0575023]]}},{"type":"Feature","properties":{"kind":"bridge","osm_id":318382834,"name":"新生高架道路"},"geometry":{"type":"LineString","coordinates":[[121.5255086,25.0751748],[121.52546,25.0748818],[121.5254202,25.0746827],[121.5254079,25.0745933],[121.5254045,25.074459],[121.5254147,25.0743958],[121.5254217,25.0743408],[121.5254389,25.07426],[121.5254671,25.0741699],[121.525513,25.0740803],[121.5258279,25.0736512]]}},{"type":"Feature","properties":{"kind":"bridge","osm_id":321947680,"name":"人行空橋"},"geometry":{"type":"LineString","coordinates":[[121.5669797,25.03609],[121.5670166,25.0361222],[121.5670378,25.03706],[121.5670403,25.0371724],[121.5671,25.0372243],[121.5671889,25.0372227],[121.567192,25.0373608],[121.5672739,25.0373592],[121.5672771,25.0373592],[121.5673025,25.0375183],[121.5673099,25.0375335],[121.56733,25.0375746],[121.5673394,25.0375939],[121.5672623,25.0376668],[121.5671989,25.0376679],[121.5672034,25.037868]]}},{"type":"Feature","properties":{"kind":"bridge","osm_id":324294383,"name":"汐止五股高架道路"},"geometry":{"type":"LineString","coordinates":[[121.5698854,25.0708878],[121.5703038,25.0708573],[121.5718085,25.0707092],[121.572939,25.0705628],[121.5738234,25.0704248],[121.5747065,25.0702642]]}},{"type":"Feature","properties":{"kind":"bridge","osm_id":324294418,"name":"正氣橋"},"geometry":{"type":"LineString","coordinates":[[121.5697248,25.0499802],[121.5684902,25.0479042]]}},{"type":"Feature","properties":{"kind":"bridge","osm_id":324318755,"name":"汐止五股高架道路"},"geometry":{"type":"LineString","coordinates":[[121.5683629,25.0713018],[121.5675183,25.0713117],[121.5638426,25.0712906],[121.5631814,25.0713174],[121.5625085,25.0713797],[121.5618768,25.0714768],[121.5612036,25.0716274],[121.5605089,25.0718291],[121.558685,25.0724704],[121.5580788,25.0726721],[121.5574428,25.0728552],[121.5568474,25.0729913],[121.5561852,25.0730997],[121.5554609,25.0731774],[121.5545151,25.073216],[121.5527158,25.0732491],[121.5509854,25.0732828],[121.5449058,25.0733999],[121.5425351,25.073448],[121.5400205,25.073487],[121.5393392,25.0734626],[121.5386459,25.0734068],[121.537569,25.0732707]]}},{"type":"Feature","properties":{"kind":"bridge","osm_id":324318762,"name":"堤頂交流道"},"geometry":{"type":"LineString","coordinates":[[121.5718954,25.0712131],[121.5708,25.071274],[121.5698142,25.0713226],[121.5687212,25.0713403],[121.5683629,25.0713018]]}},{"type":"Feature","properties":{"kind":"bridge","osm_id":331340437,"name":""},"geometry":{"type":"LineString","coordinates":[[121.5670275,25.0386949],[121.5672215,25.0386741],[121.5672034,25.037868],[121.567005,25.0378273]]}},{"type":"Feature","properties":{"kind":"bridge","osm_id":331340441,"name":""},"geometry":{"type":"LineString","coordinates":[[121.5685931,25.037586],[121.5685967,25.0377456]]}},{"type":"Feature","properties":{"kind":"bridge","osm_id":333599355,"name":""},"geometry":{"type":"LineString","coordinates":[[121.5690528,25.0455718],[121.5690584,25.0458117]]}},{"type":"Feature","properties":{"kind":"bridge","osm_id":333599361,"name":""},"geometry":{"type":"LineString","coordinates":[[121.5689527,25.0458137],[121.5690584,25.0458117]]}},{"type":"Feature","properties":{"kind":"bridge","osm_id":333599362,"name":""},"geometry":{"type":"LineString","coordinates":[[121.5689462,25.0455738],[121.5690528,25.0455718]]}},{"type":"Feature","properties":{"kind":"bridge","osm_id":333818086,"name":""},"geometry":{"type":"LineString","coordinates":[[121.5705554,25.045984],[121.5708321,25.0458338]]}},{"type":"Feature","properties":{"kind":"bridge","osm_id":335596302,"name":"重陽橋"},"geometry":{"type":"LineString","coordinates":[[121.5055319,25.0856124],[121.5071179,25.0860701],[121.5076857,25.0862061],[121.5091953,25.0866358],[121.5092629,25.0866721]]}},{"type":"Feature","properties":{"kind":"bridge","osm_id":339483436,"name":"汐止五股高架道路"},"geometry":{"type":"LineString","coordinates":[[121.5272616,25.0740058],[121.5275217,25.073933],[121.5278215,25.0738577],[121.5281929,25.0737824],[121.5286054,25.0737193],[121.5291424,25.0736713],[121.5298147,25.0736448],[121.5310548,25.073602],[121.5320359,25.0735286],[121.5328533,25.0734393],[121.5336666,25.0733221],[121.5342313,25.0732206],[121.5354249,25.0729819],[121.5365151,25.0727851],[121.5375435,25.0726488]]}},{"type":"Feature","properties":{"kind":"bridge","osm_id":344637993,"name":"行善陸橋"},"geometry":{"type":"LineString","coordinates":[[121.5745693,25.0558834],[121.5745073,25.0557808],[121.5744532,25.0557048],[121.5743791,25.0556654],[121.5740878,25.0556586],[121.5735475,25.0556455]]}},{"type":"Feature","properties":{"kind":"bridge","osm_id":349838728,"name":"行善陸橋"},"geometry":{"type":"LineString","coordinates":[[121.5740737,25.0556389],[121.574008,25.0556993],[121.5740308,25.0557196],[121.5740772,25.0556768],[121.5740878,25.0556586]]}},{"type":"Feature","properties":{"kind":"bridge","osm_id":349838729,"name":""},"geometry":{"type":"LineString","coordinates":[[121.5736648,25.0553993],[121.5736749,25.0553373]]}},{"type":"Feature","properties":{"kind":"bridge","osm_id":349844561,"name":""},"geometry":{"type":"LineString","coordinates":[[121.5750971,25.0530079],[121.5752052,25.0529866]]}},{"type":"Feature","properties":{"kind":"bridge","osm_id":349857584,"name":""},"geometry":{"type":"LineString","coordinates":[[121.575896,25.0513261],[121.5759931,25.0513504]]}},{"type":"Feature","properties":{"kind":"bridge","osm_id":349857585,"name":"成美左10"},"geometry":{"type":"LineString","coordinates":[[121.5750047,25.0511343],[121.5750916,25.0511518]]}},{"type":"Feature","properties":{"kind":"bridge","osm_id":349858023,"name":"彩虹橋"},"geometry":{"type":"LineString","coordinates":[[121.5762919,25.052878],[121.5765239,25.0529304]]}},{"type":"Feature","properties":{"kind":"bridge","osm_id":349858024,"name":"彩虹橋"},"geometry":{"type":"LineString","coordinates":[[121.5767019,25.0530036],[121.5765152,25.052962]]}},{"type":"Feature","properties":{"kind":"bridge","osm_id":349858026,"name":"成美右 8"},"geometry":{"type":"LineString","coordinates":[[121.5787065,25.0534141],[121.5788244,25.0534419]]}},{"type":"Feature","properties":{"kind":"bridge","osm_id":350352177,"name":"彩虹橋"},"geometry":{"type":"LineString","coordinates":[[121.5769089,25.0515558],[121.576919,25.0515197]]}},{"type":"Feature","properties":{"kind":"bridge","osm_id":351696509,"name":""},"geometry":{"type":"LineString","coordinates":[[121.5733314,25.0572369],[121.5733378,25.0571935]]}},{"type":"Feature","properties":{"kind":"bridge","osm_id":351696510,"name":""},"geometry":{"type":"LineString","coordinates":[[121.5725147,25.0620559],[121.5725297,25.0619671]]}},{"type":"Feature","properties":{"kind":"bridge","osm_id":351697169,"name":""},"geometry":{"type":"LineString","coordinates":[[121.5722286,25.0638595],[121.5722352,25.0637931]]}},{"type":"Feature","properties":{"kind":"bridge","osm_id":351697172,"name":""},"geometry":{"type":"LineString","coordinates":[[121.5729064,25.0692716],[121.5728819,25.0691929]]}},{"type":"Feature","properties":{"kind":"bridge","osm_id":351697265,"name":""},"geometry":{"type":"LineString","coordinates":[[121.570991,25.0760947],[121.5710619,25.0760122]]}},{"type":"Feature","properties":{"kind":"bridge","osm_id":351697283,"name":""},"geometry":{"type":"LineString","coordinates":[[121.5694681,25.0769121],[121.5695922,25.0768831],[121.5695959,25.0768957]]}},{"type":"Feature","properties":{"kind":"bridge","osm_id":351698167,"name":""},"geometry":{"type":"LineString","coordinates":[[121.5677388,25.0769775],[121.5678685,25.0770193],[121.5678634,25.0770323]]}},{"type":"Feature","properties":{"kind":"bridge","osm_id":351698168,"name":""},"geometry":{"type":"LineString","coordinates":[[121.5660626,25.0764256],[121.5661852,25.0764695]]}},{"type":"Feature","properties":{"kind":"bridge","osm_id":351698169,"name":""},"geometry":{"type":"LineString","coordinates":[[121.5580319,25.0768891],[121.5581476,25.0768665]]}},{"type":"Feature","properties":{"kind":"bridge","osm_id":351699984,"name":"美堤7"},"geometry":{"type":"LineString","coordinates":[[121.5543691,25.0770895],[121.5541961,25.0770952]]}},{"type":"Feature","properties":{"kind":"bridge","osm_id":351699989,"name":""},"geometry":{"type":"LineString","coordinates":[[121.524672,25.0735037],[121.5245672,25.0736663],[121.5245829,25.073677]]}},{"type":"Feature","properties":{"kind":"bridge","osm_id":351705261,"name":"觀山5"},"geometry":{"type":"LineString","coordinates":[[121.5685468,25.0633734],[121.5685328,25.0634501]]}},{"type":"Feature","properties":{"kind":"bridge","osm_id":351705262,"name":"觀山4"},"geometry":{"type":"LineString","coordinates":[[121.569086,25.0618384],[121.5690737,25.0619191]]}},{"type":"Feature","properties":{"kind":"bridge","osm_id":352003257,"name":""},"geometry":{"type":"LineString","coordinates":[[121.5787769,25.0519775],[121.5789084,25.052006]]}},{"type":"Feature","properties":{"kind":"bridge","osm_id":352003272,"name":""},"geometry":{"type":"LineString","coordinates":[[121.5778757,25.0517779],[121.5779787,25.0518018]]}},{"type":"Feature","properties":{"kind":"bridge","osm_id":352004595,"name":"成美左11"},"geometry":{"type":"LineString","coordinates":[[121.573942,25.0509171],[121.5740439,25.0509289]]}},{"type":"Feature","properties":{"kind":"bridge","osm_id":352004618,"name":"成美左12"},"geometry":{"type":"LineString","coordinates":[[121.5729966,25.0508617],[121.5730712,25.050861]]}},{"type":"Feature","properties":{"kind":"bridge","osm_id":352004706,"name":"成美左13"},"geometry":{"type":"LineString","coordinates":[[121.571252,25.0513961],[121.5711995,25.0514636]]}},{"type":"Feature","properties":{"kind":"bridge","osm_id":352005102,"name":"觀山1"},"geometry":{"type":"LineString","coordinates":[[121.5701776,25.0551283],[121.5701692,25.0551904]]}},{"type":"Feature","properties":{"kind":"bridge","osm_id":352005111,"name":"觀山2"},"geometry":{"type":"LineString","coordinates":[[121.569782,25.0576027],[121.5697707,25.0576794]]}},{"type":"Feature","properties":{"kind":"bridge","osm_id":352005116,"name":"觀山3"},"geometry":{"type":"LineString","coordinates":[[121.5693318,25.0603315],[121.56932,25.0604144]]}},{"type":"Feature","properties":{"kind":"bridge","osm_id":352006234,"name":"迎風１"},"geometry":{"type":"LineString","coordinates":[[121.5446283,25.0734058],[121.544709,25.0734043],[121.5447088,25.073395]]}},{"type":"Feature","properties":{"kind":"bridge","osm_id":353565919,"name":""},"geometry":{"type":"LineString","coordinates":[[121.5226857,25.1020525],[121.5227412,25.1017413]]}},{"type":"Feature","properties":{"kind":"bridge","osm_id":361918887,"name":""},"geometry":{"type":"LineString","coordinates":[[121.5205046,25.0443223],[121.5204973,25.0442964],[121.5204565,25.0441503],[121.5204341,25.0440701]]}},{"type":"Feature","properties":{"kind":"bridge","osm_id":362102468,"name":""},"geometry":{"type":"LineString","coordinates":[[121.5316715,25.0453254],[121.5315059,25.0453463]]}},{"type":"Feature","properties":{"kind":"bridge","osm_id":366966510,"name":"陸橋"},"geometry":{"type":"LineString","coordinates":[[121.5411384,25.0402004],[121.5413776,25.0401996],[121.5414214,25.0401994]]}},{"type":"Feature","properties":{"kind":"bridge","osm_id":371674275,"name":""},"geometry":{"type":"LineString","coordinates":[[121.5541961,25.0770952],[121.5542039,25.0773437]]}},{"type":"Feature","properties":{"kind":"bridge","osm_id":371674277,"name":""},"geometry":{"type":"LineString","coordinates":[[121.5541961,25.0770952],[121.5535524,25.0771024],[121.5535523,25.077077]]}},{"type":"Feature","properties":{"kind":"bridge","osm_id":372270680,"name":"雙溪線自行車道"},"geometry":{"type":"LineString","coordinates":[[121.5177239,25.099958],[121.5172681,25.099909]]}},{"type":"Feature","properties":{"kind":"bridge","osm_id":372270683,"name":"建德橋"},"geometry":{"type":"LineString","coordinates":[[121.5173038,25.0999868],[121.5177244,25.1000258]]}},{"type":"Feature","properties":{"kind":"bridge","osm_id":374876195,"name":"百齡橋自行車道"},"geometry":{"type":"LineString","coordinates":[[121.5121395,25.0883571],[121.5149756,25.0902501]]}},{"type":"Feature","properties":{"kind":"bridge","osm_id":375647562,"name":"建國快速道路"},"geometry":{"type":"LineString","coordinates":[[121.5338303,25.0676518],[121.5337038,25.0677739],[121.5335429,25.0679586],[121.5334248,25.0681432],[121.5333176,25.0684056],[121.5332854,25.0685708],[121.5332714,25.0686981],[121.5332746,25.0688235],[121.5333068,25.0691053],[121.5333564,25.0695111],[121.5333914,25.0699653],[121.5334011,25.0701962]]}},{"type":"Feature","properties":{"kind":"bridge","osm_id":375647563,"name":"建國快速道路"},"geometry":{"type":"LineString","coordinates":[[121.5340165,25.0673919],[121.5359247,25.0659663],[121.5362444,25.0656621],[121.5364697,25.0654094],[121.5366307,25.0651859],[121.5367594,25.0649624],[121.5368667,25.0647292],[121.5369525,25.064457],[121.5369955,25.0641946],[121.5370169,25.0639711],[121.5369311,25.0588979],[121.5368832,25.0582448]]}},{"type":"Feature","properties":{"kind":"bridge","osm_id":375825483,"name":""},"geometry":{"type":"LineString","coordinates":[[121.5354874,25.0812256],[121.5361594,25.0818208]]}},{"type":"Feature","properties":{"kind":"bridge","osm_id":376480823,"name":""},"geometry":{"type":"LineString","coordinates":[[121.515585,25.0980774],[121.5155552,25.0981283],[121.515517,25.0981708],[121.5154775,25.0981969],[121.5154359,25.0982163],[121.5154558,25.0982356],[121.5155156,25.0982115],[121.5155768,25.0981678],[121.5156176,25.0981072],[121.5157259,25.0978638]]}},{"type":"Feature","properties":{"kind":"bridge","osm_id":377209857,"name":"雙溪線自行車道"},"geometry":{"type":"LineString","coordinates":[[121.5269469,25.1006381],[121.5267032,25.1006049]]}},{"type":"Feature","properties":{"kind":"bridge","osm_id":380916093,"name":"松江大橋"},"geometry":{"type":"LineString","coordinates":[[121.5258279,25.0736512],[121.525984,25.0734565],[121.5262638,25.0731414],[121.5268653,25.0723946]]}},{"type":"Feature","properties":{"kind":"bridge","osm_id":381680997,"name":"民權東路入口匝道"},"geometry":{"type":"LineString","coordinates":[[121.5278692,25.0628478],[121.5278024,25.0629881],[121.5278641,25.0646816]]}},{"type":"Feature","properties":{"kind":"bridge","osm_id":382534904,"name":"士林橋"},"geometry":{"type":"LineString","coordinates":[[121.5233451,25.0995005],[121.5236058,25.0985303]]}},{"type":"Feature","properties":{"kind":"bridge","osm_id":382534906,"name":"雨聲街跨堤天橋自行車道"},"geometry":{"type":"LineString","coordinates":[[121.5297195,25.1007632],[121.5296959,25.1007577],[121.5296642,25.1007409],[121.529651,25.1007096],[121.529665,25.1006049],[121.5297667,25.1005789],[121.529785,25.1005738]]}},{"type":"Feature","properties":{"kind":"bridge","osm_id":382534908,"name":"雨聲街跨堤天橋自行車道"},"geometry":{"type":"LineString","coordinates":[[121.529785,25.1005738],[121.5298872,25.1003839]]}},{"type":"Feature","properties":{"kind":"bridge","osm_id":382534914,"name":"雙溪橋上游左岸越堤坡道"},"geometry":{"type":"LineString","coordinates":[[121.5135141,25.0979617],[121.5135303,25.0980125],[121.5142001,25.0983223]]}},{"type":"Feature","properties":{"kind":"bridge","osm_id":382754615,"name":""},"geometry":{"type":"LineString","coordinates":[[121.5244123,25.0738685],[121.5243273,25.0739603],[121.5243134,25.0739497],[121.5243623,25.073897],[121.5243482,25.0738863],[121.5242975,25.0739411],[121.5242823,25.0739296],[121.5243318,25.0738761],[121.5243141,25.0738627],[121.5242636,25.0739173],[121.5242477,25.0739052],[121.5243001,25.0738486]]}},{"type":"Feature","properties":{"kind":"bridge","osm_id":382754688,"name":""},"geometry":{"type":"LineString","coordinates":[[121.5216863,25.0758942],[121.5217962,25.0760549],[121.5219164,25.0761299],[121.522045,25.076144],[121.5221993,25.0761415],[121.522675,25.0760133]]}},{"type":"Feature","properties":{"kind":"bridge","osm_id":383978086,"name":"基隆河左岸自行車道"},"geometry":{"type":"LineString","coordinates":[[121.5275197,25.0721662],[121.5294316,25.0730177]]}},{"type":"Feature","properties":{"kind":"bridge","osm_id":383978087,"name":"基隆河左岸自行車道"},"geometry":{"type":"LineString","coordinates":[[121.5164259,25.0791253],[121.5166874,25.0789351]]}},{"type":"Feature","properties":{"kind":"bridge","osm_id":384078087,"name":"行善陸橋"},"geometry":{"type":"LineString","coordinates":[[121.574575,25.0559497],[121.5745508,25.0559472],[121.574536,25.0559296],[121.5745396,25.0559078],[121.5745596,25.055895],[121.5745835,25.0558992],[121.5745968,25.0559177],[121.5745913,25.0559392]]}},{"type":"Feature","properties":{"kind":"bridge","osm_id":384078090,"name":"行善陸橋"},"geometry":{"type":"LineString","coordinates":[[121.5745693,25.0558834],[121.5745983,25.055865]]}},{"type":"Feature","properties":{"kind":"bridge","osm_id":384078093,"name":"行善陸橋"},"geometry":{"type":"LineString","coordinates":[[121.5735475,25.0556455],[121.5735572,25.0555735]]}},{"type":"Feature","properties":{"kind":"bridge","osm_id":384078095,"name":"行善陸橋"},"geometry":{"type":"LineString","coordinates":[[121.573583,25.0555657],[121.5735905,25.0555151],[121.573565,25.0555118],[121.5735572,25.0555735]]}},{"type":"Feature","properties":{"kind":"bridge","osm_id":384078096,"name":"行善陸橋"},"geometry":{"type":"LineString","coordinates":[[121.5735451,25.0557254],[121.5734704,25.0561707],[121.5734633,25.0561811],[121.5734536,25.0561795],[121.5734492,25.0561675],[121.5735344,25.0556775],[121.5735475,25.0556455]]}},{"type":"Feature","properties":{"kind":"bridge","osm_id":384078102,"name":""},"geometry":{"type":"LineString","coordinates":[[121.5744879,25.0536107],[121.574631,25.053687]]}},{"type":"Feature","properties":{"kind":"bridge","osm_id":384078103,"name":"機慢車道"},"geometry":{"type":"LineString","coordinates":[[121.5755863,25.0541831],[121.5744923,25.0535927],[121.5741,25.0533591],[121.5731877,25.0528699],[121.5716839,25.0520552],[121.5708618,25.0515871],[121.5704972,25.0514424],[121.5701835,25.0513829],[121.5699587,25.0513681],[121.5677024,25.0514194]]}},{"type":"Feature","properties":{"kind":"bridge","osm_id":384078105,"name":""},"geometry":{"type":"LineString","coordinates":[[121.5706766,25.051536],[121.5708632,25.0516377]]}},{"type":"Feature","properties":{"kind":"bridge","osm_id":384078106,"name":""},"geometry":{"type":"LineString","coordinates":[[121.5741619,25.0534192],[121.5739982,25.0536517],[121.5739122,25.0538198],[121.5738524,25.0539776],[121.5738205,25.0541412],[121.5737691,25.0544045]]}},{"type":"Feature","properties":{"kind":"bridge","osm_id":384078107,"name":""},"geometry":{"type":"LineString","coordinates":[[121.5707571,25.0522301],[121.570812,25.0520184],[121.5708636,25.051886],[121.570954,25.051685]]}},{"type":"Feature","properties":{"kind":"bridge","osm_id":384078110,"name":"機慢車道"},"geometry":{"type":"LineString","coordinates":[[121.567697,25.0512548],[121.5696392,25.0512105],[121.5701056,25.0511877],[121.5702304,25.0511919],[121.5704877,25.05121],[121.570743,25.0512802],[121.5709387,25.0513745],[121.5711846,25.0515022],[121.5713323,25.0515808],[121.5718367,25.0518201],[121.5733502,25.0526327],[121.5737901,25.0528654],[121.5742554,25.053103],[121.5746853,25.0532689],[121.5749856,25.0534227],[121.575838,25.0538887]]}},{"type":"Feature","properties":{"kind":"bridge","osm_id":384078112,"name":""},"geometry":{"type":"LineString","coordinates":[[121.5711194,25.0514199],[121.5711823,25.0513792],[121.5711948,25.051395],[121.5711246,25.0514431]]}},{"type":"Feature","properties":{"kind":"bridge","osm_id":384078115,"name":""},"geometry":{"type":"LineString","coordinates":[[121.5711246,25.0514431],[121.5713636,25.0515564],[121.5713859,25.0515779],[121.5718542,25.0518066],[121.5733585,25.0526154],[121.5738004,25.0528482],[121.574266,25.0530853],[121.574757,25.0532716]]}},{"type":"Feature","properties":{"kind":"bridge","osm_id":384078117,"name":""},"geometry":{"type":"LineString","coordinates":[[121.574757,25.0532716],[121.5749449,25.0533649]]}},{"type":"Feature","properties":{"kind":"bridge","osm_id":384232885,"name":"彩虹橋"},"geometry":{"type":"LineString","coordinates":[[121.5767837,25.0530211],[121.5767507,25.0530135],[121.5767587,25.0529834],[121.5765239,25.0529304]]}},{"type":"Feature","properties":{"kind":"bridge","osm_id":384232888,"name":"彩虹橋"},"geometry":{"type":"LineString","coordinates":[[121.5766205,25.0514954],[121.5767518,25.0515254]]}},{"type":"Feature","properties":{"kind":"bridge","osm_id":384232889,"name":"彩虹橋"},"geometry":{"type":"LineString","coordinates":[[121.5770191,25.0515425],[121.576919,25.0515197]]}},{"type":"Feature","properties":{"kind":"bridge","osm_id":384679035,"name":"塔悠越堤天橋"},"geometry":{"type":"LineString","coordinates":[[121.5683381,25.0663682],[121.5682777,25.0659438],[121.5682405,25.0656416],[121.5682295,25.0656187],[121.5682109,25.0656044],[121.5681846,25.0655983],[121.568158,25.0656039],[121.568136,25.0656214],[121.5681263,25.0656503],[121.5681289,25.0656862],[121.56822,25.0663108],[121.5681952,25.066314],[121.5681435,25.0659637],[121.568092,25.0657276]]}},{"type":"Feature","properties":{"kind":"bridge","osm_id":384679036,"name":""},"geometry":{"type":"LineString","coordinates":[[121.5682777,25.0659438],[121.5683028,25.0659404]]}},{"type":"Feature","properties":{"kind":"bridge","osm_id":384679038,"name":""},"geometry":{"type":"LineString","coordinates":[[121.5683112,25.0659955],[121.5683028,25.0659404]]}},{"type":"Feature","properties":{"kind":"bridge","osm_id":388860562,"name":""},"geometry":{"type":"LineString","coordinates":[[121.5441661,25.0734306],[121.5441667,25.073383],[121.5441258,25.0733824],[121.5441272,25.0730176]]}},{"type":"Feature","properties":{"kind":"bridge","osm_id":397643750,"name":"勝利橋"},"geometry":{"type":"LineString","coordinates":[[121.5530705,25.1022088],[121.5531857,25.1021507]]}},{"type":"Feature","properties":{"kind":"bridge","osm_id":397899265,"name":""},"geometry":{"type":"LineString","coordinates":[[121.5499132,25.1010964],[121.5498853,25.1010823]]}},{"type":"Feature","properties":{"kind":"bridge","osm_id":397900266,"name":""},"geometry":{"type":"LineString","coordinates":[[121.5496779,25.1014905],[121.5496378,25.1014873]]}},{"type":"Feature","properties":{"kind":"bridge","osm_id":420689851,"name":"市區觀景平台"},"geometry":{"type":"LineString","coordinates":[[121.5286485,25.0833719],[121.528623,25.0833424],[121.5285984,25.0833144],[121.5286309,25.083291],[121.5286463,25.0832801],[121.5286808,25.0833198],[121.5286936,25.083309],[121.528653,25.0832676],[121.5286629,25.0832594],[121.5286885,25.0832378],[121.5287516,25.0833045],[121.528718,25.0833238],[121.5287071,25.0833301],[121.5286485,25.0833719]]}},{"type":"Feature","properties":{"kind":"bridge","osm_id":421229753,"name":""},"geometry":{"type":"LineString","coordinates":[[121.5307312,25.1035559],[121.5308428,25.1035633],[121.5309531,25.1034914],[121.5310613,25.1033984],[121.5310974,25.1033369],[121.5311405,25.103285],[121.5311936,25.1031976],[121.5312438,25.1031464],[121.5313002,25.1031209],[121.5313424,25.1030928],[121.5314181,25.1031191],[121.5314587,25.1031214],[121.5314933,25.1031186],[121.5316474,25.1030642],[121.5317575,25.1030628],[121.5318215,25.1030663],[121.5319447,25.1030684],[121.5320279,25.1030621],[121.5321534,25.1030789],[121.5322359,25.1030837],[121.5322913,25.103083],[121.5323614,25.1030851],[121.5324438,25.1030782],[121.5325008,25.1030635],[121.5325532,25.1030377],[121.5326379,25.1030384],[121.5326669,25.1030293],[121.532687,25.1030104],[121.5327068,25.1029768],[121.5327129,25.1029274],[121.5327153,25.1028693],[121.532714,25.1028316],[121.5326726,25.1026318],[121.5326641,25.1025285],[121.532648,25.1024253],[121.5326325,25.1023165],[121.5326356,25.1022774],[121.5326426,25.10226],[121.5326295,25.1022286],[121.5326241,25.102186],[121.5326302,25.102156],[121.5326495,25.1021309],[121.5326811,25.102103],[121.5326942,25.1020821],[121.5326957,25.1020507],[121.5326926,25.1020103],[121.5326882,25.1019625]]}},{"type":"Feature","properties":{"kind":"bridge","osm_id":421229766,"name":""},"geometry":{"type":"LineString","coordinates":[[121.5302474,25.1025676],[121.5303684,25.1025452],[121.5303826,25.1024843],[121.5304375,25.1024242],[121.5305631,25.1023385],[121.5306091,25.1023248],[121.5306843,25.1023232],[121.5310612,25.1023825],[121.5310789,25.1023689],[121.531109,25.1023184],[121.5311497,25.102292],[121.5312585,25.102292],[121.5313594,25.102312],[121.5314149,25.1023296],[121.5314742,25.1023371],[121.5316938,25.1023299],[121.5316945,25.1023125],[121.5315332,25.1022749]]}},{"type":"Feature","properties":{"kind":"bridge","osm_id":421235012,"name":""},"geometry":{"type":"LineString","coordinates":[[121.5332319,25.1023393],[121.533218,25.1022433],[121.5331858,25.1023441],[121.5331911,25.1022694],[121.5331874,25.1022196],[121.5331621,25.1021646],[121.5331122,25.102068],[121.5330699,25.1020339],[121.5329917,25.1020348]]}},{"type":"Feature","properties":{"kind":"bridge","osm_id":421235015,"name":""},"geometry":{"type":"LineString","coordinates":[[121.5329917,25.1020348],[121.532946,25.1020346],[121.5328393,25.1019995],[121.5327646,25.1019678],[121.5327161,25.1019477],[121.5326959,25.1019492]]}},{"type":"Feature","properties":{"kind":"bridge","osm_id":421235017,"name":""},"geometry":{"type":"LineString","coordinates":[[121.5332372,25.1017713],[121.5330699,25.1020339]]}},{"type":"Feature","properties":{"kind":"bridge","osm_id":421235018,"name":"芝山岩環狀步道"},"geometry":{"type":"LineString","coordinates":[[121.5329529,25.1016734],[121.5329715,25.101671],[121.5330191,25.101703],[121.5330225,25.1016385],[121.53308,25.1016607],[121.5332215,25.1016492],[121.5332693,25.1016532],[121.5333176,25.1016676],[121.5333636,25.1016934],[121.5333926,25.1017205],[121.5334002,25.1017565],[121.5333859,25.1018126],[121.5333351,25.101895],[121.5332912,25.1020212],[121.5332722,25.1021358],[121.5332523,25.1022509],[121.5332319,25.1023393]]}},{"type":"Feature","properties":{"kind":"bridge","osm_id":421235019,"name":"芝山岩環狀步道"},"geometry":{"type":"LineString","coordinates":[[121.5332319,25.1023393],[121.5332213,25.1024441],[121.53323,25.1025895],[121.5332364,25.1026832],[121.5332552,25.1028072],[121.5332839,25.1029303],[121.5333107,25.103003],[121.5333202,25.1031013],[121.5333507,25.1032123],[121.5333675,25.1032179],[121.5333688,25.1031742],[121.5333858,25.1031688],[121.5333926,25.1032317],[121.5333911,25.1033743],[121.533355,25.1035022],[121.5333169,25.1036164],[121.5332412,25.1037724],[121.5331716,25.1038828],[121.5330872,25.1039753],[121.5330532,25.104002],[121.5330095,25.1040245],[121.5329698,25.1040356],[121.5329195,25.1040443],[121.5328423,25.1040457],[121.5327462,25.104037],[121.5326623,25.1040264]]}},{"type":"Feature","properties":{"kind":"bridge","osm_id":425635502,"name":"松江路"},"geometry":{"type":"LineString","coordinates":[[121.5338125,25.0713866],[121.5339144,25.0715312],[121.5341449,25.0717872]]}},{"type":"Feature","properties":{"kind":"bridge","osm_id":425635504,"name":"圓山交流道"},"geometry":{"type":"LineString","coordinates":[[121.5336503,25.0715215],[121.5337399,25.0716609],[121.5338246,25.0717823],[121.5339196,25.0718935],[121.5340258,25.071988]]}},{"type":"Feature","properties":{"kind":"bridge","osm_id":433000196,"name":""},"geometry":{"type":"LineString","coordinates":[[121.5459195,25.0835211],[121.5459595,25.0835094]]}},{"type":"Feature","properties":{"kind":"bridge","osm_id":433000198,"name":""},"geometry":{"type":"LineString","coordinates":[[121.5458488,25.0836623],[121.5459561,25.0836458]]}},{"type":"Feature","properties":{"kind":"bridge","osm_id":434508475,"name":"松山高中人行陸橋"},"geometry":{"type":"LineString","coordinates":[[121.5662067,25.0437541],[121.5658779,25.0439165]]}},{"type":"Feature","properties":{"kind":"bridge","osm_id":443076336,"name":""},"geometry":{"type":"LineString","coordinates":[[121.5239427,25.0790798],[121.5237042,25.0786269]]}},{"type":"Feature","properties":{"kind":"bridge","osm_id":444886267,"name":"重陽橋"},"geometry":{"type":"LineString","coordinates":[[121.5092629,25.0866721],[121.5099114,25.0868507],[121.5103425,25.0869477],[121.5106069,25.0870292]]}},{"type":"Feature","properties":{"kind":"bridge","osm_id":444886268,"name":"重陽橋"},"geometry":{"type":"LineString","coordinates":[[121.5100973,25.0870109],[121.5090509,25.0867171]]}},{"type":"Feature","properties":{"kind":"bridge","osm_id":444886270,"name":"重陽橋"},"geometry":{"type":"LineString","coordinates":[[121.5090509,25.0867171],[121.5089735,25.0867096],[121.5076504,25.086342],[121.5070728,25.0861331],[121.506449,25.0859404],[121.5057741,25.0857467],[121.505508,25.0856845]]}},{"type":"Feature","properties":{"kind":"bridge","osm_id":444996978,"name":""},"geometry":{"type":"LineString","coordinates":[[121.5097873,25.0737238],[121.5100904,25.0737186],[121.5110833,25.0737016],[121.5111183,25.0737013],[121.5111477,25.0737053],[121.5111625,25.0737108],[121.5111724,25.0737193],[121.5111778,25.0737279],[121.5111893,25.073766],[121.5112114,25.0738626],[121.5112349,25.0739715]]}},{"type":"Feature","properties":{"kind":"bridge","osm_id":444996984,"name":""},"geometry":{"type":"LineString","coordinates":[[121.5086744,25.0744633],[121.5093158,25.0745217]]}},{"type":"Feature","properties":{"kind":"bridge","osm_id":444996996,"name":""},"geometry":{"type":"LineString","coordinates":[[121.5113099,25.0745854],[121.5117371,25.0745192]]}},{"type":"Feature","properties":{"kind":"bridge","osm_id":447485172,"name":"台北交流道"},"geometry":{"type":"LineString","coordinates":[[121.51419,25.0780421],[121.5136181,25.0781364]]}},{"type":"Feature","properties":{"kind":"bridge","osm_id":453343031,"name":"松江路581巷"},"geometry":{"type":"LineString","coordinates":[[121.5345736,25.0702877],[121.5343013,25.0702197]]}},{"type":"Feature","properties":{"kind":"bridge","osm_id":454315057,"name":"中山高速公路"},"geometry":{"type":"LineString","coordinates":[[121.5364854,25.0728658],[121.537632,25.0730241]]}},{"type":"Feature","properties":{"kind":"bridge","osm_id":459552213,"name":""},"geometry":{"type":"LineString","coordinates":[[121.5797194,25.0492202],[121.5803892,25.0492097]]}},{"type":"Feature","properties":{"kind":"bridge","osm_id":461776381,"name":""},"geometry":{"type":"LineString","coordinates":[[121.5165499,25.072123],[121.5165557,25.0721898]]}},{"type":"Feature","properties":{"kind":"bridge","osm_id":462460491,"name":""},"geometry":{"type":"LineString","coordinates":[[121.5157125,25.0580621],[121.5156959,25.0581221]]}},{"type":"Feature","properties":{"kind":"bridge","osm_id":492117320,"name":""},"geometry":{"type":"LineString","coordinates":[[121.5167068,25.0489255],[121.5168049,25.0489087],[121.5168339,25.0490397]]}},{"type":"Feature","properties":{"kind":"bridge","osm_id":501564522,"name":"基隆河右岸自行車道"},"geometry":{"type":"LineString","coordinates":[[121.5175047,25.080918],[121.5176695,25.0807613]]}},{"type":"Feature","properties":{"kind":"bridge","osm_id":501857532,"name":""},"geometry":{"type":"LineString","coordinates":[[121.5201258,25.0997148],[121.5200922,25.0995815],[121.5200599,25.0994065],[121.5200446,25.0992541],[121.5200382,25.0991507],[121.5200395,25.0990053],[121.5200508,25.0988355],[121.5200801,25.0986414]]}},{"type":"Feature","properties":{"kind":"bridge","osm_id":501857534,"name":""},"geometry":{"type":"LineString","coordinates":[[121.520277,25.0996183],[121.5202501,25.0995076],[121.520222,25.0993365],[121.5202087,25.0991462],[121.5202099,25.0989934],[121.5202193,25.0988633],[121.5202411,25.0987173],[121.5202688,25.0986296]]}},{"type":"Feature","properties":{"kind":"bridge","osm_id":501884476,"name":""},"geometry":{"type":"LineString","coordinates":[[121.5166579,25.078893],[121.5163905,25.079084]]}},{"type":"Feature","properties":{"kind":"bridge","osm_id":503206882,"name":""},"geometry":{"type":"LineString","coordinates":[[121.5744786,25.063211],[121.5748855,25.0632894]]}},{"type":"Feature","properties":{"kind":"bridge","osm_id":504124891,"name":"故宮路"},"geometry":{"type":"LineString","coordinates":[[121.5466869,25.0977226],[121.5467351,25.09761]]}},{"type":"Feature","properties":{"kind":"bridge","osm_id":504124893,"name":"故宮路"},"geometry":{"type":"LineString","coordinates":[[121.5467633,25.0977197],[121.5467309,25.0977954]]}},{"type":"Feature","properties":{"kind":"bridge","osm_id":513491895,"name":"人行空橋"},"geometry":{"type":"LineString","coordinates":[[121.5665059,25.0346047],[121.566513,25.0349267]]}},{"type":"Feature","properties":{"kind":"bridge","osm_id":513491896,"name":"人行空橋"},"geometry":{"type":"LineString","coordinates":[[121.5656967,25.0346508],[121.5657201,25.0346625],[121.5658121,25.0346608],[121.5658112,25.0346174],[121.5665059,25.0346047],[121.5665048,25.0345564],[121.5668459,25.0345502],[121.5668487,25.0346751],[121.5670698,25.0347365],[121.567367,25.034731],[121.5679435,25.0347204]]}},{"type":"Feature","properties":{"kind":"bridge","osm_id":515730129,"name":"新生高架道路"},"geometry":{"type":"LineString","coordinates":[[121.5247052,25.0789017],[121.5246023,25.0792678]]}},{"type":"Feature","properties":{"kind":"bridge","osm_id":519643765,"name":""},"geometry":{"type":"LineString","coordinates":[[121.5146828,25.0491209],[121.5141427,25.049245]]}},{"type":"Feature","properties":{"kind":"bridge","osm_id":527496759,"name":""},"geometry":{"type":"LineString","coordinates":[[121.5402562,25.0626462],[121.5401877,25.062717],[121.540127,25.0628527],[121.5400549,25.0629695],[121.5399081,25.0631021],[121.5398046,25.0632547],[121.5397363,25.0633492],[121.5397155,25.0633659],[121.5395372,25.063509],[121.539298,25.0636591]]}},{"type":"Feature","properties":{"kind":"bridge","osm_id":527500987,"name":""},"geometry":{"type":"LineString","coordinates":[[121.5364744,25.0673647],[121.5364767,25.0672893],[121.5365037,25.0672281],[121.5365622,25.0671696]]}},{"type":"Feature","properties":{"kind":"bridge","osm_id":527500990,"name":""},"geometry":{"type":"LineString","coordinates":[[121.5380471,25.067121],[121.5381098,25.0671862],[121.5381388,25.0672338],[121.5381473,25.0673451]]}},{"type":"Feature","properties":{"kind":"bridge","osm_id":530053661,"name":"文林橋"},"geometry":{"type":"LineString","coordinates":[[121.5156266,25.1017438],[121.518021,25.101913],[121.5183391,25.1019142],[121.520518,25.1018315]]}},{"type":"Feature","properties":{"kind":"bridge","osm_id":530053663,"name":"文林橋"},"geometry":{"type":"LineString","coordinates":[[121.5205137,25.1019255],[121.5201435,25.1019415],[121.5196895,25.10193],[121.5183314,25.1019846],[121.5180198,25.1019796],[121.5156201,25.1018097]]}},{"type":"Feature","properties":{"kind":"bridge","osm_id":542486313,"name":""},"geometry":{"type":"LineString","coordinates":[[121.5589877,25.0451773],[121.5598288,25.0450924],[121.5602332,25.0450748]]}},{"type":"Feature","properties":{"kind":"bridge","osm_id":542931825,"name":""},"geometry":{"type":"LineString","coordinates":[[121.5317081,25.0923375],[121.5316218,25.0922924],[121.5315786,25.0923185],[121.5315002,25.0926193]]}},{"type":"Feature","properties":{"kind":"bridge","osm_id":543055424,"name":""},"geometry":{"type":"LineString","coordinates":[[121.5553352,25.0854983],[121.555248,25.0852517]]}},{"type":"Feature","properties":{"kind":"bridge","osm_id":550496019,"name":"新生高架道路"},"geometry":{"type":"LineString","coordinates":[[121.5245247,25.079246],[121.5246337,25.0788829]]}},{"type":"Feature","properties":{"kind":"bridge","osm_id":552513838,"name":"麥帥一橋"},"geometry":{"type":"LineString","coordinates":[[121.5722124,25.0521163],[121.5747935,25.0534943]]}},{"type":"Feature","properties":{"kind":"bridge","osm_id":559134530,"name":""},"geometry":{"type":"LineString","coordinates":[[121.5544541,25.0865784],[121.5544295,25.0866307],[121.5544952,25.0866787],[121.5545502,25.0867394],[121.5545703,25.0868038],[121.5545113,25.086856],[121.5544213,25.0868279],[121.5543779,25.086888],[121.5541986,25.0868234]]}},{"type":"Feature","properties":{"kind":"bridge","osm_id":574673506,"name":""},"geometry":{"type":"LineString","coordinates":[[121.5140795,25.039274],[121.5141696,25.0391679]]}},{"type":"Feature","properties":{"kind":"bridge","osm_id":574673508,"name":""},"geometry":{"type":"LineString","coordinates":[[121.5142037,25.039309],[121.514205,25.0392293]]}},{"type":"Feature","properties":{"kind":"bridge","osm_id":574673511,"name":""},"geometry":{"type":"LineString","coordinates":[[121.5142678,25.038919],[121.5142689,25.0389843],[121.5143398,25.0389822],[121.5143421,25.0390458]]}},{"type":"Feature","properties":{"kind":"bridge","osm_id":581377324,"name":"臺北轉運站出站通道"},"geometry":{"type":"LineString","coordinates":[[121.5181385,25.0487924],[121.5181158,25.048778],[121.5180941,25.048767],[121.5180639,25.0487553],[121.5180302,25.0487462],[121.5179957,25.0487414],[121.5176869,25.0487371],[121.517467,25.0487359],[121.5166273,25.0488765],[121.5164157,25.0488374]]}},{"type":"Feature","properties":{"kind":"bridge","osm_id":587704310,"name":""},"geometry":{"type":"LineString","coordinates":[[121.5289001,25.0836772],[121.528867,25.0836552]]}},{"type":"Feature","properties":{"kind":"bridge","osm_id":590103583,"name":""},"geometry":{"type":"LineString","coordinates":[[121.5192528,25.0346049],[121.5192315,25.0347084]]}},{"type":"Feature","properties":{"kind":"bridge","osm_id":599378058,"name":"大直橋"},"geometry":{"type":"LineString","coordinates":[[121.5443753,25.0730156],[121.5443914,25.0734905],[121.5444083,25.0744779],[121.5444398,25.0750385],[121.54447,25.076712]]}},{"type":"Feature","properties":{"kind":"bridge","osm_id":600027295,"name":""},"geometry":{"type":"LineString","coordinates":[[121.5561237,25.0781626],[121.5555784,25.0781793]]}},{"type":"Feature","properties":{"kind":"bridge","osm_id":605982493,"name":""},"geometry":{"type":"LineString","coordinates":[[121.5182447,25.0493672],[121.5182311,25.0493925],[121.5181983,25.0494077],[121.518151,25.0494232],[121.5178221,25.0494821],[121.5176826,25.0495034],[121.5171053,25.0495891],[121.5169907,25.0496032]]}},{"type":"Feature","properties":{"kind":"bridge","osm_id":605982494,"name":""},"geometry":{"type":"LineString","coordinates":[[121.5169907,25.0496032],[121.517103,25.0495782],[121.5176799,25.0494985]]}},{"type":"Feature","properties":{"kind":"bridge","osm_id":607939909,"name":"基隆河左岸自行車道"},"geometry":{"type":"LineString","coordinates":[[121.533468,25.0746397],[121.5338879,25.0746374]]}},{"type":"Feature","properties":{"kind":"bridge","osm_id":607939910,"name":""},"geometry":{"type":"LineString","coordinates":[[121.5255457,25.0745803],[121.5254551,25.0745064],[121.5244354,25.0738858],[121.5244066,25.0738607],[121.5244123,25.0738685]]}},{"type":"Feature","properties":{"kind":"bridge","osm_id":630169120,"name":"圓山市景步道"},"geometry":{"type":"LineString","coordinates":[[121.528867,25.0836552],[121.5288685,25.0835789],[121.5288631,25.0835629],[121.5288227,25.0835218],[121.528786,25.0834731],[121.528779,25.0834579],[121.528718,25.0833238],[121.5287131,25.0833123],[121.5286629,25.0832594]]}},{"type":"Feature","properties":{"kind":"bridge","osm_id":630196798,"name":"圓山市景步道"},"geometry":{"type":"LineString","coordinates":[[121.5286629,25.0832594],[121.5285588,25.0831369],[121.5284965,25.083062],[121.5284142,25.0830207]]}},{"type":"Feature","properties":{"kind":"bridge","osm_id":652245428,"name":""},"geometry":{"type":"LineString","coordinates":[[121.5119306,25.1000591],[121.5115887,25.100007]]}},{"type":"Feature","properties":{"kind":"bridge","osm_id":652245432,"name":""},"geometry":{"type":"LineString","coordinates":[[121.5119605,25.1006132],[121.5117596,25.1007022],[121.5117511,25.1008583],[121.5116397,25.100908],[121.5116267,25.1010983]]}},{"type":"Feature","properties":{"kind":"bridge","osm_id":653943899,"name":""},"geometry":{"type":"LineString","coordinates":[[121.5311958,25.0960231],[121.5311983,25.0959865],[121.531111,25.0959321],[121.5310441,25.0959083],[121.5309657,25.0958903],[121.5309482,25.0959626],[121.5309261,25.0960811],[121.5310717,25.0961074],[121.5311983,25.0961306],[121.5312001,25.0961161],[121.5310861,25.0960198]]}},{"type":"Feature","properties":{"kind":"bridge","osm_id":653943900,"name":""},"geometry":{"type":"LineString","coordinates":[[121.531111,25.0959321],[121.5310973,25.0959562],[121.531071,25.0959765],[121.5310427,25.0959814],[121.5310084,25.0959794]]}},{"type":"Feature","properties":{"kind":"bridge","osm_id":653943905,"name":""},"geometry":{"type":"LineString","coordinates":[[121.5310717,25.0961074],[121.5310869,25.0960945],[121.5310955,25.0960723],[121.5310943,25.0960478],[121.5310861,25.0960198],[121.5310084,25.0959794],[121.5309482,25.0959626],[121.5308856,25.0959461],[121.530771,25.0959503],[121.5306717,25.0959515],[121.5306208,25.0959272],[121.5306074,25.0958647],[121.5306254,25.095824],[121.5306724,25.0958022],[121.5307307,25.0958058],[121.5307549,25.0958319]]}},{"type":"Feature","properties":{"kind":"bridge","osm_id":653943906,"name":""},"geometry":{"type":"LineString","coordinates":[[121.5309503,25.0957456],[121.5309253,25.0957814],[121.5308616,25.0957718],[121.530799,25.0958187],[121.5307613,25.0957791],[121.5307124,25.0957563],[121.5306527,25.0957504],[121.5305926,25.0957682],[121.5305754,25.0957853],[121.5305464,25.0958142],[121.5305317,25.0958616],[121.5305352,25.0959157],[121.5305285,25.0959538],[121.5305067,25.0959771],[121.5304728,25.0959813],[121.5304374,25.0959736],[121.5304231,25.0959523]]}},{"type":"Feature","properties":{"kind":"bridge","osm_id":653943907,"name":""},"geometry":{"type":"LineString","coordinates":[[121.5305754,25.0957853],[121.5305447,25.0957604]]}},{"type":"Feature","properties":{"kind":"bridge","osm_id":653943908,"name":""},"geometry":{"type":"LineString","coordinates":[[121.5305926,25.0957682],[121.5306549,25.095779],[121.5306724,25.0958022]]}},{"type":"Feature","properties":{"kind":"bridge","osm_id":653943910,"name":""},"geometry":{"type":"LineString","coordinates":[[121.5306208,25.0959272],[121.5305867,25.0959142],[121.5305352,25.0959157]]}},{"type":"Feature","properties":{"kind":"bridge","osm_id":653943911,"name":""},"geometry":{"type":"LineString","coordinates":[[121.5305067,25.0959771],[121.5305012,25.0960476],[121.5304814,25.0961101]]}},{"type":"Feature","properties":{"kind":"bridge","osm_id":654120358,"name":""},"geometry":{"type":"LineString","coordinates":[[121.5291753,25.0904812],[121.5291235,25.0905545],[121.529074,25.0905482],[121.5290485,25.0904781],[121.5290753,25.0904129],[121.5291275,25.0903805],[121.529133,25.0903452],[121.5290911,25.0902915],[121.5290565,25.0902805],[121.5290188,25.0902902],[121.5290056,25.0902787],[121.5289879,25.0902747],[121.5289703,25.0902793],[121.5289576,25.0902912],[121.5289532,25.0903073],[121.5289583,25.0903232],[121.5289714,25.0903347],[121.5289891,25.0903387],[121.5290067,25.0903341],[121.5290194,25.0903222],[121.5290241,25.0903071],[121.5290188,25.0902902]]}},{"type":"Feature","properties":{"kind":"bridge","osm_id":654172074,"name":""},"geometry":{"type":"LineString","coordinates":[[121.5307613,25.0957791],[121.5307307,25.0958058]]}},{"type":"Feature","properties":{"kind":"bridge","osm_id":662016779,"name":""},"geometry":{"type":"LineString","coordinates":[[121.5406014,25.0815894],[121.5403872,25.0815833]]}},{"type":"Feature","properties":{"kind":"bridge","osm_id":662016780,"name":""},"geometry":{"type":"LineString","coordinates":[[121.5406329,25.0815954],[121.5406014,25.0815894],[121.5406225,25.081311]]}},{"type":"Feature","properties":{"kind":"bridge","osm_id":662278605,"name":""},"geometry":{"type":"LineString","coordinates":[[121.5679435,25.0347204],[121.5679429,25.0346929],[121.56812,25.0346898]]}},{"type":"Feature","properties":{"kind":"bridge","osm_id":663679151,"name":""},"geometry":{"type":"LineString","coordinates":[[121.5677703,25.0373699],[121.5677739,25.0375249]]}},{"type":"Feature","properties":{"kind":"bridge","osm_id":664360513,"name":""},"geometry":{"type":"LineString","coordinates":[[121.5234725,25.0996009],[121.5237429,25.0985574]]}},{"type":"Feature","properties":{"kind":"bridge","osm_id":664360517,"name":""},"geometry":{"type":"LineString","coordinates":[[121.5263709,25.1006832],[121.5264907,25.1004271],[121.5265592,25.1002566],[121.526617,25.1000591],[121.5267084,25.0997058]]}},{"type":"Feature","properties":{"kind":"bridge","osm_id":664360520,"name":""},"geometry":{"type":"LineString","coordinates":[[121.5265996,25.1007079],[121.5266975,25.1004884],[121.526776,25.1002941],[121.5268485,25.1000613],[121.5269386,25.0997317]]}},{"type":"Feature","properties":{"kind":"bridge","osm_id":664360524,"name":""},"geometry":{"type":"LineString","coordinates":[[121.53256,25.1001893],[121.5326408,25.1001826]]}},{"type":"Feature","properties":{"kind":"bridge","osm_id":664360532,"name":"雙溪線自行車道"},"geometry":{"type":"LineString","coordinates":[[121.5307388,25.0995738],[121.5308112,25.0996115]]}},{"type":"Feature","properties":{"kind":"bridge","osm_id":664360539,"name":""},"geometry":{"type":"LineString","coordinates":[[121.5288954,25.099758],[121.5289645,25.0997252],[121.5290966,25.0996761],[121.5293414,25.0996154]]}},{"type":"Feature","properties":{"kind":"bridge","osm_id":664360540,"name":"雙溪線自行車道"},"geometry":{"type":"LineString","coordinates":[[121.5288713,25.0997091],[121.5293186,25.0995799]]}},{"type":"Feature","properties":{"kind":"bridge","osm_id":664360547,"name":"雙溪線自行車道"},"geometry":{"type":"LineString","coordinates":[[121.5283287,25.1006791],[121.5282118,25.1007096],[121.5280628,25.100719],[121.5279528,25.1007114]]}},{"type":"Feature","properties":{"kind":"bridge","osm_id":664360552,"name":""},"geometry":{"type":"LineString","coordinates":[[121.5325207,25.0994384],[121.5326408,25.1001826],[121.5328118,25.1012425]]}},{"type":"Feature","properties":{"kind":"bridge","osm_id":664360553,"name":"雙溪線自行車道"},"geometry":{"type":"LineString","coordinates":[[121.5296614,25.1003371],[121.529467,25.1003821]]}},{"type":"Feature","properties":{"kind":"bridge","osm_id":664583660,"name":""},"geometry":{"type":"LineString","coordinates":[[121.5328188,25.1002188],[121.5327426,25.1002214]]}},{"type":"Feature","properties":{"kind":"bridge","osm_id":664757178,"name":""},"geometry":{"type":"LineString","coordinates":[[121.5326088,25.0994229],[121.5327426,25.1002214],[121.5329046,25.1011875]]}},{"type":"Feature","properties":{"kind":"bridge","osm_id":664765626,"name":""},"geometry":{"type":"LineString","coordinates":[[121.5301566,25.092145],[121.5301299,25.0921799]]}},{"type":"Feature","properties":{"kind":"bridge","osm_id":664765629,"name":""},"geometry":{"type":"LineString","coordinates":[[121.5303304,25.0918382],[121.5303302,25.0918453],[121.5303247,25.0918452],[121.5303245,25.0918536],[121.5303336,25.0918537],[121.5303334,25.0918636]]}},{"type":"Feature","properties":{"kind":"bridge","osm_id":666459747,"name":""},"geometry":{"type":"LineString","coordinates":[[121.5314782,25.0930365],[121.5314566,25.0930291],[121.5314483,25.0930387],[121.5314518,25.0930499],[121.5314466,25.0930614],[121.5314315,25.0930584]]}},{"type":"Feature","properties":{"kind":"bridge","osm_id":668037878,"name":"建國快速道路"},"geometry":{"type":"LineString","coordinates":[[121.5377074,25.0248692],[121.5377608,25.0262565],[121.5377755,25.0285981],[121.5378399,25.0319949],[121.5378988,25.035554],[121.5379109,25.0360935],[121.5379149,25.0367836],[121.5379283,25.0372751],[121.5379364,25.037808],[121.5379538,25.0387035],[121.5379337,25.0392272],[121.5378828,25.0397035],[121.5377969,25.0401118],[121.5376467,25.0405589],[121.5375683,25.0407428]]}},{"type":"Feature","properties":{"kind":"bridge","osm_id":668070774,"name":"市民大道高架道路"},"geometry":{"type":"LineString","coordinates":[[121.5184518,25.0485155],[121.5176198,25.0486556]]}},{"type":"Feature","properties":{"kind":"bridge","osm_id":668070775,"name":"市民大道高架道路"},"geometry":{"type":"LineString","coordinates":[[121.5103268,25.0502484],[121.5091789,25.0504428],[121.5082991,25.0505789],[121.5076661,25.0506663]]}},{"type":"Feature","properties":{"kind":"bridge","osm_id":668070788,"name":"市民大道高架道路"},"geometry":{"type":"LineString","coordinates":[[121.5177083,25.0484794],[121.5184222,25.0483928]]}},{"type":"Feature","properties":{"kind":"bridge","osm_id":684893166,"name":""},"geometry":{"type":"LineString","coordinates":[[121.5362475,25.098374],[121.5362971,25.0982599]]}},{"type":"Feature","properties":{"kind":"bridge","osm_id":684893167,"name":""},"geometry":{"type":"LineString","coordinates":[[121.5365527,25.0986323],[121.5365241,25.0985946],[121.5365633,25.0985702],[121.5365006,25.0984877]]}},{"type":"Feature","properties":{"kind":"bridge","osm_id":684893168,"name":""},"geometry":{"type":"LineString","coordinates":[[121.5357188,25.0984664],[121.5357761,25.0984803],[121.5357957,25.0984138],[121.5358284,25.0984217],[121.5358895,25.0984365],[121.5359187,25.0984436],[121.5359232,25.0984283],[121.535977,25.0984413],[121.5359867,25.0984083],[121.5360408,25.0984214],[121.5360474,25.0984005]]}},{"type":"Feature","properties":{"kind":"bridge","osm_id":698596041,"name":""},"geometry":{"type":"LineString","coordinates":[[121.5442513,25.0774348],[121.5442753,25.0792353]]}},{"type":"Feature","properties":{"kind":"bridge","osm_id":698602676,"name":""},"geometry":{"type":"LineString","coordinates":[[121.5339058,25.0746969],[121.5334756,25.0746984]]}},{"type":"Feature","properties":{"kind":"bridge","osm_id":720513438,"name":"大直橋人行道"},"geometry":{"type":"LineString","coordinates":[[121.5444846,25.0730149],[121.544467,25.0734775],[121.5445036,25.0744962],[121.5445376,25.0750423],[121.5445702,25.0767334],[121.5445769,25.0768191],[121.5445889,25.076912],[121.5446098,25.0769938],[121.5446354,25.0770499],[121.5446511,25.0770809]]}},{"type":"Feature","properties":{"kind":"bridge","osm_id":720513439,"name":""},"geometry":{"type":"LineString","coordinates":[[121.5445393,25.0772339],[121.5445415,25.0772767],[121.5447174,25.0772762]]}},{"type":"Feature","properties":{"kind":"bridge","osm_id":721146499,"name":""},"geometry":{"type":"LineString","coordinates":[[121.5329208,25.0876813],[121.5329927,25.0877175]]}},{"type":"Feature","properties":{"kind":"bridge","osm_id":729308271,"name":"九重花有魚橋"},"geometry":{"type":"LineString","coordinates":[[121.5270785,25.0885038],[121.5271718,25.088471]]}},{"type":"Feature","properties":{"kind":"bridge","osm_id":752147499,"name":"機車專用道"},"geometry":{"type":"LineString","coordinates":[[121.5368185,25.0436306],[121.5368009,25.0438728],[121.5368278,25.0443884],[121.5368278,25.0446939],[121.5368288,25.0449128],[121.5368321,25.0451677],[121.5368417,25.0454926],[121.5368331,25.0458944],[121.536846,25.0462222],[121.5368868,25.0465977],[121.5368944,25.0471114],[121.5369051,25.0474879],[121.5369115,25.0478527],[121.5369271,25.0482502]]}},{"type":"Feature","properties":{"kind":"bridge","osm_id":752147500,"name":"機慢車專用道"},"geometry":{"type":"LineString","coordinates":[[121.5364744,25.0485127],[121.5365289,25.0483935],[121.5365261,25.0482784],[121.5365218,25.048136],[121.5365151,25.0479269],[121.5364592,25.0461131],[121.5364032,25.0443745],[121.5363947,25.0440133],[121.5364162,25.0436162],[121.5364422,25.0432109],[121.5364982,25.0428681],[121.5367052,25.0421456],[121.5368542,25.0419347]]}},{"type":"Feature","properties":{"kind":"bridge","osm_id":764187879,"name":"建國快速道路"},"geometry":{"type":"LineString","coordinates":[[121.5378224,25.0377958],[121.5378291,25.0371397],[121.5377969,25.035537],[121.537754,25.0320144],[121.5376996,25.0295407],[121.5376776,25.0283781],[121.5376495,25.0262662],[121.5376028,25.0248686]]}},{"type":"Feature","properties":{"kind":"bridge","osm_id":766389841,"name":""},"geometry":{"type":"LineString","coordinates":[[121.5359623,25.1003049],[121.5360098,25.1002377],[121.5360836,25.1001639],[121.5361885,25.1000895],[121.5362977,25.1000303],[121.5364006,25.0999932],[121.5365323,25.099977],[121.536679,25.099996],[121.5367467,25.1000335],[121.5368166,25.1000841],[121.536891,25.1001544],[121.5369377,25.1002288],[121.5369725,25.1003036],[121.5369928,25.1003919],[121.5369818,25.1004779],[121.5369537,25.1005612],[121.5369188,25.1006334],[121.5368719,25.1007],[121.5368026,25.1007597],[121.5364352,25.1009483],[121.536412,25.1009263]]}},{"type":"Feature","properties":{"kind":"bridge","osm_id":767876535,"name":"中山北路五段378巷"},"geometry":{"type":"LineString","coordinates":[[121.5286599,25.0899475],[121.5287076,25.0899325]]}},{"type":"Feature","properties":{"kind":"bridge","osm_id":770537266,"name":""},"geometry":{"type":"LineString","coordinates":[[121.5541702,25.0868097],[121.5541986,25.0868234]]}},{"type":"Feature","properties":{"kind":"bridge","osm_id":772964648,"name":"平樂陸橋"},"geometry":{"type":"LineString","coordinates":[[121.5112513,25.0609096],[121.5113995,25.0609187]]}},{"type":"Feature","properties":{"kind":"bridge","osm_id":773061588,"name":"濱江街"},"geometry":{"type":"LineString","coordinates":[[121.533892,25.073482],[121.5334798,25.073688]]}},{"type":"Feature","properties":{"kind":"bridge","osm_id":777286748,"name":"雙溪線自行車道"},"geometry":{"type":"LineString","coordinates":[[121.5259719,25.1005286],[121.525861,25.1005176]]}},{"type":"Feature","properties":{"kind":"bridge","osm_id":777286751,"name":""},"geometry":{"type":"LineString","coordinates":[[121.5241179,25.0989212],[121.5241824,25.0989669]]}},{"type":"Feature","properties":{"kind":"bridge","osm_id":777286752,"name":"雙溪線自行車道"},"geometry":{"type":"LineString","coordinates":[[121.5240428,25.0990358],[121.5240968,25.0990751]]}},{"type":"Feature","properties":{"kind":"bridge","osm_id":777894182,"name":""},"geometry":{"type":"LineString","coordinates":[[121.5307141,25.0966222],[121.5307888,25.0965523]]}},{"type":"Feature","properties":{"kind":"bridge","osm_id":777894189,"name":""},"geometry":{"type":"LineString","coordinates":[[121.5297391,25.0966458],[121.5297447,25.0966406]]}},{"type":"Feature","properties":{"kind":"bridge","osm_id":777894191,"name":""},"geometry":{"type":"LineString","coordinates":[[121.5298312,25.0966538],[121.5298366,25.0966519]]}},{"type":"Feature","properties":{"kind":"bridge","osm_id":777894214,"name":""},"geometry":{"type":"LineString","coordinates":[[121.528993,25.0922071],[121.5291757,25.0922449]]}},{"type":"Feature","properties":{"kind":"bridge","osm_id":777894230,"name":""},"geometry":{"type":"LineString","coordinates":[[121.5285851,25.0915696],[121.5287162,25.0915324]]}},{"type":"Feature","properties":{"kind":"bridge","osm_id":777894238,"name":""},"geometry":{"type":"LineString","coordinates":[[121.5316749,25.0927835],[121.5317047,25.0926888],[121.531867,25.0927136],[121.5319552,25.0926737],[121.5319361,25.0926219],[121.5318572,25.092531]]}},{"type":"Feature","properties":{"kind":"bridge","osm_id":778262181,"name":"雙溪線自行車道"},"geometry":{"type":"LineString","coordinates":[[121.5197758,25.099682],[121.5197317,25.0997445]]}},{"type":"Feature","properties":{"kind":"bridge","osm_id":779270996,"name":"濱江街"},"geometry":{"type":"LineString","coordinates":[[121.5467902,25.0723383],[121.5444235,25.07239],[121.5429868,25.0724456],[121.5399739,25.072564]]}},{"type":"Feature","properties":{"kind":"bridge","osm_id":779271009,"name":"濱江跨越橋"},"geometry":{"type":"LineString","coordinates":[[121.5399488,25.072402],[121.542962,25.0722749],[121.544406,25.0722248],[121.5468255,25.0721739]]}},{"type":"Feature","properties":{"kind":"bridge","osm_id":779317716,"name":""},"geometry":{"type":"LineString","coordinates":[[121.5369928,25.1003919],[121.5372259,25.1005862]]}},{"type":"Feature","properties":{"kind":"bridge","osm_id":779317717,"name":""},"geometry":{"type":"LineString","coordinates":[[121.536679,25.099996],[121.5365664,25.0997263]]}},{"type":"Feature","properties":{"kind":"bridge","osm_id":780243741,"name":""},"geometry":{"type":"LineString","coordinates":[[121.5245303,25.081621],[121.524433,25.0815876]]}},{"type":"Feature","properties":{"kind":"bridge","osm_id":783086419,"name":"芝山岩環狀步道"},"geometry":{"type":"LineString","coordinates":[[121.5318646,25.1020646],[121.5321113,25.1020632],[121.5322293,25.1021592],[121.5323477,25.1021002],[121.5323663,25.1020781],[121.5323724,25.1020709],[121.5325187,25.1018156],[121.5326466,25.10175],[121.5327121,25.1017612],[121.5329529,25.1016734]]}},{"type":"Feature","properties":{"kind":"bridge","osm_id":783086428,"name":""},"geometry":{"type":"LineString","coordinates":[[121.5322507,25.1023262],[121.5322293,25.1021592]]}},{"type":"Feature","properties":{"kind":"bridge","osm_id":783086439,"name":""},"geometry":{"type":"LineString","coordinates":[[121.5314702,25.1023963],[121.5314149,25.1023296]]}},{"type":"Feature","properties":{"kind":"bridge","osm_id":783086440,"name":""},"geometry":{"type":"LineString","coordinates":[[121.5314903,25.1022312],[121.5314742,25.1023371]]}},{"type":"Feature","properties":{"kind":"bridge","osm_id":783222595,"name":""},"geometry":{"type":"LineString","coordinates":[[121.5207758,25.0766215],[121.520787,25.0766525],[121.5215401,25.0787374]]}},{"type":"Feature","properties":{"kind":"bridge","osm_id":783222597,"name":""},"geometry":{"type":"LineString","coordinates":[[121.5212892,25.0788087],[121.520524,25.0767065],[121.5205154,25.0766822]]}},{"type":"Feature","properties":{"kind":"bridge","osm_id":787186854,"name":""},"geometry":{"type":"LineString","coordinates":[[121.5130852,25.0989151],[121.5130977,25.0988848],[121.5134823,25.0979508]]}},{"type":"Feature","properties":{"kind":"bridge","osm_id":787186855,"name":""},"geometry":{"type":"LineString","coordinates":[[121.5127145,25.0987582],[121.5130965,25.0978197]]}},{"type":"Feature","properties":{"kind":"bridge","osm_id":788104055,"name":""},"geometry":{"type":"LineString","coordinates":[[121.537516,25.1005079],[121.537488,25.100526],[121.5374183,25.1004372]]}},{"type":"Feature","properties":{"kind":"bridge","osm_id":788104057,"name":""},"geometry":{"type":"LineString","coordinates":[[121.5367904,25.099611],[121.5374183,25.1004372]]}},{"type":"Feature","properties":{"kind":"bridge","osm_id":788104058,"name":""},"geometry":{"type":"LineString","coordinates":[[121.5372681,25.1005489],[121.5366271,25.0997088]]}},{"type":"Feature","properties":{"kind":"bridge","osm_id":793881829,"name":""},"geometry":{"type":"LineString","coordinates":[[121.5286676,25.0917088],[121.5286226,25.0917325],[121.5286414,25.0917908],[121.5287326,25.0919311],[121.5288016,25.0920907],[121.5288144,25.0921205],[121.5289522,25.0921452]]}},{"type":"Feature","properties":{"kind":"bridge","osm_id":795041697,"name":""},"geometry":{"type":"LineString","coordinates":[[121.5185858,25.1021099],[121.5185874,25.1022068]]}},{"type":"Feature","properties":{"kind":"bridge","osm_id":795041698,"name":""},"geometry":{"type":"LineString","coordinates":[[121.5187468,25.1021046],[121.5185858,25.1021099]]}},{"type":"Feature","properties":{"kind":"bridge","osm_id":795041699,"name":""},"geometry":{"type":"LineString","coordinates":[[121.517346,25.1019737],[121.517343,25.1020113],[121.5174794,25.1020199]]}},{"type":"Feature","properties":{"kind":"bridge","osm_id":795041700,"name":""},"geometry":{"type":"LineString","coordinates":[[121.5185858,25.1021099],[121.5183251,25.1021184],[121.5183228,25.1020612],[121.5180976,25.1020611],[121.5174794,25.1020199]]}},{"type":"Feature","properties":{"kind":"bridge","osm_id":795041704,"name":""},"geometry":{"type":"LineString","coordinates":[[121.5214601,25.0993124],[121.5213954,25.0991602],[121.5213895,25.0991461]]}},{"type":"Feature","properties":{"kind":"bridge","osm_id":795041707,"name":""},"geometry":{"type":"LineString","coordinates":[[121.520298,25.099683],[121.520277,25.0996183]]}},{"type":"Feature","properties":{"kind":"bridge","osm_id":795041709,"name":""},"geometry":{"type":"LineString","coordinates":[[121.5201415,25.0997642],[121.5201258,25.0997148]]}},{"type":"Feature","properties":{"kind":"bridge","osm_id":824647804,"name":""},"geometry":{"type":"LineString","coordinates":[[121.5461597,25.0932207],[121.5462486,25.0933963]]}},{"type":"Feature","properties":{"kind":"bridge","osm_id":857153992,"name":""},"geometry":{"type":"LineString","coordinates":[[121.5271223,25.0712775],[121.5273218,25.0710416]]}},{"type":"Feature","properties":{"kind":"bridge","osm_id":857513613,"name":"中山高速公路"},"geometry":{"type":"LineString","coordinates":[[121.5194183,25.076944],[121.5196241,25.0769048],[121.520074,25.0768039]]}},{"type":"Feature","properties":{"kind":"bridge","osm_id":857513614,"name":"台北交流道"},"geometry":{"type":"LineString","coordinates":[[121.5173956,25.0772599],[121.519023,25.0769713],[121.5194183,25.076944]]}},{"type":"Feature","properties":{"kind":"bridge","osm_id":859342012,"name":""},"geometry":{"type":"LineString","coordinates":[[121.5251165,25.0728573],[121.5247422,25.0733982],[121.5247827,25.0734186]]}},{"type":"Feature","properties":{"kind":"bridge","osm_id":860377110,"name":"大直橋人行道"},"geometry":{"type":"LineString","coordinates":[[121.5446525,25.0770975],[121.5445665,25.0771407],[121.5445707,25.0773094]]}},{"type":"Feature","properties":{"kind":"bridge","osm_id":860377111,"name":"大直橋人行道"},"geometry":{"type":"LineString","coordinates":[[121.5445711,25.0773254],[121.5447178,25.0773252],[121.5447179,25.0773488]]}},{"type":"Feature","properties":{"kind":"bridge","osm_id":860377112,"name":"大直橋人行道"},"geometry":{"type":"LineString","coordinates":[[121.5445711,25.0773254],[121.5445486,25.0773254],[121.5445486,25.0773094],[121.5445707,25.0773094]]}},{"type":"Feature","properties":{"kind":"bridge","osm_id":860377113,"name":""},"geometry":{"type":"LineString","coordinates":[[121.5447174,25.0772762],[121.5447178,25.0773252]]}},{"type":"Feature","properties":{"kind":"bridge","osm_id":860377114,"name":"大直橋人行道"},"geometry":{"type":"LineString","coordinates":[[121.5446021,25.077349],[121.5447179,25.0773488]]}},{"type":"Feature","properties":{"kind":"bridge","osm_id":860377115,"name":"大直橋人行道"},"geometry":{"type":"LineString","coordinates":[[121.5446525,25.0770975],[121.5446897,25.0770788],[121.5446823,25.0770666],[121.5446511,25.0770809]]}},{"type":"Feature","properties":{"kind":"bridge","osm_id":860377116,"name":""},"geometry":{"type":"LineString","coordinates":[[121.5329041,25.077807],[121.5328719,25.0776928],[121.5329886,25.0776624],[121.5330201,25.0777693]]}},{"type":"Feature","properties":{"kind":"bridge","osm_id":861204875,"name":""},"geometry":{"type":"LineString","coordinates":[[121.5441446,25.0520864],[121.5439247,25.0520925]]}},{"type":"Feature","properties":{"kind":"bridge","osm_id":861204877,"name":""},"geometry":{"type":"LineString","coordinates":[[121.5439253,25.0525323],[121.5441513,25.0525304]]}},{"type":"Feature","properties":{"kind":"bridge","osm_id":864202273,"name":""},"geometry":{"type":"LineString","coordinates":[[121.5347033,25.0745612],[121.5347121,25.074538],[121.5347173,25.074516],[121.5347183,25.0744955],[121.5347157,25.0744811],[121.5347148,25.0744736],[121.5347157,25.0744659],[121.5347192,25.0744539],[121.5347272,25.0744386],[121.5347342,25.0744242],[121.5347365,25.0744177],[121.5347372,25.0744135],[121.5347362,25.0744083],[121.5347331,25.0744044],[121.5347271,25.0744007],[121.5347184,25.0743985],[121.5347068,25.0743974],[121.5346939,25.0743982],[121.5346823,25.0744003],[121.5346708,25.0744032],[121.5346497,25.0744099],[121.5346314,25.0744167],[121.5346141,25.0744243],[121.5345975,25.074434],[121.5345832,25.0744442],[121.5345731,25.0744543],[121.5345658,25.0744648],[121.5345564,25.0744867],[121.5345484,25.0745128],[121.5345329,25.0745705],[121.5345182,25.0745681],[121.5345003,25.074567],[121.534484,25.0745693],[121.5344741,25.0745731],[121.534465,25.0745781],[121.5344574,25.0745835],[121.53445,25.0745905],[121.5344442,25.074597],[121.5344407,25.0746038],[121.5344389,25.0746091],[121.534439,25.0746145],[121.5344411,25.0746233],[121.5344474,25.0746334],[121.5344565,25.0746403],[121.5344688,25.0746428],[121.534482,25.0746434],[121.5345155,25.0746428],[121.5345215,25.0746616],[121.5345316,25.0746817],[121.5345399,25.0746911],[121.5345517,25.0746993],[121.5345725,25.0747096],[121.5345943,25.0747178],[121.5346194,25.074723],[121.5346417,25.0747252],[121.5346567,25.0747237],[121.5346643,25.0747183]]}},{"type":"Feature","properties":{"kind":"bridge","osm_id":865673336,"name":""},"geometry":{"type":"LineString","coordinates":[[121.5694794,25.0769406],[121.5696006,25.0769122],[121.5695959,25.0768957]]}},{"type":"Feature","properties":{"kind":"bridge","osm_id":865673340,"name":""},"geometry":{"type":"LineString","coordinates":[[121.5661852,25.0764695],[121.5660783,25.0766999]]}},{"type":"Feature","properties":{"kind":"bridge","osm_id":865673341,"name":""},"geometry":{"type":"LineString","coordinates":[[121.5658705,25.0766329],[121.5660783,25.0766999]]}},{"type":"Feature","properties":{"kind":"bridge","osm_id":865673342,"name":""},"geometry":{"type":"LineString","coordinates":[[121.5662601,25.0767586],[121.5660783,25.0766999]]}},{"type":"Feature","properties":{"kind":"bridge","osm_id":865673348,"name":""},"geometry":{"type":"LineString","coordinates":[[121.5677318,25.0770019],[121.5678592,25.0770429],[121.5678634,25.0770323]]}},{"type":"Feature","properties":{"kind":"bridge","osm_id":866629330,"name":"力行街"},"geometry":{"type":"LineString","coordinates":[[121.5485018,25.0959493],[121.548408,25.0961125]]}},{"type":"Feature","properties":{"kind":"bridge","osm_id":866629332,"name":""},"geometry":{"type":"LineString","coordinates":[[121.5484364,25.0946474],[121.5484066,25.0952801],[121.5483851,25.0955009],[121.5483235,25.0956516],[121.5482311,25.0957981],[121.5480909,25.0959166],[121.5478783,25.0960045],[121.5477053,25.0960854],[121.5475389,25.0961635],[121.547353,25.09631]]}},{"type":"Feature","properties":{"kind":"bridge","osm_id":877511548,"name":""},"geometry":{"type":"LineString","coordinates":[[121.5131705,25.0873664],[121.5130819,25.087359]]}},{"type":"Feature","properties":{"kind":"bridge","osm_id":877511553,"name":"百齡橋自行車道"},"geometry":{"type":"LineString","coordinates":[[121.5149756,25.0902501],[121.514915,25.0905828],[121.5147241,25.0910765],[121.5146968,25.0910719]]}},{"type":"Feature","properties":{"kind":"bridge","osm_id":877511554,"name":"百齡橋自行車道"},"geometry":{"type":"LineString","coordinates":[[121.5119631,25.0893403],[121.5120293,25.089013],[121.5121395,25.0883571]]}},{"type":"Feature","properties":{"kind":"bridge","osm_id":877511560,"name":""},"geometry":{"type":"LineString","coordinates":[[121.5152713,25.0899874],[121.512087,25.0878782],[121.5120547,25.0878568]]}},{"type":"Feature","properties":{"kind":"bridge","osm_id":889243273,"name":""},"geometry":{"type":"LineString","coordinates":[[121.5092141,25.0634061],[121.5089996,25.0634492]]}},{"type":"Feature","properties":{"kind":"bridge","osm_id":889243276,"name":""},"geometry":{"type":"LineString","coordinates":[[121.5091546,25.0631479],[121.5089426,25.0631819]]}},{"type":"Feature","properties":{"kind":"bridge","osm_id":889243281,"name":""},"geometry":{"type":"LineString","coordinates":[[121.5089996,25.0634492],[121.5086667,25.0635373]]}},{"type":"Feature","properties":{"kind":"bridge","osm_id":906806085,"name":"市民大道高架道路"},"geometry":{"type":"LineString","coordinates":[[121.5423481,25.0446409],[121.545346,25.044987]]}},{"type":"Feature","properties":{"kind":"bridge","osm_id":906806087,"name":"市民大道高架道路"},"geometry":{"type":"LineString","coordinates":[[121.5454434,25.0450811],[121.5423394,25.0447574]]}},{"type":"Feature","properties":{"kind":"bridge","osm_id":906806093,"name":"建國快速道路"},"geometry":{"type":"LineString","coordinates":[[121.5372819,25.0411227],[121.5373,25.0410772],[121.5375072,25.0405881],[121.5376574,25.0401409],[121.5377755,25.0396646],[121.5378184,25.0392952],[121.5378506,25.0388092],[121.5378224,25.0377958]]}},{"type":"Feature","properties":{"kind":"bridge","osm_id":906806096,"name":""},"geometry":{"type":"LineString","coordinates":[[121.5176799,25.0494985],[121.5178194,25.0494766],[121.5181453,25.0494184],[121.5181909,25.0494044],[121.5182227,25.0493895],[121.5182447,25.0493672]]}},{"type":"Feature","properties":{"kind":"bridge","osm_id":906877159,"name":"光復南路入口匝道"},"geometry":{"type":"LineString","coordinates":[[121.556628,25.0449293],[121.5555042,25.0446961],[121.5549892,25.0446353]]}},{"type":"Feature","properties":{"kind":"bridge","osm_id":910567291,"name":"建國快速道路"},"geometry":{"type":"LineString","coordinates":[[121.5366887,25.0444713],[121.5367272,25.045687],[121.5367965,25.0478729],[121.5368096,25.0485636],[121.5368667,25.0515793],[121.5369436,25.055092],[121.5369338,25.0559506],[121.5369678,25.0582505]]}},{"type":"Feature","properties":{"kind":"bridge","osm_id":910567292,"name":"建國快速道路"},"geometry":{"type":"LineString","coordinates":[[121.5375683,25.0407428],[121.5374643,25.0409866],[121.5372712,25.0414629],[121.537003,25.0421036],[121.5369107,25.042355],[121.5368327,25.0426225],[121.5367348,25.0431542],[121.5366811,25.0437277],[121.5366785,25.0441502],[121.5366887,25.0444713]]}},{"type":"Feature","properties":{"kind":"bridge","osm_id":910959595,"name":"建國快速道路"},"geometry":{"type":"LineString","coordinates":[[121.5368832,25.0582448],[121.5368454,25.0572071],[121.536824,25.0561259],[121.5368023,25.0540286],[121.536801,25.0539741],[121.5367674,25.0526117],[121.5367285,25.0510305],[121.536695,25.0492369],[121.5366785,25.0478924],[121.536608,25.0456861]]}},{"type":"Feature","properties":{"kind":"bridge","osm_id":929240429,"name":""},"geometry":{"type":"LineString","coordinates":[[121.5676973,25.0891156],[121.5676431,25.0890765]]}},{"type":"Feature","properties":{"kind":"bridge","osm_id":948565130,"name":""},"geometry":{"type":"LineString","coordinates":[[121.528002,25.068424],[121.5277369,25.068428]]}},{"type":"Feature","properties":{"kind":"bridge","osm_id":948565131,"name":""},"geometry":{"type":"LineString","coordinates":[[121.5277493,25.0682407],[121.527957,25.0682403]]}},{"type":"Feature","properties":{"kind":"bridge","osm_id":949387921,"name":""},"geometry":{"type":"LineString","coordinates":[[121.5184734,25.0634226],[121.5184733,25.0633362]]}},{"type":"Feature","properties":{"kind":"bridge","osm_id":949387922,"name":""},"geometry":{"type":"LineString","coordinates":[[121.5184738,25.0630891],[121.5184733,25.0633362]]}},{"type":"Feature","properties":{"kind":"bridge","osm_id":949390217,"name":""},"geometry":{"type":"LineString","coordinates":[[121.5179389,25.062749],[121.5180637,25.0627497]]}},{"type":"Feature","properties":{"kind":"bridge","osm_id":949390221,"name":""},"geometry":{"type":"LineString","coordinates":[[121.5181205,25.0631987],[121.5181207,25.0630963]]}},{"type":"Feature","properties":{"kind":"bridge","osm_id":960082420,"name":""},"geometry":{"type":"LineString","coordinates":[[121.5489068,25.0948202],[121.548897,25.0949244],[121.548851,25.0954113]]}},{"type":"Feature","properties":{"kind":"bridge","osm_id":960082423,"name":"自行車牽引道"},"geometry":{"type":"LineString","coordinates":[[121.5488904,25.0952769],[121.5488842,25.0953648],[121.5488288,25.0956391],[121.548798,25.0957074],[121.5487348,25.0957828],[121.5486655,25.09584],[121.5486446,25.0958245]]}},{"type":"Feature","properties":{"kind":"bridge","osm_id":960082424,"name":"自行車牽引道"},"geometry":{"type":"LineString","coordinates":[[121.5489137,25.0949664],[121.5488904,25.0952769]]}},{"type":"Feature","properties":{"kind":"bridge","osm_id":960082425,"name":""},"geometry":{"type":"LineString","coordinates":[[121.548914,25.0949615],[121.5489137,25.0949664]]}},{"type":"Feature","properties":{"kind":"bridge","osm_id":966146338,"name":""},"geometry":{"type":"LineString","coordinates":[[121.5721176,25.0656324],[121.572103,25.0656312],[121.5720823,25.0656295]]}},{"type":"Feature","properties":{"kind":"bridge","osm_id":966146340,"name":""},"geometry":{"type":"LineString","coordinates":[[121.5720742,25.0657105],[121.5720823,25.0656295]]}},{"type":"Feature","properties":{"kind":"bridge","osm_id":966146341,"name":""},"geometry":{"type":"LineString","coordinates":[[121.5721096,25.0657124],[121.5721176,25.0656324]]}},{"type":"Feature","properties":{"kind":"bridge","osm_id":1001730498,"name":""},"geometry":{"type":"LineString","coordinates":[[121.5226554,25.0694117],[121.5226796,25.0694396]]}},{"type":"Feature","properties":{"kind":"bridge","osm_id":1001730499,"name":""},"geometry":{"type":"LineString","coordinates":[[121.5227044,25.0694682],[121.5226796,25.0694396]]}},{"type":"Feature","properties":{"kind":"bridge","osm_id":1003537786,"name":""},"geometry":{"type":"LineString","coordinates":[[121.5207067,25.0557471],[121.52071,25.0558031]]}},{"type":"Feature","properties":{"kind":"bridge","osm_id":1003537787,"name":""},"geometry":{"type":"LineString","coordinates":[[121.5207255,25.0559252],[121.5207179,25.0559388],[121.5207211,25.0559925]]}},{"type":"Feature","properties":{"kind":"bridge","osm_id":1003537788,"name":""},"geometry":{"type":"LineString","coordinates":[[121.5207044,25.0558479],[121.5207023,25.0558109],[121.52071,25.0558031]]}},{"type":"Feature","properties":{"kind":"bridge","osm_id":1003537789,"name":""},"geometry":{"type":"LineString","coordinates":[[121.5207398,25.055804],[121.5207468,25.0559242],[121.5207497,25.0559739]]}},{"type":"Feature","properties":{"kind":"bridge","osm_id":1003537790,"name":""},"geometry":{"type":"LineString","coordinates":[[121.5207051,25.0557199],[121.5207067,25.0557471]]}},{"type":"Feature","properties":{"kind":"bridge","osm_id":1003537791,"name":""},"geometry":{"type":"LineString","coordinates":[[121.5207468,25.0559242],[121.5207255,25.0559252],[121.5207228,25.0558798]]}},{"type":"Feature","properties":{"kind":"bridge","osm_id":1003537792,"name":""},"geometry":{"type":"LineString","coordinates":[[121.5207253,25.0560648],[121.5207267,25.0560885]]}},{"type":"Feature","properties":{"kind":"bridge","osm_id":1003537793,"name":""},"geometry":{"type":"LineString","coordinates":[[121.5207344,25.0557117],[121.5207398,25.055804]]}},{"type":"Feature","properties":{"kind":"bridge","osm_id":1003537794,"name":""},"geometry":{"type":"LineString","coordinates":[[121.5207497,25.0559739],[121.5207522,25.0560168],[121.5207747,25.0560158],[121.520807,25.0559832]]}},{"type":"Feature","properties":{"kind":"bridge","osm_id":1004686795,"name":""},"geometry":{"type":"LineString","coordinates":[[121.5206565,25.0569266],[121.5206951,25.0568771],[121.5206384,25.0567632]]}},{"type":"Feature","properties":{"kind":"bridge","osm_id":1004686797,"name":""},"geometry":{"type":"LineString","coordinates":[[121.5206042,25.0568987],[121.5205586,25.0568094],[121.5206384,25.0567632]]}},{"type":"Feature","properties":{"kind":"bridge","osm_id":1013447223,"name":""},"geometry":{"type":"LineString","coordinates":[[121.5186207,25.062727],[121.5185106,25.0627301]]}},{"type":"Feature","properties":{"kind":"bridge","osm_id":1014060929,"name":"台北大橋"},"geometry":{"type":"LineString","coordinates":[[121.51588,25.0629543],[121.5158233,25.0629589]]}},{"type":"Feature","properties":{"kind":"bridge","osm_id":1018287754,"name":""},"geometry":{"type":"LineString","coordinates":[[121.5151393,25.0984831],[121.5151452,25.0984682],[121.5152628,25.0981873]]}},{"type":"Feature","properties":{"kind":"bridge","osm_id":1018287755,"name":""},"geometry":{"type":"LineString","coordinates":[[121.5142807,25.0982177],[121.5142965,25.0981821],[121.5144799,25.0982497],[121.5145629,25.0982435],[121.5148737,25.0983498],[121.5151393,25.0984831]]}},{"type":"Feature","properties":{"kind":"bridge","osm_id":1034076814,"name":""},"geometry":{"type":"LineString","coordinates":[[121.54236,25.0413804],[121.5425489,25.0413784]]}},{"type":"Feature","properties":{"kind":"bridge","osm_id":1050639345,"name":""},"geometry":{"type":"LineString","coordinates":[[121.5144324,25.0424686],[121.5143998,25.0424054]]}},{"type":"Feature","properties":{"kind":"bridge","osm_id":1050639378,"name":""},"geometry":{"type":"LineString","coordinates":[[121.5157518,25.0421384],[121.515797,25.0422845]]}},{"type":"Feature","properties":{"kind":"bridge","osm_id":1050800222,"name":""},"geometry":{"type":"LineString","coordinates":[[121.5176345,25.0402524],[121.5175971,25.0403134]]}},{"type":"Feature","properties":{"kind":"bridge","osm_id":1050800223,"name":""},"geometry":{"type":"LineString","coordinates":[[121.5166938,25.0406584],[121.5166466,25.0406696]]}},{"type":"Feature","properties":{"kind":"bridge","osm_id":1051278415,"name":""},"geometry":{"type":"LineString","coordinates":[[121.5270563,25.0885143],[121.5270785,25.0885038]]}},{"type":"Feature","properties":{"kind":"bridge","osm_id":1052397248,"name":""},"geometry":{"type":"LineString","coordinates":[[121.5152628,25.0981873],[121.5153539,25.0982059],[121.5154431,25.0982141],[121.5155261,25.0981718],[121.515558,25.0981667]]}},{"type":"Feature","properties":{"kind":"bridge","osm_id":1052397249,"name":""},"geometry":{"type":"LineString","coordinates":[[121.5157259,25.0978638],[121.5156833,25.0978494],[121.5155777,25.0980902],[121.5155261,25.0981718]]}},{"type":"Feature","properties":{"kind":"bridge","osm_id":1052397250,"name":""},"geometry":{"type":"LineString","coordinates":[[121.5156036,25.0980881],[121.515558,25.0981667]]}},{"type":"Feature","properties":{"kind":"bridge","osm_id":1052397253,"name":"雙溪線自行車道"},"geometry":{"type":"LineString","coordinates":[[121.5335326,25.1010392],[121.5334602,25.1010305]]}},{"type":"Feature","properties":{"kind":"bridge","osm_id":1053623544,"name":""},"geometry":{"type":"LineString","coordinates":[[121.5204174,25.0365381],[121.5204158,25.0366481]]}},{"type":"Feature","properties":{"kind":"bridge","osm_id":1062872777,"name":"環山路二段50巷14弄"},"geometry":{"type":"LineString","coordinates":[[121.5724663,25.0881044],[121.5724378,25.0881539]]}},{"type":"Feature","properties":{"kind":"bridge","osm_id":1066315470,"name":""},"geometry":{"type":"LineString","coordinates":[[121.5166245,25.1017758],[121.5166285,25.1017314],[121.5174901,25.1017964]]}},{"type":"Feature","properties":{"kind":"bridge","osm_id":1066315471,"name":""},"geometry":{"type":"LineString","coordinates":[[121.5191652,25.1018517],[121.5191632,25.1018031],[121.5183008,25.1018365]]}},{"type":"Feature","properties":{"kind":"bridge","osm_id":1066315472,"name":""},"geometry":{"type":"LineString","coordinates":[[121.5183008,25.1018365],[121.5180413,25.1018335],[121.5174901,25.1017964]]}},{"type":"Feature","properties":{"kind":"bridge","osm_id":1068154434,"name":"基隆河右岸自行車道"},"geometry":{"type":"LineString","coordinates":[[121.5105785,25.0955735],[121.510489,25.095659],[121.5104026,25.0957155],[121.5103581,25.0957822]]}},{"type":"Feature","properties":{"kind":"bridge","osm_id":1068154435,"name":"後港一號橋"},"geometry":{"type":"LineString","coordinates":[[121.5110955,25.0948512],[121.5109068,25.0950183],[121.5108352,25.0951127]]}},{"type":"Feature","properties":{"kind":"bridge","osm_id":1068154436,"name":"後港二號橋"},"geometry":{"type":"LineString","coordinates":[[121.5106398,25.0962815],[121.5106362,25.0963077],[121.5106003,25.0963854],[121.5105565,25.09652],[121.5105469,25.0966251]]}},{"type":"Feature","properties":{"kind":"bridge","osm_id":1068999023,"name":"迎風１"},"geometry":{"type":"LineString","coordinates":[[121.5446276,25.0733848],[121.5447085,25.0733833],[121.5447088,25.073395]]}},{"type":"Feature","properties":{"kind":"bridge","osm_id":1069584920,"name":""},"geometry":{"type":"LineString","coordinates":[[121.5729775,25.0679454],[121.5732132,25.0679456]]}},{"type":"Feature","properties":{"kind":"bridge","osm_id":1069584921,"name":""},"geometry":{"type":"LineString","coordinates":[[121.5730039,25.0679324],[121.5730037,25.0681702],[121.5729772,25.0681702],[121.5729775,25.0679454]]}},{"type":"Feature","properties":{"kind":"bridge","osm_id":1069584930,"name":""},"geometry":{"type":"LineString","coordinates":[[121.5722229,25.0676098],[121.5722471,25.0676025]]}},{"type":"Feature","properties":{"kind":"bridge","osm_id":1069584931,"name":""},"geometry":{"type":"LineString","coordinates":[[121.5722533,25.0676923],[121.5722229,25.0676098]]}},{"type":"Feature","properties":{"kind":"bridge","osm_id":1069584932,"name":""},"geometry":{"type":"LineString","coordinates":[[121.5722375,25.0676494],[121.5722615,25.0676422],[121.5722772,25.0676851],[121.5722533,25.0676923]]}},{"type":"Feature","properties":{"kind":"bridge","osm_id":1069584933,"name":""},"geometry":{"type":"LineString","coordinates":[[121.5722599,25.0676408],[121.5722765,25.0676859],[121.5722535,25.0676928],[121.5722375,25.0676494]]}},{"type":"Feature","properties":{"kind":"bridge","osm_id":1069584934,"name":""},"geometry":{"type":"LineString","coordinates":[[121.5721548,25.0673531],[121.5722471,25.0676025]]}},{"type":"Feature","properties":{"kind":"bridge","osm_id":1069584935,"name":""},"geometry":{"type":"LineString","coordinates":[[121.5722464,25.0676053],[121.572216,25.0676146],[121.5721228,25.0673628],[121.5721548,25.0673531]]}},{"type":"Feature","properties":{"kind":"bridge","osm_id":1069584936,"name":""},"geometry":{"type":"LineString","coordinates":[[121.5722172,25.0676137],[121.572124,25.067362],[121.572153,25.0673532],[121.5722464,25.0676053]]}},{"type":"Feature","properties":{"kind":"bridge","osm_id":1069584937,"name":""},"geometry":{"type":"LineString","coordinates":[[121.5728779,25.0678907],[121.5729854,25.0678889],[121.5732128,25.0678852]]}},{"type":"Feature","properties":{"kind":"bridge","osm_id":1069584938,"name":""},"geometry":{"type":"LineString","coordinates":[[121.5722036,25.0675822],[121.5721222,25.0673622],[121.5721529,25.0673529],[121.5722462,25.0676049],[121.5722172,25.0676137]]}},{"type":"Feature","properties":{"kind":"bridge","osm_id":1070592884,"name":"基隆河右岸自行車道"},"geometry":{"type":"LineString","coordinates":[[121.5728734,25.072052],[121.5728748,25.0721851]]}},{"type":"Feature","properties":{"kind":"bridge","osm_id":1070592887,"name":"基隆河右岸自行車道"},"geometry":{"type":"LineString","coordinates":[[121.5728623,25.0711436],[121.5728688,25.0714019]]}},{"type":"Feature","properties":{"kind":"bridge","osm_id":1070592889,"name":"基隆河右岸自行車道"},"geometry":{"type":"LineString","coordinates":[[121.5723373,25.0740082],[121.5722284,25.0741901]]}},{"type":"Feature","properties":{"kind":"bridge","osm_id":1070592891,"name":"基隆河右岸自行車道"},"geometry":{"type":"LineString","coordinates":[[121.572072,25.0744495],[121.5719871,25.0745859]]}},{"type":"Feature","properties":{"kind":"bridge","osm_id":1070592892,"name":""},"geometry":{"type":"LineString","coordinates":[[121.5709723,25.076085],[121.5710451,25.0760003]]}},{"type":"Feature","properties":{"kind":"bridge","osm_id":1070592893,"name":""},"geometry":{"type":"LineString","coordinates":[[121.5710619,25.0760122],[121.5710451,25.0760003]]}},{"type":"Feature","properties":{"kind":"bridge","osm_id":1070592898,"name":""},"geometry":{"type":"LineString","coordinates":[[121.5724883,25.0620535],[121.5725036,25.0619635]]}},{"type":"Feature","properties":{"kind":"bridge","osm_id":1070592899,"name":""},"geometry":{"type":"LineString","coordinates":[[121.5725297,25.0619671],[121.5725036,25.0619635]]}},{"type":"Feature","properties":{"kind":"bridge","osm_id":1070592900,"name":""},"geometry":{"type":"LineString","coordinates":[[121.5728853,25.0692739],[121.5728617,25.0691981]]}},{"type":"Feature","properties":{"kind":"bridge","osm_id":1070592901,"name":""},"geometry":{"type":"LineString","coordinates":[[121.5728819,25.0691929],[121.5728617,25.0691981]]}},{"type":"Feature","properties":{"kind":"bridge","osm_id":1070592903,"name":""},"geometry":{"type":"LineString","coordinates":[[121.5722594,25.063795],[121.5722352,25.0637931]]}},{"type":"Feature","properties":{"kind":"bridge","osm_id":1070592904,"name":""},"geometry":{"type":"LineString","coordinates":[[121.5722528,25.0638616],[121.5722594,25.063795]]}},{"type":"Feature","properties":{"kind":"bridge","osm_id":1070592906,"name":""},"geometry":{"type":"LineString","coordinates":[[121.5736539,25.0553345],[121.5736749,25.0553373]]}},{"type":"Feature","properties":{"kind":"bridge","osm_id":1070592907,"name":""},"geometry":{"type":"LineString","coordinates":[[121.5736439,25.0553959],[121.5736539,25.0553345]]}},{"type":"Feature","properties":{"kind":"bridge","osm_id":1070592908,"name":""},"geometry":{"type":"LineString","coordinates":[[121.5733138,25.0572366],[121.5733204,25.0571914]]}},{"type":"Feature","properties":{"kind":"bridge","osm_id":1070592909,"name":""},"geometry":{"type":"LineString","coordinates":[[121.5733378,25.0571935],[121.5733204,25.0571914]]}},{"type":"Feature","properties":{"kind":"bridge","osm_id":1070592912,"name":"行善陸橋"},"geometry":{"type":"LineString","coordinates":[[121.5745693,25.0558834],[121.5745448,25.055905]]}},{"type":"Feature","properties":{"kind":"bridge","osm_id":1070592913,"name":"行善陸橋"},"geometry":{"type":"LineString","coordinates":[[121.5745913,25.0559392],[121.5745754,25.0559503],[121.5745554,25.0559502],[121.5745399,25.0559388],[121.5745358,25.0559211],[121.5745448,25.055905]]}},{"type":"Feature","properties":{"kind":"bridge","osm_id":1070592917,"name":""},"geometry":{"type":"LineString","coordinates":[[121.573952,25.0538513],[121.573927,25.0538438]]}},{"type":"Feature","properties":{"kind":"bridge","osm_id":1070592918,"name":""},"geometry":{"type":"LineString","coordinates":[[121.5739008,25.053908],[121.573927,25.0538438]]}},{"type":"Feature","properties":{"kind":"bridge","osm_id":1070592919,"name":""},"geometry":{"type":"LineString","coordinates":[[121.5739279,25.0539187],[121.573952,25.0538513]]}},{"type":"Feature","properties":{"kind":"bridge","osm_id":1070996017,"name":"民權大橋"},"geometry":{"type":"LineString","coordinates":[[121.5674316,25.0634986],[121.566501,25.0633652]]}},{"type":"Feature","properties":{"kind":"bridge","osm_id":1070996028,"name":""},"geometry":{"type":"LineString","coordinates":[[121.5753863,25.0660088],[121.5752439,25.0659682]]}},{"type":"Feature","properties":{"kind":"bridge","osm_id":1070996029,"name":""},"geometry":{"type":"LineString","coordinates":[[121.575457,25.065798],[121.5753107,25.0657561]]}},{"type":"Feature","properties":{"kind":"bridge","osm_id":1070996031,"name":""},"geometry":{"type":"LineString","coordinates":[[121.5681206,25.0633666],[121.5681348,25.0633032],[121.5681515,25.0633059],[121.5681251,25.0634388]]}},{"type":"Feature","properties":{"kind":"bridge","osm_id":1070996032,"name":""},"geometry":{"type":"LineString","coordinates":[[121.5680478,25.0636942],[121.5680369,25.0637867],[121.5680604,25.0637905],[121.5680645,25.0637593]]}},{"type":"Feature","properties":{"kind":"bridge","osm_id":1071282020,"name":"基隆河左岸自行車道"},"geometry":{"type":"LineString","coordinates":[[121.5702718,25.0547856],[121.5703115,25.0545566]]}},{"type":"Feature","properties":{"kind":"bridge","osm_id":1071282022,"name":"觀山1"},"geometry":{"type":"LineString","coordinates":[[121.5701599,25.0551271],[121.5701516,25.0551885]]}},{"type":"Feature","properties":{"kind":"bridge","osm_id":1071282023,"name":"觀山1"},"geometry":{"type":"LineString","coordinates":[[121.5701692,25.0551904],[121.5701516,25.0551885]]}},{"type":"Feature","properties":{"kind":"bridge","osm_id":1071282034,"name":"觀山2"},"geometry":{"type":"LineString","coordinates":[[121.5697578,25.0576009],[121.5697466,25.0576765]]}},{"type":"Feature","properties":{"kind":"bridge","osm_id":1071282035,"name":"觀山2"},"geometry":{"type":"LineString","coordinates":[[121.5697707,25.0576794],[121.5697466,25.0576765]]}},{"type":"Feature","properties":{"kind":"bridge","osm_id":1071282039,"name":"觀山3"},"geometry":{"type":"LineString","coordinates":[[121.5693114,25.0603285],[121.5692995,25.060412]]}},{"type":"Feature","properties":{"kind":"bridge","osm_id":1071282040,"name":"觀山3"},"geometry":{"type":"LineString","coordinates":[[121.56932,25.0604144],[121.5692995,25.060412]]}},{"type":"Feature","properties":{"kind":"bridge","osm_id":1071282044,"name":"觀山4"},"geometry":{"type":"LineString","coordinates":[[121.569062,25.0618417],[121.5690516,25.0619167]]}},{"type":"Feature","properties":{"kind":"bridge","osm_id":1071282045,"name":"觀山4"},"geometry":{"type":"LineString","coordinates":[[121.5690737,25.0619191],[121.5690516,25.0619167]]}},{"type":"Feature","properties":{"kind":"bridge","osm_id":1071282047,"name":"基隆河左岸自行車道"},"geometry":{"type":"LineString","coordinates":[[121.5690672,25.0623903],[121.5691684,25.0621742]]}},{"type":"Feature","properties":{"kind":"bridge","osm_id":1071282049,"name":"基隆河左岸自行車道"},"geometry":{"type":"LineString","coordinates":[[121.5689071,25.0627329],[121.5689838,25.0625696]]}},{"type":"Feature","properties":{"kind":"bridge","osm_id":1071282054,"name":"觀山5"},"geometry":{"type":"LineString","coordinates":[[121.5685145,25.0633681],[121.5685004,25.0634452]]}},{"type":"Feature","properties":{"kind":"bridge","osm_id":1071282055,"name":"觀山5"},"geometry":{"type":"LineString","coordinates":[[121.5685328,25.0634501],[121.5685004,25.0634452]]}},{"type":"Feature","properties":{"kind":"bridge","osm_id":1071561135,"name":"成美左13"},"geometry":{"type":"LineString","coordinates":[[121.571182,25.0514559],[121.5711995,25.0514636]]}},{"type":"Feature","properties":{"kind":"bridge","osm_id":1071561136,"name":"成美左13"},"geometry":{"type":"LineString","coordinates":[[121.571194,25.0514318],[121.5711994,25.0514356],[121.571182,25.0514559]]}},{"type":"Feature","properties":{"kind":"bridge","osm_id":1071561140,"name":""},"geometry":{"type":"LineString","coordinates":[[121.570954,25.051685],[121.5711772,25.0518076],[121.5712217,25.0518152],[121.5716747,25.0520715],[121.5741619,25.0534192]]}},{"type":"Feature","properties":{"kind":"bridge","osm_id":1071561141,"name":""},"geometry":{"type":"LineString","coordinates":[[121.5712032,25.0513855],[121.5711297,25.0514331],[121.5711194,25.0514199]]}},{"type":"Feature","properties":{"kind":"bridge","osm_id":1073045290,"name":""},"geometry":{"type":"LineString","coordinates":[[121.5801949,25.0522678],[121.5798968,25.0522012]]}},{"type":"Feature","properties":{"kind":"bridge","osm_id":1073045373,"name":""},"geometry":{"type":"LineString","coordinates":[[121.5789182,25.0519695],[121.5788943,25.0519643],[121.5788907,25.0519779],[121.5789144,25.051983],[121.5789084,25.052006]]}},{"type":"Feature","properties":{"kind":"bridge","osm_id":1073045376,"name":""},"geometry":{"type":"LineString","coordinates":[[121.5788933,25.051978],[121.5789147,25.0519827],[121.5789182,25.0519695]]}},{"type":"Feature","properties":{"kind":"bridge","osm_id":1073045378,"name":""},"geometry":{"type":"LineString","coordinates":[[121.5779912,25.0517527],[121.5779554,25.0517444],[121.5779502,25.051763],[121.5779873,25.0517716],[121.5779787,25.0518018]]}},{"type":"Feature","properties":{"kind":"bridge","osm_id":1073045380,"name":""},"geometry":{"type":"LineString","coordinates":[[121.5779526,25.0517636],[121.5779859,25.0517714],[121.5779912,25.0517527]]}},{"type":"Feature","properties":{"kind":"bridge","osm_id":1073045385,"name":"成美右 8"},"geometry":{"type":"LineString","coordinates":[[121.5788308,25.0534202],[121.5788244,25.0534419]]}},{"type":"Feature","properties":{"kind":"bridge","osm_id":1073045386,"name":"成美右 8"},"geometry":{"type":"LineString","coordinates":[[121.5787172,25.0533925],[121.5788308,25.0534202]]}},{"type":"Feature","properties":{"kind":"bridge","osm_id":1073045388,"name":""},"geometry":{"type":"LineString","coordinates":[[121.5751067,25.0530411],[121.5752133,25.05302]]}},{"type":"Feature","properties":{"kind":"bridge","osm_id":1073045389,"name":""},"geometry":{"type":"LineString","coordinates":[[121.5752052,25.0529866],[121.5752133,25.05302]]}},{"type":"Feature","properties":{"kind":"bridge","osm_id":1073045419,"name":""},"geometry":{"type":"LineString","coordinates":[[121.5760061,25.0513121],[121.5759763,25.0513047],[121.5759706,25.0513235],[121.5759992,25.0513306],[121.5759931,25.0513504]]}},{"type":"Feature","properties":{"kind":"bridge","osm_id":1073045421,"name":""},"geometry":{"type":"LineString","coordinates":[[121.5759773,25.0513238],[121.5760007,25.0513297],[121.5760061,25.0513121]]}},{"type":"Feature","properties":{"kind":"bridge","osm_id":1073045428,"name":"成美左10"},"geometry":{"type":"LineString","coordinates":[[121.5751024,25.0511098],[121.5750707,25.0511034],[121.5750658,25.0511232],[121.5750971,25.0511295],[121.5750916,25.0511518]]}},{"type":"Feature","properties":{"kind":"bridge","osm_id":1073045430,"name":"成美左10"},"geometry":{"type":"LineString","coordinates":[[121.5750696,25.0511242],[121.5750975,25.0511298],[121.5751024,25.0511098]]}},{"type":"Feature","properties":{"kind":"bridge","osm_id":1073045431,"name":"成美左11"},"geometry":{"type":"LineString","coordinates":[[121.5740486,25.0508957],[121.5740168,25.050892],[121.5740142,25.0509106],[121.574046,25.0509143],[121.5740439,25.0509289]]}},{"type":"Feature","properties":{"kind":"bridge","osm_id":1073045434,"name":"成美左11"},"geometry":{"type":"LineString","coordinates":[[121.5740199,25.050911],[121.574046,25.050914],[121.5740486,25.0508957]]}},{"type":"Feature","properties":{"kind":"bridge","osm_id":1073045435,"name":"成美左12"},"geometry":{"type":"LineString","coordinates":[[121.5730709,25.050832],[121.5730386,25.0508326],[121.5730388,25.0508504],[121.5730711,25.0508498],[121.5730712,25.050861]]}},{"type":"Feature","properties":{"kind":"bridge","osm_id":1073045436,"name":"成美左12"},"geometry":{"type":"LineString","coordinates":[[121.5730426,25.0508498],[121.5730711,25.0508495],[121.5730709,25.050832]]}},{"type":"Feature","properties":{"kind":"bridge","osm_id":1073045439,"name":"彩虹橋"},"geometry":{"type":"LineString","coordinates":[[121.5769089,25.0515558],[121.5768245,25.0515365]]}},{"type":"Feature","properties":{"kind":"bridge","osm_id":1073045445,"name":"基隆河左岸自行車道"},"geometry":{"type":"LineString","coordinates":[[121.5798495,25.0522571],[121.58016,25.0523209]]}},{"type":"Feature","properties":{"kind":"bridge","osm_id":1079151555,"name":"新生高架道路"},"geometry":{"type":"LineString","coordinates":[[121.5297245,25.0480869],[121.5301889,25.0476218],[121.5306985,25.0471652],[121.5307533,25.0471069],[121.5307869,25.0470592],[121.5308189,25.0470027],[121.530846,25.0469356],[121.530861,25.0468778],[121.530865,25.0468147],[121.5308616,25.0467472],[121.5308413,25.046664]]}},{"type":"Feature","properties":{"kind":"bridge","osm_id":1090647886,"name":""},"geometry":{"type":"LineString","coordinates":[[121.5566952,25.0753935],[121.5566269,25.07524]]}},{"type":"Feature","properties":{"kind":"bridge","osm_id":1090651602,"name":""},"geometry":{"type":"LineString","coordinates":[[121.5749234,25.0513928],[121.5750707,25.0514168]]}},{"type":"Feature","properties":{"kind":"bridge","osm_id":1112706248,"name":""},"geometry":{"type":"LineString","coordinates":[[121.5282527,25.0830219],[121.5281718,25.0829842],[121.5281372,25.0829525],[121.5280992,25.0829202],[121.528141,25.0828578],[121.5281485,25.0828466],[121.5281715,25.0828042],[121.5281981,25.082779],[121.5282192,25.0827602],[121.5282507,25.0827267],[121.5283036,25.0827357],[121.5283796,25.0827509],[121.5283723,25.0826126]]}},{"type":"Feature","properties":{"kind":"bridge","osm_id":1112706249,"name":""},"geometry":{"type":"LineString","coordinates":[[121.5287131,25.0833123],[121.5286875,25.08333]]}},{"type":"Feature","properties":{"kind":"bridge","osm_id":1118842779,"name":""},"geometry":{"type":"LineString","coordinates":[[121.557319,25.0751826],[121.5574182,25.0751456]]}},{"type":"Feature","properties":{"kind":"bridge","osm_id":1118842782,"name":""},"geometry":{"type":"LineString","coordinates":[[121.5591518,25.0743527],[121.5592618,25.0742956]]}},{"type":"Feature","properties":{"kind":"bridge","osm_id":1118870842,"name":""},"geometry":{"type":"LineString","coordinates":[[121.5729854,25.0678889],[121.5729857,25.0678522]]}},{"type":"Feature","properties":{"kind":"bridge","osm_id":1118870843,"name":""},"geometry":{"type":"LineString","coordinates":[[121.5722918,25.0675515],[121.5722533,25.0674444]]}},{"type":"Feature","properties":{"kind":"bridge","osm_id":1118870844,"name":""},"geometry":{"type":"LineString","coordinates":[[121.5722328,25.0674504],[121.5722533,25.0674444]]}},{"type":"Feature","properties":{"kind":"bridge","osm_id":1118870845,"name":""},"geometry":{"type":"LineString","coordinates":[[121.5722724,25.0675605],[121.5722328,25.0674504]]}},{"type":"Feature","properties":{"kind":"bridge","osm_id":1132431141,"name":"長安東路入口匝道"},"geometry":{"type":"LineString","coordinates":[[121.5306428,25.0471275],[121.530697,25.0470704],[121.5307265,25.0470364],[121.5307582,25.0469933],[121.5307924,25.0469356],[121.5308127,25.0468827],[121.5308288,25.0468274],[121.5308388,25.0467539],[121.5308413,25.046664]]}},{"type":"Feature","properties":{"kind":"bridge","osm_id":1132431142,"name":"長安東路出口匝道"},"geometry":{"type":"LineString","coordinates":[[121.5279078,25.0511959],[121.5280754,25.0505495]]}},{"type":"Feature","properties":{"kind":"bridge","osm_id":1132431143,"name":"長安東路入口匝道"},"geometry":{"type":"LineString","coordinates":[[121.5282782,25.0506128],[121.5281358,25.0509498],[121.5279679,25.0512583]]}},{"type":"Feature","properties":{"kind":"bridge","osm_id":1132431144,"name":"民生東路出口匝道"},"geometry":{"type":"LineString","coordinates":[[121.527571,25.053905],[121.527641,25.0545193]]}},{"type":"Feature","properties":{"kind":"bridge","osm_id":1132431145,"name":"長春路出口匝道"},"geometry":{"type":"LineString","coordinates":[[121.5275488,25.0574504],[121.527477,25.0567174]]}},{"type":"Feature","properties":{"kind":"bridge","osm_id":1132431146,"name":"民權東路入口匝道"},"geometry":{"type":"LineString","coordinates":[[121.5278641,25.0646816],[121.5278172,25.0650521]]}},{"type":"Feature","properties":{"kind":"bridge","osm_id":1132431147,"name":"民族東路入口匝道"},"geometry":{"type":"LineString","coordinates":[[121.5277189,25.0658128],[121.5277544,25.0654761]]}},{"type":"Feature","properties":{"kind":"bridge","osm_id":1132431148,"name":"民族東路入口匝道"},"geometry":{"type":"LineString","coordinates":[[121.5280071,25.0689281],[121.5280272,25.0698491]]}},{"type":"Feature","properties":{"kind":"bridge","osm_id":1132431149,"name":"民族東路出口匝道"},"geometry":{"type":"LineString","coordinates":[[121.5268653,25.0723946],[121.5271047,25.0720447],[121.5272392,25.0718621]]}},{"type":"Feature","properties":{"kind":"bridge","osm_id":1132431150,"name":"松江大橋"},"geometry":{"type":"LineString","coordinates":[[121.5269519,25.0724478],[121.5266271,25.0728449],[121.5262704,25.0732785],[121.5260982,25.07348]]}},{"type":"Feature","properties":{"kind":"bridge","osm_id":1132431808,"name":"長安東路出口匝道"},"geometry":{"type":"LineString","coordinates":[[121.5308842,25.0464253],[121.5309267,25.0465133],[121.5309649,25.0466051],[121.5309978,25.046698]]}},{"type":"Feature","properties":{"kind":"bridge","osm_id":1132433052,"name":"八德路出口匝道"},"geometry":{"type":"LineString","coordinates":[[121.5306665,25.0460846],[121.5305448,25.0458299]]}},{"type":"Feature","properties":{"kind":"bridge","osm_id":1132433053,"name":"八德路入口匝道"},"geometry":{"type":"LineString","coordinates":[[121.5307018,25.0456289],[121.5308122,25.0462036]]}},{"type":"Feature","properties":{"kind":"bridge","osm_id":1133615197,"name":""},"geometry":{"type":"LineString","coordinates":[[121.5776908,25.0531687],[121.5767587,25.0529834]]}},{"type":"Feature","properties":{"kind":"bridge","osm_id":1133753248,"name":""},"geometry":{"type":"LineString","coordinates":[[121.5125203,25.0973387],[121.5125283,25.0973518]]}},{"type":"Feature","properties":{"kind":"bridge","osm_id":1133753251,"name":""},"geometry":{"type":"LineString","coordinates":[[121.5113804,25.0970967],[121.5113893,25.097084]]}},{"type":"Feature","properties":{"kind":"bridge","osm_id":1133753253,"name":""},"geometry":{"type":"LineString","coordinates":[[121.5113032,25.0971523],[121.5109975,25.0970823],[121.510842,25.0969465],[121.51086,25.0967417]]}},{"type":"Feature","properties":{"kind":"bridge","osm_id":1135879784,"name":""},"geometry":{"type":"LineString","coordinates":[[121.5114349,25.0973653],[121.5114384,25.0973572],[121.5114398,25.097354]]}},{"type":"Feature","properties":{"kind":"bridge","osm_id":1135879785,"name":""},"geometry":{"type":"LineString","coordinates":[[121.5113913,25.0973497],[121.5114349,25.0973653]]}},{"type":"Feature","properties":{"kind":"bridge","osm_id":1135879786,"name":""},"geometry":{"type":"LineString","coordinates":[[121.5114058,25.097321],[121.5113977,25.0973403],[121.5114398,25.097354]]}},{"type":"Feature","properties":{"kind":"bridge","osm_id":1135879787,"name":""},"geometry":{"type":"LineString","coordinates":[[121.5123976,25.0972312],[121.5122772,25.0972],[121.5123111,25.0972485],[121.512343,25.0972634],[121.5124277,25.0972484],[121.5123976,25.0972312]]}},{"type":"Feature","properties":{"kind":"bridge","osm_id":1135879794,"name":""},"geometry":{"type":"LineString","coordinates":[[121.51086,25.0967417],[121.5107381,25.096668],[121.5106518,25.0966673],[121.5106288,25.0967255]]}},{"type":"Feature","properties":{"kind":"bridge","osm_id":1135879795,"name":""},"geometry":{"type":"LineString","coordinates":[[121.5113408,25.0972455],[121.5113032,25.0971523]]}},{"type":"Feature","properties":{"kind":"bridge","osm_id":1135879796,"name":""},"geometry":{"type":"LineString","coordinates":[[121.5106362,25.0963077],[121.5106544,25.0963624],[121.510611,25.0964741],[121.510585,25.0966145],[121.5105806,25.0967383],[121.5106042,25.0968427],[121.5106304,25.0969229],[121.5106684,25.0969079],[121.5106396,25.0968347],[121.5106288,25.0967255]]}},{"type":"Feature","properties":{"kind":"bridge","osm_id":1144809783,"name":"下塔悠出口匝道"},"geometry":{"type":"LineString","coordinates":[[121.5565537,25.072259],[121.557021,25.0722119],[121.5575012,25.0721305],[121.5580046,25.0720019]]}},{"type":"Feature","properties":{"kind":"bridge","osm_id":1148717193,"name":"人行天橋"},"geometry":{"type":"LineString","coordinates":[[121.5591877,25.0806733],[121.559187,25.0810341],[121.5587979,25.0810407],[121.5587347,25.0811207],[121.5585233,25.0811224],[121.5577189,25.0811386]]}},{"type":"Feature","properties":{"kind":"bridge","osm_id":1148717194,"name":"人行天橋"},"geometry":{"type":"LineString","coordinates":[[121.559187,25.0810341],[121.559193,25.0815015]]}},{"type":"Feature","properties":{"kind":"bridge","osm_id":1148717195,"name":"人行天橋"},"geometry":{"type":"LineString","coordinates":[[121.5577152,25.0806975],[121.5577189,25.0811386],[121.5577206,25.0812678]]}},{"type":"Feature","properties":{"kind":"bridge","osm_id":1154453191,"name":"忠孝西路天橋"},"geometry":{"type":"LineString","coordinates":[[121.5190692,25.0459747],[121.5189755,25.0456487]]}},{"type":"Feature","properties":{"kind":"bridge","osm_id":1158736751,"name":""},"geometry":{"type":"LineString","coordinates":[[121.5118255,25.1013286],[121.511827,25.1013173],[121.5119547,25.1012457],[121.5119692,25.1011391],[121.5120762,25.1011133],[121.512133,25.1010525],[121.5121436,25.1010402],[121.5121643,25.1010398]]}},{"type":"Feature","properties":{"kind":"bridge","osm_id":1158736752,"name":""},"geometry":{"type":"LineString","coordinates":[[121.5120601,25.1010022],[121.5120899,25.1010176],[121.512133,25.1010525]]}},{"type":"Feature","properties":{"kind":"bridge","osm_id":1158736753,"name":""},"geometry":{"type":"LineString","coordinates":[[121.5117596,25.1007022],[121.5117435,25.100684],[121.5117569,25.1005917]]}},{"type":"Feature","properties":{"kind":"bridge","osm_id":1158736754,"name":""},"geometry":{"type":"LineString","coordinates":[[121.5119732,25.1008486],[121.5120686,25.1008689]]}},{"type":"Feature","properties":{"kind":"bridge","osm_id":1158736755,"name":""},"geometry":{"type":"LineString","coordinates":[[121.5120601,25.1010022],[121.5120686,25.1008689]]}},{"type":"Feature","properties":{"kind":"bridge","osm_id":1158736756,"name":""},"geometry":{"type":"LineString","coordinates":[[121.5120686,25.1008689],[121.5120835,25.1008661],[121.5121465,25.1006627],[121.5119724,25.1003492]]}},{"type":"Feature","properties":{"kind":"bridge","osm_id":1158736757,"name":""},"geometry":{"type":"LineString","coordinates":[[121.5114532,25.101314],[121.5114552,25.1012836],[121.5115196,25.1012851],[121.5118133,25.1012323],[121.5118739,25.1011187],[121.5120369,25.1010559],[121.5120443,25.1010125],[121.5120601,25.1010022]]}},{"type":"Feature","properties":{"kind":"bridge","osm_id":1164891299,"name":""},"geometry":{"type":"LineString","coordinates":[[121.5198046,25.047608],[121.5198243,25.0476108],[121.5198418,25.0476099],[121.5198495,25.0476077],[121.5198679,25.0476096],[121.5198776,25.0476123]]}},{"type":"Feature","properties":{"kind":"bridge","osm_id":1177264091,"name":"洲美便橋"},"geometry":{"type":"LineString","coordinates":[[121.5113847,25.0974733],[121.5112195,25.0978873]]}},{"type":"Feature","properties":{"kind":"bridge","osm_id":1182095013,"name":""},"geometry":{"type":"LineString","coordinates":[[121.5543621,25.0645775],[121.5544216,25.0645742],[121.5545137,25.0645691],[121.5545146,25.0646513],[121.5544055,25.0647723],[121.5543567,25.0647713]]}},{"type":"Feature","properties":{"kind":"bridge","osm_id":1182095014,"name":""},"geometry":{"type":"LineString","coordinates":[[121.553801,25.0646248],[121.5537242,25.0647439],[121.5536974,25.0647481]]}},{"type":"Feature","properties":{"kind":"bridge","osm_id":1182095015,"name":""},"geometry":{"type":"LineString","coordinates":[[121.5531242,25.0646055],[121.5530056,25.0647344],[121.5529579,25.0647334]]}},{"type":"Feature","properties":{"kind":"bridge","osm_id":1182095016,"name":""},"geometry":{"type":"LineString","coordinates":[[121.5524163,25.0645882],[121.5523103,25.0647197],[121.5522696,25.0647228]]}},{"type":"Feature","properties":{"kind":"bridge","osm_id":1182095018,"name":""},"geometry":{"type":"LineString","coordinates":[[121.551279,25.0645736],[121.5511499,25.0647334],[121.5511127,25.0647334]]}},{"type":"Feature","properties":{"kind":"bridge","osm_id":1182095019,"name":""},"geometry":{"type":"LineString","coordinates":[[121.550693,25.0645585],[121.5506197,25.0647671],[121.5505779,25.0647692]]}},{"type":"Feature","properties":{"kind":"bridge","osm_id":1182095020,"name":""},"geometry":{"type":"LineString","coordinates":[[121.5503058,25.0645625],[121.5502218,25.0646998]]}},{"type":"Feature","properties":{"kind":"bridge","osm_id":1206070391,"name":""},"geometry":{"type":"LineString","coordinates":[[121.5366151,25.0826121],[121.5364606,25.0822935]]}},{"type":"Feature","properties":{"kind":"bridge","osm_id":1210054045,"name":""},"geometry":{"type":"LineString","coordinates":[[121.5505,25.1022522],[121.5505356,25.1023249]]}},{"type":"Feature","properties":{"kind":"bridge","osm_id":1210761298,"name":""},"geometry":{"type":"LineString","coordinates":[[121.5497483,25.1017276],[121.5497029,25.1017066]]}},{"type":"Feature","properties":{"kind":"bridge","osm_id":1210761312,"name":""},"geometry":{"type":"LineString","coordinates":[[121.5498691,25.1010741],[121.5498853,25.1010823]]}},{"type":"Feature","properties":{"kind":"bridge","osm_id":1210761313,"name":""},"geometry":{"type":"LineString","coordinates":[[121.5499305,25.1011051],[121.5499132,25.1010964]]}},{"type":"Feature","properties":{"kind":"bridge","osm_id":1210761323,"name":""},"geometry":{"type":"LineString","coordinates":[[121.5499234,25.1007177],[121.5500642,25.1007301]]}},{"type":"Feature","properties":{"kind":"bridge","osm_id":1210761324,"name":""},"geometry":{"type":"LineString","coordinates":[[121.5499069,25.1008712],[121.5500652,25.1008915]]}},{"type":"Feature","properties":{"kind":"bridge","osm_id":1236612830,"name":"劍潭山親山步道"},"geometry":{"type":"LineString","coordinates":[[121.5377812,25.0907963],[121.537728,25.0907798]]}},{"type":"Feature","properties":{"kind":"bridge","osm_id":1236612838,"name":""},"geometry":{"type":"LineString","coordinates":[[121.5330359,25.08774],[121.5329927,25.0877175]]}},{"type":"Feature","properties":{"kind":"bridge","osm_id":1236612839,"name":""},"geometry":{"type":"LineString","coordinates":[[121.5328467,25.0876254],[121.5329322,25.0876609],[121.5329208,25.0876813]]}},{"type":"Feature","properties":{"kind":"bridge","osm_id":1238549130,"name":""},"geometry":{"type":"LineString","coordinates":[[121.5536998,25.0867517],[121.5536875,25.0866824],[121.5536215,25.086686],[121.5535642,25.086794],[121.5534679,25.0867947],[121.5534152,25.0866842]]}},{"type":"Feature","properties":{"kind":"bridge","osm_id":1238549131,"name":""},"geometry":{"type":"LineString","coordinates":[[121.554662,25.087173],[121.5546327,25.0872228]]}},{"type":"Feature","properties":{"kind":"bridge","osm_id":1238549133,"name":""},"geometry":{"type":"LineString","coordinates":[[121.5541986,25.0868234],[121.5541932,25.0868366],[121.5541456,25.0868207],[121.5541267,25.0868557]]}},{"type":"Feature","properties":{"kind":"bridge","osm_id":1238549138,"name":""},"geometry":{"type":"LineString","coordinates":[[121.5545284,25.087293],[121.5545011,25.0872803]]}},{"type":"Feature","properties":{"kind":"bridge","osm_id":1238549139,"name":""},"geometry":{"type":"LineString","coordinates":[[121.5545343,25.0872825],[121.5545284,25.087293]]}},{"type":"Feature","properties":{"kind":"bridge","osm_id":1238549146,"name":""},"geometry":{"type":"LineString","coordinates":[[121.5540491,25.0866986],[121.5539992,25.0867443]]}},{"type":"Feature","properties":{"kind":"bridge","osm_id":1238549147,"name":""},"geometry":{"type":"LineString","coordinates":[[121.5541774,25.0867234],[121.5541986,25.0868234]]}},{"type":"Feature","properties":{"kind":"bridge","osm_id":1238549149,"name":""},"geometry":{"type":"LineString","coordinates":[[121.5544052,25.0872237],[121.5545042,25.0872685]]}},{"type":"Feature","properties":{"kind":"bridge","osm_id":1238549150,"name":""},"geometry":{"type":"LineString","coordinates":[[121.5545826,25.0873054],[121.5546197,25.0873227],[121.554596,25.0873694]]}},{"type":"Feature","properties":{"kind":"bridge","osm_id":1238549151,"name":""},"geometry":{"type":"LineString","coordinates":[[121.5546104,25.087375],[121.554596,25.0873694]]}},{"type":"Feature","properties":{"kind":"bridge","osm_id":1238549153,"name":""},"geometry":{"type":"LineString","coordinates":[[121.5546007,25.0874108],[121.5546125,25.0874614]]}},{"type":"Feature","properties":{"kind":"bridge","osm_id":1238549154,"name":""},"geometry":{"type":"LineString","coordinates":[[121.5546202,25.0873875],[121.554623,25.0873971],[121.5546524,25.0873912],[121.5546545,25.0874001],[121.5546007,25.0874108]]}},{"type":"Feature","properties":{"kind":"bridge","osm_id":1238549156,"name":""},"geometry":{"type":"LineString","coordinates":[[121.5544513,25.08747],[121.5543901,25.0874597]]}},{"type":"Feature","properties":{"kind":"bridge","osm_id":1238549158,"name":""},"geometry":{"type":"LineString","coordinates":[[121.5543901,25.0874597],[121.5543808,25.087486],[121.5543384,25.0874821],[121.5542968,25.0875355],[121.554253,25.0875163],[121.5542399,25.0875344],[121.5542292,25.0875295]]}},{"type":"Feature","properties":{"kind":"bridge","osm_id":1238706357,"name":""},"geometry":{"type":"LineString","coordinates":[[121.5544216,25.0645742],[121.5542764,25.0647231]]}},{"type":"Feature","properties":{"kind":"bridge","osm_id":1238706358,"name":""},"geometry":{"type":"LineString","coordinates":[[121.5537722,25.0645319],[121.5536088,25.0646557]]}},{"type":"Feature","properties":{"kind":"bridge","osm_id":1238706359,"name":""},"geometry":{"type":"LineString","coordinates":[[121.5531122,25.0645272],[121.5529187,25.064615]]}},{"type":"Feature","properties":{"kind":"bridge","osm_id":1238706360,"name":""},"geometry":{"type":"LineString","coordinates":[[121.5523983,25.0645633],[121.5522061,25.0646448]]}},{"type":"Feature","properties":{"kind":"bridge","osm_id":1238706361,"name":""},"geometry":{"type":"LineString","coordinates":[[121.5517927,25.064557],[121.5516215,25.064673]]}},{"type":"Feature","properties":{"kind":"bridge","osm_id":1241641158,"name":"民權大橋"},"geometry":{"type":"LineString","coordinates":[[121.5711285,25.0645404],[121.5690605,25.0638482],[121.5687238,25.0637394],[121.5684824,25.0636775],[121.5682182,25.0636191],[121.5679329,25.0635704],[121.5674316,25.0634986]]}},{"type":"Feature","properties":{"kind":"bridge","osm_id":1241641160,"name":"民權大橋"},"geometry":{"type":"LineString","coordinates":[[121.5665204,25.0632571],[121.5674192,25.0633851]]}},{"type":"Feature","properties":{"kind":"bridge","osm_id":1241641162,"name":"民權大橋"},"geometry":{"type":"LineString","coordinates":[[121.5674192,25.0633851],[121.5679692,25.0634635],[121.5682478,25.0635122],[121.5686152,25.0635925],[121.5691047,25.0637442],[121.5711308,25.0644226]]}},{"type":"Feature","properties":{"kind":"bridge","osm_id":1241641163,"name":""},"geometry":{"type":"LineString","coordinates":[[121.5681251,25.0634388],[121.5684207,25.0634958],[121.5687513,25.0635783],[121.5691322,25.0636928],[121.5704257,25.0641273],[121.57115,25.0643705]]}},{"type":"Feature","properties":{"kind":"bridge","osm_id":1241641164,"name":""},"geometry":{"type":"LineString","coordinates":[[121.5680645,25.0637593],[121.5680804,25.0636564]]}},{"type":"Feature","properties":{"kind":"bridge","osm_id":1241641165,"name":""},"geometry":{"type":"LineString","coordinates":[[121.5707891,25.0644819],[121.5693798,25.0640094],[121.5690397,25.0638954],[121.5686461,25.0637751],[121.5686171,25.0637681],[121.5683483,25.0637035],[121.5680804,25.0636564]]}},{"type":"Feature","properties":{"kind":"bridge","osm_id":1242814965,"name":""},"geometry":{"type":"LineString","coordinates":[[121.5581476,25.0768665],[121.5581525,25.0768769]]}},{"type":"Feature","properties":{"kind":"bridge","osm_id":1242814968,"name":"基隆河右岸自行車道"},"geometry":{"type":"LineString","coordinates":[[121.5625828,25.0752942],[121.5624333,25.0752936]]}},{"type":"Feature","properties":{"kind":"bridge","osm_id":1254071436,"name":""},"geometry":{"type":"LineString","coordinates":[[121.5709296,25.0932702],[121.5709316,25.0932435],[121.5708728,25.0932399],[121.5708715,25.0932576],[121.5708712,25.0932618],[121.5708708,25.0932667],[121.5708936,25.0932681],[121.5709296,25.0932702]]}},{"type":"Feature","properties":{"kind":"bridge","osm_id":1254071437,"name":""},"geometry":{"type":"LineString","coordinates":[[121.570831,25.0932592],[121.5708712,25.0932618]]}},{"type":"Feature","properties":{"kind":"bridge","osm_id":1254071438,"name":""},"geometry":{"type":"LineString","coordinates":[[121.5709316,25.0932435],[121.5709325,25.0932301],[121.5708336,25.0932241],[121.5708326,25.0932375],[121.5708728,25.0932399],[121.5709316,25.0932435]]}},{"type":"Feature","properties":{"kind":"bridge","osm_id":1254071440,"name":""},"geometry":{"type":"LineString","coordinates":[[121.5708453,25.0933006],[121.5708902,25.0932951],[121.5708936,25.0932681]]}},{"type":"Feature","properties":{"kind":"bridge","osm_id":1254669734,"name":"圓山市景步道"},"geometry":{"type":"LineString","coordinates":[[121.5282527,25.0830219],[121.5282932,25.0829637],[121.5283007,25.0829668],[121.5284142,25.0830207]]}},{"type":"Feature","properties":{"kind":"bridge","osm_id":1272677946,"name":"市民大道高架道路"},"geometry":{"type":"LineString","coordinates":[[121.5673673,25.0461248],[121.5672716,25.0460131],[121.5671697,25.0459217],[121.5670626,25.0458252],[121.5669846,25.0457619],[121.5668911,25.0456959],[121.5667909,25.0456374],[121.5665966,25.0455487],[121.5650691,25.0449794],[121.5649339,25.0449376],[121.5647476,25.0448925],[121.5645688,25.0448443],[121.5644347,25.0448339],[121.5643006,25.0448346],[121.5640002,25.044854],[121.5637059,25.0448985],[121.5633641,25.044958]]}},{"type":"Feature","properties":{"kind":"bridge","osm_id":1272677947,"name":"麥帥二橋"},"geometry":{"type":"LineString","coordinates":[[121.5701228,25.052607],[121.5702568,25.0517997],[121.5702786,25.0515761],[121.5702725,25.051316],[121.5702346,25.0511038],[121.5701701,25.0508854],[121.5700494,25.050623],[121.5698442,25.0502707],[121.5697248,25.0499802]]}},{"type":"Feature","properties":{"kind":"bridge","osm_id":1272682373,"name":"市民大道高架道路"},"geometry":{"type":"LineString","coordinates":[[121.5630867,25.0449198],[121.5632452,25.0448919],[121.5635832,25.044836],[121.5639144,25.0447874],[121.5642551,25.0447533],[121.5646086,25.0447481],[121.5647739,25.0447474],[121.564843,25.0447543],[121.5649206,25.0447717],[121.5649829,25.0447894],[121.5650487,25.044812],[121.5665807,25.0453606]]}},{"type":"Feature","properties":{"kind":"bridge","osm_id":1272682374,"name":"市民大道高架道路"},"geometry":{"type":"LineString","coordinates":[[121.545346,25.044987],[121.5457865,25.0450302],[121.5459625,25.045045],[121.5461815,25.0450539],[121.5463863,25.0450572],[121.5466053,25.0450509],[121.5469694,25.0450326],[121.5478893,25.0449366],[121.5498447,25.0447093],[121.551364,25.0445147]]}},{"type":"Feature","properties":{"kind":"bridge","osm_id":1272683351,"name":"麥帥一橋"},"geometry":{"type":"LineString","coordinates":[[121.5712528,25.051604],[121.5722124,25.0521163]]}},{"type":"Feature","properties":{"kind":"bridge","osm_id":1272718725,"name":"市民大道高架道路"},"geometry":{"type":"LineString","coordinates":[[121.5076237,25.0505231],[121.5099299,25.0501804],[121.5103681,25.0501216]]}},{"type":"Feature","properties":{"kind":"bridge","osm_id":1285499931,"name":"延平北路五段163巷29弄"},"geometry":{"type":"LineString","coordinates":[[121.5091019,25.0824324],[121.5091014,25.0825467]]}},{"type":"Feature","properties":{"kind":"bridge","osm_id":1290367439,"name":""},"geometry":{"type":"LineString","coordinates":[[121.5181221,25.0626322],[121.5181229,25.062692]]}},{"type":"Feature","properties":{"kind":"bridge","osm_id":1290367440,"name":""},"geometry":{"type":"LineString","coordinates":[[121.5184534,25.0626276],[121.5184525,25.0626868]]}},{"type":"Feature","properties":{"kind":"bridge","osm_id":1290367441,"name":""},"geometry":{"type":"LineString","coordinates":[[121.5185922,25.0630343],[121.5185264,25.0630353]]}},{"type":"Feature","properties":{"kind":"bridge","osm_id":1290367442,"name":""},"geometry":{"type":"LineString","coordinates":[[121.5179937,25.0630513],[121.5180633,25.0630513]]}},{"type":"Feature","properties":{"kind":"bridge","osm_id":1299666382,"name":""},"geometry":{"type":"LineString","coordinates":[[121.5110458,25.0972142],[121.5110431,25.0972205],[121.5110341,25.0972416]]}},{"type":"Feature","properties":{"kind":"bridge","osm_id":1299666383,"name":""},"geometry":{"type":"LineString","coordinates":[[121.5109979,25.0971942],[121.5110458,25.0972142]]}},{"type":"Feature","properties":{"kind":"bridge","osm_id":1311039423,"name":""},"geometry":{"type":"LineString","coordinates":[[121.5412821,25.052933],[121.5412277,25.0529919]]}},{"type":"Feature","properties":{"kind":"bridge","osm_id":1328301687,"name":""},"geometry":{"type":"LineString","coordinates":[[121.5522251,25.0771442],[121.5522251,25.0771502]]}},{"type":"Feature","properties":{"kind":"bridge","osm_id":1334831355,"name":""},"geometry":{"type":"LineString","coordinates":[[121.5589211,25.0382956],[121.5589198,25.0382471],[121.5588506,25.038213],[121.5588496,25.038174]]}},{"type":"Feature","properties":{"kind":"bridge","osm_id":1334831359,"name":""},"geometry":{"type":"LineString","coordinates":[[121.5594598,25.0399993],[121.5595389,25.0399969]]}},{"type":"Feature","properties":{"kind":"bridge","osm_id":1334831380,"name":""},"geometry":{"type":"LineString","coordinates":[[121.5603111,25.0405081],[121.5603107,25.040495],[121.5603102,25.0404837]]}},{"type":"Feature","properties":{"kind":"bridge","osm_id":1334831381,"name":""},"geometry":{"type":"LineString","coordinates":[[121.5601373,25.0404889],[121.5601377,25.0405002],[121.5603107,25.040495],[121.5604855,25.0404898],[121.5604851,25.0404785]]}},{"type":"Feature","properties":{"kind":"bridge","osm_id":1336506672,"name":""},"geometry":{"type":"LineString","coordinates":[[121.5631055,25.0367673],[121.5631513,25.0366757]]}},{"type":"Feature","properties":{"kind":"bridge","osm_id":1337683354,"name":""},"geometry":{"type":"LineString","coordinates":[[121.5566487,25.0828506],[121.5566269,25.0825117]]}},{"type":"Feature","properties":{"kind":"bridge","osm_id":1339394551,"name":"人行空橋"},"geometry":{"type":"LineString","coordinates":[[121.567033,25.0401281],[121.5670294,25.0399442],[121.5670195,25.0394975],[121.5670176,25.0394134],[121.567043,25.0393685],[121.5670399,25.0392301],[121.5670304,25.038808]]}},{"type":"Feature","properties":{"kind":"bridge","osm_id":1339394552,"name":"人行空橋"},"geometry":{"type":"LineString","coordinates":[[121.5670304,25.038808],[121.5670275,25.0386949],[121.567005,25.0378273],[121.5670019,25.0377049],[121.566974,25.0376808],[121.566842,25.0376828],[121.5668418,25.0376684]]}},{"type":"Feature","properties":{"kind":"bridge","osm_id":1339401648,"name":"人行空橋"},"geometry":{"type":"LineString","coordinates":[[121.5673099,25.0375335],[121.5676581,25.037527],[121.5677739,25.0375249],[121.5679197,25.0375221],[121.5679215,25.0375985],[121.5680127,25.0375968],[121.5685931,25.037586]]}},{"type":"Feature","properties":{"kind":"bridge","osm_id":1339401653,"name":"人行空橋"},"geometry":{"type":"LineString","coordinates":[[121.5648295,25.0345293],[121.5648325,25.0346664],[121.5656967,25.0346508],[121.5657043,25.0349572],[121.5658941,25.0349533]]}},{"type":"Feature","properties":{"kind":"bridge","osm_id":1339401656,"name":"人行空橋"},"geometry":{"type":"LineString","coordinates":[[121.5668418,25.0376684],[121.5668363,25.0373665],[121.5668358,25.0373404],[121.5668412,25.0373316],[121.566839,25.0372096],[121.5668528,25.0371871],[121.5668505,25.0370629],[121.5668349,25.0362245]]}},{"type":"Feature","properties":{"kind":"bridge","osm_id":1339835152,"name":"人行空橋"},"geometry":{"type":"LineString","coordinates":[[121.5679435,25.0347204],[121.568079,25.0347179]]}},{"type":"Feature","properties":{"kind":"bridge","osm_id":1339835153,"name":""},"geometry":{"type":"LineString","coordinates":[[121.5673663,25.0347018],[121.567367,25.034731]]}},{"type":"Feature","properties":{"kind":"bridge","osm_id":1339865619,"name":""},"geometry":{"type":"LineString","coordinates":[[121.5670399,25.0392301],[121.5669514,25.0392318],[121.5669519,25.0392523],[121.5670142,25.0392512]]}},{"type":"Feature","properties":{"kind":"bridge","osm_id":1344571400,"name":""},"geometry":{"type":"LineString","coordinates":[[121.5207228,25.0558798],[121.5207044,25.0558479]]}},{"type":"Feature","properties":{"kind":"bridge","osm_id":1344571404,"name":""},"geometry":{"type":"LineString","coordinates":[[121.5207231,25.0560268],[121.5207253,25.0560648]]}},{"type":"Feature","properties":{"kind":"bridge","osm_id":1344571405,"name":""},"geometry":{"type":"LineString","coordinates":[[121.5207211,25.0559925],[121.5207231,25.0560268]]}},{"type":"Feature","properties":{"kind":"bridge","osm_id":1346858467,"name":""},"geometry":{"type":"LineString","coordinates":[[121.5090779,25.0462549],[121.5090892,25.0462522],[121.5090694,25.0461831]]}},{"type":"Feature","properties":{"kind":"bridge","osm_id":1346858469,"name":""},"geometry":{"type":"LineString","coordinates":[[121.5091336,25.0462435],[121.5091131,25.046172]]}},{"type":"Feature","properties":{"kind":"bridge","osm_id":1346858470,"name":""},"geometry":{"type":"LineString","coordinates":[[121.509092,25.0461774],[121.5091115,25.0462469]]}},{"type":"Feature","properties":{"kind":"bridge","osm_id":1346858472,"name":""},"geometry":{"type":"LineString","coordinates":[[121.5090993,25.0461755],[121.5091191,25.0462451]]}},{"type":"Feature","properties":{"kind":"bridge","osm_id":1346858478,"name":""},"geometry":{"type":"LineString","coordinates":[[121.5096932,25.0460676],[121.5096819,25.0460283]]}},{"type":"Feature","properties":{"kind":"bridge","osm_id":1346858482,"name":""},"geometry":{"type":"LineString","coordinates":[[121.5096932,25.0460676],[121.5097061,25.046065],[121.509722,25.0460616]]}},{"type":"Feature","properties":{"kind":"bridge","osm_id":1348687108,"name":""},"geometry":{"type":"LineString","coordinates":[[121.5091861,25.0631445],[121.5092015,25.0632119]]}},{"type":"Feature","properties":{"kind":"bridge","osm_id":1348687109,"name":""},"geometry":{"type":"LineString","coordinates":[[121.5092309,25.0633414],[121.5092015,25.0632119]]}},{"type":"Feature","properties":{"kind":"bridge","osm_id":1348687111,"name":""},"geometry":{"type":"LineString","coordinates":[[121.5092531,25.0633817],[121.5092406,25.063384],[121.5092309,25.0633414]]}},{"type":"Feature","properties":{"kind":"bridge","osm_id":1368015787,"name":""},"geometry":{"type":"LineString","coordinates":[[121.5518323,25.0629426],[121.5518385,25.0629139],[121.5518772,25.0628116]]}},{"type":"Feature","properties":{"kind":"bridge","osm_id":1387417907,"name":""},"geometry":{"type":"LineString","coordinates":[[121.5245829,25.073677],[121.5246539,25.0736185],[121.5247827,25.0734186],[121.5251633,25.072871],[121.5252719,25.0727568],[121.5253795,25.07267]]}},{"type":"Feature","properties":{"kind":"bridge","osm_id":1393244242,"name":""},"geometry":{"type":"LineString","coordinates":[[121.5465879,25.0991604],[121.5466385,25.0992303],[121.5466199,25.0992403],[121.5466575,25.0993016],[121.5466417,25.0993086],[121.546684,25.0993706],[121.5466826,25.0993868],[121.5466722,25.0995108],[121.5466146,25.0995096],[121.5466142,25.0994859],[121.5465609,25.0994859]]}},{"type":"Feature","properties":{"kind":"bridge","osm_id":1393244244,"name":""},"geometry":{"type":"LineString","coordinates":[[121.5463533,25.0986336],[121.5464515,25.0986091]]}},{"type":"Feature","properties":{"kind":"bridge","osm_id":1395128852,"name":""},"geometry":{"type":"LineString","coordinates":[[121.5466941,25.0975678],[121.5466491,25.0976808]]}},{"type":"Feature","properties":{"kind":"bridge","osm_id":1395128856,"name":""},"geometry":{"type":"LineString","coordinates":[[121.542091,25.0973961],[121.5425647,25.0973642],[121.5429284,25.0973421]]}},{"type":"Feature","properties":{"kind":"bridge","osm_id":1395128858,"name":""},"geometry":{"type":"LineString","coordinates":[[121.5433716,25.096967],[121.5425392,25.0970235]]}},{"type":"Feature","properties":{"kind":"bridge","osm_id":1413443317,"name":"民權大橋跨河段上部結構改建統包工程景觀橋"},"geometry":{"type":"LineString","coordinates":[[121.5705538,25.0639288],[121.5705261,25.0639884],[121.5704546,25.0640371],[121.5703866,25.064037],[121.5703374,25.0639867],[121.570349,25.0639185],[121.5703988,25.0638851],[121.5704741,25.0638956],[121.5705073,25.063943],[121.5705019,25.0639908]]}},{"type":"Feature","properties":{"kind":"bridge","osm_id":1413443318,"name":"民權大橋跨河段景觀橋"},"geometry":{"type":"LineString","coordinates":[[121.5705019,25.0639908],[121.5704845,25.0640479],[121.5704517,25.0641058],[121.5704007,25.064196],[121.5703716,25.0643137],[121.5703637,25.0644271]]}},{"type":"Feature","properties":{"kind":"bridge","osm_id":1413443319,"name":"民權大橋跨河段景觀橋"},"geometry":{"type":"LineString","coordinates":[[121.5703637,25.0644271],[121.5703162,25.0643992],[121.569984,25.0642546],[121.5696435,25.0641732]]}},{"type":"Feature","properties":{"kind":"bridge","osm_id":1413443320,"name":"民權大橋跨河段景觀橋"},"geometry":{"type":"LineString","coordinates":[[121.5693348,25.064124],[121.5690785,25.0639903],[121.56897,25.0639195],[121.5688714,25.06387],[121.5687492,25.063851],[121.568676,25.0638503],[121.5685858,25.0638849],[121.5686171,25.0637681]]}},{"type":"Feature","properties":{"kind":"bridge","osm_id":1413443321,"name":"民權大橋跨河段景觀橋"},"geometry":{"type":"LineString","coordinates":[[121.5696435,25.0641732],[121.5693348,25.064124]]}},{"type":"Feature","properties":{"kind":"bridge","osm_id":1413443322,"name":"民權大橋跨河段景觀橋"},"geometry":{"type":"LineString","coordinates":[[121.5690785,25.0639903],[121.5693637,25.0640462],[121.5696435,25.0641732]]}},{"type":"Feature","properties":{"kind":"bridge","osm_id":1413443323,"name":"民權大橋跨河段景觀橋"},"geometry":{"type":"LineString","coordinates":[[121.5693637,25.0640462],[121.569375,25.0640203],[121.5693798,25.0640094]]}},{"type":"Feature","properties":{"kind":"bridge","osm_id":1413443324,"name":"民權大橋景觀橋"},"geometry":{"type":"LineString","coordinates":[[121.5685858,25.0638849],[121.5685709,25.0638953],[121.5685553,25.0639062],[121.5685304,25.0639218],[121.5685121,25.0639436],[121.568502,25.0639694],[121.5685013,25.0639967],[121.5685098,25.064023],[121.5685269,25.0640456],[121.5685508,25.0640623],[121.5685793,25.0640716],[121.5686127,25.064072],[121.5686442,25.0640621],[121.5686702,25.0640431],[121.5686876,25.0640173],[121.5686942,25.0639876],[121.5686893,25.0639577],[121.5686735,25.063931],[121.5686486,25.0639108],[121.5686181,25.063899],[121.5685786,25.0638962]]}},{"type":"Feature","properties":{"kind":"bridge","osm_id":1413443325,"name":"民權大橋跨河景觀橋"},"geometry":{"type":"LineString","coordinates":[[121.5685786,25.0638962],[121.5685545,25.0639048],[121.5685297,25.0639203],[121.5685114,25.0639421],[121.5685013,25.0639679],[121.5685005,25.0639953],[121.5685091,25.0640215],[121.5685261,25.0640441],[121.5685501,25.0640608],[121.5685785,25.0640701],[121.5686119,25.0640705],[121.5686435,25.0640606],[121.5686695,25.0640416],[121.5686868,25.0640158],[121.5686934,25.0639861],[121.5686885,25.0639562],[121.5686727,25.0639295],[121.5686478,25.0639093],[121.5686174,25.0638975],[121.5685782,25.0638934],[121.5685709,25.0638953],[121.5685345,25.0639048],[121.5684938,25.0639168]]}},{"type":"Feature","properties":{"kind":"bridge","osm_id":1413458932,"name":""},"geometry":{"type":"LineString","coordinates":[[121.5681236,25.0657627],[121.568113,25.0657642]]}},{"type":"Feature","properties":{"kind":"bridge","osm_id":1413458935,"name":""},"geometry":{"type":"LineString","coordinates":[[121.5681009,25.0656902],[121.5681289,25.0656862]]}},{"type":"Feature","properties":{"kind":"bridge","osm_id":1413458961,"name":""},"geometry":{"type":"LineString","coordinates":[[121.5441779,25.0738278],[121.5441661,25.0734306]]}},{"type":"Feature","properties":{"kind":"bridge","osm_id":1413478356,"name":""},"geometry":{"type":"LineString","coordinates":[[121.5703462,25.0640819],[121.5704072,25.0641048]]}},{"type":"Feature","properties":{"kind":"bridge","osm_id":1413478357,"name":""},"geometry":{"type":"LineString","coordinates":[[121.5704517,25.0641058],[121.5704133,25.064091]]}},{"type":"Feature","properties":{"kind":"bridge","osm_id":1413478358,"name":""},"geometry":{"type":"LineString","coordinates":[[121.5704133,25.064091],[121.5703533,25.0640681]]}},{"type":"Feature","properties":{"kind":"bridge","osm_id":1413478359,"name":""},"geometry":{"type":"LineString","coordinates":[[121.5703533,25.0640681],[121.5703462,25.0640819]]}},{"type":"Feature","properties":{"kind":"bridge","osm_id":1413478360,"name":""},"geometry":{"type":"LineString","coordinates":[[121.5704072,25.0641048],[121.5704328,25.0641139],[121.5704257,25.0641273]]}},{"type":"Feature","properties":{"kind":"bridge","osm_id":1437064105,"name":""},"geometry":{"type":"LineString","coordinates":[[121.5344709,25.0432364],[121.5344689,25.0431545]]}},{"type":"Feature","properties":{"kind":"bridge","osm_id":1437064140,"name":"機車專用道"},"geometry":{"type":"LineString","coordinates":[[121.5371971,25.0418981],[121.5371811,25.0420078],[121.5370748,25.0422909],[121.5369888,25.0425847],[121.5369556,25.0427238],[121.5368965,25.0429904],[121.5368331,25.0433805],[121.5368185,25.0436306]]}},{"type":"Feature","properties":{"kind":"bridge","osm_id":1458226561,"name":""},"geometry":{"type":"LineString","coordinates":[[121.5338756,25.0713458],[121.534129,25.071658]]}},{"type":"Feature","properties":{"kind":"bridge","osm_id":1458226569,"name":""},"geometry":{"type":"LineString","coordinates":[[121.5407272,25.0716318],[121.5406328,25.0721225]]}},{"type":"Feature","properties":{"kind":"bridge","osm_id":1458697058,"name":""},"geometry":{"type":"LineString","coordinates":[[121.5375067,25.0380019],[121.5375761,25.0380006]]}},{"type":"Feature","properties":{"kind":"bridge","osm_id":1461334344,"name":"內湖路一段47巷"},"geometry":{"type":"LineString","coordinates":[[121.5579006,25.0885595],[121.5578825,25.0885898]]}},{"type":"Feature","properties":{"kind":"bridge","osm_id":1461334347,"name":""},"geometry":{"type":"LineString","coordinates":[[121.5493096,25.0941996],[121.5492562,25.0941895]]}},{"type":"Feature","properties":{"kind":"bridge","osm_id":1461334349,"name":""},"geometry":{"type":"LineString","coordinates":[[121.5496418,25.0942539],[121.5496097,25.0942343]]}},{"type":"Feature","properties":{"kind":"bridge","osm_id":1463933829,"name":"劍潭山親山步道通北街支線"},"geometry":{"type":"LineString","coordinates":[[121.5373859,25.0873002],[121.5373317,25.0873138],[121.5373156,25.087265],[121.5373706,25.0872504],[121.5373859,25.0873002]]}},{"type":"Feature","properties":{"kind":"bridge","osm_id":1463933830,"name":"劍潭山親山步道通北街支線"},"geometry":{"type":"LineString","coordinates":[[121.5371343,25.0870017],[121.5371539,25.0870026],[121.5371841,25.0870543],[121.5372735,25.0871372],[121.5373156,25.087265]]}},{"type":"Feature","properties":{"kind":"bridge","osm_id":1463933831,"name":"劍潭山親山步道通北街支線"},"geometry":{"type":"LineString","coordinates":[[121.5373859,25.0873002],[121.537403,25.087355],[121.5373482,25.0873691],[121.5374067,25.0874637],[121.5374396,25.0877153],[121.5374313,25.0877373],[121.5374429,25.0878391],[121.5374445,25.0878772],[121.5374775,25.0879188],[121.5374473,25.0880328],[121.5374461,25.0880871]]}},{"type":"Feature","properties":{"kind":"bridge","osm_id":1463933836,"name":"劍潭山親山步道通北街支線"},"geometry":{"type":"LineString","coordinates":[[121.5374359,25.0859008],[121.5373068,25.0860558],[121.5372952,25.0860711],[121.5372875,25.0860893],[121.5372839,25.0861053],[121.5372517,25.0864062]]}},{"type":"Feature","properties":{"kind":"bridge","osm_id":1463954523,"name":""},"geometry":{"type":"LineString","coordinates":[[121.536621,25.0851395],[121.5365744,25.0850643],[121.5366225,25.0849892],[121.5366054,25.0849803],[121.5365108,25.0851281],[121.536493,25.0851187],[121.5366491,25.0848747]]}},{"type":"Feature","properties":{"kind":"bridge","osm_id":1465081240,"name":"台北交流道"},"geometry":{"type":"LineString","coordinates":[[121.5156965,25.0770256],[121.515785,25.0770583]]}},{"type":"Feature","properties":{"kind":"bridge","osm_id":1466299731,"name":""},"geometry":{"type":"LineString","coordinates":[[121.5282643,25.0838708],[121.5281492,25.0838639]]}},{"type":"Feature","properties":{"kind":"bridge","osm_id":1469168910,"name":""},"geometry":{"type":"LineString","coordinates":[[121.5496034,25.0496356],[121.5499536,25.0496644],[121.5502152,25.0496859],[121.5502429,25.0496882]]}},{"type":"Feature","properties":{"kind":"bridge","osm_id":1469168911,"name":""},"geometry":{"type":"LineString","coordinates":[[121.5502429,25.0496882],[121.5504093,25.0496844]]}},{"type":"Feature","properties":{"kind":"bridge","osm_id":1469168916,"name":""},"geometry":{"type":"LineString","coordinates":[[121.5502429,25.0496882],[121.5504038,25.0497505],[121.5505005,25.0497708],[121.5505419,25.0497698],[121.5505845,25.0497686],[121.5506254,25.0497677],[121.5508374,25.0497624],[121.5508863,25.0497612]]}},{"type":"Feature","properties":{"kind":"bridge","osm_id":1469168917,"name":""},"geometry":{"type":"LineString","coordinates":[[121.5502429,25.0496882],[121.550405,25.0496105],[121.5506065,25.0496001],[121.5506214,25.0495993],[121.5508302,25.0495885],[121.5508792,25.0495859]]}},{"type":"Feature","properties":{"kind":"bridge","osm_id":1469168918,"name":""},"geometry":{"type":"LineString","coordinates":[[121.5505845,25.0497686],[121.5505865,25.0498788]]}},{"type":"Feature","properties":{"kind":"bridge","osm_id":1469168922,"name":""},"geometry":{"type":"LineString","coordinates":[[121.5505089,25.0498376],[121.5505425,25.0498016],[121.5505419,25.0497698]]}},{"type":"Feature","properties":{"kind":"bridge","osm_id":1469168940,"name":""},"geometry":{"type":"LineString","coordinates":[[121.5506087,25.0489403],[121.5506111,25.0490553],[121.5505955,25.0491801],[121.5506065,25.0496001]]}},{"type":"Feature","properties":{"kind":"bridge","osm_id":1469168942,"name":""},"geometry":{"type":"LineString","coordinates":[[121.5506254,25.0497677],[121.5506214,25.0495993]]}},{"type":"Feature","properties":{"kind":"bridge","osm_id":1469168980,"name":""},"geometry":{"type":"LineString","coordinates":[[121.5508218,25.0494394],[121.5508302,25.0495885],[121.5508374,25.0497624],[121.5508395,25.0498204]]}},{"type":"Feature","properties":{"kind":"bridge","osm_id":1475195539,"name":""},"geometry":{"type":"LineString","coordinates":[[121.5468005,25.0992141],[121.5468371,25.0992024]]}},{"type":"Feature","properties":{"kind":"bridge","osm_id":1475195553,"name":""},"geometry":{"type":"LineString","coordinates":[[121.5466826,25.0993868],[121.5467728,25.0993894]]}},{"type":"Feature","properties":{"kind":"bridge","osm_id":1475195560,"name":""},"geometry":{"type":"LineString","coordinates":[[121.5458233,25.0982119],[121.5458421,25.0981884]]}},{"type":"Feature","properties":{"kind":"bridge","osm_id":1475195573,"name":""},"geometry":{"type":"LineString","coordinates":[[121.5465599,25.0990912],[121.5466297,25.0990681]]}},{"type":"Feature","properties":{"kind":"bridge","osm_id":1475195576,"name":""},"geometry":{"type":"LineString","coordinates":[[121.5464064,25.0991862],[121.5463812,25.0990162],[121.5463674,25.0989899]]}},{"type":"Feature","properties":{"kind":"bridge","osm_id":1485678453,"name":""},"geometry":{"type":"LineString","coordinates":[[121.5330953,25.0427703],[121.5331147,25.0427697]]}},{"type":"Feature","properties":{"kind":"bridge","osm_id":1485678468,"name":""},"geometry":{"type":"LineString","coordinates":[[121.5330875,25.0440032],[121.533142,25.0440048]]}},{"type":"Feature","properties":{"kind":"bridge","osm_id":1487592727,"name":""},"geometry":{"type":"LineString","coordinates":[[121.5678158,25.0891722],[121.5676973,25.0891156]]}},{"type":"Feature","properties":{"kind":"bridge","osm_id":1492512226,"name":"光復南路出口匝道"},"geometry":{"type":"LineString","coordinates":[[121.553334,25.0443925],[121.5536174,25.044401],[121.5539862,25.0444278],[121.5545669,25.0445006]]}},{"type":"Feature","properties":{"kind":"bridge","osm_id":1494974457,"name":"劍南路"},"geometry":{"type":"LineString","coordinates":[[121.5590239,25.1014499],[121.5590592,25.1014906]]}},{"type":"Feature","properties":{"kind":"bridge","osm_id":1525641943,"name":""},"geometry":{"type":"LineString","coordinates":[[121.5406158,25.0640939],[121.5399688,25.0641105]]}},{"type":"Feature","properties":{"kind":"bridge","osm_id":1533536728,"name":"重陽橋"},"geometry":{"type":"LineString","coordinates":[[121.5109071,25.0873327],[121.5107833,25.0872713],[121.5105942,25.0871718]]}},{"type":"Feature","properties":{"kind":"bridge","osm_id":1534273248,"name":"潛壩拱橋"},"geometry":{"type":"LineString","coordinates":[[121.5444033,25.0870988],[121.544273,25.087048]]}},{"type":"Feature","properties":{"kind":"bridge","osm_id":1534273250,"name":""},"geometry":{"type":"LineString","coordinates":[[121.5444923,25.086685],[121.5445993,25.0867408]]}},{"type":"Feature","properties":{"kind":"bridge","osm_id":1534273252,"name":""},"geometry":{"type":"LineString","coordinates":[[121.5448806,25.0863807],[121.5447844,25.0863397]]}},{"type":"Feature","properties":{"kind":"bridge","osm_id":1534816663,"name":""},"geometry":{"type":"LineString","coordinates":[[121.5738454,25.0956741],[121.5737562,25.0956536]]}},{"type":"Feature","properties":{"kind":"bridge","osm_id":1541183909,"name":"文湖街21巷68弄"},"geometry":{"type":"LineString","coordinates":[[121.5611226,25.0884256],[121.5612342,25.0884221]]}},{"type":"Feature","properties":{"kind":"bridge","osm_id":1541187870,"name":"捷運出口空橋(興建中)"},"geometry":{"type":"LineString","coordinates":[[121.5436757,25.0405962],[121.5435084,25.0405969]]}},{"type":"Feature","properties":{"kind":"bridge","osm_id":1543116297,"name":"捷運空橋(興建中)"},"geometry":{"type":"LineString","coordinates":[[121.5438702,25.0526299],[121.5439019,25.0526294],[121.5439614,25.0526294]]}},{"type":"Feature","properties":{"kind":"bridge","osm_id":1550472583,"name":"婆婆橋步道"},"geometry":{"type":"LineString","coordinates":[[121.555197,25.100354],[121.5551543,25.1003827]]}},{"type":"Feature","properties":{"kind":"bridge","osm_id":1550472586,"name":"婆婆橋步道"},"geometry":{"type":"LineString","coordinates":[[121.5558541,25.0998384],[121.5559044,25.0998074]]}},{"type":"Feature","properties":{"kind":"bridge","osm_id":1550472589,"name":"婆婆橋步道"},"geometry":{"type":"LineString","coordinates":[[121.5554832,25.1001431],[121.555424,25.100195]]}},{"type":"Feature","properties":{"kind":"bridge","osm_id":1553438355,"name":"中山橋"},"geometry":{"type":"LineString","coordinates":[[121.5251087,25.0740817],[121.525542,25.0743427]]}},{"type":"Feature","properties":{"kind":"bridge","osm_id":1553438356,"name":"中山橋"},"geometry":{"type":"LineString","coordinates":[[121.5241378,25.0734308],[121.5241036,25.0733321],[121.5240136,25.0730045]]}},{"type":"Feature","properties":{"kind":"bridge","osm_id":1554819732,"name":""},"geometry":{"type":"LineString","coordinates":[[121.5290886,25.0846242],[121.529106,25.0846328]]}},{"type":"Feature","properties":{"kind":"bridge","osm_id":1554819734,"name":""},"geometry":{"type":"LineString","coordinates":[[121.5292727,25.0847401],[121.5292897,25.0847512]]}},{"type":"Feature","properties":{"kind":"bridge","osm_id":1554819736,"name":""},"geometry":{"type":"LineString","coordinates":[[121.5301214,25.0853672],[121.5301381,25.0853935]]}},{"type":"Feature","properties":{"kind":"bridge","osm_id":1554819738,"name":""},"geometry":{"type":"LineString","coordinates":[[121.5296846,25.085047],[121.529709,25.0850599]]}},{"type":"Feature","properties":{"kind":"bridge","osm_id":1554819740,"name":""},"geometry":{"type":"LineString","coordinates":[[121.5295596,25.0848811],[121.5295381,25.0848908]]}}]}