{"type":"FeatureCollection","features":[{"type":"Feature","properties":{"kind":"water","osm_id":54777456,"name":""},"geometry":{"type":"Polygon","coordinates":[[[121.5508788,25.000138],[121.5507758,25.0001276],[121.5507507,25.0001139],[121.550733,25.0000875],[121.5507206,25.0000625],[121.5507234,25.0000317],[121.5507402,25.000008],[121.5507676,24.9999988],[121.5508047,25.0000032],[121.5508459,25.0000144],[121.5508948,25.000033],[121.550964,25.0000491],[121.5510227,25.0000696],[121.5510892,25.0000766],[121.5512192,25.0000851],[121.5512642,25.0000671],[121.5513047,25.000056],[121.5513258,25.0000452],[121.5513531,25.0000247],[121.5513945,25.0000082],[121.5514203,25.0000546],[121.5514818,25.0001349],[121.5514846,25.0001561],[121.5514513,25.0001818],[121.551408,25.000203],[121.5513675,25.0002313],[121.5513383,25.0002529],[121.5513162,25.0002523],[121.5512873,25.0002286],[121.5512565,25.0001994],[121.5512498,25.0001847],[121.5512244,25.0001728],[121.5511337,25.0001356],[121.5510426,25.0001319],[121.5509098,25.0001423],[121.5508788,25.000138]]]}},{"type":"Feature","properties":{"kind":"water","osm_id":228940805,"name":"映池"},"geometry":{"type":"Polygon","coordinates":[[[121.5600407,25.0392414],[121.5601245,25.0392505],[121.5602184,25.0392517],[121.560328,25.0392483],[121.5604102,25.0392414],[121.5604906,25.0392276],[121.5604935,25.0392063],[121.5605111,25.0391885],[121.5605302,25.0391819],[121.5605631,25.0391789],[121.5605708,25.0391057],[121.5605672,25.0390092],[121.560554,25.0389365],[121.5605233,25.0389335],[121.5604972,25.0389255],[121.5604836,25.0389104],[121.5604779,25.0388881],[121.5603897,25.0388808],[121.5602977,25.0388799],[121.5602046,25.0388828],[121.5601229,25.0388884],[121.560028,25.038902],[121.5600221,25.0389268],[121.5600087,25.0389423],[121.5599879,25.0389513],[121.5599545,25.0389549],[121.559947,25.0390282],[121.5599506,25.0391248],[121.5599636,25.0391973],[121.5600017,25.0391998],[121.5600211,25.0392069],[121.5600355,25.0392209],[121.5600407,25.0392414]]]}},{"type":"Feature","properties":{"kind":"water","osm_id":237015081,"name":""},"geometry":{"type":"Polygon","coordinates":[[[121.5315012,25.009367],[121.5317048,25.0092027],[121.5318409,25.0090063],[121.5318882,25.0091642],[121.5319718,25.009294],[121.5321846,25.0094681],[121.5322416,25.0095728],[121.5322584,25.00962],[121.5322861,25.0096704],[121.5323792,25.0097432],[121.5324719,25.0098107],[121.5325915,25.0098605],[121.5327734,25.0098842],[121.5328876,25.009894],[121.5329812,25.0098918],[121.5331456,25.0098645],[121.5332244,25.0098429],[121.5333193,25.0097881],[121.5333956,25.009723],[121.5335106,25.0096086],[121.5335451,25.0096401],[121.5336021,25.0096648],[121.5335069,25.0097626],[121.5334147,25.0098419],[121.5332709,25.0099141],[121.5331173,25.0099728],[121.5329528,25.0099928],[121.5328262,25.0100044],[121.5326781,25.0099981],[121.5325627,25.0099795],[121.5324345,25.0099442],[121.5323111,25.0098954],[121.5322218,25.009836],[121.5321458,25.0097699],[121.5320689,25.0096481],[121.5320041,25.0095633],[121.5318101,25.0093742],[121.5317582,25.0093587],[121.5316972,25.0093626],[121.5315744,25.0093405],[121.5315012,25.009367]]]}},{"type":"Feature","properties":{"kind":"water","osm_id":249164428,"name":"水平方"},"geometry":{"type":"Polygon","coordinates":[[[121.5274906,25.0262056],[121.5274814,25.0262254],[121.5274797,25.0262468],[121.5274859,25.0262675],[121.5274991,25.0262854],[121.527518,25.0262983],[121.5275405,25.026305],[121.5275642,25.0263047],[121.5275865,25.0262975],[121.527605,25.0262841],[121.5276177,25.0262659],[121.5276232,25.0262451],[121.5276209,25.0262237],[121.5276111,25.0262042],[121.5275948,25.0261886],[121.5275738,25.0261786],[121.5275504,25.0261753],[121.5275271,25.0261792],[121.5275064,25.0261896],[121.5274906,25.0262056]]]}},{"type":"Feature","properties":{"kind":"water","osm_id":259752953,"name":""},"geometry":{"type":"Polygon","coordinates":[[[121.5149111,25.0420561],[121.514905,25.0420851],[121.514909,25.0421145],[121.5149229,25.0421413],[121.5149453,25.0421629],[121.5149739,25.0421772],[121.515006,25.0421828],[121.5150419,25.0421781],[121.5150738,25.0421626],[121.515098,25.0421381],[121.5151115,25.0421077],[121.5151127,25.0420748],[121.5151014,25.0420436],[121.515079,25.0420178],[121.5150482,25.0420005],[121.5150128,25.0419937],[121.5149804,25.0419973],[121.5149508,25.0420099],[121.5149269,25.0420301],[121.5149111,25.0420561]]]}},{"type":"Feature","properties":{"kind":"water","osm_id":270790285,"name":"新北池"},"geometry":{"type":"Polygon","coordinates":[[[121.5403229,25.0348589],[121.5405197,25.0348513],[121.5405185,25.0349024],[121.5403253,25.0349045],[121.5403229,25.0348589]]]}},{"type":"Feature","properties":{"kind":"water","osm_id":345047186,"name":""},"geometry":{"type":"Polygon","coordinates":[[[121.5368109,25.0169625],[121.5367384,25.0169616],[121.5367407,25.0168131],[121.5368132,25.016814],[121.5368109,25.0169625]]]}},{"type":"Feature","properties":{"kind":"water","osm_id":379326176,"name":""},"geometry":{"type":"Polygon","coordinates":[[[121.567807,25.0393044],[121.5678086,25.0392983],[121.5678096,25.0392844],[121.5678081,25.0392706],[121.5678072,25.0392676],[121.5680813,25.0392636],[121.5680831,25.0392805],[121.5680817,25.0393005],[121.567807,25.0393044]]]}},{"type":"Feature","properties":{"kind":"water","osm_id":379326177,"name":""},"geometry":{"type":"Polygon","coordinates":[[[121.5673515,25.0392742],[121.5676257,25.0392702],[121.5676249,25.0392732],[121.5676239,25.0392871],[121.5676254,25.0393009],[121.5676272,25.039307],[121.5673525,25.039311],[121.5673503,25.0392911],[121.5673515,25.0392742]]]}},{"type":"Feature","properties":{"kind":"water","osm_id":379326179,"name":""},"geometry":{"type":"Polygon","coordinates":[[[121.5677449,25.0392854],[121.5677446,25.0392896],[121.5677435,25.0392937],[121.5677417,25.0392976],[121.5677393,25.0393011],[121.5677362,25.0393043],[121.5677325,25.0393069],[121.5677285,25.039309],[121.5677241,25.0393104],[121.5677195,25.0393112],[121.5677148,25.0393113],[121.5677102,25.0393106],[121.5677058,25.0393093],[121.5677017,25.0393074],[121.5676979,25.0393048],[121.5676947,25.0393018],[121.5676921,25.0392983],[121.5676902,25.0392944],[121.567689,25.0392904],[121.5676885,25.0392862],[121.5676888,25.039282],[121.5676899,25.0392779],[121.5676917,25.039274],[121.5676942,25.0392704],[121.5676973,25.0392672],[121.5677009,25.0392646],[121.567705,25.0392625],[121.5677094,25.0392611],[121.5677139,25.0392603],[121.5677186,25.0392603],[121.5677232,25.0392609],[121.5677276,25.0392622],[121.5677318,25.0392641],[121.5677355,25.0392667],[121.5677387,25.0392697],[121.5677413,25.0392732],[121.5677432,25.0392771],[121.5677445,25.0392812],[121.5677449,25.0392854]]]}},{"type":"Feature","properties":{"kind":"water","osm_id":384686112,"name":""},"geometry":{"type":"Polygon","coordinates":[[[121.5160637,25.0337229],[121.5160384,25.0337357],[121.51601,25.0337404],[121.5159814,25.0337367],[121.5159556,25.0337249],[121.5159353,25.0337062],[121.5159228,25.0336826],[121.5159192,25.0336566],[121.515925,25.0336309],[121.5159396,25.0336083],[121.515962,25.0335907],[121.5159897,25.0335808],[121.5160193,25.0335797],[121.5160478,25.0335874],[121.5160718,25.0336032],[121.5160888,25.0336253],[121.5160968,25.0336512],[121.516095,25.0336781],[121.5160835,25.0337029],[121.5160637,25.0337229]]]}},{"type":"Feature","properties":{"kind":"water","osm_id":386348289,"name":""},"geometry":{"type":"Polygon","coordinates":[[[121.5364899,25.0084918],[121.5364724,25.0084997],[121.5364742,25.0085155],[121.5365073,25.008525],[121.5365265,25.0085456],[121.536551,25.008544],[121.5365736,25.0085361],[121.5366051,25.0085266],[121.5366382,25.0085123],[121.5366592,25.0084981],[121.5366714,25.008476],[121.5366836,25.008457],[121.5366888,25.0084269],[121.5366888,25.0084016],[121.5366818,25.0083779],[121.5366696,25.008351],[121.5366574,25.0083305],[121.5366417,25.0083083],[121.5366208,25.0083162],[121.5366068,25.0083415],[121.5365604,25.0083407],[121.5365577,25.0083594],[121.5365631,25.0083683],[121.5365774,25.0083708],[121.5365999,25.0083683],[121.5366205,25.0083634],[121.5366384,25.0083724],[121.5366322,25.008396],[121.5366348,25.008422],[121.5366322,25.0084488],[121.5366304,25.008474],[121.5366214,25.0084968],[121.5365963,25.0085065],[121.5365622,25.0085098],[121.5365191,25.0085025],[121.5364899,25.0084918]]]}},{"type":"Feature","properties":{"kind":"water","osm_id":444342900,"name":""},"geometry":{"type":"Polygon","coordinates":[[[121.5115115,25.0334638],[121.5115827,25.0334411],[121.5115726,25.0334276],[121.5115608,25.0334191],[121.5115491,25.0334212],[121.5115334,25.0334269],[121.5115217,25.0334298],[121.5115115,25.0334418],[121.5115068,25.0334518],[121.5115115,25.0334638]]]}},{"type":"Feature","properties":{"kind":"water","osm_id":448227617,"name":""},"geometry":{"type":"Polygon","coordinates":[[[121.5297148,25.0457239],[121.5297204,25.0457424],[121.5297264,25.0457549],[121.5297351,25.0457626],[121.5297477,25.0457673],[121.5297626,25.0457704],[121.5298179,25.0457755],[121.5298833,25.0457777],[121.529883,25.0457685],[121.5299388,25.0457693],[121.5299391,25.0457745],[121.5299601,25.0457731],[121.5299802,25.0457673],[121.5299923,25.045761],[121.5299995,25.0457552],[121.5300067,25.0457452],[121.5300127,25.0457321],[121.5300147,25.0457251],[121.5300151,25.0457154],[121.5300134,25.0457057],[121.5300097,25.045699],[121.5300027,25.045693],[121.5299817,25.0456893],[121.5297379,25.0456855],[121.5297309,25.0456864],[121.5297252,25.0456891],[121.5297204,25.0456935],[121.5297178,25.0456999],[121.5297158,25.0457114],[121.5297148,25.0457239]]]}},{"type":"Feature","properties":{"kind":"water","osm_id":448472118,"name":"斯年堂噴泉"},"geometry":{"type":"Polygon","coordinates":[[[121.5338024,25.0160502],[121.5337973,25.0160611],[121.5337884,25.0160699],[121.5337772,25.0160759],[121.5337644,25.0160781],[121.5337513,25.0160765],[121.5337393,25.0160711],[121.5337298,25.0160622],[121.533724,25.0160511],[121.5337228,25.0160389],[121.5337258,25.016027],[121.5337332,25.0160168],[121.5337438,25.0160092],[121.5337566,25.0160052],[121.5337701,25.0160054],[121.5337828,25.0160095],[121.5337931,25.0160169],[121.5338002,25.0160269],[121.5338034,25.0160385],[121.5338024,25.0160502]]]}},{"type":"Feature","properties":{"kind":"water","osm_id":452032772,"name":""},"geometry":{"type":"Polygon","coordinates":[[[121.5283917,25.0457787],[121.5283828,25.0457831],[121.5283739,25.0457831],[121.5283677,25.0457824],[121.5283585,25.0457795],[121.5283481,25.0457711],[121.5283409,25.04576],[121.528339,25.0457508],[121.528341,25.0457345],[121.5283444,25.0457038],[121.5283491,25.0456999],[121.5283541,25.0456893],[121.5283588,25.0456843],[121.5283786,25.0456799],[121.5284104,25.0456783],[121.528443,25.0456782],[121.5285365,25.0456902],[121.5285894,25.0456978],[121.5286247,25.0457029],[121.5287065,25.0457157],[121.5287531,25.0457278],[121.5287708,25.0457333],[121.5287823,25.0457393],[121.5287896,25.0457467],[121.528791,25.0457607],[121.5287809,25.0457986],[121.5287752,25.045808],[121.5287618,25.0458093],[121.5287504,25.0458088],[121.5287253,25.0458038],[121.528608,25.0457809],[121.5285776,25.0457778],[121.5285521,25.0457772],[121.5285284,25.0457777],[121.528516,25.0457793],[121.5285028,25.0457816],[121.5284919,25.0457816],[121.5284787,25.0457799],[121.5284636,25.0457777],[121.5283917,25.0457787]]]}},{"type":"Feature","properties":{"kind":"water","osm_id":461351881,"name":""},"geometry":{"type":"Polygon","coordinates":[[[121.5198723,25.0476235],[121.5198888,25.0476429],[121.5198958,25.0476675],[121.5198948,25.0476976],[121.5198894,25.0477274],[121.519877,25.0477538],[121.5198636,25.0477666],[121.5198277,25.0477699],[121.5197976,25.0477663],[121.5197654,25.0477517],[121.5197546,25.0477274],[121.5197489,25.0477019],[121.5197567,25.0476757],[121.5197744,25.0476411],[121.5198009,25.0476156],[121.5198186,25.0475907],[121.5198274,25.0475686],[121.5198357,25.0475494],[121.5198331,25.0475339],[121.5198374,25.0475175],[121.5198565,25.0475102],[121.5198974,25.0475111],[121.5199323,25.0475151],[121.5199491,25.0475187],[121.5199504,25.0475306],[121.5199474,25.0475512],[121.5199531,25.0475686],[121.5199377,25.0475813],[121.5199236,25.0475853],[121.5198947,25.0475862],[121.5198743,25.0475968],[121.5198723,25.0476235]]]}},{"type":"Feature","properties":{"kind":"water","osm_id":462702683,"name":""},"geometry":{"type":"Polygon","coordinates":[[[121.5679925,25.0384164],[121.567993,25.0384251],[121.5679902,25.0384335],[121.5679845,25.0384405],[121.5679765,25.0384454],[121.5679671,25.0384475],[121.5679575,25.0384467],[121.5679488,25.0384431],[121.5679423,25.0384375],[121.5679381,25.0384304],[121.5679366,25.0384225],[121.5679378,25.0384145],[121.5679416,25.0384073],[121.5679478,25.0384015],[121.5679557,25.0383977],[121.5679644,25.0383963],[121.5679739,25.0383976],[121.5679824,25.0384018],[121.5679889,25.0384083],[121.5679925,25.0384164]]]}},{"type":"Feature","properties":{"kind":"water","osm_id":464852127,"name":""},"geometry":{"type":"Polygon","coordinates":[[[121.5119951,25.0325772],[121.5120345,25.0325779],[121.5120776,25.0325786],[121.512081,25.0324166],[121.5119984,25.0324152],[121.5119951,25.0325772]]]}},{"type":"Feature","properties":{"kind":"water","osm_id":464852131,"name":""},"geometry":{"type":"Polygon","coordinates":[[[121.5117503,25.0322022],[121.5118031,25.0320455],[121.5119086,25.031958],[121.5119547,25.0319499],[121.5119794,25.0319651],[121.5119693,25.0319948],[121.5119872,25.0320169],[121.5120262,25.0320165],[121.5120417,25.032122],[121.5121114,25.0321102],[121.5121572,25.0321164],[121.5122106,25.03212],[121.5122656,25.0321393],[121.5123376,25.0321829],[121.5122702,25.0322378],[121.5121164,25.032246],[121.5120421,25.0322443],[121.5120243,25.0322439],[121.5119816,25.032191],[121.5119142,25.0322104],[121.5118255,25.0321839],[121.5117503,25.0322022]]]}},{"type":"Feature","properties":{"kind":"water","osm_id":503713594,"name":""},"geometry":{"type":"Polygon","coordinates":[[[121.5315716,25.0118557],[121.531602,25.0118736],[121.5316371,25.0118815],[121.5316679,25.0118789],[121.5316731,25.0118785],[121.5317056,25.0118654],[121.531724,25.0118499],[121.5317318,25.0118434],[121.5317487,25.011815],[121.5317546,25.0117831],[121.5317489,25.0117513],[121.5317321,25.0117227],[121.5317061,25.0117007],[121.5316736,25.0116873],[121.5316539,25.0116856],[121.5316382,25.0116842],[121.531603,25.0116918],[121.5315724,25.0117094],[121.5315659,25.0117168],[121.5315499,25.0117351],[121.5315379,25.011766],[121.5315378,25.0117988],[121.5315494,25.0118298],[121.5315716,25.0118557]]]}},{"type":"Feature","properties":{"kind":"water","osm_id":504654471,"name":""},"geometry":{"type":"Polygon","coordinates":[[[121.5307649,25.0112749],[121.5307985,25.0112977],[121.5308217,25.0113293],[121.5308318,25.0113662],[121.5308278,25.011404],[121.5308099,25.0114384],[121.5307804,25.0114654],[121.5307426,25.0114818],[121.5307009,25.0114858],[121.5306839,25.0114821],[121.5306601,25.0114769],[121.5306269,25.0114578],[121.5306021,25.0114301],[121.5305882,25.0113968],[121.5305865,25.0113611],[121.5305974,25.0113269],[121.5306196,25.0112974],[121.5306378,25.0112849],[121.5306509,25.0112759],[121.5306881,25.0112643],[121.5307274,25.011264],[121.5307649,25.0112749]]]}},{"type":"Feature","properties":{"kind":"water","osm_id":504654474,"name":"虎空山"},"geometry":{"type":"Polygon","coordinates":[[[121.5300155,25.0114925],[121.5299872,25.0115141],[121.5299526,25.0115258],[121.5299157,25.0115262],[121.5298833,25.0115164],[121.529856,25.0114981],[121.5298363,25.0114728],[121.5298263,25.0114433],[121.529827,25.0114124],[121.5298383,25.0113833],[121.5298592,25.0113588],[121.5298873,25.0113415],[121.5299201,25.011333],[121.5299542,25.0113342],[121.5299637,25.0113376],[121.5299886,25.0113464],[121.5300165,25.0113683],[121.5300345,25.0113976],[121.5300406,25.0114306],[121.530034,25.0114635],[121.5300155,25.0114925]]]}},{"type":"Feature","properties":{"kind":"water","osm_id":504654477,"name":"反沖洗砂水池"},"geometry":{"type":"Polygon","coordinates":[[[121.5316097,25.0108765],[121.5315936,25.0108798],[121.5315772,25.0108783],[121.5315621,25.0108724],[121.5315497,25.0108625],[121.5315413,25.0108496],[121.5315378,25.010835],[121.5315394,25.0108202],[121.5315459,25.0108065],[121.5315569,25.0107953],[121.5315711,25.0107877],[121.5315872,25.0107845],[121.5316036,25.0107859],[121.5316187,25.0107919],[121.531631,25.0108018],[121.5316394,25.0108146],[121.531643,25.0108292],[121.5316414,25.0108441],[121.5316348,25.0108578],[121.5316239,25.010869],[121.5316097,25.0108765]]]}},{"type":"Feature","properties":{"kind":"water","osm_id":504659940,"name":""},"geometry":{"type":"Polygon","coordinates":[[[121.5313686,25.0106676],[121.531449,25.0106654],[121.531449,25.0106393],[121.531368,25.0106398],[121.5313686,25.0106676]]]}},{"type":"Feature","properties":{"kind":"water","osm_id":504659941,"name":""},"geometry":{"type":"Polygon","coordinates":[[[121.5316777,25.010759],[121.5316903,25.0107236],[121.5316417,25.0107095],[121.5316266,25.0107459],[121.5316777,25.010759]]]}},{"type":"Feature","properties":{"kind":"water","osm_id":506584775,"name":""},"geometry":{"type":"Polygon","coordinates":[[[121.5679499,25.0388788],[121.5677796,25.038882],[121.5677803,25.0389136],[121.5679506,25.0389105],[121.5679499,25.0388788]]]}},{"type":"Feature","properties":{"kind":"water","osm_id":556941705,"name":""},"geometry":{"type":"Polygon","coordinates":[[[121.535197,25.0332085],[121.5352052,25.0331628],[121.5352323,25.0331235],[121.5352741,25.0330969],[121.535324,25.033087],[121.5353743,25.0330954],[121.535417,25.0331208],[121.5354455,25.0331593],[121.5354553,25.0332046],[121.535496,25.0332039],[121.5354872,25.0331578],[121.5354629,25.0331158],[121.5354254,25.0330828],[121.5353784,25.0330618],[121.5353267,25.033055],[121.5352751,25.0330631],[121.5352288,25.0330852],[121.5351924,25.0331193],[121.5351693,25.0331618],[121.5351619,25.033209],[121.535197,25.0332085]]]}},{"type":"Feature","properties":{"kind":"water","osm_id":557838244,"name":""},"geometry":{"type":"Polygon","coordinates":[[[121.5406477,25.0134852],[121.5406612,25.0135171],[121.5406746,25.0135395],[121.540689,25.0135579],[121.5407089,25.0135787],[121.5407311,25.0135968],[121.5407556,25.013613],[121.5407806,25.013625],[121.5408063,25.0136355],[121.5408367,25.0136426],[121.5408589,25.0135503],[121.5408364,25.0135443],[121.5408187,25.0135367],[121.5407992,25.0135246],[121.5407841,25.0135124],[121.540769,25.0134972],[121.5407573,25.0134805],[121.5407474,25.0134589],[121.5406477,25.0134852]]]}},{"type":"Feature","properties":{"kind":"water","osm_id":570145865,"name":""},"geometry":{"type":"Polygon","coordinates":[[[121.5140048,25.0390168],[121.5139955,25.0390489],[121.5140417,25.0390768],[121.514128,25.0390754],[121.5142097,25.0390517],[121.5142851,25.0390461],[121.5143745,25.039028],[121.5144346,25.0390042],[121.5144608,25.0389665],[121.5144654,25.0389107],[121.5144299,25.0388968],[121.5143652,25.0389009],[121.5142898,25.0389456],[121.5141819,25.0389526],[121.5140941,25.0389512],[121.514014,25.0389721],[121.5140048,25.0390168]]]}},{"type":"Feature","properties":{"kind":"water","osm_id":570145867,"name":""},"geometry":{"type":"Polygon","coordinates":[[[121.5140487,25.0391968],[121.5140826,25.0392638],[121.5141165,25.039282],[121.5141657,25.0392806],[121.5142107,25.0392992],[121.5142744,25.0393093],[121.5143474,25.0393097],[121.5144142,25.0392852],[121.5144392,25.0392454],[121.5144473,25.0392007],[121.5144296,25.0391616],[121.5144011,25.0391786],[121.5143794,25.0392483],[121.5143394,25.039262],[121.5142823,25.0392718],[121.514202,25.039248],[121.5141812,25.039201],[121.5141282,25.0391645],[121.5140653,25.0391581],[121.5140487,25.0391968]]]}},{"type":"Feature","properties":{"kind":"water","osm_id":578274138,"name":"八卦池"},"geometry":{"type":"Polygon","coordinates":[[[121.5289205,25.0133537],[121.5289115,25.0133398],[121.5288977,25.0133295],[121.528881,25.0133241],[121.5288631,25.0133243],[121.5288465,25.0133298],[121.5288329,25.0133403],[121.5288241,25.0133543],[121.528821,25.0133701],[121.5288241,25.013386],[121.5288329,25.0134],[121.5288445,25.0134092],[121.5288586,25.013415],[121.5288739,25.0134167],[121.5288892,25.0134141],[121.5289028,25.0134077],[121.5289138,25.0133978],[121.528921,25.0133854],[121.5289238,25.0133695],[121.5289205,25.0133537]]]}},{"type":"Feature","properties":{"kind":"water","osm_id":584536487,"name":"瑠公圳原址水道"},"geometry":{"type":"Polygon","coordinates":[[[121.5375625,25.0190994],[121.5375582,25.0190861],[121.5375367,25.0190207],[121.5375387,25.0189624],[121.5375702,25.0189138],[121.5375648,25.018826],[121.5375031,25.0188606],[121.5375029,25.0188639],[121.5374981,25.0189387],[121.5375088,25.0190051],[121.5375216,25.0190946],[121.5375244,25.0191136],[121.5375291,25.0191456],[121.5375326,25.0191881],[121.5375309,25.0192443],[121.5375678,25.0193154],[121.5375682,25.0192629],[121.5375558,25.019214],[121.5375628,25.0191711],[121.5375626,25.0191164],[121.5375625,25.0190994]]]}},{"type":"Feature","properties":{"kind":"water","osm_id":663078036,"name":"生態水池(上池)"},"geometry":{"type":"Polygon","coordinates":[[[121.543776,25.0030412],[121.5437637,25.0030449],[121.5437478,25.0031091],[121.5437289,25.0031353],[121.543702,25.0031584],[121.543691,25.0031796],[121.5436986,25.0032016],[121.5437409,25.003224],[121.543814,25.0032636],[121.543845,25.0032954],[121.5438631,25.003335],[121.5438752,25.0033666],[121.5439229,25.0034133],[121.5439676,25.003438],[121.5440041,25.0034563],[121.5440176,25.0034737],[121.544044,25.0034792],[121.5440765,25.0034699],[121.5441017,25.003441],[121.5440879,25.0034059],[121.5440756,25.0033898],[121.5440259,25.0033699],[121.5439912,25.0033657],[121.5439766,25.0033628],[121.5439699,25.0033221],[121.5439584,25.0032909],[121.5439379,25.0032712],[121.5439064,25.0032568],[121.5438737,25.0032459],[121.5438422,25.0032273],[121.5438169,25.0031981],[121.543784,25.0031742],[121.5437765,25.0031503],[121.5437792,25.0031186],[121.5437838,25.0030872],[121.5437889,25.0030562],[121.543776,25.0030412]]]}},{"type":"Feature","properties":{"kind":"water","osm_id":759151910,"name":""},"geometry":{"type":"Polygon","coordinates":[[[121.5395265,25.0052364],[121.5395483,25.0052376],[121.5395657,25.0052246],[121.5395828,25.0052024],[121.5395822,25.0051912],[121.53955,25.0051635],[121.5395433,25.0051465],[121.5395443,25.0051337],[121.5395641,25.0050714],[121.5395671,25.0050474],[121.5395654,25.0050307],[121.5395597,25.0050003],[121.5395557,25.0049681],[121.5395597,25.0049353],[121.5395859,25.0048663],[121.5395838,25.0048548],[121.5395533,25.0048314],[121.5395406,25.0048311],[121.5395205,25.0048353],[121.5394477,25.0048773],[121.5394283,25.0049028],[121.5394236,25.0049195],[121.5394417,25.0051018],[121.5394524,25.0051149],[121.5394682,25.0051258],[121.5394883,25.0051298],[121.5394963,25.0051416],[121.5395,25.0051665],[121.539496,25.005179],[121.5394923,25.0051933],[121.5394947,25.0052139],[121.5395074,25.0052294],[121.5395265,25.0052364]]]}},{"type":"Feature","properties":{"kind":"water","osm_id":771782797,"name":"噴水池"},"geometry":{"type":"Polygon","coordinates":[[[121.5424437,25.0318429],[121.5424257,25.0318444],[121.5424092,25.031851],[121.5423957,25.0318619],[121.5423868,25.0318761],[121.5423832,25.0318921],[121.5423854,25.0319083],[121.5423931,25.0319231],[121.5424055,25.0319349],[121.5424214,25.0319426],[121.5424404,25.0319454],[121.5424592,25.0319423],[121.5424759,25.0319337],[121.5424884,25.0319205],[121.5424953,25.0319043],[121.5424958,25.0318869],[121.54249,25.0318704],[121.5424784,25.0318566],[121.5424623,25.0318471],[121.5424437,25.0318429]]]}},{"type":"Feature","properties":{"kind":"water","osm_id":782588181,"name":""},"geometry":{"type":"Polygon","coordinates":[[[121.5527887,25.0177775],[121.5527893,25.0177441],[121.5527679,25.0177113],[121.5527146,25.0176906],[121.5526499,25.017694],[121.5526117,25.017714],[121.5526013,25.0177413],[121.5526029,25.0177711],[121.5526583,25.0178097],[121.5527109,25.0178164],[121.5527595,25.0178097],[121.5527887,25.0177775]]]}},{"type":"Feature","properties":{"kind":"water","osm_id":782588182,"name":""},"geometry":{"type":"Polygon","coordinates":[[[121.5516411,25.0160521],[121.5516561,25.0160324],[121.551697,25.0160403],[121.5516732,25.0161447],[121.5516089,25.0161812],[121.5515629,25.0161916],[121.5515321,25.0161831],[121.5515086,25.0161466],[121.5515147,25.0161226],[121.5515545,25.0160849],[121.5516411,25.0160521]]]}},{"type":"Feature","properties":{"kind":"water","osm_id":826229802,"name":""},"geometry":{"type":"Polygon","coordinates":[[[121.5596934,25.022534],[121.5598214,25.0224555],[121.5597978,25.0224239],[121.5596698,25.0225023],[121.5596934,25.022534]]]}},{"type":"Feature","properties":{"kind":"water","osm_id":869761090,"name":""},"geometry":{"type":"Polygon","coordinates":[[[121.5195908,25.0399244],[121.5195799,25.0398865],[121.5196005,25.0398452],[121.5196586,25.0398312],[121.5197028,25.0398532],[121.5197159,25.0398947],[121.5196965,25.0398994],[121.5196897,25.0398759],[121.5196002,25.0398972],[121.519607,25.0399205],[121.5195908,25.0399244]]]}},{"type":"Feature","properties":{"kind":"water","osm_id":1030598379,"name":""},"geometry":{"type":"Polygon","coordinates":[[[121.5424512,25.037358],[121.5424602,25.0373739],[121.5424721,25.0373784],[121.542487,25.0373786],[121.5425043,25.0373685],[121.5425257,25.0373739],[121.5425401,25.0373747],[121.5425506,25.0373752],[121.5425669,25.0373784],[121.5425994,25.0373571],[121.5426108,25.037338],[121.5426124,25.0373225],[121.542616,25.0373144],[121.5426098,25.0373067],[121.5426105,25.0372923],[121.5426122,25.0372839],[121.5426006,25.0372779],[121.5425882,25.0372753],[121.5425835,25.0372691],[121.542565,25.0372716],[121.5425584,25.0372837],[121.5425475,25.0372867],[121.5425406,25.0372847],[121.5425311,25.0372792],[121.5425257,25.0372725],[121.5425112,25.0372719],[121.5425074,25.0372824],[121.5425015,25.0372856],[121.5424906,25.037285],[121.5424849,25.0372925],[121.5424647,25.0372923],[121.5424562,25.0372996],[121.5424538,25.0373105],[121.542464,25.0373213],[121.5424659,25.0373301],[121.5424571,25.0373372],[121.5424491,25.0373505],[121.5424512,25.037358]]]}},{"type":"Feature","properties":{"kind":"water","osm_id":1042891794,"name":""},"geometry":{"type":"Polygon","coordinates":[[[121.5138549,25.0013196],[121.5139073,25.0013113],[121.513954,25.0012888],[121.513987,25.0012556],[121.5140058,25.0012151],[121.5140119,25.0011704],[121.5140003,25.0011303],[121.5139784,25.0010953],[121.5139377,25.0010626],[121.5138952,25.0010465],[121.5138448,25.0010433],[121.5137961,25.0010538],[121.513773,25.0010683],[121.5137554,25.0010794],[121.5137244,25.0011131],[121.5137094,25.0011564],[121.5137094,25.0012085],[121.5137244,25.0012462],[121.5137581,25.0012831],[121.5138027,25.00131],[121.5138549,25.0013196]]]}},{"type":"Feature","properties":{"kind":"water","osm_id":1050330873,"name":"魚池"},"geometry":{"type":"Polygon","coordinates":[[[121.5173514,25.0418616],[121.5173621,25.041844],[121.5173487,25.0418191],[121.5173192,25.0418124],[121.5173138,25.0417893],[121.5173239,25.0417674],[121.5173205,25.0417237],[121.5173084,25.0417182],[121.5173044,25.0417359],[121.5172816,25.0417383],[121.5172716,25.0417316],[121.5172407,25.0417425],[121.5172287,25.0417662],[121.5172367,25.041782],[121.5172521,25.041782],[121.517285,25.0417966],[121.5172937,25.0418179],[121.5172877,25.0418428],[121.517287,25.0418586],[121.5173031,25.0418665],[121.5173306,25.0418598],[121.5173514,25.0418616]]]}},{"type":"Feature","properties":{"kind":"water","osm_id":1050624584,"name":""},"geometry":{"type":"Polygon","coordinates":[[[121.5147851,25.0404322],[121.5147905,25.040471],[121.5148026,25.0404759],[121.5148757,25.0404662],[121.5148817,25.0404589],[121.514875,25.0404215],[121.5147851,25.0404322]]]}},{"type":"Feature","properties":{"kind":"water","osm_id":1050624585,"name":""},"geometry":{"type":"Polygon","coordinates":[[[121.5146624,25.040146],[121.5146396,25.0401284],[121.51459,25.0401314],[121.5145779,25.0401278],[121.5145759,25.0401144],[121.514588,25.0400901],[121.5146088,25.0400846],[121.514643,25.0401059],[121.5146805,25.0401035],[121.514696,25.0401217],[121.5146966,25.0401363],[121.5146879,25.040146],[121.5146624,25.040146]]]}},{"type":"Feature","properties":{"kind":"water","osm_id":1050624615,"name":""},"geometry":{"type":"Polygon","coordinates":[[[121.514244,25.0426727],[121.5142333,25.0426605],[121.5142373,25.0426466],[121.514244,25.0426323],[121.5142433,25.0426177],[121.5142132,25.0425606],[121.5142014,25.0425269],[121.5141997,25.0425111],[121.5142225,25.0424862],[121.5142232,25.0424667],[121.5142393,25.0424595],[121.5142675,25.042457],[121.5142909,25.0424437],[121.5142883,25.0424121],[121.514299,25.042409],[121.5143694,25.0424157],[121.514387,25.0424097],[121.5143998,25.0424054],[121.5144177,25.0423993],[121.51447,25.042361],[121.5144693,25.042344],[121.5144928,25.0423343],[121.5144968,25.042344],[121.5145243,25.0423695],[121.5145437,25.0423689],[121.5145954,25.0423465],[121.5146289,25.042324],[121.514643,25.0423064],[121.5146323,25.0422772],[121.5146323,25.0422638],[121.5146175,25.0422499],[121.5146014,25.0422529],[121.5145893,25.0422286],[121.514596,25.0422225],[121.5145964,25.0422146],[121.5146259,25.0422055],[121.5146755,25.042204],[121.5147057,25.0422073],[121.5147379,25.0422228],[121.5147553,25.0422426],[121.5147566,25.0422541],[121.5147174,25.0422775],[121.514705,25.0422988],[121.5147077,25.0423188],[121.5147208,25.0423398],[121.5147127,25.042351],[121.5147144,25.042368],[121.5147352,25.0423768],[121.5147623,25.0423635],[121.5147687,25.0423616],[121.5147724,25.0423711],[121.5147697,25.0423814],[121.5147677,25.0423902],[121.5147503,25.0424039],[121.5147137,25.0424081],[121.514695,25.0424175],[121.5146849,25.0424266],[121.5146564,25.0424327],[121.5146326,25.0424291],[121.5146088,25.0424358],[121.5145763,25.042467],[121.5145437,25.0424591],[121.5145183,25.0424473],[121.5144777,25.0424476],[121.5144519,25.0424576],[121.5144457,25.0424611],[121.5144324,25.0424686],[121.5144304,25.042491],[121.5144177,25.0425026],[121.5144204,25.0425478],[121.5144147,25.0425573],[121.5144133,25.042646],[121.5143811,25.0426785],[121.5143644,25.042687],[121.5143523,25.042693],[121.5143,25.042693],[121.5142735,25.0426851],[121.514244,25.0426727]]]}},{"type":"Feature","properties":{"kind":"water","osm_id":1050624657,"name":""},"geometry":{"type":"Polygon","coordinates":[[[121.515746,25.0423061],[121.5156629,25.0423285],[121.5156253,25.0423112],[121.5155818,25.0421675],[121.5156059,25.0421335],[121.5155911,25.0420892],[121.5155553,25.0420694],[121.515516,25.0419267],[121.5155362,25.0418926],[121.5156206,25.0418732],[121.5156589,25.0418963],[121.5157098,25.0418817],[121.5157259,25.0418519],[121.5158077,25.0418319],[121.5158493,25.0418513],[121.5158869,25.0419856],[121.5158694,25.042022],[121.5158828,25.0420725],[121.5159164,25.0420889],[121.5159579,25.0422298],[121.5159445,25.0422626],[121.5158574,25.0422851],[121.5158114,25.0422593],[121.5157662,25.0422702],[121.515746,25.0423061]]]}},{"type":"Feature","properties":{"kind":"water","osm_id":1051081794,"name":"弄春池"},"geometry":{"type":"Polygon","coordinates":[[[121.5250285,25.0408933],[121.5250171,25.040889],[121.5250164,25.0408805],[121.5250114,25.0408753],[121.524997,25.0408781],[121.5249802,25.0408787],[121.5249715,25.0408756],[121.5249708,25.0408668],[121.5249802,25.0408574],[121.5249829,25.0408374],[121.5250134,25.0408027],[121.5250258,25.0407951],[121.5250382,25.0407909],[121.5250526,25.0407909],[121.5250634,25.0407948],[121.5250724,25.0408037],[121.5250781,25.0408122],[121.5250801,25.0408313],[121.5250855,25.0408398],[121.5250962,25.0408425],[121.5251133,25.0408316],[121.5251224,25.040817],[121.5251344,25.0408033],[121.5251492,25.0407857],[121.5251599,25.0407775],[121.5251713,25.0407778],[121.5251874,25.0407857],[121.5252022,25.0407988],[121.5252028,25.040804],[121.5252022,25.0408088],[121.5251935,25.0408167],[121.5251774,25.0408261],[121.525166,25.0408368],[121.5251519,25.0408465],[121.5251405,25.0408632],[121.5251318,25.0408717],[121.525121,25.0408778],[121.5251123,25.0408793],[121.5251009,25.0408775],[121.5250942,25.0408738],[121.5250821,25.0408659],[121.5250704,25.0408571],[121.5250614,25.0408559],[121.5250567,25.0408574],[121.5250513,25.0408656],[121.5250486,25.0408778],[121.5250439,25.0408875],[121.5250352,25.0408924],[121.5250285,25.0408933]]]}},{"type":"Feature","properties":{"kind":"water","osm_id":1051435359,"name":""},"geometry":{"type":"Polygon","coordinates":[[[121.5455232,25.0035786],[121.5455192,25.0036139],[121.5455546,25.0036432],[121.5456181,25.0036956],[121.5456389,25.0036941],[121.5456466,25.0036871],[121.5456248,25.0035887],[121.5456493,25.0035285],[121.5456437,25.0035133],[121.5455947,25.0034844],[121.5455232,25.0035786]]]}},{"type":"Feature","properties":{"kind":"water","osm_id":1051435364,"name":""},"geometry":{"type":"Polygon","coordinates":[[[121.5435589,25.0023857],[121.5435709,25.0023708],[121.5435914,25.0023033],[121.5436645,25.0022134],[121.543644,25.0022012],[121.5435559,25.0023058],[121.5435284,25.0023562],[121.5435421,25.0023884],[121.5435505,25.0023884],[121.5435589,25.0023857]]]}},{"type":"Feature","properties":{"kind":"water","osm_id":1051435365,"name":""},"geometry":{"type":"Polygon","coordinates":[[[121.543704,25.0033772],[121.5437919,25.0035029],[121.5438305,25.003547],[121.5439106,25.0035716],[121.5439904,25.0035856],[121.5440367,25.0035887],[121.5440969,25.0035898],[121.5441265,25.0035789],[121.5441335,25.0035628],[121.5441282,25.003544],[121.5441127,25.0035276],[121.5440775,25.0035303],[121.5440491,25.00353],[121.5440105,25.0035203],[121.5439732,25.0035057],[121.5439364,25.0034871],[121.543866,25.0034419],[121.5437839,25.0033522],[121.5437553,25.0033149],[121.5437181,25.0033273],[121.543704,25.0033772]]]}},{"type":"Feature","properties":{"kind":"water","osm_id":1051435366,"name":""},"geometry":{"type":"Polygon","coordinates":[[[121.5470012,25.0038421],[121.5470414,25.003839],[121.5470803,25.0038032],[121.5471232,25.0037898],[121.5471262,25.0037749],[121.5471131,25.003746],[121.5470733,25.0037311],[121.5470031,25.003729],[121.5469475,25.0036987],[121.5469066,25.0037047],[121.5468878,25.0037417],[121.5469053,25.0037801],[121.5469475,25.003805],[121.5470012,25.0038421]]]}},{"type":"Feature","properties":{"kind":"water","osm_id":1051435367,"name":""},"geometry":{"type":"Polygon","coordinates":[[[121.5456235,25.0034568],[121.5456815,25.0034996],[121.5457656,25.0034558],[121.5457784,25.0034449],[121.5457811,25.0034246],[121.5457593,25.0033726],[121.5457124,25.0033607],[121.5456235,25.0034568]]]}},{"type":"Feature","properties":{"kind":"water","osm_id":1051435368,"name":""},"geometry":{"type":"Polygon","coordinates":[[[121.545379,25.003887],[121.5454166,25.003873],[121.5454716,25.0038506],[121.5454821,25.0038114],[121.5454851,25.0037913],[121.5454464,25.0037407],[121.5454267,25.003715],[121.545363,25.0036603],[121.5452959,25.0036646],[121.5452416,25.0037357],[121.5452463,25.0038129],[121.5452973,25.0038748],[121.545379,25.003887]]]}},{"type":"Feature","properties":{"kind":"water","osm_id":1052252267,"name":""},"geometry":{"type":"Polygon","coordinates":[[[121.5438247,25.0202752],[121.5438113,25.020294],[121.5437939,25.0202959],[121.5437731,25.0202788],[121.5437691,25.0202715],[121.5437597,25.02026],[121.543758,25.0202445],[121.5437584,25.0202211],[121.543752,25.020212],[121.5437463,25.020205],[121.543747,25.0201847],[121.5437553,25.0201752],[121.5437711,25.0201664],[121.5437785,25.0201619],[121.5437912,25.0201613],[121.543808,25.0201531],[121.5438197,25.020147],[121.5438227,25.0201409],[121.5438298,25.0201275],[121.5438388,25.0200975],[121.5438469,25.020085],[121.5438703,25.0200598],[121.5438945,25.0200379],[121.5439055,25.0200315],[121.5440413,25.0200385],[121.544042,25.0200586],[121.543981,25.0200956],[121.5440058,25.0201178],[121.543988,25.0201464],[121.5440276,25.0201628],[121.5440142,25.0201786],[121.5439904,25.0201947],[121.5439636,25.0202041],[121.5439387,25.020209],[121.5439243,25.0202208],[121.5439146,25.0202354],[121.5438955,25.0202709],[121.5438817,25.0202849],[121.5438724,25.020291],[121.5438596,25.0202931],[121.5438462,25.0202922],[121.5438368,25.0202892],[121.5438274,25.020284],[121.5438318,25.0202782],[121.5438247,25.0202752]]]}},{"type":"Feature","properties":{"kind":"water","osm_id":1052279968,"name":""},"geometry":{"type":"Polygon","coordinates":[[[121.5403687,25.0164799],[121.5403553,25.0164699],[121.5403382,25.0164629],[121.5403335,25.0164526],[121.5403375,25.0164445],[121.5403464,25.0164392],[121.5403484,25.0164328],[121.5403491,25.0164243],[121.5403544,25.0164188],[121.5403643,25.0164166],[121.5403763,25.0164176],[121.5403939,25.0164278],[121.5404043,25.0164393],[121.5404064,25.0164468],[121.5404029,25.0164524],[121.5404029,25.0164664],[121.540396,25.0164743],[121.5403877,25.0164802],[121.5403803,25.0164816],[121.5403687,25.0164799]]]}},{"type":"Feature","properties":{"kind":"water","osm_id":1052281789,"name":""},"geometry":{"type":"Polygon","coordinates":[[[121.5394249,25.0161594],[121.5393931,25.0162347],[121.539377,25.0162645],[121.5393545,25.016246],[121.5393445,25.0162669],[121.5393897,25.016294],[121.5393975,25.0163024],[121.5394202,25.0163271],[121.5394289,25.0163751],[121.5394286,25.0164568],[121.5394031,25.0164565],[121.5393408,25.0164559],[121.5393411,25.016469],[121.539153,25.0164665],[121.5391533,25.0164759],[121.5388373,25.016474],[121.5388065,25.0164738],[121.5388062,25.0164816],[121.5388062,25.0164872],[121.5388373,25.0164875],[121.539153,25.0164905],[121.5391527,25.0165027],[121.5393252,25.0165049],[121.5393495,25.0165053],[121.5394151,25.0164859],[121.5394152,25.0165112],[121.5394177,25.0165112],[121.5394169,25.0165489],[121.5394144,25.0166697],[121.5394137,25.0167011],[121.5394243,25.016701],[121.5394355,25.0167009],[121.5394383,25.0166459],[121.5394554,25.0164529],[121.5394566,25.0164303],[121.5394595,25.0163787],[121.5394417,25.0163249],[121.5394172,25.0162915],[121.5393981,25.0162803],[121.5394155,25.0162432],[121.5394527,25.0161712],[121.5394779,25.0161244],[121.5394474,25.0161132],[121.5394249,25.0161594]]]}},{"type":"Feature","properties":{"kind":"water","osm_id":1052288235,"name":""},"geometry":{"type":"Polygon","coordinates":[[[121.5397079,25.0150192],[121.5407979,25.015762],[121.5404203,25.0162296],[121.5404048,25.0162443],[121.5404029,25.016246],[121.5402383,25.0164471],[121.5402448,25.0164496],[121.5402507,25.0164519],[121.5402943,25.0163997],[121.5404157,25.0162517],[121.5412663,25.0152119],[121.5412606,25.0152083],[121.5412549,25.0152046],[121.5408068,25.0157511],[121.5408028,25.0157484],[121.5401847,25.0153273],[121.540161,25.0153111],[121.5397169,25.0150085],[121.5397126,25.0150136],[121.5397079,25.0150192]]]}},{"type":"Feature","properties":{"kind":"water","osm_id":1052294783,"name":""},"geometry":{"type":"Polygon","coordinates":[[[121.5413108,25.0156611],[121.5413414,25.0156268],[121.5413313,25.0156183],[121.5413313,25.0156116],[121.5413236,25.0156055],[121.541287,25.0156465],[121.5413108,25.0156611]]]}},{"type":"Feature","properties":{"kind":"water","osm_id":1052294784,"name":""},"geometry":{"type":"Polygon","coordinates":[[[121.541272,25.0157091],[121.5412944,25.0156808],[121.5412713,25.0156669],[121.5412411,25.0157036],[121.541272,25.0157091]]]}},{"type":"Feature","properties":{"kind":"water","osm_id":1052301466,"name":""},"geometry":{"type":"Polygon","coordinates":[[[121.5437176,25.0173436],[121.5437118,25.0173355],[121.5437085,25.0173264],[121.5437077,25.0173169],[121.5437096,25.0173074],[121.543714,25.0172987],[121.5437207,25.0172913],[121.5436958,25.0172603],[121.5436722,25.0172764],[121.5436595,25.0172916],[121.5436556,25.0172996],[121.5436608,25.017309],[121.5436715,25.0173175],[121.5436846,25.0173253],[121.5436844,25.017332],[121.5436834,25.0173399],[121.5436752,25.0173476],[121.543604,25.0173936],[121.5436219,25.0174143],[121.5437176,25.0173436]]]}},{"type":"Feature","properties":{"kind":"water","osm_id":1052301478,"name":""},"geometry":{"type":"Polygon","coordinates":[[[121.541145,25.0150213],[121.5411332,25.0150179],[121.5411295,25.0150121],[121.5411328,25.0150012],[121.5411667,25.0149735],[121.5411777,25.0149702],[121.5411865,25.0149741],[121.5411905,25.014979],[121.5411972,25.0149781],[121.5412049,25.0149866],[121.5411989,25.0149933],[121.5411979,25.0149994],[121.5411851,25.0150048],[121.5411707,25.0150033],[121.5411613,25.015007],[121.5411539,25.0150167],[121.541145,25.0150213]]]}},{"type":"Feature","properties":{"kind":"water","osm_id":1053359174,"name":""},"geometry":{"type":"Polygon","coordinates":[[[121.5203554,25.0343994],[121.5202707,25.0342571],[121.5203667,25.0342101],[121.5204514,25.0343525],[121.5203554,25.0343994]]]}},{"type":"Feature","properties":{"kind":"water","osm_id":1053359255,"name":""},"geometry":{"type":"Polygon","coordinates":[[[121.51808,25.0372183],[121.5181642,25.0372076],[121.5181595,25.0371768],[121.5180752,25.0371875],[121.51808,25.0372183]]]}},{"type":"Feature","properties":{"kind":"water","osm_id":1053359256,"name":""},"geometry":{"type":"Polygon","coordinates":[[[121.5180868,25.0372747],[121.5181856,25.0372606],[121.5181802,25.0372296],[121.5180814,25.0372437],[121.5180868,25.0372747]]]}},{"type":"Feature","properties":{"kind":"water","osm_id":1053359257,"name":""},"geometry":{"type":"Polygon","coordinates":[[[121.5182925,25.0373781],[121.5183396,25.0373562],[121.5183043,25.0372942],[121.5182573,25.0373161],[121.5182925,25.0373781]]]}},{"type":"Feature","properties":{"kind":"water","osm_id":1053359299,"name":""},"geometry":{"type":"Polygon","coordinates":[[[121.5197545,25.0369383],[121.5197632,25.0369341],[121.5198338,25.0370527],[121.5198409,25.0370645],[121.5196749,25.0371456],[121.5196702,25.0371377],[121.5198071,25.0370708],[121.5198341,25.0370629],[121.5198155,25.0370408],[121.5197545,25.0369383]]]}},{"type":"Feature","properties":{"kind":"water","osm_id":1053359300,"name":""},"geometry":{"type":"Polygon","coordinates":[[[121.5196415,25.0367486],[121.5196503,25.0367443],[121.5197444,25.0369025],[121.5197357,25.0369067],[121.5196415,25.0367486]]]}},{"type":"Feature","properties":{"kind":"water","osm_id":1053359301,"name":""},"geometry":{"type":"Polygon","coordinates":[[[121.5187771,25.0368189],[121.5187964,25.0368147],[121.5189449,25.0367421],[121.5189425,25.036738],[121.5189076,25.0367551],[121.5187771,25.0368189]]]}},{"type":"Feature","properties":{"kind":"water","osm_id":1053359302,"name":""},"geometry":{"type":"Polygon","coordinates":[[[121.5191257,25.0366485],[121.5191282,25.0366526],[121.5192764,25.0365801],[121.5192908,25.0365679],[121.5191607,25.0366314],[121.5191257,25.0366485]]]}},{"type":"Feature","properties":{"kind":"water","osm_id":1053359303,"name":""},"geometry":{"type":"Polygon","coordinates":[[[121.5196227,25.036717],[121.5196314,25.0367127],[121.5195562,25.0365862],[121.5195474,25.0365904],[121.5193991,25.0366629],[121.5193433,25.0365692],[121.5193503,25.0366002],[121.5193949,25.0366752],[121.519533,25.0366077],[121.5195541,25.0365924],[121.5195624,25.0366156],[121.5196227,25.036717]]]}},{"type":"Feature","properties":{"kind":"water","osm_id":1053359305,"name":""},"geometry":{"type":"Polygon","coordinates":[[[121.5180275,25.0356644],[121.5178748,25.035739],[121.517872,25.0357343],[121.5178896,25.0357216],[121.5180228,25.0356565],[121.5180275,25.0356644]]]}},{"type":"Feature","properties":{"kind":"water","osm_id":1053359306,"name":""},"geometry":{"type":"Polygon","coordinates":[[[121.5181109,25.0357716],[121.5182746,25.0356916],[121.5183182,25.0356703],[121.5183135,25.0356624],[121.518139,25.0357477],[121.5181109,25.0357716]]]}},{"type":"Feature","properties":{"kind":"water","osm_id":1053359307,"name":""},"geometry":{"type":"Polygon","coordinates":[[[121.5184928,25.0355851],[121.5185408,25.0355616],[121.5187001,25.0354838],[121.5186626,25.0354919],[121.5184881,25.0355771],[121.5184928,25.0355851]]]}},{"type":"Feature","properties":{"kind":"water","osm_id":1053359314,"name":""},"geometry":{"type":"Polygon","coordinates":[[[121.5187289,25.0351584],[121.5187376,25.0351541],[121.5188129,25.0352807],[121.5187998,25.0352871],[121.5186514,25.0353595],[121.5186979,25.0354377],[121.5186847,25.0354249],[121.5186424,25.0353538],[121.5187799,25.0352866],[121.5188061,25.0352788],[121.5187889,25.0352593],[121.5187289,25.0351584]]]}},{"type":"Feature","properties":{"kind":"water","osm_id":1053359315,"name":""},"geometry":{"type":"Polygon","coordinates":[[[121.51871,25.0351268],[121.5187188,25.0351225],[121.5186223,25.0349604],[121.5186136,25.0349647],[121.51871,25.0351268]]]}},{"type":"Feature","properties":{"kind":"water","osm_id":1053359316,"name":""},"geometry":{"type":"Polygon","coordinates":[[[121.518367,25.0348912],[121.5185044,25.0348241],[121.5185261,25.0348084],[121.5185347,25.0348322],[121.5185947,25.0349331],[121.5186035,25.0349288],[121.5185329,25.0348102],[121.5185282,25.0348023],[121.5183623,25.0348833],[121.518367,25.0348912]]]}},{"type":"Feature","properties":{"kind":"water","osm_id":1198215314,"name":""},"geometry":{"type":"Polygon","coordinates":[[[121.5184806,24.9995391],[121.5185248,24.9995455],[121.5185245,24.9994252],[121.5184544,24.9993],[121.5184316,24.9991973],[121.5184195,24.9991225],[121.5184041,24.9989262],[121.5183713,24.9987596],[121.5183022,24.9984963],[121.5183139,24.9984867],[121.5182298,24.998251],[121.5182988,24.9980711],[121.5180031,24.9975406],[121.517873,24.997478],[121.5178576,24.9974409],[121.5178583,24.997405],[121.5178918,24.9972707],[121.517875,24.9972051],[121.5178375,24.9971577],[121.5177959,24.9971431],[121.5175954,24.9970592],[121.5175512,24.9970264],[121.517525,24.9969966],[121.5174332,24.9968277],[121.5174224,24.9967748],[121.5174124,24.9965627],[121.5174057,24.9965335],[121.5173949,24.9965141],[121.5171522,24.9963695],[121.517112,24.9963415],[121.5170878,24.9963172],[121.5170489,24.9962455],[121.5170194,24.9961804],[121.5170328,24.9957933],[121.517061,24.9956705],[121.5170939,24.9955174],[121.5170939,24.9954524],[121.5170442,24.9953648],[121.5169557,24.9952621],[121.5168283,24.9951667],[121.5167022,24.9951138],[121.5163113,24.994951],[121.5162174,24.9949321],[121.5161175,24.9949297],[121.5160096,24.994892],[121.5159103,24.9948555],[121.5158768,24.9948276],[121.5157645,24.9949546],[121.5158895,24.9949996],[121.5160351,24.9950378],[121.5161671,24.9950488],[121.5162872,24.9950488],[121.5164153,24.995095],[121.5166593,24.9951929],[121.5167507,24.9952217],[121.5167767,24.9952299],[121.516884,24.9953217],[121.5169631,24.9953977],[121.5170137,24.9955024],[121.5170285,24.995559],[121.5170229,24.9955855],[121.5170167,24.9956152],[121.5169592,24.9957784],[121.5169511,24.9958265],[121.5169463,24.9958608],[121.5169504,24.9962364],[121.5169913,24.9963366],[121.5170563,24.9964083],[121.5171562,24.9964752],[121.517293,24.9965457],[121.517346,24.9965955],[121.5173554,24.9966223],[121.517354,24.996725],[121.5173468,24.9968111],[121.5174446,24.9969845],[121.517515,24.9970848],[121.5175532,24.9971158],[121.5176866,24.9971723],[121.5177792,24.9972227],[121.5177979,24.9972525],[121.5178127,24.9972884],[121.5177939,24.997381],[121.5177838,24.9974725],[121.5177845,24.9974968],[121.5178315,24.9975345],[121.5178965,24.9975612],[121.5179515,24.9975746],[121.5179837,24.9975916],[121.5182351,24.9980778],[121.518167,24.9982213],[121.5183284,24.9987433],[121.5183317,24.9987697],[121.5183783,24.9989423],[121.5183954,24.9991432],[121.518388,24.9991657],[121.5183957,24.999235],[121.5184715,24.9994261],[121.5184806,24.9995391]]]}},{"type":"Feature","properties":{"kind":"water","osm_id":1198447236,"name":""},"geometry":{"type":"Polygon","coordinates":[[[121.527409,24.9997267],[121.5274013,24.999727],[121.5274007,24.9997132],[121.5273347,24.9997153],[121.5273352,24.9997291],[121.5273269,24.9997293],[121.5273289,24.9997817],[121.5273373,24.9997814],[121.5273375,24.9997869],[121.5274035,24.9997849],[121.5274033,24.9997793],[121.527411,24.9997791],[121.527409,24.9997267]]]}},{"type":"Feature","properties":{"kind":"water","osm_id":1198586783,"name":""},"geometry":{"type":"Polygon","coordinates":[[[121.5322326,25.0051537],[121.5322222,25.0050459],[121.5321739,25.0048253],[121.5321605,25.0047439],[121.5321819,25.0046746],[121.5321618,25.0045433],[121.5321417,25.0045178],[121.5321162,25.004564],[121.5321216,25.0046722],[121.5321122,25.0047645],[121.5321551,25.0048587],[121.532196,25.0050253],[121.5322088,25.0051012],[121.5322218,25.0051439],[121.5322326,25.0051537]]]}},{"type":"Feature","properties":{"kind":"water","osm_id":1225807226,"name":"快混池"},"geometry":{"type":"Polygon","coordinates":[[[121.531797,25.0131626],[121.5318208,25.0131849],[121.531913,25.013104],[121.5319322,25.0130872],[121.5319449,25.0130991],[121.5319586,25.0130871],[121.5319689,25.0130968],[121.5319841,25.0130835],[121.5319737,25.0130738],[121.5319851,25.0130638],[121.5319725,25.013052],[121.5319887,25.0130378],[121.5320859,25.0129526],[121.5320621,25.0129303],[121.531797,25.0131626]]]}},{"type":"Feature","properties":{"kind":"water","osm_id":1225807227,"name":"快混池"},"geometry":{"type":"Polygon","coordinates":[[[121.5313309,25.0136143],[121.5314203,25.0135359],[121.5314439,25.0135152],[121.5314563,25.0135268],[121.5314683,25.0135163],[121.5314817,25.013529],[121.5314957,25.0135167],[121.5314822,25.0135041],[121.5314931,25.0134945],[121.5314808,25.0134829],[121.5315033,25.0134632],[121.5315962,25.0133818],[121.5315724,25.0133595],[121.5313071,25.013592],[121.5313309,25.0136143]]]}},{"type":"Feature","properties":{"kind":"water","osm_id":1225807228,"name":"混凝池"},"geometry":{"type":"Polygon","coordinates":[[[121.5320541,25.0127082],[121.5321804,25.0128266],[121.5320621,25.0129303],[121.531797,25.0131626],[121.5315724,25.0133595],[121.5313071,25.013592],[121.5311937,25.0136914],[121.5310673,25.013573],[121.5320541,25.0127082]]]}},{"type":"Feature","properties":{"kind":"water","osm_id":1225807229,"name":"沉澱池"},"geometry":{"type":"Polygon","coordinates":[[[121.5308611,25.0133798],[121.5310673,25.013573],[121.5320541,25.0127082],[121.5318478,25.0125149],[121.5317545,25.0125967],[121.5316341,25.0127021],[121.5310336,25.0132285],[121.5309449,25.0133062],[121.5309328,25.0133169],[121.5308681,25.0133736],[121.5308611,25.0133798]]]}},{"type":"Feature","properties":{"kind":"water","osm_id":1225807230,"name":"快混池"},"geometry":{"type":"Polygon","coordinates":[[[121.5308954,25.0123168],[121.5308704,25.0122934],[121.5309763,25.0122005],[121.5309647,25.0121585],[121.5309948,25.0121321],[121.5310411,25.0121438],[121.5311358,25.0120594],[121.5311581,25.01208],[121.5308954,25.0123168]]]}},{"type":"Feature","properties":{"kind":"water","osm_id":1225807231,"name":"快混池"},"geometry":{"type":"Polygon","coordinates":[[[121.5304151,25.0127417],[121.530388,25.0127163],[121.5304826,25.0126333],[121.5304727,25.0125974],[121.5305019,25.0125718],[121.5305412,25.012582],[121.5306461,25.01249],[121.5306711,25.0125134],[121.5304151,25.0127417]]]}},{"type":"Feature","properties":{"kind":"water","osm_id":1225807232,"name":"混凝池"},"geometry":{"type":"Polygon","coordinates":[[[121.5304205,25.012967],[121.5302936,25.0128481],[121.5304151,25.0127417],[121.5306711,25.0125134],[121.5308954,25.0123168],[121.5311581,25.01208],[121.5312677,25.0119824],[121.5312727,25.011978],[121.5314072,25.0121021],[121.5304205,25.012967]]]}},{"type":"Feature","properties":{"kind":"water","osm_id":1225807233,"name":"沉澱池"},"geometry":{"type":"Polygon","coordinates":[[[121.5307963,25.0130061],[121.5306237,25.0131573],[121.5304205,25.012967],[121.5314072,25.0121021],[121.5316104,25.0122925],[121.5315172,25.0123742],[121.5313968,25.0124797],[121.5307963,25.0130061]]]}},{"type":"Feature","properties":{"kind":"water","osm_id":1225807234,"name":"快濾池"},"geometry":{"type":"Polygon","coordinates":[[[121.5310336,25.0132285],[121.530971,25.0131698],[121.5309439,25.0131444],[121.5308813,25.0130858],[121.5307963,25.0130061],[121.5313968,25.0124797],[121.5314818,25.0125594],[121.5314904,25.0125675],[121.5315002,25.0125767],[121.5315268,25.0126016],[121.531537,25.0126111],[121.5315444,25.0126181],[121.5316341,25.0127021],[121.5310336,25.0132285]]]}},{"type":"Feature","properties":{"kind":"water","osm_id":1225816335,"name":""},"geometry":{"type":"Polygon","coordinates":[[[121.5303223,25.0130644],[121.5303721,25.0130132],[121.5303631,25.013006],[121.5303503,25.0130008],[121.5303337,25.0129979],[121.5303197,25.0129895],[121.5303066,25.01298],[121.5302935,25.0129648],[121.5302865,25.0129531],[121.5302828,25.012943],[121.53027,25.0129315],[121.5302541,25.0129192],[121.5302407,25.0129122],[121.5302377,25.0129141],[121.5302392,25.0129115],[121.5302398,25.012904],[121.530237,25.012897],[121.5302312,25.0128916],[121.5302236,25.0128888],[121.5302153,25.0128891],[121.5302079,25.0128924],[121.5302026,25.0128981],[121.5302004,25.0129053],[121.5302015,25.0129127],[121.5302059,25.0129191],[121.5302128,25.0129232],[121.5302209,25.0129245],[121.5302218,25.0129243],[121.5302223,25.0129389],[121.5302311,25.0129394],[121.5302446,25.0129464],[121.5302555,25.0129555],[121.5302638,25.0129661],[121.5302658,25.0129771],[121.5302677,25.0129923],[121.5302742,25.0130046],[121.5302853,25.0130114],[121.5302969,25.0130172],[121.5303061,25.013026],[121.530316,25.0130412],[121.5303217,25.0130543],[121.5303223,25.0130644]]]}},{"type":"Feature","properties":{"kind":"water","osm_id":1225816336,"name":""},"geometry":{"type":"Polygon","coordinates":[[[121.5304057,25.01304],[121.5303545,25.0130928],[121.530393,25.0131241],[121.5304033,25.0131304],[121.5304152,25.0131335],[121.5304276,25.013133],[121.5304392,25.0131289],[121.5304488,25.0131218],[121.5304554,25.0131123],[121.5304583,25.0131014],[121.5304573,25.0130902],[121.5304525,25.0130799],[121.5304443,25.0130714],[121.5304057,25.01304]]]}},{"type":"Feature","properties":{"kind":"water","osm_id":1225816337,"name":""},"geometry":{"type":"Polygon","coordinates":[[[121.5304003,25.0130357],[121.530349,25.0130884],[121.5303282,25.0130718],[121.5303795,25.0130191],[121.5304003,25.0130357]]]}},{"type":"Feature","properties":{"kind":"water","osm_id":1225816342,"name":""},"geometry":{"type":"Polygon","coordinates":[[[121.5317486,25.0117012],[121.531779,25.0117191],[121.5318141,25.011727],[121.5318501,25.011724],[121.5318826,25.0117109],[121.531891,25.0117038],[121.5319088,25.0116889],[121.5319257,25.0116605],[121.5319275,25.0116506],[121.5319316,25.0116286],[121.5319259,25.0115968],[121.5319091,25.0115682],[121.5318831,25.0115462],[121.5318506,25.0115328],[121.5318152,25.0115297],[121.53178,25.0115373],[121.5317494,25.0115549],[121.5317269,25.0115806],[121.5317149,25.0116115],[121.5317149,25.0116265],[121.5317148,25.0116443],[121.5317264,25.0116753],[121.5317486,25.0117012]]]}},{"type":"Feature","properties":{"kind":"water","osm_id":1225816343,"name":""},"geometry":{"type":"Polygon","coordinates":[[[121.5319203,25.0118659],[121.5319507,25.0118838],[121.5319858,25.0118917],[121.5319895,25.0118914],[121.5320053,25.0118901],[121.5320218,25.0118887],[121.5320543,25.0118756],[121.5320805,25.0118536],[121.5320974,25.0118252],[121.5321033,25.0117933],[121.5320976,25.0117615],[121.5320839,25.0117383],[121.5320808,25.0117329],[121.5320548,25.0117109],[121.5320537,25.0117104],[121.5320223,25.0116975],[121.5319869,25.0116944],[121.5319517,25.011702],[121.5319235,25.0117182],[121.5319211,25.0117196],[121.5319149,25.0117266],[121.5318986,25.0117453],[121.5318866,25.0117762],[121.5318865,25.011809],[121.5318981,25.01184],[121.5319203,25.0118659]]]}},{"type":"Feature","properties":{"kind":"water","osm_id":1225816344,"name":""},"geometry":{"type":"Polygon","coordinates":[[[121.5317459,25.0120215],[121.5317485,25.012023],[121.5317763,25.0120394],[121.5318114,25.0120473],[121.5318474,25.0120443],[121.5318799,25.0120312],[121.531902,25.0120126],[121.5319061,25.0120092],[121.531923,25.0119808],[121.5319289,25.0119489],[121.5319232,25.0119171],[121.5319064,25.0118885],[121.5318804,25.0118665],[121.5318479,25.0118531],[121.5318125,25.01185],[121.5317773,25.0118576],[121.5317495,25.0118736],[121.5317467,25.0118752],[121.5317413,25.0118813],[121.5317242,25.0119009],[121.5317122,25.0119318],[121.5317121,25.0119646],[121.5317237,25.0119956],[121.5317459,25.0120215]]]}},{"type":"Feature","properties":{"kind":"water","osm_id":1225829950,"name":""},"geometry":{"type":"Polygon","coordinates":[[[121.5352105,25.0121485],[121.535068,25.0122752],[121.5350482,25.0122898],[121.5349805,25.0123469],[121.5349654,25.0123551],[121.5348108,25.0124979],[121.5347542,25.0125557],[121.5346435,25.0126565],[121.5346368,25.0126511],[121.5344434,25.0128267],[121.5344494,25.0128328],[121.5344139,25.012861],[121.5343907,25.0128859],[121.5343854,25.0128805],[121.5343394,25.0129236],[121.5343428,25.0129273],[121.5343059,25.0129607],[121.5343012,25.012957],[121.5342774,25.0129819],[121.5342751,25.012992],[121.5342486,25.01306],[121.5341859,25.0131621],[121.5341872,25.0131746],[121.5341648,25.013218],[121.5341842,25.0132051],[121.5342006,25.0131942],[121.5343054,25.012985],[121.5343562,25.0129285],[121.5343969,25.0128937],[121.5344913,25.0128182],[121.5347052,25.0126255],[121.5347086,25.0126286],[121.5350663,25.0123093],[121.535061,25.0123059],[121.5351344,25.0122354],[121.5351418,25.0122339],[121.5352266,25.012161],[121.5352185,25.0121547],[121.5352105,25.0121485]]]}},{"type":"Feature","properties":{"kind":"water","osm_id":1226129172,"name":""},"geometry":{"type":"Polygon","coordinates":[[[121.5302202,25.013153],[121.5302149,25.0131433],[121.5301978,25.0131399],[121.5301864,25.0131348],[121.5301807,25.0131278],[121.53018,25.0131211],[121.5301723,25.0131153],[121.5301619,25.0131135],[121.5301455,25.0130871],[121.5301368,25.0130892],[121.5301264,25.013081],[121.5301166,25.0130813],[121.5301083,25.0130889],[121.5301083,25.0130986],[121.530112,25.0131077],[121.5301391,25.0131348],[121.5301468,25.0131366],[121.5301542,25.0131336],[121.5301606,25.0131247],[121.5301656,25.0131211],[121.5301726,25.0131223],[121.5301757,25.0131308],[121.5301857,25.0131384],[121.5301871,25.0131521],[121.5301951,25.0131621],[121.5302052,25.0131639],[121.5302159,25.0131591],[121.5302202,25.013153]]]}},{"type":"Feature","properties":{"kind":"water","osm_id":1226130557,"name":""},"geometry":{"type":"Polygon","coordinates":[[[121.5288714,25.0107855],[121.5288124,25.0107369],[121.5287675,25.0106956],[121.5287276,25.0106588],[121.5287401,25.0106495],[121.5287581,25.0106359],[121.5287581,25.0106488],[121.5287796,25.0106682],[121.5288312,25.0107169],[121.5288942,25.0107709],[121.5288819,25.0107788],[121.5288714,25.0107855]]]}},{"type":"Feature","properties":{"kind":"water","osm_id":1226131826,"name":""},"geometry":{"type":"Polygon","coordinates":[[[121.5309709,25.0100575],[121.531001,25.0100372],[121.5310293,25.010018],[121.5310024,25.0099749],[121.5308851,25.0098698],[121.530867,25.0098588],[121.5308671,25.009843],[121.5308347,25.0098666],[121.5307926,25.0098971],[121.5308127,25.0098928],[121.5308247,25.0098977],[121.5309341,25.0100071],[121.5309709,25.0100575]]]}},{"type":"Feature","properties":{"kind":"water","osm_id":1227079261,"name":""},"geometry":{"type":"Polygon","coordinates":[[[121.5323975,25.0101645],[121.5323781,25.0101611],[121.5323295,25.0100812],[121.5323328,25.0100691],[121.5323451,25.0100648],[121.5323555,25.0100671],[121.5323799,25.0100829],[121.5324039,25.0100946],[121.5324113,25.0101077],[121.5324113,25.010121],[121.5324109,25.0101402],[121.5324017,25.0101551],[121.5323975,25.0101645]]]}},{"type":"Feature","properties":{"kind":"water","osm_id":1227087166,"name":""},"geometry":{"type":"Polygon","coordinates":[[[121.5340397,25.009098],[121.5341708,25.0090597],[121.5342037,25.0090536],[121.5342365,25.0090567],[121.5342573,25.009064],[121.5342725,25.009076],[121.5342884,25.0090599],[121.5343042,25.0090438],[121.5342942,25.0090369],[121.5342818,25.0090281],[121.5342677,25.0090217],[121.5342516,25.0090166],[121.5342369,25.0090132],[121.5342141,25.0090111],[121.5341822,25.0090108],[121.5341581,25.0090166],[121.5340374,25.0090564],[121.5340397,25.009098]]]}},{"type":"Feature","properties":{"kind":"water","osm_id":1227087167,"name":""},"geometry":{"type":"Polygon","coordinates":[[[121.534614,25.0097874],[121.534663,25.0097175],[121.5346328,25.0097014],[121.534146,25.0093235],[121.5340468,25.0092171],[121.5340236,25.0092047],[121.5340059,25.0091901],[121.5339975,25.0091606],[121.5339998,25.0091345],[121.5340179,25.0091083],[121.5340397,25.009098],[121.5340374,25.0090564],[121.5339898,25.0090825],[121.5339421,25.0091053],[121.5338945,25.009139],[121.5338211,25.0092265],[121.5337963,25.0092504],[121.5337375,25.0093137],[121.5336299,25.0094691],[121.5337243,25.0095218],[121.5338756,25.0093402],[121.5339264,25.0093411],[121.5339616,25.0093538],[121.5339874,25.0093705],[121.5340595,25.0094176],[121.5341071,25.0094602],[121.5344052,25.0096823],[121.5345148,25.0097376],[121.534614,25.0097874]]]}},{"type":"Feature","properties":{"kind":"water","osm_id":1227110116,"name":""},"geometry":{"type":"Polygon","coordinates":[[[121.5347663,25.0096346],[121.5347777,25.0096208],[121.5347904,25.0096054],[121.5347783,25.009592],[121.534773,25.0094547],[121.5347673,25.0094205],[121.5347642,25.0094069],[121.5347365,25.0094349],[121.5347507,25.0094464],[121.5347284,25.0094691],[121.5347307,25.0095899],[121.5347381,25.0096082],[121.5347508,25.0096233],[121.5347663,25.0096346]]]}},{"type":"Feature","properties":{"kind":"water","osm_id":1227110833,"name":""},"geometry":{"type":"Polygon","coordinates":[[[121.5351224,25.0096768],[121.5350812,25.0097403],[121.5351081,25.0097546],[121.5351079,25.0097744],[121.5351501,25.0097747],[121.5351505,25.0097321],[121.5351391,25.009732],[121.5351393,25.0097096],[121.5351507,25.0097097],[121.5351508,25.009703],[121.5351224,25.0096768]]]}},{"type":"Feature","properties":{"kind":"water","osm_id":1227284842,"name":""},"geometry":{"type":"Polygon","coordinates":[[[121.5366089,25.0311688],[121.5365995,25.0311749],[121.5365633,25.0311713],[121.5365164,25.0311427],[121.5365114,25.0311278],[121.536513,25.0311057],[121.5365308,25.0310865],[121.5365731,25.0310689],[121.536623,25.0310674],[121.5366485,25.0310546],[121.5366579,25.0310309],[121.5366606,25.0309823],[121.5366894,25.0309121],[121.5367035,25.0308951],[121.5367152,25.0308635],[121.5367213,25.0308398],[121.5367668,25.0308602],[121.5367658,25.0308745],[121.5367722,25.0309055],[121.5367883,25.0309273],[121.536798,25.0309477],[121.5367984,25.0309723],[121.5367839,25.0309942],[121.5367625,25.0310103],[121.5367102,25.0310358],[121.5366904,25.031051],[121.5366726,25.0310801],[121.5366535,25.0310959],[121.5366351,25.0310993],[121.5366059,25.0311038],[121.5365881,25.0311163],[121.5365848,25.0311348],[121.5366019,25.0311506],[121.5366113,25.0311619],[121.5366089,25.0311688]]]}},{"type":"Feature","properties":{"kind":"water","osm_id":1227517106,"name":""},"geometry":{"type":"Polygon","coordinates":[[[121.5352903,25.0310145],[121.5353312,25.0310188],[121.5353124,25.0310364],[121.5353007,25.0310534],[121.5352873,25.031071],[121.5352755,25.0310722],[121.5352692,25.031068],[121.5352739,25.0310473],[121.5352903,25.0310145]]]}},{"type":"Feature","properties":{"kind":"water","osm_id":1227520614,"name":""},"geometry":{"type":"Polygon","coordinates":[[[121.5354526,25.0328444],[121.5354345,25.0328302],[121.5353915,25.0328082],[121.5353838,25.0328111],[121.5353682,25.0328059],[121.5353636,25.0327956],[121.5353324,25.0327871],[121.5352827,25.0327912],[121.5352522,25.0327938],[121.5352259,25.0327985],[121.5352083,25.0328],[121.5352097,25.0327945],[121.5352301,25.032788],[121.5352553,25.0327794],[121.5352745,25.032776],[121.535298,25.032781],[121.5353208,25.0327792],[121.5353314,25.0327778],[121.5353693,25.0327786],[121.5353858,25.0327847],[121.5354008,25.0328081],[121.5354378,25.0328233],[121.5354638,25.0328328],[121.5354645,25.0328407],[121.5354586,25.0328436],[121.5354526,25.0328444]]]}},{"type":"Feature","properties":{"kind":"water","osm_id":1227520616,"name":""},"geometry":{"type":"Polygon","coordinates":[[[121.5352675,25.0329525],[121.5352692,25.0329391],[121.5352812,25.0329218],[121.535301,25.0329138],[121.5353273,25.0329117],[121.5353518,25.0329129],[121.5353716,25.0329223],[121.5353822,25.0329312],[121.5353879,25.0329434],[121.5353894,25.032954],[121.5353704,25.0329466],[121.5353149,25.0329454],[121.5352898,25.0329478],[121.5352675,25.0329525]]]}},{"type":"Feature","properties":{"kind":"water","osm_id":1227523766,"name":""},"geometry":{"type":"Polygon","coordinates":[[[121.5348742,25.0332607],[121.5348479,25.033261],[121.5348476,25.0332364],[121.5347759,25.0332367],[121.5347852,25.0332231],[121.5348739,25.0332179],[121.5348742,25.0332607]]]}},{"type":"Feature","properties":{"kind":"water","osm_id":1227523768,"name":""},"geometry":{"type":"Polygon","coordinates":[[[121.535052,25.0332315],[121.5350056,25.0332321],[121.5349463,25.0332431],[121.5349406,25.0332495],[121.5349409,25.0332607],[121.5349195,25.0332607],[121.5349187,25.0332124],[121.5349519,25.0332066],[121.5350086,25.0331938],[121.5350511,25.0331798],[121.535052,25.0332315]]]}},{"type":"Feature","properties":{"kind":"water","osm_id":1227523769,"name":""},"geometry":{"type":"Polygon","coordinates":[[[121.5347452,25.0332496],[121.5345971,25.0332508],[121.534597,25.0332429],[121.5347453,25.033229],[121.5347452,25.0332496]]]}},{"type":"Feature","properties":{"kind":"water","osm_id":1244589273,"name":""},"geometry":{"type":"Polygon","coordinates":[[[121.5122877,25.001592],[121.5122934,25.0015748],[121.5123069,25.0015616],[121.5123253,25.001555],[121.5123451,25.0015563],[121.5123623,25.0015652],[121.5123735,25.00158],[121.5123765,25.0015978],[121.5123707,25.0016149],[121.5123573,25.0016282],[121.5123389,25.0016348],[121.5123191,25.0016335],[121.5123019,25.0016246],[121.5122907,25.0016097],[121.5122877,25.001592]]]}},{"type":"Feature","properties":{"kind":"water","osm_id":1244589283,"name":""},"geometry":{"type":"Polygon","coordinates":[[[121.5131269,25.0008121],[121.5131171,25.0007764],[121.5130873,25.0007166],[121.5130109,25.0006048],[121.5129009,25.0004984],[121.5127996,25.0004407],[121.5127404,25.0004144],[121.5127632,25.0003958],[121.5128888,25.0004638],[121.5130001,25.0005549],[121.5130685,25.0006424],[121.5131488,25.0007941],[121.5131269,25.0008121]]]}},{"type":"Feature","properties":{"kind":"water","osm_id":1244589284,"name":""},"geometry":{"type":"Polygon","coordinates":[[[121.5129477,25.0008585],[121.5129713,25.0008512],[121.512974,25.0008578],[121.5129884,25.0008718],[121.5130076,25.0008797],[121.5130286,25.0008804],[121.5130484,25.0008737],[121.5130638,25.0008606],[121.5130725,25.0008432],[121.5130729,25.0008323],[121.5130973,25.0008235],[121.5130977,25.0008359],[121.5130163,25.0009026],[121.5130018,25.0009021],[121.5129735,25.0008905],[121.5129524,25.00087],[121.5129477,25.0008585]]]}},{"type":"Feature","properties":{"kind":"water","osm_id":1244589285,"name":""},"geometry":{"type":"Polygon","coordinates":[[[121.5130877,25.0007988],[121.5130612,25.0007287],[121.5129807,25.0006133],[121.5128915,25.0005282],[121.5127896,25.000465],[121.5127393,25.0004437],[121.5127232,25.0004762],[121.5127457,25.0005005],[121.5127611,25.0005057],[121.5127882,25.0005336],[121.5128144,25.00054],[121.5128452,25.0005464],[121.5128664,25.0005625],[121.5128999,25.00063],[121.5129217,25.0006534],[121.5129632,25.0006725],[121.5129857,25.0006993],[121.5129951,25.0007327],[121.5129894,25.0007573],[121.5129781,25.0007708],[121.5129554,25.00079],[121.5129426,25.0008156],[121.5129419,25.0008339],[121.5129671,25.000827],[121.5129673,25.0008208],[121.5129761,25.0008035],[121.5129915,25.0007904],[121.5130112,25.0007837],[121.5130323,25.0007844],[121.5130514,25.0007923],[121.5130658,25.0008063],[121.5130877,25.0007988]]]}},{"type":"Feature","properties":{"kind":"water","osm_id":1244661687,"name":""},"geometry":{"type":"Polygon","coordinates":[[[121.5135805,25.0000304],[121.5136321,24.9999938],[121.5135917,24.999947],[121.5135698,24.9999625],[121.51354,24.9999836],[121.5135805,25.0000304]]]}},{"type":"Feature","properties":{"kind":"water","osm_id":1282950475,"name":""},"geometry":{"type":"Polygon","coordinates":[[[121.5563971,25.006532],[121.5563972,25.006505],[121.5563974,25.0063673],[121.5564601,25.0063674],[121.5564598,25.0065321],[121.5563971,25.006532]]]}},{"type":"Feature","properties":{"kind":"water","osm_id":1282950486,"name":""},"geometry":{"type":"Polygon","coordinates":[[[121.5582641,25.0019111],[121.5582642,25.001917],[121.5582688,25.0019211],[121.5582753,25.001921],[121.5582798,25.0019168],[121.5582798,25.001911],[121.5582752,25.0019068],[121.5582687,25.0019069],[121.5582641,25.0019111]]]}},{"type":"Feature","properties":{"kind":"water","osm_id":1303429026,"name":""},"geometry":{"type":"Polygon","coordinates":[[[121.5334903,25.0238962],[121.5337206,25.0238733],[121.5337209,25.0238676],[121.5337547,25.0238658],[121.5337498,25.0238277],[121.5334953,25.0238145],[121.5334903,25.0238962]]]}},{"type":"Feature","properties":{"kind":"water","osm_id":1306408709,"name":""},"geometry":{"type":"Polygon","coordinates":[[[121.5234815,25.0061203],[121.5234601,25.0061179],[121.5234245,25.0060747],[121.5234245,25.0060638],[121.5234379,25.0060407],[121.5234594,25.0060316],[121.5234802,25.0060365],[121.5234983,25.0060626],[121.5235043,25.0060936],[121.5234996,25.0061088],[121.5234815,25.0061203]]]}},{"type":"Feature","properties":{"kind":"water","osm_id":1307048160,"name":""},"geometry":{"type":"Polygon","coordinates":[[[121.5285181,25.0168096],[121.5285174,25.0168026],[121.528569,25.0167491],[121.5286032,25.0167062],[121.5286334,25.0167047],[121.5286421,25.0167096],[121.5286538,25.0167205],[121.5286545,25.0167363],[121.5286461,25.0167521],[121.5286284,25.0167573],[121.5286042,25.0167606],[121.5285932,25.0167667],[121.5285744,25.0168074],[121.5285569,25.0168244],[121.5285377,25.0168328],[121.5285181,25.0168096]]]}},{"type":"Feature","properties":{"kind":"water","osm_id":1311039425,"name":""},"geometry":{"type":"Polygon","coordinates":[[[121.5416817,25.0531732],[121.5417941,25.0531733],[121.5417942,25.0530861],[121.5416818,25.053086],[121.5416817,25.0531732]]]}},{"type":"Feature","properties":{"kind":"water","osm_id":1321851964,"name":""},"geometry":{"type":"Polygon","coordinates":[[[121.5345021,25.0157611],[121.5345838,25.0157629],[121.5345824,25.0158145],[121.5345006,25.0158127],[121.5345021,25.0157611]]]}},{"type":"Feature","properties":{"kind":"water","osm_id":1322643454,"name":""},"geometry":{"type":"Polygon","coordinates":[[[121.537771,25.0166974],[121.5378535,25.0166985],[121.5378542,25.0166513],[121.5377717,25.0166502],[121.537771,25.0166974]]]}},{"type":"Feature","properties":{"kind":"water","osm_id":1323152474,"name":""},"geometry":{"type":"Polygon","coordinates":[[[121.536248,25.0147467],[121.5362448,25.0148002],[121.5362281,25.0147995],[121.5362165,25.0147903],[121.5362029,25.0147761],[121.5361912,25.0147756],[121.5361855,25.0147704],[121.5361771,25.0147525],[121.5361791,25.0147185],[121.536248,25.0147467]]]}},{"type":"Feature","properties":{"kind":"water","osm_id":1323196793,"name":""},"geometry":{"type":"Polygon","coordinates":[[[121.535958,25.0177632],[121.5359595,25.0176666],[121.5360644,25.017668],[121.5360629,25.0177646],[121.535958,25.0177632]]]}},{"type":"Feature","properties":{"kind":"water","osm_id":1323353790,"name":""},"geometry":{"type":"Polygon","coordinates":[[[121.5391235,25.0181607],[121.5391245,25.0180616],[121.539156,25.0180618],[121.539155,25.0181609],[121.5391235,25.0181607]]]}},{"type":"Feature","properties":{"kind":"water","osm_id":1323353791,"name":""},"geometry":{"type":"Polygon","coordinates":[[[121.5391539,25.0182716],[121.539153,25.0183663],[121.5391215,25.018366],[121.5391228,25.018234],[121.5391473,25.0182342],[121.5391469,25.0182715],[121.5391539,25.0182716]]]}},{"type":"Feature","properties":{"kind":"water","osm_id":1323367296,"name":""},"geometry":{"type":"Polygon","coordinates":[[[121.5406302,25.0203928],[121.5406294,25.0203703],[121.5405455,25.0203726],[121.5405463,25.020395],[121.5406302,25.0203928]]]}},{"type":"Feature","properties":{"kind":"water","osm_id":1323368723,"name":""},"geometry":{"type":"Polygon","coordinates":[[[121.5425717,25.0203018],[121.5425564,25.0202852],[121.5425696,25.0202846],[121.5425762,25.0202791],[121.5425832,25.0202658],[121.542584,25.0202488],[121.5425761,25.0202326],[121.5425676,25.020227],[121.5425538,25.0202319],[121.5425641,25.0202213],[121.5425646,25.0202122],[121.5425619,25.0202003],[121.5425472,25.0201898],[121.5425373,25.0201866],[121.542514,25.0201878],[121.542493,25.0201954],[121.5424882,25.0202043],[121.5424803,25.0201901],[121.5424592,25.0201804],[121.5424328,25.0201801],[121.5424137,25.0201857],[121.5424079,25.0201941],[121.5424104,25.0202055],[121.5423953,25.0201976],[121.5423738,25.0201933],[121.5423524,25.0201968],[121.5423396,25.0202036],[121.542341,25.0201988],[121.5423401,25.0201898],[121.5423262,25.0201815],[121.5423043,25.0201818],[121.5422887,25.0201894],[121.5422825,25.0201957],[121.5422863,25.0202076],[121.5422739,25.0202011],[121.5422592,25.020197],[121.5422322,25.0201957],[121.5422142,25.0202005],[121.5422092,25.0202099],[121.5422047,25.0202018],[121.5421943,25.0201912],[121.5421867,25.0201888],[121.5421961,25.0201878],[121.5421997,25.020185],[121.5422,25.0201821],[121.5422542,25.0201814],[121.5423077,25.0201806],[121.5423195,25.0201804],[121.5423495,25.02018],[121.5423599,25.0201798],[121.5424397,25.0201787],[121.5424573,25.0201785],[121.5425484,25.0201772],[121.5425685,25.0201769],[121.542584,25.0201766],[121.5425841,25.0201813],[121.5425859,25.0202863],[121.5425812,25.0202851],[121.542574,25.020289],[121.5425717,25.0203018]]]}},{"type":"Feature","properties":{"kind":"water","osm_id":1323370671,"name":""},"geometry":{"type":"Polygon","coordinates":[[[121.5425748,25.0204468],[121.5425676,25.0204646],[121.5425589,25.0204505],[121.5425658,25.0204513],[121.5425748,25.0204468]]]}},{"type":"Feature","properties":{"kind":"water","osm_id":1323370672,"name":""},"geometry":{"type":"Polygon","coordinates":[[[121.5425678,25.0204775],[121.5425757,25.0204853],[121.5425895,25.0204909],[121.5425906,25.0205554],[121.5425825,25.0205558],[121.5425888,25.0205485],[121.5425882,25.0205337],[121.5425805,25.0205226],[121.5425641,25.0205226],[121.5425763,25.020509],[121.5425738,25.0204974],[121.5425688,25.0204904],[121.5425592,25.0204894],[121.5425678,25.0204775]]]}},{"type":"Feature","properties":{"kind":"water","osm_id":1323370673,"name":""},"geometry":{"type":"Polygon","coordinates":[[[121.5425748,25.0204468],[121.5425831,25.0204347],[121.5425869,25.020411],[121.5425822,25.0203937],[121.5425722,25.0203837],[121.5425576,25.0203926],[121.5425609,25.0203823],[121.5425582,25.0203747],[121.542571,25.0203806],[121.5425777,25.0203764],[121.5425849,25.0203663],[121.5425837,25.0203473],[121.5425752,25.020332],[121.5425611,25.0203306],[121.5425743,25.0203124],[121.542578,25.0203273],[121.5425868,25.0203338],[121.5425886,25.0204389],[121.5425748,25.0204468]]]}},{"type":"Feature","properties":{"kind":"water","osm_id":1323370674,"name":""},"geometry":{"type":"Polygon","coordinates":[[[121.5420725,25.0201858],[121.5420733,25.0201839],[121.542094,25.0201836],[121.5421078,25.0201909],[121.5421232,25.0201921],[121.5421361,25.0201901],[121.5421259,25.0202017],[121.5421244,25.0202132],[121.5421153,25.0202026],[121.5421001,25.0202011],[121.542088,25.0202091],[121.5420884,25.0201947],[121.5420783,25.0201856],[121.5420725,25.0201858]]]}},{"type":"Feature","properties":{"kind":"water","osm_id":1323370675,"name":""},"geometry":{"type":"Polygon","coordinates":[[[121.5421744,25.0201848],[121.5421532,25.0201845],[121.5421361,25.0201901],[121.5421499,25.0201828],[121.5421689,25.0201826],[121.5421744,25.0201848]]]}},{"type":"Feature","properties":{"kind":"water","osm_id":1323370676,"name":""},"geometry":{"type":"Polygon","coordinates":[[[121.5425825,25.0205558],[121.5425743,25.0205729],[121.5425649,25.0205603],[121.5425825,25.0205558]]]}},{"type":"Feature","properties":{"kind":"water","osm_id":1323370677,"name":""},"geometry":{"type":"Polygon","coordinates":[[[121.5425753,25.0205896],[121.5425772,25.0206047],[121.5425658,25.0205983],[121.5425753,25.0205896]]]}},{"type":"Feature","properties":{"kind":"water","osm_id":1323370678,"name":""},"geometry":{"type":"Polygon","coordinates":[[[121.5425795,25.0206176],[121.5425894,25.0206209],[121.5425917,25.02062],[121.5425921,25.0206372],[121.5425713,25.0206375],[121.5425768,25.0206302],[121.5425795,25.0206176]]]}},{"type":"Feature","properties":{"kind":"water","osm_id":1323370692,"name":""},"geometry":{"type":"Polygon","coordinates":[[[121.5420557,25.0201866],[121.5420478,25.0201918],[121.5420439,25.0201992],[121.5420505,25.0202099],[121.5420327,25.020205],[121.5420169,25.0202138],[121.5420119,25.0202295],[121.5420156,25.0202488],[121.5420278,25.0202629],[121.5420389,25.0202677],[121.5420295,25.02027],[121.5420226,25.0202785],[121.5420211,25.0202898],[121.5420235,25.0203059],[121.54203,25.0203153],[121.5420397,25.0203189],[121.5420265,25.020329],[121.5420166,25.0203448],[121.5420144,25.0203688],[121.5420198,25.0203783],[121.5420327,25.0203832],[121.5420438,25.0203789],[121.5420303,25.0203984],[121.5420292,25.020416],[121.5420359,25.0204254],[121.5420451,25.0204286],[121.5420387,25.0204314],[121.5420319,25.020442],[121.5420314,25.0204526],[121.5420364,25.0204643],[121.5420454,25.0204712],[121.5420362,25.0204718],[121.5420268,25.0204778],[121.5420184,25.020495],[121.5420178,25.0205065],[121.5420173,25.020516],[121.5420218,25.0205304],[121.5420344,25.0205442],[121.5420466,25.0205454],[121.542034,25.0205624],[121.5420322,25.020576],[121.5420377,25.0205907],[121.5420483,25.0205974],[121.5420392,25.0206039],[121.5420349,25.0206132],[121.5420334,25.0206343],[121.5420429,25.0206451],[121.5420183,25.0206454],[121.5420159,25.0205065],[121.5420155,25.0204862],[121.5420127,25.0203247],[121.5420123,25.0202995],[121.5420184,25.0202974],[121.5420203,25.0202831],[121.5420215,25.0202606],[121.5420146,25.0202491],[121.5420112,25.0202385],[121.5420103,25.0201848],[121.5420338,25.0201845],[121.5420369,25.0201869],[121.5420557,25.0201866]]]}},{"type":"Feature","properties":{"kind":"water","osm_id":1323370694,"name":""},"geometry":{"type":"Polygon","coordinates":[[[121.5421339,25.0206438],[121.5420672,25.0206447],[121.5420707,25.0206428],[121.5420788,25.0206363],[121.5420815,25.0206258],[121.5420894,25.020636],[121.5421016,25.0206414],[121.5421172,25.0206382],[121.5421279,25.0206281],[121.5421288,25.0206381],[121.5421339,25.0206438]]]}},{"type":"Feature","properties":{"kind":"water","osm_id":1323370695,"name":""},"geometry":{"type":"Polygon","coordinates":[[[121.5421666,25.0206373],[121.5421636,25.0206434],[121.5421755,25.0206432],[121.5421666,25.0206373]]]}},{"type":"Feature","properties":{"kind":"water","osm_id":1323370696,"name":""},"geometry":{"type":"Polygon","coordinates":[[[121.5422818,25.0206417],[121.5422255,25.0206425],[121.5422308,25.0206351],[121.5422223,25.0206232],[121.5422431,25.0206326],[121.5422644,25.0206372],[121.5422751,25.0206235],[121.5422758,25.0206337],[121.5422818,25.0206417]]]}},{"type":"Feature","properties":{"kind":"water","osm_id":1323370697,"name":""},"geometry":{"type":"Polygon","coordinates":[[[121.542367,25.0206404],[121.5423222,25.0206411],[121.5423385,25.0206357],[121.5423559,25.0206211],[121.5423584,25.0206326],[121.542367,25.0206404]]]}},{"type":"Feature","properties":{"kind":"water","osm_id":1323370698,"name":""},"geometry":{"type":"Polygon","coordinates":[[[121.5423928,25.0206401],[121.5424162,25.0206397],[121.5424114,25.0206308],[121.5424117,25.0206212],[121.5424027,25.0206351],[121.5423928,25.0206401]]]}},{"type":"Feature","properties":{"kind":"water","osm_id":1323370699,"name":""},"geometry":{"type":"Polygon","coordinates":[[[121.5424575,25.0206392],[121.5424491,25.020632],[121.5424486,25.0206183],[121.5424359,25.0206188],[121.5424454,25.02063],[121.5424379,25.0206394],[121.5424575,25.0206392]]]}},{"type":"Feature","properties":{"kind":"water","osm_id":1323370700,"name":""},"geometry":{"type":"Polygon","coordinates":[[[121.5425517,25.0206378],[121.5424793,25.0206388],[121.5424896,25.0206343],[121.5424985,25.0206183],[121.5425079,25.020625],[121.5425233,25.0206275],[121.5425344,25.0206206],[121.5425401,25.0206322],[121.5425517,25.0206378]]]}},{"type":"Feature","properties":{"kind":"water","osm_id":1323376163,"name":""},"geometry":{"type":"Polygon","coordinates":[[[121.5420226,25.0201092],[121.5420337,25.0201051],[121.5420528,25.0200883],[121.5420552,25.0200804],[121.5420468,25.0200697],[121.5420288,25.0200681],[121.54202,25.020078],[121.5420136,25.0201022],[121.5420153,25.020107],[121.5420226,25.0201092]]]}},{"type":"Feature","properties":{"kind":"water","osm_id":1323376164,"name":""},"geometry":{"type":"Polygon","coordinates":[[[121.5419251,25.0201962],[121.5419418,25.0201935],[121.5419492,25.0201789],[121.5419452,25.0201582],[121.5419291,25.0201324],[121.5419167,25.0201272],[121.541905,25.0201345],[121.5418949,25.0201497],[121.5418942,25.0201664],[121.5419043,25.0201828],[121.5419174,25.0201935],[121.5419251,25.0201962]]]}},{"type":"Feature","properties":{"kind":"water","osm_id":1324397165,"name":""},"geometry":{"type":"Polygon","coordinates":[[[121.5300437,25.014187],[121.5300052,25.0141502],[121.5299962,25.0141579],[121.5299946,25.0141722],[121.5299842,25.014212],[121.5299721,25.0142454],[121.5299624,25.0142579],[121.5299265,25.0142887],[121.5299223,25.0142923],[121.529908,25.0143046],[121.5299241,25.01432],[121.5300454,25.0142159],[121.5300496,25.0142059],[121.5300491,25.0141957],[121.5300437,25.014187]]]}},{"type":"Feature","properties":{"kind":"water","osm_id":1324677196,"name":""},"geometry":{"type":"Polygon","coordinates":[[[121.5448536,25.0121468],[121.5448904,25.0121785],[121.5448949,25.0121589],[121.5449013,25.0121404],[121.5449069,25.0121255],[121.5449114,25.0121154],[121.5449181,25.0121031],[121.5449256,25.0120921],[121.544933,25.0120851],[121.5449254,25.0120785],[121.5448536,25.0121468]]]}},{"type":"Feature","properties":{"kind":"water","osm_id":1324686849,"name":""},"geometry":{"type":"Polygon","coordinates":[[[121.5460751,25.0129082],[121.5460446,25.0128938],[121.5460349,25.0128747],[121.5460379,25.0128558],[121.546051,25.0128401],[121.5460513,25.0128352],[121.5460651,25.0128373],[121.5460724,25.012841],[121.5460755,25.012851],[121.5460681,25.0128668],[121.5460694,25.0128799],[121.5460765,25.0128881],[121.5460949,25.0128975],[121.5461009,25.0129032],[121.5461006,25.0129121],[121.5460942,25.0129166],[121.5460852,25.0129154],[121.5460751,25.0129082]]]}},{"type":"Feature","properties":{"kind":"water","osm_id":1325472342,"name":""},"geometry":{"type":"Polygon","coordinates":[[[121.5454503,25.0166097],[121.5454608,25.0166023],[121.5454752,25.0166191],[121.5454648,25.0166265],[121.5454503,25.0166097]]]}},{"type":"Feature","properties":{"kind":"water","osm_id":1325480145,"name":""},"geometry":{"type":"Polygon","coordinates":[[[121.5491256,25.0119766],[121.5491478,25.0119415],[121.5492391,25.011797],[121.5492879,25.0116235],[121.5494517,25.0116922],[121.5494179,25.0117369],[121.5492173,25.0120021],[121.5491992,25.0120045],[121.5491682,25.012],[121.5491404,25.0119846],[121.5491256,25.0119766]]]}},{"type":"Feature","properties":{"kind":"water","osm_id":1325495382,"name":""},"geometry":{"type":"Polygon","coordinates":[[[121.5445653,25.012774],[121.5444782,25.0128671],[121.5444864,25.0128734],[121.5445038,25.0128867],[121.5445102,25.0128799],[121.5445301,25.0128952],[121.5445436,25.0128808],[121.544527,25.012868],[121.5445558,25.0128373],[121.5445618,25.0128419],[121.5445711,25.0128319],[121.5446002,25.0128008],[121.5445653,25.012774]]]}},{"type":"Feature","properties":{"kind":"water","osm_id":1325495398,"name":""},"geometry":{"type":"Polygon","coordinates":[[[121.5440385,25.013223],[121.5440731,25.0132469],[121.5440501,25.0132744],[121.5440411,25.0132755],[121.5440116,25.0132552],[121.5440385,25.013223]]]}},{"type":"Feature","properties":{"kind":"water","osm_id":1325595828,"name":""},"geometry":{"type":"Polygon","coordinates":[[[121.5519597,25.0130655],[121.5521175,25.0129583],[121.5521218,25.0129554],[121.552159,25.0130003],[121.5519969,25.0131104],[121.5519597,25.0130655]]]}},{"type":"Feature","properties":{"kind":"water","osm_id":1325599129,"name":""},"geometry":{"type":"Polygon","coordinates":[[[121.5473602,25.0107966],[121.5474705,25.0109374],[121.547477,25.0109279],[121.5474816,25.0109213],[121.5475611,25.0106427],[121.5475779,25.0106014],[121.5475756,25.0105844],[121.5475683,25.0105671],[121.5474662,25.010537],[121.5473602,25.0107966]]]}},{"type":"Feature","properties":{"kind":"water","osm_id":1326051322,"name":""},"geometry":{"type":"Polygon","coordinates":[[[121.5458351,25.0124423],[121.5458552,25.0124552],[121.5458417,25.0124725],[121.5458216,25.0124596],[121.5458351,25.0124423]]]}},{"type":"Feature","properties":{"kind":"water","osm_id":1326053115,"name":""},"geometry":{"type":"Polygon","coordinates":[[[121.546139,25.0132808],[121.5461668,25.0132501],[121.5462,25.0132747],[121.5461721,25.0133054],[121.546139,25.0132808]]]}},{"type":"Feature","properties":{"kind":"water","osm_id":1326056361,"name":""},"geometry":{"type":"Polygon","coordinates":[[[121.5731031,25.0149511],[121.5730702,25.014952],[121.5730618,25.0149501],[121.5730484,25.0149386],[121.5730417,25.0149204],[121.5730494,25.014904],[121.5730927,25.0148721],[121.5731161,25.0148614],[121.5731339,25.0148608],[121.5731524,25.0148836],[121.5731524,25.0149122],[121.5731396,25.0149328],[121.5731192,25.0149477],[121.5731031,25.0149511]]]}},{"type":"Feature","properties":{"kind":"water","osm_id":1327215487,"name":""},"geometry":{"type":"Polygon","coordinates":[[[121.5460161,25.0111042],[121.5460013,25.0110626],[121.5459651,25.0109611],[121.5459757,25.0109512],[121.5460644,25.0108674],[121.5460771,25.0108554],[121.5461489,25.0109101],[121.5461385,25.0110474],[121.5460161,25.0111042]]]}},{"type":"Feature","properties":{"kind":"water","osm_id":1327484617,"name":""},"geometry":{"type":"Polygon","coordinates":[[[121.5468728,25.0209273],[121.5468703,25.0209422],[121.5468622,25.0209604],[121.5468481,25.0209725],[121.5468273,25.0209759],[121.546798,25.0209688],[121.5467802,25.0209688],[121.5467345,25.0209833],[121.5466956,25.020995],[121.5466544,25.0209974],[121.546637,25.0209893],[121.5466288,25.0209705],[121.5466362,25.020953],[121.5466723,25.0209263],[121.5466895,25.0209226],[121.5467024,25.0209117],[121.5467075,25.0208963],[121.5467284,25.0208868],[121.5467579,25.0208714],[121.546762,25.020887],[121.5467741,25.0208986],[121.546791,25.0209032],[121.5468082,25.0208995],[121.5468211,25.0208886],[121.5468262,25.0208732],[121.5468418,25.0208805],[121.54686,25.0208928],[121.5468687,25.0209069],[121.5468728,25.0209196],[121.5468728,25.0209273]]]}},{"type":"Feature","properties":{"kind":"water","osm_id":1334986653,"name":""},"geometry":{"type":"Polygon","coordinates":[[[121.5581883,25.0396388],[121.5583241,25.0396356],[121.5583256,25.0396861],[121.5581898,25.0396893],[121.5581883,25.0396388]]]}},{"type":"Feature","properties":{"kind":"water","osm_id":1335095042,"name":""},"geometry":{"type":"Polygon","coordinates":[[[121.562988,25.0380552],[121.5629893,25.0380975],[121.563026,25.0381225],[121.5630629,25.0381553],[121.5630986,25.0381969],[121.5631207,25.0382373],[121.5631363,25.0382863],[121.5631439,25.0383354],[121.5631418,25.0383853],[121.5631278,25.0384335],[121.5631093,25.0384824],[121.563133,25.0385105],[121.5631742,25.0384683],[121.5631968,25.0384057],[121.5632017,25.0383738],[121.5632038,25.0383144],[121.5631969,25.0382553],[121.5631813,25.0381976],[121.563157,25.0381423],[121.5631248,25.0380905],[121.563085,25.0380433],[121.5630385,25.0380013],[121.5629861,25.0379655],[121.562988,25.0380552]]]}},{"type":"Feature","properties":{"kind":"water","osm_id":1335095052,"name":""},"geometry":{"type":"Polygon","coordinates":[[[121.5630805,25.0389357],[121.563178,25.0388919],[121.5633217,25.0388895],[121.5632085,25.0389403],[121.5632029,25.03893],[121.5632079,25.0389278],[121.563201,25.0389152],[121.5630915,25.0389559],[121.5630805,25.0389357]]]}},{"type":"Feature","properties":{"kind":"water","osm_id":1335587031,"name":""},"geometry":{"type":"Polygon","coordinates":[[[121.5622369,25.0371583],[121.5622406,25.037146],[121.5622425,25.0371032],[121.5622602,25.037068],[121.5622661,25.0370562],[121.5623112,25.0370701],[121.5623404,25.0370877],[121.5623522,25.0370995],[121.5623652,25.0371126],[121.5623917,25.0371566],[121.5624037,25.037184],[121.5623544,25.0372037],[121.5622938,25.0372157],[121.5622871,25.0372046],[121.5622817,25.0371873],[121.5622676,25.0371721],[121.5622515,25.0371624],[121.5622369,25.0371583]]]}},{"type":"Feature","properties":{"kind":"water","osm_id":1335587035,"name":""},"geometry":{"type":"Polygon","coordinates":[[[121.562585,25.0372273],[121.5625927,25.0372045],[121.5626116,25.0371745],[121.5626342,25.0371525],[121.5626577,25.0371425],[121.5626931,25.0371349],[121.5627159,25.0371246],[121.5627487,25.0371026],[121.562786,25.0370605],[121.5627967,25.0370306],[121.5628188,25.0369615],[121.5628297,25.0369417],[121.5628562,25.0369103],[121.5628768,25.0368954],[121.56293,25.0368802],[121.5629881,25.0368838],[121.5630396,25.0368968],[121.5630667,25.0369021],[121.5631201,25.0368948],[121.5631373,25.0368851],[121.5631504,25.0368717],[121.5631635,25.0368311],[121.5631625,25.0367982],[121.5631507,25.0367711],[121.5631283,25.0367511],[121.5630902,25.0367429],[121.5630693,25.0367359],[121.5630471,25.036721],[121.5630297,25.0366937],[121.5630248,25.0366568],[121.5630129,25.036637],[121.5629918,25.0366218],[121.5629719,25.0366165],[121.5629477,25.03662],[121.5629011,25.0366346],[121.5628582,25.0366512],[121.5628008,25.0366675],[121.5627437,25.036673],[121.562673,25.0366698],[121.5626141,25.0366524],[121.5625772,25.0366317],[121.5625513,25.0366056],[121.5625311,25.036583],[121.5625151,25.0365603],[121.5625097,25.036522],[121.5625136,25.0364993],[121.5625259,25.0364792],[121.562545,25.0364641],[121.5625687,25.0364558],[121.562594,25.0364553],[121.5626181,25.0364627],[121.5626378,25.0364772],[121.5626509,25.0364969],[121.5626558,25.0365194],[121.5626519,25.0365422],[121.5626397,25.0365623],[121.5626206,25.0365774],[121.5625969,25.0365857],[121.5625715,25.0365862],[121.5625641,25.0365839],[121.5625869,25.0366055],[121.5626139,25.0366237],[121.5626439,25.0366378],[121.562676,25.0366471],[121.5627377,25.0366477],[121.5628079,25.0366348],[121.5628372,25.0366198],[121.5628634,25.0366005],[121.5628887,25.0365817],[121.5629174,25.0365737],[121.5629266,25.0365741],[121.5629507,25.0365752],[121.5629921,25.0365868],[121.5630161,25.0365994],[121.5630389,25.0366193],[121.5630537,25.0366381],[121.5630641,25.0366642],[121.5630823,25.0366865],[121.5631082,25.0367002],[121.5631266,25.0367017],[121.5631482,25.0367078],[121.5631779,25.0367254],[121.5632034,25.0367478],[121.5632215,25.0367742],[121.5632272,25.036795],[121.5632354,25.0367991],[121.5632574,25.0367987],[121.5632582,25.0368377],[121.5632486,25.0368378],[121.5632376,25.036869],[121.5632218,25.0368942],[121.563201,25.0369166],[121.5631735,25.0369334],[121.5631631,25.036937],[121.5631673,25.0369302],[121.5631671,25.0369217],[121.5631751,25.0369141],[121.563175,25.0369072],[121.5631373,25.0369079],[121.563138,25.0369413],[121.563114,25.0369464],[121.5630855,25.0369469],[121.563059,25.0369429],[121.5630389,25.0369384],[121.5629955,25.0369141],[121.5629727,25.0369062],[121.5629445,25.036903],[121.5629199,25.0369078],[121.5628966,25.0369154],[121.5628718,25.0369315],[121.5628507,25.0369498],[121.5628341,25.0369728],[121.5628264,25.037],[121.5628225,25.0370316],[121.5628243,25.0370729],[121.5628223,25.0370978],[121.5628146,25.0371205],[121.5627963,25.0371433],[121.5627729,25.0371639],[121.5627231,25.037192],[121.5627016,25.037197],[121.562674,25.0372014],[121.5626525,25.0372112],[121.5626354,25.0372274],[121.5626235,25.0372473],[121.5626141,25.0372558],[121.562585,25.0372273]]]}},{"type":"Feature","properties":{"kind":"water","osm_id":1336506670,"name":""},"geometry":{"type":"Polygon","coordinates":[[[121.5625669,25.0372849],[121.5625481,25.0372964],[121.5625119,25.0373122],[121.562446,25.0373264],[121.5624121,25.0373275],[121.5623602,25.0373219],[121.5623176,25.0373087],[121.5622755,25.0372871],[121.5622416,25.0372645],[121.5622009,25.0372227],[121.562167,25.0371562],[121.5621727,25.0371538],[121.5621636,25.037136],[121.5621722,25.0371324],[121.5621624,25.0371132],[121.5621757,25.0371077],[121.5621866,25.0371237],[121.5622017,25.0371369],[121.5622369,25.0371583],[121.5622515,25.0371624],[121.5622676,25.0371721],[121.5622817,25.0371873],[121.5622871,25.0372046],[121.5622938,25.0372157],[121.5623161,25.0372389],[121.5623509,25.037266],[121.5623732,25.0372769],[121.5624078,25.0372868],[121.5624544,25.0372897],[121.5624847,25.0372869],[121.5625608,25.0372614],[121.5625669,25.0372849]]]}},{"type":"Feature","properties":{"kind":"water","osm_id":1339401631,"name":""},"geometry":{"type":"Polygon","coordinates":[[[121.5679991,25.0388779],[121.5681702,25.0388747],[121.5681709,25.0389064],[121.5679999,25.0389096],[121.5679991,25.0388779]]]}},{"type":"Feature","properties":{"kind":"water","osm_id":1339499104,"name":""},"geometry":{"type":"Polygon","coordinates":[[[121.5651714,25.0340343],[121.565174,25.0340186],[121.5651954,25.0340068],[121.5652283,25.0340103],[121.5652459,25.0340177],[121.5652544,25.0340329],[121.565245,25.0340472],[121.5652286,25.0340543],[121.5651969,25.0340589],[121.5651751,25.0340493],[121.5651714,25.0340343]]]}},{"type":"Feature","properties":{"kind":"water","osm_id":1339541912,"name":""},"geometry":{"type":"Polygon","coordinates":[[[121.5646313,25.0386184],[121.5647007,25.0386172],[121.564713,25.0386129],[121.5647171,25.0386064],[121.5647128,25.038598],[121.5647021,25.0385925],[121.564685,25.038596],[121.5646309,25.0385969],[121.5646176,25.0386001],[121.5646166,25.0386094],[121.5646209,25.0386161],[121.5646313,25.0386184]]]}},{"type":"Feature","properties":{"kind":"water","osm_id":1339541913,"name":""},"geometry":{"type":"Polygon","coordinates":[[[121.5647321,25.0384307],[121.5647309,25.0383749],[121.564681,25.0383757],[121.5646822,25.0384315],[121.5647321,25.0384307]]]}},{"type":"Feature","properties":{"kind":"water","osm_id":1339541915,"name":""},"geometry":{"type":"Polygon","coordinates":[[[121.5647222,25.0383686],[121.5647308,25.0383685],[121.5647306,25.0383573],[121.5647456,25.0383571],[121.5647446,25.0383084],[121.564721,25.0383088],[121.5647222,25.0383686]]]}},{"type":"Feature","properties":{"kind":"water","osm_id":1339541917,"name":""},"geometry":{"type":"Polygon","coordinates":[[[121.5647209,25.0383012],[121.5647445,25.0383008],[121.5647433,25.0382429],[121.5646784,25.038244],[121.5646787,25.0382592],[121.56472,25.0382585],[121.5647209,25.0383012]]]}},{"type":"Feature","properties":{"kind":"water","osm_id":1339541919,"name":""},"geometry":{"type":"Polygon","coordinates":[[[121.5647425,25.0382045],[121.564742,25.0381786],[121.5646771,25.0381797],[121.5646782,25.0382367],[121.5646977,25.0382364],[121.5646971,25.0382053],[121.5647425,25.0382045]]]}},{"type":"Feature","properties":{"kind":"water","osm_id":1339541921,"name":""},"geometry":{"type":"Polygon","coordinates":[[[121.5647242,25.0381718],[121.5647419,25.0381715],[121.5647417,25.038165],[121.5647582,25.0381647],[121.5647572,25.0381137],[121.5646758,25.038115],[121.5646762,25.0381369],[121.5647235,25.0381361],[121.5647242,25.0381718]]]}},{"type":"Feature","properties":{"kind":"water","osm_id":1339541924,"name":""},"geometry":{"type":"Polygon","coordinates":[[[121.5646738,25.0380172],[121.5646743,25.0380426],[121.5647557,25.0380412],[121.5647552,25.0380158],[121.5646738,25.0380172]]]}},{"type":"Feature","properties":{"kind":"water","osm_id":1339541925,"name":""},"geometry":{"type":"Polygon","coordinates":[[[121.5647175,25.0381061],[121.564757,25.0381055],[121.5647559,25.0380494],[121.5646745,25.0380508],[121.5646749,25.038072],[121.5647168,25.0380713],[121.5647175,25.0381061]]]}},{"type":"Feature","properties":{"kind":"water","osm_id":1339545159,"name":""},"geometry":{"type":"Polygon","coordinates":[[[121.5649481,25.0369753],[121.5649485,25.0369935],[121.5649065,25.0369942],[121.5649061,25.036976],[121.5649481,25.0369753]]]}},{"type":"Feature","properties":{"kind":"water","osm_id":1339878255,"name":""},"geometry":{"type":"Polygon","coordinates":[[[121.5644455,25.0393946],[121.5644458,25.0394133],[121.5642433,25.0394161],[121.564243,25.0393974],[121.5644455,25.0393946]]]}},{"type":"Feature","properties":{"kind":"water","osm_id":1339878257,"name":""},"geometry":{"type":"Polygon","coordinates":[[[121.5641522,25.0393986],[121.5641526,25.0394174],[121.5639467,25.0394202],[121.5639464,25.0394015],[121.5641522,25.0393986]]]}},{"type":"Feature","properties":{"kind":"water","osm_id":1339888567,"name":""},"geometry":{"type":"Polygon","coordinates":[[[121.5649903,25.0393689],[121.5650047,25.0393587],[121.565059,25.0393306],[121.5651173,25.0393097],[121.5651618,25.0393001],[121.5651625,25.0393514],[121.5651456,25.0393671],[121.5649903,25.0393689]]]}},{"type":"Feature","properties":{"kind":"water","osm_id":1339889441,"name":""},"geometry":{"type":"Polygon","coordinates":[[[121.5652834,25.0392987],[121.5652841,25.03935],[121.5653013,25.0393653],[121.5654887,25.0393631],[121.5654725,25.039353],[121.5654217,25.039329],[121.5653634,25.0393105],[121.5653028,25.0392996],[121.5652834,25.0392987]]]}},{"type":"Feature","properties":{"kind":"water","osm_id":1340089165,"name":""},"geometry":{"type":"Polygon","coordinates":[[[121.5682606,25.0382476],[121.5682609,25.038262],[121.5682326,25.0382626],[121.5682323,25.0382481],[121.5682606,25.0382476]]]}},{"type":"Feature","properties":{"kind":"water","osm_id":1340089169,"name":""},"geometry":{"type":"Polygon","coordinates":[[[121.5682617,25.0382954],[121.5682285,25.0382961],[121.5682302,25.038372],[121.5682634,25.0383714],[121.5682617,25.0382954]]]}},{"type":"Feature","properties":{"kind":"water","osm_id":1340100281,"name":""},"geometry":{"type":"Polygon","coordinates":[[[121.569641,25.0363869],[121.5696615,25.0363865],[121.5696625,25.0364303],[121.5696473,25.0364306],[121.569613,25.0364312],[121.569612,25.0363874],[121.5696288,25.0363871],[121.5696282,25.0363623],[121.5695739,25.0363633],[121.5695715,25.0362556],[121.569593,25.0362552],[121.5695936,25.0362812],[121.5696195,25.0362807],[121.5696204,25.0363226],[121.5695946,25.0363231],[121.5695952,25.0363521],[121.5696402,25.0363513],[121.569641,25.0363869]]]}},{"type":"Feature","properties":{"kind":"water","osm_id":1340100306,"name":""},"geometry":{"type":"Polygon","coordinates":[[[121.5696622,25.0354762],[121.5696752,25.0356439],[121.5696871,25.0356437],[121.5696833,25.0354758],[121.5696622,25.0354762]]]}},{"type":"Feature","properties":{"kind":"water","osm_id":1340100308,"name":""},"geometry":{"type":"Polygon","coordinates":[[[121.5686068,25.0355503],[121.5686049,25.0354668],[121.5686832,25.0354739],[121.5686925,25.0355227],[121.5686068,25.0355503]]]}},{"type":"Feature","properties":{"kind":"water","osm_id":1340252368,"name":""},"geometry":{"type":"Polygon","coordinates":[[[121.5561214,25.043256],[121.5561175,25.0432675],[121.5561069,25.0432748],[121.5560937,25.043275],[121.5560828,25.0432682],[121.5560784,25.0432568],[121.5560823,25.0432453],[121.5560928,25.043238],[121.5561061,25.0432378],[121.556117,25.0432447],[121.5561214,25.043256]]]}},{"type":"Feature","properties":{"kind":"water","osm_id":1340538525,"name":""},"geometry":{"type":"Polygon","coordinates":[[[121.5694855,25.0368319],[121.5694835,25.0368423],[121.5694772,25.0368512],[121.5694676,25.0368573],[121.5694562,25.0368596],[121.5694447,25.0368577],[121.5694349,25.036852],[121.5694282,25.0368434],[121.5694257,25.036833],[121.5694277,25.0368226],[121.569434,25.0368137],[121.5694436,25.0368076],[121.569455,25.0368053],[121.5694665,25.0368072],[121.5694763,25.0368129],[121.569483,25.0368216],[121.5694855,25.0368319]]]}},{"type":"Feature","properties":{"kind":"water","osm_id":1341031387,"name":""},"geometry":{"type":"Polygon","coordinates":[[[121.5601309,25.0332837],[121.5601292,25.0332962],[121.5601237,25.0333078],[121.5601148,25.0333175],[121.5601033,25.0333245],[121.5600901,25.0333284],[121.5600762,25.0333286],[121.5600627,25.0333253],[121.5600509,25.0333188],[121.5600415,25.0333094],[121.5600355,25.0332981],[121.5600332,25.0332857],[121.5600349,25.0332731],[121.5600404,25.0332616],[121.5600493,25.0332519],[121.5600608,25.0332448],[121.5600741,25.033241],[121.560088,25.0332408],[121.5601014,25.033244],[121.5601132,25.0332506],[121.5601226,25.03326],[121.5601286,25.0332713],[121.5601309,25.0332837]]]}},{"type":"Feature","properties":{"kind":"water","osm_id":1341031413,"name":""},"geometry":{"type":"Polygon","coordinates":[[[121.5614387,25.0349136],[121.5614294,25.0349289],[121.5614259,25.0349295],[121.561413,25.034935],[121.5614019,25.0349432],[121.5613933,25.0349535],[121.5613877,25.0349654],[121.5613854,25.0349781],[121.5613865,25.034991],[121.561391,25.0350033],[121.5613986,25.0350142],[121.5614089,25.0350232],[121.5614212,25.0350297],[121.5614336,25.035033],[121.5614408,25.0350468],[121.5614325,25.0350465],[121.5614154,25.035042],[121.5614,25.0350339],[121.5613872,25.0350226],[121.5613777,25.035009],[121.5613721,25.0349937],[121.5613707,25.0349776],[121.5613735,25.0349616],[121.5613806,25.0349468],[121.5613913,25.0349339],[121.5614051,25.0349237],[121.5614212,25.0349168],[121.5614387,25.0349136]]]}},{"type":"Feature","properties":{"kind":"water","osm_id":1341031418,"name":""},"geometry":{"type":"Polygon","coordinates":[[[121.5614641,25.0350646],[121.5614816,25.0350678],[121.5614829,25.0350714],[121.5614889,25.03508],[121.561497,25.0350871],[121.5615067,25.0350922],[121.5615174,25.035095],[121.5615286,25.0350954],[121.5615396,25.0350934],[121.5615497,25.0350891],[121.5615584,25.0350827],[121.5615652,25.0350746],[121.5615696,25.0350652],[121.5615714,25.0350552],[121.5615707,25.0350468],[121.5615848,25.0350393],[121.5615859,25.0350423],[121.5615871,25.0350558],[121.5615846,25.0350692],[121.5615787,25.0350817],[121.5615697,25.0350925],[121.5615581,25.0351011],[121.5615445,25.0351069],[121.5615299,25.0351096],[121.5615149,25.035109],[121.5615005,25.0351052],[121.5614876,25.0350984],[121.5614768,25.035089],[121.5614688,25.0350775],[121.5614641,25.0350646]]]}},{"type":"Feature","properties":{"kind":"water","osm_id":1341031419,"name":""},"geometry":{"type":"Polygon","coordinates":[[[121.5615979,25.0350167],[121.5616075,25.0350108],[121.561623,25.0349966],[121.5616301,25.0349789],[121.5616309,25.0349605],[121.5616229,25.0349444],[121.5616128,25.0349341],[121.5615991,25.0349268],[121.5615805,25.0349237],[121.5615624,25.0349272],[121.5615436,25.0349289],[121.5615297,25.0349205],[121.5615151,25.0349095],[121.5614945,25.0349055],[121.561473,25.0349093],[121.5614574,25.0349212],[121.561448,25.0349356],[121.5614455,25.0349511],[121.5614487,25.0349634],[121.5614581,25.0349751],[121.5614608,25.0349889],[121.5614525,25.0350109],[121.5614518,25.0350257],[121.5614588,25.0350392],[121.5614719,25.0350481],[121.5614881,25.0350506],[121.5615037,25.0350459],[121.5615151,25.0350352],[121.5615207,25.0350294],[121.5615307,25.0350262],[121.5615414,25.0350278],[121.5615538,25.0350317],[121.5615662,25.0350293],[121.5615756,25.0350231],[121.5615803,25.0350138],[121.5615803,25.0349995],[121.5615738,25.0349884],[121.561561,25.0349821],[121.5615702,25.0349974],[121.5615684,25.0350088],[121.5615651,25.0350153],[121.5615607,25.0350182],[121.5615547,25.0350194],[121.5615447,25.0350162],[121.5615294,25.0350139],[121.5615131,25.0350193],[121.5615054,25.0350271],[121.5614965,25.0350355],[121.561487,25.0350383],[121.5614772,25.0350369],[121.5614693,25.0350314],[121.5614651,25.0350233],[121.5614655,25.0350131],[121.5614743,25.0349898],[121.5614705,25.0349703],[121.5614609,25.0349583],[121.5614589,25.0349506],[121.5614607,25.0349396],[121.5614676,25.034929],[121.5614789,25.0349204],[121.5614944,25.0349177],[121.5615092,25.0349205],[121.5615218,25.0349301],[121.5615402,25.0349412],[121.5615644,25.034939],[121.5615807,25.0349359],[121.5615944,25.0349381],[121.5616044,25.0349434],[121.5616117,25.0349509],[121.5616177,25.0349628],[121.561617,25.0349766],[121.5616117,25.0349901],[121.561599,25.0350016],[121.5615979,25.0350167]]]}},{"type":"Feature","properties":{"kind":"water","osm_id":1341036276,"name":""},"geometry":{"type":"Polygon","coordinates":[[[121.5625088,25.0357432],[121.5624998,25.0357354],[121.5624992,25.0357115],[121.562508,25.0357031],[121.5627431,25.0356983],[121.5627518,25.0357059],[121.5627524,25.0357302],[121.5627438,25.0357384],[121.5625088,25.0357432]]]}},{"type":"Feature","properties":{"kind":"water","osm_id":1341042549,"name":""},"geometry":{"type":"Polygon","coordinates":[[[121.5645265,25.0348361],[121.564441,25.0348377],[121.5644216,25.0348341],[121.5644058,25.0348232],[121.5643968,25.0348071],[121.5643964,25.0347892],[121.5644047,25.0347728],[121.5644199,25.0347613],[121.5644392,25.0347569],[121.5645247,25.0347553],[121.5645441,25.0347589],[121.5645599,25.0347699],[121.5645689,25.0347859],[121.5645693,25.0348039],[121.5645611,25.0348202],[121.5645458,25.0348318],[121.5645265,25.0348361]]]}},{"type":"Feature","properties":{"kind":"water","osm_id":1341053322,"name":""},"geometry":{"type":"Polygon","coordinates":[[[121.5672095,25.033133],[121.5672089,25.03311],[121.5672247,25.0331097],[121.5672253,25.0331326],[121.5672095,25.033133]]]}},{"type":"Feature","properties":{"kind":"water","osm_id":1341472302,"name":""},"geometry":{"type":"Polygon","coordinates":[[[121.5747092,25.0289886],[121.5746142,25.0290342],[121.574588,25.0290287],[121.5745729,25.0290195],[121.5745719,25.0290068],[121.5745813,25.0289952],[121.57459,25.0289922],[121.5746239,25.0289764],[121.5746604,25.0289524],[121.5746785,25.0289491],[121.574694,25.0289636],[121.5747092,25.0289886]]]}},{"type":"Feature","properties":{"kind":"water","osm_id":1341472303,"name":""},"geometry":{"type":"Polygon","coordinates":[[[121.5747847,25.0289524],[121.5747277,25.0289798],[121.5747211,25.0289679],[121.5747178,25.0289436],[121.5747275,25.0289293],[121.5747523,25.0289266],[121.5747741,25.0289387],[121.5747847,25.0289524]]]}},{"type":"Feature","properties":{"kind":"water","osm_id":1342680633,"name":""},"geometry":{"type":"Polygon","coordinates":[[[121.5662211,25.0449209],[121.5662264,25.0449353],[121.566226,25.0449506],[121.5662198,25.0449647],[121.5662086,25.0449761],[121.5661938,25.0449834],[121.5661771,25.0449856],[121.5661607,25.0449825],[121.5661463,25.0449746],[121.5661359,25.0449626],[121.5661306,25.0449481],[121.566131,25.0449329],[121.5661372,25.0449187],[121.5661484,25.0449073],[121.5661632,25.0449001],[121.5661799,25.0448979],[121.5661963,25.0449009],[121.5662107,25.0449089],[121.5662211,25.0449209]]]}},{"type":"Feature","properties":{"kind":"water","osm_id":1342935579,"name":""},"geometry":{"type":"Polygon","coordinates":[[[121.5668956,25.0467436],[121.5670197,25.0467794],[121.5670284,25.0467553],[121.5670341,25.0467398],[121.5669704,25.0467229],[121.566959,25.0467199],[121.5669616,25.0466713],[121.5669434,25.0466686],[121.5669439,25.0466584],[121.566899,25.0466687],[121.5669047,25.0466922],[121.566904,25.0467165],[121.5668956,25.0467436]]]}},{"type":"Feature","properties":{"kind":"water","osm_id":1343939995,"name":""},"geometry":{"type":"Polygon","coordinates":[[[121.5273035,25.0524794],[121.5272919,25.0524638],[121.5272727,25.0524521],[121.5271468,25.0524533],[121.5271288,25.0524647],[121.5271166,25.0524812],[121.5271174,25.0525433],[121.5273042,25.0525415],[121.5273035,25.0524794]]]}},{"type":"Feature","properties":{"kind":"water","osm_id":1344494809,"name":"水景花園"},"geometry":{"type":"Polygon","coordinates":[[[121.5251105,25.0537163],[121.525108,25.0536406],[121.5251901,25.0536369],[121.5251927,25.0537126],[121.5251105,25.0537163]]]}},{"type":"Feature","properties":{"kind":"water","osm_id":1344506940,"name":""},"geometry":{"type":"Polygon","coordinates":[[[121.5229283,25.0541259],[121.5231277,25.0541143],[121.5231278,25.0540916],[121.5229303,25.0540825],[121.5229283,25.0541259]]]}},{"type":"Feature","properties":{"kind":"water","osm_id":1344506941,"name":""},"geometry":{"type":"Polygon","coordinates":[[[121.5236114,25.0541996],[121.5236082,25.0542101],[121.5235988,25.054217],[121.5235867,25.0542175],[121.5235766,25.0542115],[121.5235723,25.0542013],[121.5235755,25.0541907],[121.5235849,25.0541838],[121.523597,25.0541833],[121.5236071,25.0541893],[121.5236114,25.0541996]]]}},{"type":"Feature","properties":{"kind":"water","osm_id":1344820867,"name":""},"geometry":{"type":"Polygon","coordinates":[[[121.5664971,25.0317855],[121.5664976,25.0318105],[121.5665469,25.0318096],[121.5665661,25.0317786],[121.5664971,25.0317855]]]}},{"type":"Feature","properties":{"kind":"water","osm_id":1344820868,"name":""},"geometry":{"type":"Polygon","coordinates":[[[121.5664971,25.0317855],[121.5664936,25.0316146],[121.5665044,25.0316145],[121.5665055,25.0316705],[121.5664971,25.0317855]]]}},{"type":"Feature","properties":{"kind":"water","osm_id":1345143743,"name":""},"geometry":{"type":"Polygon","coordinates":[[[121.5706566,25.0279491],[121.5706479,25.0279406],[121.5706368,25.0279349],[121.5706242,25.0279326],[121.5706115,25.0279339],[121.5705999,25.0279388],[121.5705904,25.0279466],[121.5705841,25.0279567],[121.5705816,25.0279681],[121.5705816,25.0279684],[121.5705306,25.0279991],[121.5705083,25.0280126],[121.5705343,25.0280481],[121.5705567,25.0280346],[121.5706073,25.028004],[121.5706082,25.0280044],[121.5706208,25.0280067],[121.5706343,25.0280051],[121.5706452,25.0280006],[121.5706542,25.0279931],[121.5706546,25.0279927],[121.5706609,25.0279826],[121.5706634,25.0279712],[121.5706619,25.0279597],[121.5706621,25.02796],[121.5706566,25.0279491]]]}},{"type":"Feature","properties":{"kind":"water","osm_id":1346192381,"name":""},"geometry":{"type":"Polygon","coordinates":[[[121.5200964,25.0449584],[121.5202101,25.0449668],[121.5202168,25.0449616],[121.5202128,25.0449533],[121.5202022,25.0449413],[121.5202005,25.0449285],[121.5201808,25.0449204],[121.5201557,25.0449229],[121.5201404,25.0449207],[121.5201275,25.0449157],[121.5201166,25.0449165],[121.5200988,25.0449239],[121.5200928,25.0449283],[121.5200902,25.0449528],[121.5200964,25.0449584]]]}},{"type":"Feature","properties":{"kind":"water","osm_id":1348439185,"name":""},"geometry":{"type":"Polygon","coordinates":[[[121.5236033,25.037025],[121.5236082,25.0370159],[121.5236219,25.0370036],[121.5236197,25.0369958],[121.52366,25.0369862],[121.5236587,25.0369722],[121.5236695,25.0369637],[121.5236812,25.0369595],[121.5236881,25.0369455],[121.5236877,25.0369352],[121.5236788,25.0369306],[121.5236638,25.0369312],[121.5236465,25.036923],[121.5236257,25.0369116],[121.523614,25.0369098],[121.5236032,25.0369151],[121.5235974,25.0369232],[121.5235947,25.0369327],[121.5235747,25.0369384],[121.5235625,25.0369285],[121.5235449,25.0369197],[121.5235216,25.036922],[121.5235137,25.0369305],[121.52351,25.036949],[121.5235125,25.0369677],[121.5235176,25.0369911],[121.5235454,25.0369829],[121.5235597,25.0369856],[121.5235695,25.0369975],[121.5235762,25.0370111],[121.5235927,25.0370183],[121.5236033,25.037025]]]}},{"type":"Feature","properties":{"kind":"water","osm_id":1355984216,"name":""},"geometry":{"type":"Polygon","coordinates":[[[121.5711276,25.0017728],[121.5711349,25.0017619],[121.5711467,25.0017551],[121.5711607,25.0017537],[121.5711739,25.0017582],[121.5711852,25.0017708],[121.5711869,25.0017869],[121.5711783,25.0018011],[121.5711625,25.0018086],[121.5711468,25.0018076],[121.5711338,25.0017997],[121.5711268,25.001787],[121.5711276,25.0017728]]]}},{"type":"Feature","properties":{"kind":"water","osm_id":1366036753,"name":""},"geometry":{"type":"Polygon","coordinates":[[[121.5610724,25.0216958],[121.5610435,25.0217186],[121.5610254,25.0217277],[121.5609986,25.0217338],[121.5609895,25.0217399],[121.5609788,25.0217551],[121.5609751,25.0217718],[121.5609761,25.0217897],[121.5609815,25.0217991],[121.5609916,25.021807],[121.5610083,25.0218113],[121.5610234,25.0218085],[121.5610368,25.0217973],[121.5610579,25.0217687],[121.5610797,25.0217526],[121.5610871,25.0217432],[121.5610911,25.0217301],[121.5610911,25.0217143],[121.5610821,25.0217001],[121.5610771,25.0216957],[121.5610724,25.0216958]]]}},{"type":"Feature","properties":{"kind":"water","osm_id":1366036754,"name":""},"geometry":{"type":"Polygon","coordinates":[[[121.5590381,25.0233866],[121.5591005,25.0233873],[121.5591012,25.0233303],[121.5590389,25.0233295],[121.5590381,25.0233866]]]}},{"type":"Feature","properties":{"kind":"water","osm_id":1366036755,"name":""},"geometry":{"type":"Polygon","coordinates":[[[121.5594856,25.0226096],[121.5595368,25.0225513],[121.5595144,25.0225352],[121.5594632,25.0225934],[121.5594856,25.0226096]]]}},{"type":"Feature","properties":{"kind":"water","osm_id":1390847382,"name":""},"geometry":{"type":"Polygon","coordinates":[[[121.5605307,25.0437292],[121.5605561,25.0437339],[121.560583,25.0437308],[121.5606073,25.0437197],[121.5606261,25.0437019],[121.5606372,25.0436794],[121.5606395,25.0436549],[121.5606326,25.0436311],[121.5606174,25.0436107],[121.5605955,25.0435961],[121.5605695,25.0435889],[121.5605437,25.0435897],[121.5605195,25.0435979],[121.5604994,25.0436126],[121.5604855,25.0436323],[121.5604792,25.043655],[121.5604812,25.0436784],[121.5604913,25.0436999],[121.5605084,25.0437175],[121.5605307,25.0437292]]]}},{"type":"Feature","properties":{"kind":"water","osm_id":1422480786,"name":""},"geometry":{"type":"Polygon","coordinates":[[[121.5570972,25.0135594],[121.5571418,25.0135559],[121.5571965,25.0135058],[121.5571752,25.0134104],[121.5570753,25.013423],[121.5570869,25.0134909],[121.5570972,25.0135594]]]}},{"type":"Feature","properties":{"kind":"water","osm_id":1434373617,"name":""},"geometry":{"type":"Polygon","coordinates":[[[121.5341265,25.016159],[121.5341307,25.0161459],[121.5341415,25.0161363],[121.5341562,25.016133],[121.5341707,25.0161368],[121.5341766,25.0161423],[121.5341813,25.0161466],[121.5341849,25.0161599],[121.5341808,25.0161731],[121.5341699,25.0161826],[121.5341553,25.0161859],[121.5341407,25.0161822],[121.5341302,25.0161723],[121.5341265,25.016159]]]}},{"type":"Feature","properties":{"kind":"water","osm_id":1437064086,"name":""},"geometry":{"type":"Polygon","coordinates":[[[121.5344822,25.0432362],[121.5344807,25.0431543],[121.5344689,25.0431545],[121.5344329,25.0431551],[121.5344345,25.0432369],[121.5344709,25.0432364],[121.5344822,25.0432362]]]}},{"type":"Feature","properties":{"kind":"water","osm_id":1460554847,"name":""},"geometry":{"type":"Polygon","coordinates":[[[121.5631414,25.0123044],[121.5630174,25.0123235],[121.5629787,25.0121177],[121.5630557,25.0121058],[121.5631027,25.0120985],[121.5631414,25.0123044]]]}},{"type":"Feature","properties":{"kind":"water","osm_id":1460554872,"name":""},"geometry":{"type":"Polygon","coordinates":[[[121.5576294,25.0146937],[121.557509,25.0146916],[121.5574517,25.0146336],[121.5574561,25.0145503],[121.5575986,25.0145555],[121.5576294,25.0146937]]]}},{"type":"Feature","properties":{"kind":"water","osm_id":1469141325,"name":""},"geometry":{"type":"Polygon","coordinates":[[[121.5718862,25.006481],[121.5718659,25.0064795],[121.5718555,25.0064708],[121.5718803,25.0064502],[121.5718954,25.0064298],[121.5719204,25.0064471],[121.5719224,25.0064702],[121.5719174,25.0064907],[121.5718986,25.0064904],[121.5718862,25.006481]]]}},{"type":"Feature","properties":{"kind":"water","osm_id":1469141326,"name":""},"geometry":{"type":"Polygon","coordinates":[[[121.5718491,25.0064571],[121.5718423,25.0064579],[121.5718238,25.0064424],[121.5718052,25.0064319],[121.5718024,25.0064257],[121.5718061,25.0064145],[121.5718397,25.0063825],[121.5718478,25.0063822],[121.5718646,25.006405],[121.5718838,25.0064145],[121.571884,25.0064199],[121.5718491,25.0064571]]]}},{"type":"Feature","properties":{"kind":"water","osm_id":1485696736,"name":""},"geometry":{"type":"Polygon","coordinates":[[[121.5340543,25.0433774],[121.5340537,25.0433651],[121.5340159,25.0433613],[121.5339764,25.0433491],[121.5338673,25.0433464],[121.5338667,25.0433768],[121.5340543,25.0433774]]]}},{"type":"Feature","properties":{"kind":"water","osm_id":1487132553,"name":""},"geometry":{"type":"Polygon","coordinates":[[[121.5397639,25.0137324],[121.5397578,25.0137265],[121.5397563,25.0137191],[121.5397598,25.0137117],[121.5397695,25.0137044],[121.5397842,25.0136993],[121.5398025,25.0136952],[121.5398238,25.0136993],[121.5398426,25.0137099],[121.5398573,25.0137223],[121.5398659,25.0137366],[121.5398664,25.0137527],[121.5398598,25.0137706],[121.5398492,25.0137844],[121.5398299,25.0137899],[121.5398162,25.0137849],[121.539806,25.0137729],[121.539803,25.0137591],[121.5398045,25.0137426],[121.5398015,25.0137306],[121.5397913,25.0137265],[121.5397806,25.0137297],[121.5397725,25.0137338],[121.5397639,25.0137324]]]}},{"type":"Feature","properties":{"kind":"water","osm_id":1494404744,"name":""},"geometry":{"type":"Polygon","coordinates":[[[121.5712953,24.9988694],[121.5712932,24.9987366],[121.5713013,24.9987232],[121.5713127,24.9987199],[121.5713214,24.9987254],[121.5713244,24.9987424],[121.5713147,24.9987542],[121.5713137,24.9987731],[121.5713187,24.9987946],[121.5713228,24.9988733],[121.5713142,24.9988846],[121.5712966,24.9988913],[121.5712897,24.99889],[121.5712886,24.9988756],[121.5712953,24.9988694]]]}},{"type":"Feature","properties":{"kind":"water","osm_id":1495609834,"name":""},"geometry":{"type":"Polygon","coordinates":[[[121.539941,25.0178832],[121.539942,25.0178316],[121.539999,25.0178326],[121.539998,25.0178841],[121.539941,25.0178832]]]}},{"type":"Feature","properties":{"kind":"water","osm_id":1499176647,"name":""},"geometry":{"type":"Polygon","coordinates":[[[121.5526322,25.0139158],[121.5526602,25.013908],[121.5526849,25.0138935],[121.5527044,25.0138736],[121.5527172,25.0138497],[121.5527225,25.0138235],[121.5527197,25.013797],[121.5527091,25.0137721],[121.5526916,25.0137508],[121.5526683,25.0137345],[121.5526411,25.0137246],[121.5526119,25.0137216],[121.5525829,25.0137259],[121.5525563,25.0137372],[121.552534,25.0137545],[121.5525177,25.0137766],[121.5525085,25.0138019],[121.5525073,25.0138285],[121.552514,25.0138545],[121.5525282,25.0138778],[121.5525488,25.0138967],[121.5525743,25.01391],[121.5526028,25.0139165],[121.5526322,25.0139158]]]}},{"type":"Feature","properties":{"kind":"water","osm_id":1524821973,"name":""},"geometry":{"type":"Polygon","coordinates":[[[121.517748,25.0130729],[121.5177565,25.013062],[121.51777,25.0130564],[121.5177848,25.0130576],[121.5177968,25.0130654],[121.517803,25.0130776],[121.5178017,25.013091],[121.5177931,25.0131019],[121.5177796,25.0131075],[121.5177649,25.0131063],[121.5177528,25.0130985],[121.5177466,25.0130863],[121.517748,25.0130729]]]}},{"type":"Feature","properties":{"kind":"water","osm_id":1535748861,"name":""},"geometry":{"type":"Polygon","coordinates":[[[121.5434786,25.0433373],[121.5434597,25.0433448],[121.5434408,25.04334],[121.5434373,25.0433245],[121.543442,25.0433052],[121.5434597,25.0432951],[121.5434803,25.0432972],[121.5434904,25.0433095],[121.5434874,25.0433271],[121.5434786,25.0433373]]]}},{"type":"Feature","properties":{"kind":"water","osm_id":1552133056,"name":""},"geometry":{"type":"Polygon","coordinates":[[[121.5341201,25.0022343],[121.5341995,25.0022216],[121.5342041,25.0022872],[121.5341948,25.0023655],[121.5342018,25.0025475],[121.5342649,25.0027951],[121.5342742,25.0030342],[121.5342579,25.0031125],[121.5342135,25.0031866],[121.5341061,25.0032903],[121.5340127,25.0033453],[121.533945,25.0033643],[121.5338889,25.0033537],[121.5338539,25.0033262],[121.5338434,25.003267],[121.5338399,25.0032141],[121.5338469,25.0031273],[121.5338656,25.0029284],[121.5338586,25.0028416],[121.5338562,25.0027316],[121.5338632,25.0026977],[121.5339847,25.0025644],[121.5340267,25.002503],[121.5340711,25.0024205],[121.5340967,25.0023147],[121.5341201,25.0022343]]]}},{"type":"Feature","properties":{"kind":"water","osm_id":206483,"name":"醉月湖"},"geometry":{"type":"MultiPolygon","coordinates":[[[[121.5373965,25.0195385],[121.5374259,25.0195471],[121.5374156,25.0195634],[121.5374069,25.0195801],[121.5373988,25.0196038],[121.5373968,25.0196332],[121.5373972,25.0196506],[121.5373995,25.0196742],[121.5374069,25.0196943],[121.5374156,25.019715],[121.5374258,25.0197323],[121.537402,25.0197449],[121.5374237,25.0197741],[121.5374485,25.0197967],[121.5374746,25.0198055],[121.5374994,25.0198076],[121.5375219,25.019807],[121.5375578,25.0198031],[121.537591,25.0198019],[121.5376134,25.019804],[121.5376348,25.0198091],[121.53765,25.0198195],[121.5376641,25.0198371],[121.5376708,25.0198509],[121.5376734,25.0198562],[121.5376818,25.0198726],[121.5376854,25.0198868],[121.5376842,25.0199118],[121.5376808,25.0199267],[121.5376718,25.0199367],[121.5376583,25.0199446],[121.5376399,25.0199492],[121.5376248,25.0199583],[121.5376166,25.0199687],[121.5375973,25.0200136],[121.5375946,25.0200291],[121.5375889,25.0200416],[121.5375449,25.0201016],[121.5375115,25.0201628],[121.5374565,25.0202387],[121.5374022,25.0203183],[121.537309,25.0204326],[121.5372728,25.0204813],[121.5372325,25.0205639],[121.5372171,25.020593],[121.5371722,25.0206641],[121.53713,25.0207415],[121.5371266,25.0207604],[121.537132,25.0207777],[121.5371454,25.0207953],[121.5371668,25.0208102],[121.5372061,25.020832],[121.5372332,25.0208424],[121.5372724,25.0208546],[121.5372966,25.0208646],[121.5373123,25.0208731],[121.5373182,25.0208641],[121.5373858,25.0208916],[121.5373811,25.0208998],[121.5374019,25.0209023],[121.5374387,25.0209132],[121.537491,25.020926],[121.5375309,25.0209389],[121.5375611,25.0209425],[121.5376101,25.0209436],[121.5376305,25.020939],[121.5376406,25.0209296],[121.5376778,25.0208807],[121.5377102,25.020834],[121.5377549,25.020782],[121.5377699,25.0207603],[121.5379024,25.020467],[121.537893,25.0204599],[121.5378798,25.0204544],[121.5378704,25.0204447],[121.5378649,25.0204338],[121.5378602,25.0204153],[121.5378598,25.0203991],[121.537865,25.0203799],[121.5378761,25.0203615],[121.5379308,25.0203041],[121.5379423,25.0203031],[121.5379944,25.020269],[121.5380156,25.0202526],[121.5380285,25.0202424],[121.5380427,25.0202265],[121.538056,25.0202084],[121.5380696,25.0201839],[121.5380811,25.0201546],[121.5380885,25.0201239],[121.5380897,25.0201101],[121.5380887,25.0200964],[121.5380831,25.0200823],[121.5380717,25.0200689],[121.5380422,25.0200458],[121.5379966,25.0200209],[121.5379658,25.0199664],[121.5379168,25.0199173],[121.5378673,25.0198778],[121.5378468,25.019868],[121.537824,25.019862],[121.5378062,25.0198523],[121.5377938,25.0198629],[121.537778,25.0198736],[121.5377569,25.0198793],[121.5377354,25.0198799],[121.5377108,25.019875],[121.5376991,25.0198594],[121.5376939,25.0198447],[121.5376994,25.0198397],[121.5376922,25.0198237],[121.5376925,25.0198046],[121.5376966,25.0197903],[121.5376959,25.0197769],[121.5376922,25.0197636],[121.5376902,25.0197484],[121.5376925,25.0197393],[121.5377036,25.0197326],[121.5377192,25.0197297],[121.5377301,25.0197308],[121.5377418,25.019732],[121.5377505,25.0197329],[121.5377517,25.019754],[121.5377564,25.0197686],[121.5377718,25.0197712],[121.5377871,25.0197827],[121.5377955,25.0197958],[121.5378004,25.0198081],[121.5378572,25.0198113],[121.5378758,25.0198048],[121.5378914,25.0197936],[121.5379068,25.0197785],[121.5379172,25.0197639],[121.5379316,25.0197335],[121.5379314,25.0197247],[121.5379264,25.0197188],[121.5379264,25.0197115],[121.5379303,25.0197046],[121.5379306,25.0196952],[121.5379246,25.0196873],[121.5379152,25.0196843],[121.5378947,25.0196867],[121.5378749,25.0196879],[121.5378666,25.0196828],[121.5378635,25.0196773],[121.5378645,25.0196688],[121.5378719,25.0196597],[121.5378738,25.0196513],[121.5378689,25.0196463],[121.5378501,25.0196427],[121.5378226,25.0196493],[121.5377931,25.019667],[121.537767,25.0196894],[121.5377534,25.0197099],[121.5377434,25.0197089],[121.5377318,25.0197078],[121.5377187,25.0197065],[121.537708,25.0197019],[121.5376972,25.0196931],[121.5376855,25.0196806],[121.5376808,25.0196648],[121.5376823,25.0195691],[121.5376857,25.019558],[121.5376895,25.0195518],[121.5376941,25.0195457],[121.5377014,25.0195375],[121.5377036,25.0195278],[121.5377019,25.0195184],[121.5376944,25.0194891],[121.5376858,25.0194631],[121.5376754,25.0194455],[121.5376651,25.0194354],[121.5376493,25.0194294],[121.5376367,25.0194297],[121.537625,25.0194347],[121.5376121,25.0194423],[121.5375725,25.0194425],[121.5375708,25.0194045],[121.5375504,25.0194048],[121.5375303,25.0194084],[121.5375021,25.0194187],[121.5374706,25.0194327],[121.537446,25.0194517],[121.5374347,25.0194652],[121.5374066,25.0195096],[121.5373965,25.0195385]]]]}},{"type":"Feature","properties":{"kind":"water","osm_id":1506268,"name":"生態池"},"geometry":{"type":"MultiPolygon","coordinates":[[[[121.5343849,25.0318639],[121.534376,25.0318262],[121.5343769,25.0317704],[121.5343693,25.0317217],[121.5343741,25.031644],[121.5343787,25.0315929],[121.5343975,25.031548],[121.5344211,25.0315006],[121.5344646,25.0313942],[121.5345734,25.0312065],[121.534605,25.0311722],[121.5346773,25.0311205],[121.5347502,25.031085],[121.5347998,25.0310661],[121.5349204,25.0310388],[121.5349534,25.0310382],[121.5350335,25.0310516],[121.5351017,25.0310754],[121.5351411,25.031102],[121.5351582,25.0311211],[121.5351703,25.0311409],[121.5351914,25.0311783],[121.5351984,25.0311998],[121.5351991,25.0312274],[121.535192,25.0312672],[121.5351533,25.0313347],[121.5351062,25.0313894],[121.5350687,25.0314231],[121.5350107,25.0314747],[121.5349688,25.0315206],[121.5349453,25.0315613],[121.5349254,25.0316002],[121.534901,25.0316494],[121.5348735,25.0317266],[121.5348657,25.0317552],[121.5348581,25.0317983],[121.5348476,25.031842],[121.5348221,25.0319119],[121.5348119,25.0319356],[121.5347931,25.0319508],[121.534757,25.0319636],[121.5347287,25.0319721],[121.5346905,25.0319775],[121.5346389,25.0319793],[121.5345899,25.0319763],[121.5345537,25.031969],[121.534525,25.0319526],[121.5345061,25.0319453],[121.534448,25.0319295],[121.5344243,25.0319222],[121.5344001,25.0318967],[121.5343849,25.0318639]]]]}},{"type":"Feature","properties":{"kind":"water","osm_id":3298928,"name":"基隆河"},"geometry":{"type":"MultiPolygon","coordinates":[[[[121.5167415,25.080773],[121.5153837,25.0800729]]],[[[121.5167415,25.080773],[121.5168128,25.0807705],[121.5169777,25.0807879],[121.5174767,25.0808981],[121.5175882,25.0809199],[121.5176722,25.0809864],[121.5177981,25.0808683],[121.5176418,25.0807566],[121.5172662,25.0805951],[121.5172096,25.080468],[121.5173494,25.0802815],[121.5180592,25.0798026],[121.518858,25.0793647],[121.5210822,25.0784253],[121.5228609,25.0773987],[121.5234318,25.0770232],[121.5239324,25.0765668],[121.5242757,25.0761159],[121.5243693,25.0759706],[121.5249306,25.0750519],[121.5252113,25.0745844],[121.5254259,25.0741024],[121.5258373,25.0735747],[121.5261323,25.0733828],[121.5264301,25.0732239],[121.5265937,25.0731666],[121.5267734,25.0731384],[121.5270309,25.073154],[121.5272884,25.0732706],[121.5275287,25.0734649],[121.5276656,25.0737572],[121.527664,25.073902],[121.5276626,25.0740308],[121.5276608,25.0742018],[121.5276583,25.0744272],[121.5276357,25.0745818],[121.5276323,25.0746052],[121.5276096,25.0747609],[121.5275618,25.0750882],[121.5274706,25.0754867],[121.5274409,25.0755974],[121.5273556,25.0759151],[121.5273536,25.0760138],[121.5273777,25.0761012],[121.527418,25.0761838],[121.5274821,25.0762519],[121.5287617,25.07726],[121.5303023,25.0776703],[121.5314872,25.0777631],[121.5327007,25.0776755],[121.5330889,25.0775904],[121.5337814,25.0776586],[121.5367044,25.0774991],[121.5417787,25.0772283],[121.5431065,25.0770971],[121.5440721,25.0769611],[121.5448955,25.0768736],[121.545542,25.0768857],[121.5462527,25.0768372],[121.546588,25.0768056],[121.5466497,25.0768785],[121.5466792,25.0769999],[121.546698,25.0772161],[121.5470166,25.0772103],[121.5468544,25.0770353],[121.5468396,25.0769187],[121.5468428,25.0768785],[121.5468509,25.0767473],[121.546934,25.0767108],[121.5470225,25.076774],[121.5470815,25.0769222],[121.5471593,25.077085],[121.5471915,25.0772307],[121.5476233,25.0772161],[121.5476449,25.0771906],[121.5476502,25.0771578],[121.5476341,25.0771335],[121.5476113,25.0771105],[121.5475751,25.0770947],[121.547547,25.077085],[121.5472908,25.0769902],[121.5471487,25.0767643],[121.5471898,25.0767327],[121.5501927,25.0764345],[121.5512287,25.0763524],[121.5519341,25.076298],[121.5534623,25.0761239],[121.5540709,25.0760079],[121.5550908,25.0758117],[121.5553456,25.0760657],[121.5555454,25.0762849],[121.5558955,25.0766485],[121.5559078,25.0769013],[121.555912,25.0769806],[121.556055,25.0769756],[121.5560514,25.0768411],[121.556121,25.0769025],[121.5561888,25.0769524],[121.5562072,25.0769972],[121.5562768,25.0769989],[121.556286,25.0769358],[121.5561723,25.0768145],[121.5560037,25.0766253],[121.5557892,25.0764144],[121.5556151,25.0762401],[121.5551916,25.0757884],[121.5551755,25.0757749],[121.555499,25.0756944],[121.5558569,25.0756054],[121.556138,25.0755358],[121.5566815,25.0753559],[121.5573018,25.0751352],[121.5573318,25.0751505],[121.5574161,25.075125],[121.5574255,25.0750877],[121.5578716,25.0749179],[121.5585612,25.0746005],[121.559131,25.0743068],[121.559161,25.0743238],[121.5592191,25.0742966],[121.5592247,25.0742576],[121.5596726,25.0740115],[121.5602161,25.0737212],[121.5603735,25.073638],[121.5605816,25.0735463],[121.5606846,25.0734886],[121.5611475,25.0733155],[121.5615374,25.073251],[121.5615696,25.0732465],[121.5615978,25.0732794],[121.5616674,25.0734337],[121.5618113,25.0737509],[121.5620224,25.0742322],[121.5621748,25.0745994],[121.5623331,25.0749883],[121.5623835,25.0751013],[121.5624446,25.0752349],[121.5624552,25.0752543],[121.5624962,25.0753295],[121.5625622,25.0754305],[121.5626677,25.0755337],[121.5627385,25.0756184],[121.5627409,25.0756825],[121.5627397,25.075978],[121.5628788,25.0759737],[121.5628824,25.0757912],[121.5629508,25.0758564],[121.5630072,25.0759248],[121.5630216,25.0759715],[121.5630432,25.0759759],[121.5631043,25.0759737],[121.5630981,25.0759514],[121.5630851,25.0758812],[121.5630259,25.075829],[121.5628429,25.075625],[121.5627085,25.0754794],[121.5625754,25.0753197],[121.5625154,25.0752013],[121.5624722,25.0751035],[121.5623823,25.0749068],[121.562194,25.0744506],[121.5620344,25.0740573],[121.5618521,25.0736444],[121.5617598,25.0734663],[121.5617106,25.0733446],[121.5616479,25.0732357],[121.5619909,25.0731984],[121.5623208,25.0732136],[121.5627274,25.0732815],[121.5631278,25.0733897],[121.5632297,25.0734173],[121.5635239,25.0735531],[121.5640168,25.073823],[121.5644067,25.0740556],[121.565096,25.0744614],[121.5658866,25.0749309],[121.5666438,25.0753805],[121.5667397,25.0753887],[121.5669646,25.0755109],[121.5674909,25.0758327],[121.5678042,25.0760256],[121.568233,25.0762361],[121.5682915,25.0762578],[121.5685368,25.0763009],[121.5690785,25.0764136],[121.5694143,25.0764754],[121.569547,25.0764998],[121.5698618,25.0764202],[121.5703011,25.0761351],[121.5708099,25.0756941],[121.5709391,25.075473],[121.5716381,25.0744534],[121.571956,25.0745494],[121.572015,25.0744546],[121.5716958,25.0743489],[121.5719037,25.0739748],[121.5722336,25.0741218],[121.5723047,25.0740125],[121.5719587,25.0738594],[121.572184,25.0733856],[121.5723369,25.0728997],[121.5725327,25.0719036],[121.5726292,25.0707885],[121.5725623,25.0695519],[121.5721786,25.0684173],[121.5717342,25.0672823],[121.5702369,25.0648007],[121.5700343,25.0643355],[121.5701989,25.0631868],[121.5706723,25.0619558],[121.5723329,25.0606979],[121.572721,25.0607643],[121.5727526,25.0605961],[121.5725356,25.0605591],[121.5726438,25.0604773],[121.5727727,25.0605015],[121.5727835,25.0603676],[121.5726359,25.0603497],[121.5707367,25.0617468],[121.5710678,25.0609252],[121.5714288,25.0598948],[121.5716742,25.0590691],[121.5720055,25.0573071],[121.5720859,25.0568301],[121.5721016,25.0561187],[121.5720802,25.055244],[121.571989,25.0543887],[121.5719028,25.0540334],[121.571918,25.0537598],[121.572024,25.0534444],[121.5721366,25.0532627],[121.5724485,25.0529353],[121.5733958,25.0523214],[121.5742763,25.052161],[121.574756,25.0521333],[121.5815715,25.0536386],[121.5831842,25.0539973],[121.5859046,25.0548215],[121.5881149,25.055972],[121.5895904,25.0571779],[121.5911874,25.0587818],[121.5921469,25.0594566],[121.5930455,25.0601481],[121.5935738,25.0603803],[121.594005,25.0604688],[121.5946304,25.0604633],[121.5951527,25.0603748],[121.5964218,25.0600651],[121.5981947,25.0593401],[121.5989901,25.059246],[121.6021841,25.0592405],[121.6053706,25.0596298],[121.6076716,25.0601324],[121.6089137,25.0605573],[121.6107829,25.062004],[121.6110315,25.0624157],[121.6114558,25.0629643],[121.6118641,25.0637179],[121.6120738,25.0641317],[121.6125505,25.0645731],[121.6136175,25.0649478],[121.6139629,25.0649773],[121.614658,25.0648055],[121.6159858,25.0644512],[121.6162692,25.064512],[121.616482,25.0645755],[121.6172285,25.0643849],[121.6172298,25.0643124],[121.6173433,25.0641118],[121.6178186,25.0639609],[121.6184986,25.0636322],[121.6191768,25.0632271],[121.6212818,25.0612901],[121.6233759,25.0587631]]],[[[121.6221163,25.058837],[121.6233759,25.0587631]]],[[[121.6221163,25.058837],[121.6206017,25.0609164],[121.6178923,25.062883],[121.6146106,25.063994],[121.6138658,25.0640727],[121.6131425,25.0639003],[121.6126218,25.0636378],[121.6117047,25.0622031],[121.6107343,25.0611359],[121.609391,25.0601677],[121.6078921,25.0596337],[121.6055682,25.0590501],[121.6022083,25.0587316],[121.5990093,25.0585404],[121.5979881,25.0587151],[121.5966765,25.0592792],[121.5955837,25.0596115],[121.5948141,25.0596351],[121.5940334,25.0595029],[121.5929035,25.059079],[121.5919586,25.058544],[121.5909688,25.0577144],[121.5896876,25.0563426],[121.5885339,25.0555074],[121.5863904,25.054191],[121.5833786,25.0533502],[121.5832146,25.0532119],[121.5831721,25.0531732],[121.5832328,25.0530626],[121.5826074,25.0528966],[121.5825406,25.0530958],[121.5810711,25.0527694],[121.58004,25.0525481],[121.5798116,25.0524991],[121.5749624,25.0514585],[121.5742095,25.05137],[121.5734748,25.0513644],[121.5727218,25.0515525],[121.572236,25.0518512],[121.5718577,25.0520973],[121.5715304,25.0524205],[121.5713025,25.052751],[121.5711496,25.0531276],[121.5710825,25.0534435],[121.571045,25.0537569],[121.5710557,25.0544105],[121.5710798,25.0551249],[121.5710552,25.0558317],[121.5710219,25.0561976],[121.5708889,25.0574648],[121.5705276,25.0591338],[121.5701617,25.0603119],[121.5699077,25.0610741],[121.569486,25.0621378],[121.5693823,25.0623567],[121.5691973,25.0622206],[121.5691222,25.062381],[121.5693233,25.0625146],[121.5691973,25.0628061],[121.5690551,25.0627624],[121.5689237,25.0625316],[121.5688566,25.0625972],[121.5690202,25.0628572],[121.5689407,25.0630941],[121.5688281,25.0634221],[121.5687449,25.0637088],[121.5687235,25.0639785],[121.5687476,25.0642847],[121.5688093,25.0645616],[121.5707198,25.0677817],[121.5715108,25.0702278],[121.5713856,25.0720228],[121.5708382,25.0736203],[121.5702806,25.0746271],[121.569628,25.0752396],[121.5689613,25.0754604],[121.5684141,25.0753902],[121.5648798,25.0727762],[121.56318,25.072027],[121.5626825,25.0719025],[121.561763,25.0718636],[121.560644,25.0721488],[121.5576984,25.0737397],[121.5558187,25.0744386],[121.5544145,25.0748058],[121.5520736,25.0751449],[121.5491081,25.0755176],[121.5472085,25.0756041],[121.547145,25.0755801]]],[[[121.5448919,25.0757058],[121.5448883,25.0756488],[121.545314,25.0756307],[121.547145,25.0755801]]],[[[121.5335486,25.0761481],[121.533889,25.0761399],[121.5345545,25.0761225],[121.5348427,25.0761342],[121.53496,25.0761304],[121.5363722,25.0760842],[121.5366224,25.0760661],[121.536622,25.0760593],[121.538857,25.0759642],[121.5399243,25.0759151],[121.5399274,25.0759697],[121.5399574,25.0759683],[121.5399543,25.0759137],[121.541358,25.0758491],[121.5422546,25.0757911],[121.5422591,25.0758486],[121.5431754,25.0757894],[121.5431744,25.0757762],[121.5432374,25.0757721],[121.543238,25.0757794],[121.5432211,25.0757971],[121.5432352,25.0758082],[121.5432521,25.0757905],[121.5438539,25.0757584],[121.5438794,25.0757821],[121.5438854,25.075778],[121.5439656,25.0757777],[121.543977,25.0757259],[121.5441141,25.0757556],[121.5441221,25.0757458],[121.5448919,25.0757058]]],[[[121.5335486,25.0761481],[121.5303884,25.0762377],[121.5298009,25.0761434],[121.5289192,25.0757739],[121.5287123,25.0755879],[121.5285844,25.0753929],[121.5285194,25.0752498],[121.5284986,25.0751208],[121.5285107,25.0743407],[121.5285086,25.0742936],[121.5285063,25.0742661],[121.5284749,25.0738889],[121.5284733,25.0738707],[121.5284638,25.0737557],[121.5284561,25.0736639],[121.528364,25.0733327],[121.5284214,25.0732473],[121.528906,25.0731224],[121.5291649,25.0730601],[121.5294116,25.0730203],[121.5294588,25.0729605],[121.5293959,25.0729324],[121.529405,25.0729156],[121.5286182,25.072555],[121.5286084,25.0725867],[121.5286099,25.072611],[121.5287984,25.0727524],[121.5288082,25.0728376],[121.5286782,25.0729312],[121.5283606,25.073009],[121.5280688,25.0729857],[121.5279057,25.0728846],[121.5278923,25.0726654],[121.5278221,25.0725761],[121.527874,25.0725248],[121.5283182,25.0725594],[121.5285026,25.0725655],[121.5285238,25.0725508],[121.5285417,25.07252],[121.5281295,25.072331],[121.5280809,25.0723037],[121.5277624,25.0721651],[121.5275545,25.072291],[121.5269973,25.0722106],[121.5266218,25.0722786],[121.5255918,25.0727256],[121.5253315,25.0729518],[121.524347,25.0744258],[121.5239205,25.0751605],[121.5237869,25.0752975],[121.5237517,25.0754233],[121.5234089,25.0757101],[121.5221978,25.0766367],[121.5215881,25.0771068],[121.5212748,25.077301],[121.5194092,25.0777958],[121.5183583,25.0781545],[121.5171003,25.0787669],[121.5168298,25.0790738],[121.5167386,25.0791125],[121.5166127,25.079166],[121.5165441,25.0791952],[121.5164256,25.0792455],[121.5153837,25.0800729]]]]}},{"type":"Feature","properties":{"kind":"water","osm_id":4615380,"name":""},"geometry":{"type":"MultiPolygon","coordinates":[[[[121.4829783,25.0377212],[121.4851193,25.0377077]]],[[[121.4851193,25.0377077],[121.4850081,25.0374322],[121.4848462,25.0365802],[121.4844295,25.035519],[121.4846229,25.0336683],[121.4850167,25.033003],[121.4854624,25.0323763],[121.4860109,25.0317766]]],[[[121.4860109,25.0317766],[121.4865502,25.0314197],[121.4876731,25.0308071],[121.4877465,25.0308103],[121.4878887,25.0307962],[121.4880917,25.0307549],[121.4880901,25.0307118],[121.4882157,25.0307005],[121.4882416,25.0306982],[121.4882433,25.0305633]]],[[[121.4882433,25.0305633],[121.4882474,25.0302239],[121.4880718,25.0302232],[121.4877953,25.0303119],[121.4876594,25.0303775],[121.4876326,25.0303775],[121.4875992,25.0303645],[121.4875515,25.0303585],[121.4875214,25.0303668],[121.4874854,25.0303882],[121.4873423,25.0304261],[121.487313,25.0304231],[121.4872721,25.030406],[121.4872443,25.0303825],[121.4872191,25.030352],[121.4872047,25.0303004],[121.4872041,25.0302406],[121.4872112,25.0301857],[121.4874626,25.0293897],[121.4877814,25.0286299],[121.4880079,25.0280483],[121.4885709,25.0269198]]],[[[121.4885709,25.0269198],[121.4892402,25.025481],[121.4894505,25.0247695],[121.4894268,25.0240785],[121.4896584,25.0229544],[121.4896706,25.0216888],[121.489381,25.0199222],[121.4891919,25.0178661],[121.48925,25.0163828],[121.4899664,25.0146905],[121.4917248,25.0122641],[121.4935567,25.0115327],[121.494449,25.011524],[121.4951892,25.0114008],[121.496105,25.0113649],[121.49657,25.0115489],[121.4971919,25.0120121],[121.4976194,25.0123035],[121.497861,25.012425],[121.4984738,25.0129781],[121.4997134,25.0139169],[121.5007349,25.0147942],[121.5012501,25.0153],[121.5017212,25.0156656],[121.5022757,25.0159988],[121.5023601,25.0163399],[121.5029454,25.0166122],[121.5032859,25.0168234],[121.5040985,25.0176844],[121.504375,25.0182306],[121.5049066,25.0186671],[121.5058753,25.019572],[121.5065526,25.0202705],[121.5065119,25.0203019],[121.5065373,25.0203463],[121.506601,25.0203556],[121.5067964,25.0205845],[121.5069497,25.0206568],[121.5069786,25.0206537],[121.5070496,25.0205808],[121.5070443,25.0205389],[121.507055,25.0205286],[121.5071213,25.0205459],[121.5071368,25.0205717],[121.5071395,25.0206039],[121.5071546,25.0206495],[121.5071522,25.0206859],[121.5071288,25.0207024],[121.50711,25.0207406],[121.5071107,25.0207747],[121.5071367,25.020831],[121.5075155,25.0211835],[121.5075398,25.0212784],[121.5076746,25.0213659],[121.5077303,25.0213835],[121.5077705,25.0213707],[121.5077846,25.0212747],[121.5078637,25.0212352],[121.5079053,25.0212644],[121.5079502,25.0211921],[121.5079904,25.0212036],[121.5080159,25.0212796],[121.5078758,25.0214388],[121.5078852,25.0215883],[121.5079849,25.0217058],[121.5087566,25.0220976],[121.5088668,25.022126],[121.5089721,25.022044],[121.5090372,25.021934],[121.5091277,25.0218702],[121.5091353,25.0218508],[121.5091612,25.0218459],[121.5091981,25.0219212],[121.5091592,25.0220379],[121.509127,25.0220628],[121.5091297,25.0221254],[121.5091498,25.0221874],[121.5091907,25.0222293],[121.509361,25.0222864],[121.509477,25.0223101],[121.5097198,25.0223113],[121.5097909,25.0222961],[121.5098324,25.0222731],[121.5098448,25.0222554],[121.5098526,25.0222244],[121.5098539,25.0221953],[121.5098237,25.0221795],[121.5098291,25.0221582],[121.5098713,25.022153],[121.509925,25.0221576],[121.5099806,25.0222074],[121.5099592,25.0222469],[121.5100048,25.0223508],[121.5100658,25.0223952],[121.5104053,25.0224126],[121.510663,25.0225105],[121.5127822,25.022496],[121.513105,25.0223639],[121.5142754,25.0221219],[121.5147073,25.0220142],[121.51501,25.02187],[121.51557,25.02175],[121.5158617,25.021599],[121.5161456,25.0214634],[121.5185916,25.0206402],[121.5190278,25.0203537],[121.5192704,25.0202987],[121.519647,25.0202133],[121.5201338,25.0199535],[121.5204477,25.0195956],[121.5212153,25.0192619],[121.5215394,25.0188067],[121.5224448,25.0177913],[121.5228092,25.0173321],[121.5230296,25.016948],[121.52344,25.0162554],[121.5240604,25.0152083],[121.5241795,25.0149291],[121.523697,25.0154355],[121.5233775,25.0159044],[121.5228365,25.0166268],[121.5225901,25.0170221],[121.5219736,25.0176237],[121.5216062,25.017937],[121.5213279,25.0180193],[121.5211534,25.0181552],[121.5205315,25.0187593],[121.520812,25.0182161],[121.521066,25.017869],[121.5212879,25.0176801],[121.5216098,25.0169714],[121.5218562,25.0163937],[121.5221273,25.0161337],[121.5223811,25.0159707],[121.5227662,25.0155572],[121.5229687,25.0152651],[121.5232077,25.0149564],[121.5236138,25.0145561],[121.5242387,25.0140793],[121.5252799,25.0132201],[121.5256772,25.0128548],[121.5262144,25.0124688],[121.5269209,25.0119514],[121.527129,25.0117672],[121.5272548,25.0115698],[121.5275058,25.0113625],[121.5278131,25.0111626],[121.527984,25.0110638],[121.5283235,25.0109111],[121.5284336,25.0108123],[121.5285248,25.0107892],[121.5286179,25.0107409],[121.5286629,25.0106938],[121.5287276,25.0106588],[121.5287401,25.0106495],[121.5287581,25.0106359],[121.5287763,25.0105929],[121.5289512,25.0104574],[121.5290129,25.0103784],[121.5290558,25.0103674],[121.5290859,25.0103002],[121.5291966,25.0103006],[121.5293723,25.0102654],[121.5294571,25.0102546],[121.5296741,25.010235],[121.5298803,25.0102435],[121.5305029,25.0100271],[121.5305917,25.0099446],[121.5306464,25.0099469],[121.5307926,25.0098971],[121.5308347,25.0098666],[121.5308671,25.009843],[121.5308831,25.0098266],[121.5309605,25.0097554],[121.5313458,25.009506],[121.5314564,25.0094413],[121.5315012,25.009367],[121.5317048,25.0092027],[121.5318409,25.0090063],[121.5318625,25.0089345],[121.5319369,25.0088192],[121.5322159,25.0084124],[121.5324353,25.0082959],[121.5325072,25.0081587],[121.5327833,25.0076342],[121.5334165,25.0055406],[121.5336354,25.0049652],[121.5338399,25.0044965],[121.5338744,25.004269],[121.5339668,25.0039438],[121.5339744,25.0038092],[121.5339773,25.0037126],[121.5340375,25.0036541],[121.5340766,25.0035978],[121.5340883,25.0034296],[121.5340043,25.0034359],[121.5339624,25.0035417],[121.5338927,25.0035968],[121.5338372,25.0036095],[121.5337684,25.0035841],[121.5337568,25.0035292],[121.5337756,25.0034574],[121.5336964,25.0031488],[121.5337497,25.0029806]]],[[[121.5328126,25.0021807],[121.5337497,25.0029806]]],[[[121.5328126,25.0021807],[121.5325776,25.0025598],[121.5324322,25.0028103]]],[[[121.5324322,25.0028103],[121.5325875,25.0028702],[121.5326775,25.0029808],[121.5329038,25.0032066],[121.5331402,25.0035232],[121.5332144,25.0037015],[121.5332366,25.0038302],[121.5331817,25.004032],[121.533119,25.0042968],[121.5330663,25.0044959],[121.5329723,25.0047859],[121.5328836,25.0048934],[121.5327789,25.0046585],[121.5327021,25.004686],[121.5326734,25.0050583],[121.5326166,25.0051429],[121.5325383,25.0051222],[121.5324057,25.0050822],[121.5324328,25.00524],[121.5324464,25.0053612],[121.5323785,25.0052864],[121.5322326,25.0051537],[121.5322218,25.0051439],[121.5321204,25.0054128],[121.531855,25.0058773],[121.5317015,25.0060118],[121.53157,25.0064325],[121.5315609,25.0067319],[121.5314706,25.0068879],[121.5313638,25.0071648],[121.5313522,25.0072935],[121.531248,25.0074431],[121.5311914,25.0075898],[121.5311068,25.0078508],[121.5310896,25.0078768],[121.5309127,25.0081432],[121.530856,25.0082286],[121.5306437,25.0084811],[121.5305124,25.0087283],[121.5301566,25.0088819],[121.5298776,25.0090245],[121.5295646,25.009197],[121.5288337,25.0094496],[121.5283289,25.009691],[121.5279785,25.009856],[121.5277745,25.009952],[121.5276861,25.0100001],[121.5272945,25.010213],[121.5271427,25.0102187],[121.5266565,25.0104292],[121.5263388,25.0105449],[121.5261878,25.0105895],[121.5260246,25.0105919],[121.5258419,25.0104235],[121.5257118,25.0104039],[121.5254826,25.0106088],[121.5253216,25.0108642],[121.5251141,25.0111673],[121.5249406,25.0113862],[121.5248075,25.0115518],[121.5246777,25.0117051],[121.5244129,25.0120289],[121.5240446,25.0123723],[121.5236552,25.0127747],[121.5235336,25.0129648],[121.523197,25.0132953],[121.5229397,25.0136323],[121.5227388,25.0138798],[121.5224392,25.0141513],[121.5221221,25.0144355],[121.5220093,25.0145537],[121.5217326,25.0148603],[121.5215863,25.0150503],[121.5212409,25.015448],[121.5211211,25.0156939],[121.520959,25.0159765],[121.5207885,25.0163556],[121.5205629,25.0166993],[121.5204456,25.0168767],[121.5202715,25.0172494],[121.5200945,25.0175082],[121.5199638,25.0176937],[121.5196851,25.0179678],[121.5194953,25.0181774],[121.5192639,25.0184229],[121.5190484,25.0187382],[121.5187474,25.0189659],[121.518439,25.0192086],[121.5182558,25.0193615],[121.5177479,25.019726],[121.5174803,25.0198911],[121.5173348,25.0200208],[121.5171738,25.0200724],[121.5168795,25.0201093],[121.5165376,25.0202115],[121.5162662,25.0202035],[121.5155825,25.0202141],[121.5149237,25.0204448],[121.5148623,25.0204663],[121.5138102,25.0206845],[121.5129731,25.0208314],[121.5118356,25.0209661],[121.5113102,25.0209773],[121.5104138,25.0208164],[121.5096474,25.020597],[121.509229,25.02049],[121.5079078,25.0198129],[121.5076565,25.0195331],[121.5073982,25.0192662],[121.5067021,25.0185419],[121.5064911,25.0183281],[121.5063147,25.0179645],[121.5058214,25.0175338],[121.5057181,25.0173857],[121.5051352,25.0163393],[121.504555,25.0155165],[121.5038146,25.0145212],[121.5033259,25.0141783],[121.5033557,25.0140966],[121.5034219,25.0140541],[121.5035481,25.0139803],[121.5035929,25.0139277],[121.5036041,25.0138843],[121.5038536,25.0136214],[121.5041621,25.0132966],[121.5043296,25.0131469],[121.5041733,25.0130197],[121.503934,25.0132735],[121.5035115,25.0136952],[121.5034565,25.0137579],[121.5033781,25.0137819],[121.5033323,25.0137967],[121.5033231,25.0138401],[121.5032549,25.0138484],[121.5032121,25.0138862],[121.5031795,25.0139074],[121.5031497,25.013911],[121.5028284,25.0133571],[121.5011767,25.0116896],[121.5008454,25.0113241],[121.5004343,25.0111046],[121.5001764,25.0105847],[121.4998534,25.0103449],[121.4996768,25.0101416],[121.4992624,25.0100667],[121.4989036,25.0098432],[121.4986447,25.0095914],[121.4983728,25.0095],[121.4979009,25.0092019]]],[[[121.4979009,25.0092019],[121.4971228,25.008841],[121.4961333,25.0085593],[121.4949106,25.0085136],[121.4935434,25.008602],[121.4930484,25.0087827],[121.4929159,25.0085781],[121.4928468,25.0084831],[121.4926751,25.0082471],[121.4925888,25.0082736],[121.4924911,25.0083035],[121.4925263,25.0086369],[121.492575,25.0087497],[121.4926049,25.0088235],[121.4926476,25.008929],[121.4924995,25.0089831],[121.4924669,25.008995],[121.4924237,25.009021],[121.4913049,25.0096956],[121.4904596,25.0104947],[121.4903651,25.0105841],[121.4903204,25.0106526],[121.4902209,25.0108051],[121.4885026,25.0134378],[121.4878191,25.016018],[121.4876995,25.0178634],[121.4878195,25.0182807],[121.4873823,25.0187385],[121.4871113,25.0187043],[121.4869852,25.0186861],[121.4868575,25.0186677],[121.4867172,25.0186474],[121.4867011,25.0187822],[121.4870845,25.0188598],[121.4872134,25.0188892],[121.487221,25.0197943],[121.4875969,25.0204949],[121.4877165,25.0215373],[121.4878191,25.0234852],[121.4873919,25.0245276]]],[[[121.4873919,25.0245276],[121.4851959,25.0279653],[121.4851368,25.0279618],[121.48512,25.027886],[121.485134,25.027838],[121.4849918,25.0279037],[121.4849452,25.0278963],[121.4848023,25.0278734],[121.4844957,25.0277698],[121.4839717,25.0276158],[121.4839159,25.0275324],[121.4838323,25.0276713],[121.4838156,25.0277597],[121.4839967,25.0277774],[121.4842309,25.0278633],[121.4844455,25.0279492],[121.4845877,25.027982],[121.4847047,25.0280073],[121.4847883,25.0280628],[121.4848162,25.0281992],[121.4848943,25.0282548],[121.4849528,25.0282548],[121.484987,25.0282924],[121.4845212,25.0290216],[121.4837819,25.0302909],[121.4835103,25.0307476],[121.4833721,25.0309928],[121.4830276,25.0314003],[121.4829201,25.0315799],[121.4826833,25.0321927],[121.4825421,25.032768],[121.4825143,25.0333089],[121.4825041,25.0344689],[121.4826586,25.0367606],[121.4829228,25.0373832],[121.4829783,25.0377212]]]]}},{"type":"Feature","properties":{"kind":"water","osm_id":5145475,"name":""},"geometry":{"type":"MultiPolygon","coordinates":[[[[121.5328126,25.0021807],[121.5337497,25.0029806]]],[[[121.5337497,25.0029806],[121.533776,25.0028472],[121.533772,25.0026798],[121.5337359,25.0024383],[121.5337524,25.0023572],[121.5338144,25.0022168],[121.5339712,25.0019593],[121.5340098,25.0018346],[121.5340421,25.0015674],[121.5340031,25.0010335],[121.5340646,25.0006054],[121.5341532,25.0003355],[121.5342823,24.9996514],[121.5343114,24.999505],[121.5342897,24.9988363],[121.5342763,24.9986343],[121.5341212,24.9981441],[121.5340267,24.9975927],[121.5340164,24.9971319],[121.5341058,24.9966689],[121.5342857,24.9963991],[121.5348011,24.9960153],[121.5348422,24.9959847],[121.5353601,24.9955969],[121.5358686,24.9951078],[121.5360618,24.9949972],[121.5363941,24.9946713],[121.5365164,24.994607],[121.5366398,24.9943955],[121.5367953,24.9943271],[121.536971,24.9941402],[121.5371066,24.9938746],[121.5371224,24.9935911],[121.5371976,24.9932705],[121.5371436,24.9930375],[121.5369285,24.9926233],[121.5367049,24.9922044],[121.5364547,24.9919608],[121.5361797,24.9916045],[121.5360117,24.9911275],[121.5359163,24.9905116],[121.5359544,24.9900538],[121.5360092,24.9898157],[121.5361235,24.9895351],[121.5364169,24.989227],[121.5367303,24.9889736],[121.5370417,24.9886458],[121.5375239,24.988346],[121.5381809,24.9880849],[121.53915,24.9878927],[121.5394038,24.987896],[121.5394829,24.9877987],[121.5395564,24.9878072],[121.5396256,24.9878053],[121.5398972,24.9878307],[121.5400759,24.9878969],[121.5403639,24.9879527],[121.5408749,24.9879543],[121.5412684,24.9880011],[121.5416876,24.9879961],[121.5418721,24.9881005],[121.5421619,24.9881367],[121.5429005,24.9882389],[121.5432982,24.9883381],[121.5436492,24.9883395],[121.5438079,24.988285],[121.5439853,24.9882886],[121.5441358,24.9882573],[121.5443693,24.9881162],[121.5444549,24.9880247],[121.5446,24.9877227],[121.5447385,24.9873873],[121.5448476,24.9870841],[121.5448073,24.9868399],[121.5447951,24.9866002],[121.5447028,24.9863222],[121.5445618,24.9860987],[121.5443659,24.9854733],[121.5443409,24.9849347],[121.5444655,24.9844929],[121.5447497,24.9841177],[121.5451484,24.983765],[121.5460344,24.9834935],[121.5464992,24.9834738],[121.5470655,24.9835124],[121.5474803,24.9835476],[121.5482643,24.9836771],[121.5488985,24.9838804],[121.5495292,24.9841865],[121.5497045,24.9843144],[121.5499762,24.9845251],[121.550154,24.9846726],[121.5503523,24.9848669],[121.5508094,24.9853662],[121.5508722,24.9859654],[121.5508005,24.9861589],[121.5509007,24.9864326],[121.550863,24.9866188],[121.5507509,24.9867485],[121.5507723,24.9868931],[121.5513044,24.9871308],[121.5514728,24.9871556],[121.5516797,24.9871364],[121.5519995,24.9870434],[121.5522638,24.9868641],[121.5524511,24.9866666],[121.5525761,24.9866018],[121.5526932,24.98648],[121.552793,24.9864917],[121.5529598,24.9864362],[121.5530335,24.9863182],[121.5530207,24.9861257],[121.5533144,24.9855515],[121.5534237,24.9854806],[121.553548,24.9853707],[121.5536617,24.9852502],[121.5538124,24.984976],[121.5539186,24.9847124],[121.5539722,24.9845239],[121.5539903,24.9843575],[121.5539109,24.9839489],[121.5536982,24.9831025],[121.5534956,24.9823538],[121.5533652,24.9818393],[121.5532963,24.9813247],[121.5532596,24.9807198],[121.5533003,24.9800431],[121.5534467,24.9797041],[121.553689,24.9788211],[121.5539875,24.977669],[121.5540165,24.9773468],[121.5541491,24.9770722],[121.5544938,24.9768426],[121.5550328,24.9766795],[121.5552449,24.9765675],[121.5555252,24.9765335],[121.5556986,24.976578],[121.5562019,24.9766396],[121.5565833,24.9765967],[121.5568261,24.9766915],[121.5571845,24.9769468],[121.5573518,24.9772316],[121.5574121,24.9776714],[121.5574461,24.9781514],[121.5575434,24.97876],[121.5577422,24.9792017],[121.5579875,24.979524],[121.5582688,24.979821],[121.5584555,24.9799617],[121.5585905,24.9800334],[121.5588999,24.9800719],[121.5591088,24.9800695],[121.5600152,24.9798389],[121.5607193,24.9795848],[121.5610966,24.9795564],[121.5614717,24.9796906],[121.5619045,24.9797724],[121.5623812,24.9799925],[121.5642384,24.9809002],[121.5647262,24.9810763],[121.5651041,24.9811425],[121.5656613,24.9811178],[121.5660046,24.9810198],[121.5659863,24.9809928],[121.5666282,24.9806886],[121.5668106,24.9808041],[121.5671275,24.9807318],[121.5676645,24.9807107],[121.5679224,24.9808175],[121.5683595,24.9809148],[121.5686211,24.9811016],[121.5697173,24.9815395],[121.5703963,24.9817995],[121.5709108,24.9819965],[121.5710749,24.9821079],[121.5712442,24.9822223],[121.5713802,24.9823011],[121.5714338,24.9823639],[121.5714767,24.9824489],[121.5714779,24.9826235],[121.571498,24.9826995],[121.5715555,24.9828521],[121.5715452,24.9830678],[121.5715549,24.9833716],[121.571553,24.9835934],[121.5715563,24.9837665],[121.5715594,24.9839679],[121.5715593,24.9841129],[121.5716054,24.9843369],[121.571665,24.984293],[121.571669,24.9846159],[121.5717027,24.9848698],[121.5717427,24.9850487],[121.5718008,24.9851692],[121.571898,24.9853766],[121.5719769,24.9855582],[121.5720374,24.9857046],[121.5721337,24.985883],[121.5722535,24.9860826],[121.5724322,24.986433],[121.5724489,24.9865925],[121.5724755,24.9868591],[121.572469,24.9870485],[121.572446,24.9871377],[121.5724201,24.9872726],[121.5723938,24.9874004],[121.5724117,24.9875052],[121.5723935,24.9875783],[121.5723339,24.9876551],[121.5722131,24.9879545],[121.5721054,24.9879809],[121.5720073,24.9881374],[121.5719018,24.988341],[121.5718267,24.9885351],[121.5717865,24.988668],[121.5717341,24.9888558],[121.5717164,24.9890213],[121.5716972,24.9892314],[121.5717039,24.9895158],[121.571723,24.9898025],[121.5717558,24.9899958],[121.5717667,24.9901239],[121.571803,24.9902872],[121.5718034,24.9904797],[121.5718637,24.9908229],[121.5719155,24.9910689],[121.5719018,24.9912518],[121.571904,24.9913761],[121.5719527,24.9918211],[121.5719766,24.9920571],[121.5720098,24.9923962],[121.5720408,24.992622],[121.572074,24.9929071],[121.572094,24.9931755],[121.5721403,24.993405],[121.5721532,24.9935716],[121.5721734,24.9937531],[121.5721966,24.9939134],[121.5722182,24.994073],[121.5722441,24.99428],[121.572263,24.9944428],[121.5722528,24.9945085],[121.5721717,24.9946099],[121.5723287,24.9948283],[121.5723421,24.9948355],[121.5725657,24.9951319],[121.5727825,24.9953631],[121.5728945,24.9955005],[121.5729867,24.9955744],[121.5731786,24.995731],[121.5732643,24.9958257],[121.5733949,24.9959182],[121.5735367,24.996012],[121.5736115,24.9960641],[121.5736605,24.9960824],[121.5737219,24.9960641],[121.5738753,24.9961686],[121.5739181,24.9961535],[121.5740492,24.9962203],[121.5742497,24.9963451],[121.5742947,24.9963524],[121.5743676,24.9964058],[121.5744424,24.9965087],[121.5745008,24.9966092],[121.5745748,24.9966678],[121.574599,24.9967102],[121.5746162,24.9967441],[121.5748113,24.9968771],[121.5750358,24.997117],[121.5751198,24.9972338],[121.5752021,24.9973783],[121.5752219,24.9974556],[121.5752534,24.9975103],[121.5752976,24.9976427],[121.575398,24.9980111],[121.5754404,24.998128],[121.5754884,24.9982362],[121.575502,24.9983348],[121.5755909,24.9984735],[121.5756841,24.9986339],[121.5757322,24.9986907],[121.5760449,24.9989329],[121.5760568,24.9990014],[121.5761211,24.9990005],[121.5761588,24.9989933],[121.5761956,24.9990286],[121.5762478,24.999098],[121.5764259,24.9992349],[121.5767059,24.9994068],[121.5768549,24.9995017],[121.577079,24.999607],[121.5771787,24.9996707],[121.5774563,24.9998234],[121.5775252,24.9998493],[121.5775976,24.9998564],[121.5776765,24.9998139],[121.5777575,24.9997317],[121.5779824,24.999658],[121.578346,24.9996245],[121.5785951,24.9996087],[121.5787101,24.9996626],[121.578812,24.9996636],[121.5790673,24.9996404],[121.5792282,24.9996346],[121.5793379,24.9996316],[121.5794328,24.9996856],[121.5796335,24.9997715],[121.5797582,24.9998354],[121.579791,24.999874],[121.579821,24.999873],[121.5799011,24.9999172],[121.5799346,24.9999082],[121.5799573,24.9999851],[121.5799396,25.0000446],[121.5798936,25.0000173],[121.5798764,25.0000131],[121.5798672,25.0000895],[121.5798388,25.0001152],[121.5798441,25.0001566],[121.5798989,25.0002349],[121.5799473,25.0002638],[121.5800742,25.0002691],[121.5801687,25.0002562],[121.5803029,25.000226],[121.5804483,25.0001727],[121.5806273,25.0002107],[121.5807675,25.0002154],[121.5808643,25.0002685],[121.5810234,25.0003364],[121.5811334,25.0003427],[121.5811893,25.0003524],[121.5812148,25.000367],[121.5812413,25.0004198],[121.5814063,25.0004899],[121.5818832,25.0007592],[121.5822813,25.0008711],[121.5824289,25.0008921],[121.5825206,25.0008708],[121.5826021,25.0008716],[121.5827021,25.000886],[121.5827864,25.0009372],[121.5829414,25.000994],[121.5831918,25.0011069],[121.5834074,25.0013091],[121.5836407,25.0016387],[121.583716,25.0017774],[121.5838609,25.001884],[121.5839416,25.0019434],[121.5840987,25.0020559],[121.5844096,25.002326],[121.5846447,25.0024959],[121.5848885,25.0026216],[121.5850843,25.002716],[121.5854012,25.0028275],[121.5856904,25.0028974],[121.5858944,25.0029379],[121.5864895,25.0029448],[121.5867542,25.002893],[121.5869457,25.0029198],[121.5872302,25.0028163],[121.5874284,25.0025849],[121.5876417,25.0020176],[121.5876902,25.0017688],[121.5878696,25.001479],[121.5881301,25.0010247],[121.5882859,25.0007766],[121.5887234,25.0002717],[121.5889268,25.0000353],[121.5888825,24.9999745],[121.5894217,24.9995171],[121.5896675,24.9993365],[121.5897153,24.9992599],[121.5901096,24.9990435],[121.5903965,24.9989748],[121.5923781,24.9973633],[121.5926033,24.9972624],[121.5928124,24.997111],[121.5931757,24.9969898],[121.5935621,24.9969396],[121.5938856,24.9971178],[121.5943043,24.9976253],[121.5949354,24.9986917],[121.5951147,24.9990741],[121.5951811,24.9997135],[121.5950861,25.0001947],[121.5951062,25.0008374],[121.5952945,25.0017389],[121.5955067,25.0023257],[121.5956624,25.0027617],[121.5960593,25.0034667],[121.5961378,25.0037506],[121.5962303,25.0038147],[121.5961541,25.0041007],[121.5962037,25.0042282],[121.5963122,25.0043148],[121.5965426,25.0044298],[121.5967634,25.004505],[121.5970192,25.0045149],[121.5975142,25.0044261],[121.5979876,25.0041648],[121.5984283,25.0036816],[121.5989851,25.0032074],[121.5997562,25.0028127],[121.6001233,25.0027298],[121.6019663,25.0015765],[121.6022533,25.0015242],[121.6031707,25.0008278],[121.6038198,25.0002857],[121.6046056,25.0000304],[121.6048926,24.999853],[121.6052815,24.9998579],[121.6055256,25.0000377],[121.6059418,25.0000503],[121.6060889,25.0000547],[121.6063624,24.9999381],[121.6065448,24.9997764],[121.6065583,24.9996921],[121.606739,24.9996088],[121.6067119,24.9993648],[121.606464,24.9994314],[121.6062873,24.9994227],[121.6061721,24.9994494],[121.605708,24.9995127],[121.6054478,24.9995248],[121.6051367,24.9995516],[121.6046352,24.9997023],[121.6042114,24.9998822],[121.6038117,25.000028],[121.6034952,25.0001569],[121.6033628,25.0003237],[121.6031576,25.0004845],[121.6029511,25.0006383],[121.6028457,25.0008138],[121.60264,25.000945],[121.602172,25.0013132],[121.6021317,25.0014129],[121.6018474,25.001549],[121.6015979,25.0015927],[121.6015899,25.0017361],[121.6014209,25.0017653],[121.6011348,25.0020153],[121.600821,25.0022049],[121.6006967,25.0020789],[121.6006659,25.0020975],[121.6000932,25.0024435],[121.5999407,25.0024539],[121.5997666,25.002587],[121.5995273,25.0026166],[121.5992933,25.0026708],[121.5990267,25.0028434],[121.5985969,25.0031639],[121.5982596,25.0034449],[121.5979169,25.003864],[121.5975193,25.0042454],[121.5972054,25.0043416],[121.5967895,25.0043419],[121.5965379,25.0042108],[121.5964969,25.0041155],[121.5965933,25.0039291],[121.5965834,25.0034542],[121.5965077,25.0033611],[121.5963772,25.003228],[121.5961979,25.0029887],[121.5961704,25.0029519],[121.5958241,25.002465],[121.5956372,25.0020988],[121.5955412,25.0015362],[121.5954464,25.00099],[121.5954299,25.000161],[121.5955556,24.9995398],[121.595523,24.9993031],[121.5953761,24.9991601],[121.59543,24.9990697],[121.595251,24.998598],[121.5949245,24.9979767],[121.5944967,24.9974068],[121.5942683,24.9970896],[121.593926,24.9966824],[121.5937084,24.9965197],[121.5934338,24.9964777],[121.5930802,24.9965714],[121.5929622,24.9966047],[121.5927483,24.996665],[121.5925307,24.9967538],[121.5923566,24.9969017],[121.5920138,24.9971039],[121.5915514,24.9975378],[121.5913169,24.9977972],[121.5910045,24.9980605],[121.5909451,24.9981998],[121.5907119,24.9984078],[121.5901976,24.9987128],[121.5899916,24.99877],[121.5896472,24.9989628],[121.5891429,24.9993954],[121.5887097,24.9997464],[121.5881165,25.0004801],[121.5877842,25.0009747],[121.5875337,25.0013839],[121.5873977,25.0017316],[121.5873706,25.0018603],[121.587235,25.0025042],[121.5871391,25.002606],[121.5869977,25.0026691],[121.5868941,25.0026835],[121.5868476,25.0026538],[121.5867517,25.0026364],[121.5866491,25.002632],[121.5863976,25.0026211],[121.5862953,25.0026183],[121.5859175,25.0026081],[121.5855276,25.0025642],[121.5852364,25.0024653],[121.5850858,25.0024178],[121.5849316,25.0023892],[121.5848921,25.00241],[121.5848123,25.002377],[121.5846723,25.0022966],[121.5845843,25.0022307],[121.58453,25.002155],[121.5844947,25.0020741],[121.5844394,25.0020215],[121.584401,25.001992],[121.5843562,25.0019367],[121.5841971,25.0018154],[121.5841742,25.001798],[121.5841254,25.0017549],[121.5841044,25.0017042],[121.584115,25.0016668],[121.5841559,25.0016406],[121.584128,25.0015974],[121.5840279,25.0014727],[121.5840047,25.0014277],[121.5839535,25.0013289],[121.583955,25.0012814],[121.5838954,25.0012603],[121.5837085,25.001162],[121.5835811,25.0010943],[121.5829087,25.0006628],[121.5826391,25.0006626],[121.582495,25.0006619],[121.5822794,25.0005191],[121.5819347,25.0003523],[121.5815373,25.0001381],[121.5811943,24.9999772],[121.5809743,24.9998267],[121.5806897,24.9996087],[121.580494,24.9995142],[121.5802418,24.9994434],[121.5800774,24.9994103],[121.5798899,24.9993947],[121.5793861,24.9994008],[121.5788492,24.9994354],[121.5788317,24.9993937],[121.5786874,24.9994079],[121.5782835,24.9994437],[121.5781195,24.999459],[121.5779123,24.9994453],[121.5778806,24.9994608],[121.5776313,24.9994812],[121.5774685,24.9995283],[121.5773758,24.9995531],[121.5772878,24.9995541],[121.5771851,24.999518],[121.577032,24.9994256],[121.5767831,24.9992338],[121.576702,24.9992005],[121.5765374,24.999091],[121.5765341,24.9990531],[121.5764501,24.9989605],[121.5761346,24.9987717],[121.5759306,24.9986271],[121.5758312,24.9985358],[121.5757674,24.9984078],[121.5756217,24.9980809],[121.5755512,24.9978703],[121.5755161,24.9975933],[121.5754859,24.9973639],[121.5754147,24.9972037],[121.5753087,24.997076],[121.5751735,24.9968463],[121.5747943,24.9965406],[121.573459,24.995662],[121.5731419,24.9954382],[121.5728985,24.9951552],[121.5726685,24.9948267],[121.5725982,24.9946572],[121.5724679,24.9941517],[121.5724093,24.993927],[121.5723924,24.9935177],[121.5723597,24.9930665],[121.5723032,24.9923981],[121.5722355,24.9918261],[121.5721661,24.9915191],[121.5721294,24.9912533],[121.5721074,24.9910578],[121.5719759,24.9900489],[121.5719318,24.9893519],[121.5719407,24.9890608],[121.5720525,24.9886249],[121.572045,24.9885404],[121.5723369,24.9880664],[121.5723986,24.9880216],[121.5726453,24.9875558],[121.5727142,24.9871613],[121.5727452,24.9868688],[121.5727158,24.9865664],[121.5725863,24.9862512],[121.5718865,24.9847546],[121.5718585,24.9845899],[121.5718079,24.9837872],[121.5718158,24.9832762],[121.5718441,24.9829953],[121.5718604,24.982787],[121.5718612,24.9827164],[121.5718785,24.98269],[121.5719056,24.9826837],[121.5718804,24.9825881],[121.5718398,24.9824336],[121.571838,24.9824267],[121.5717663,24.9822781],[121.5717293,24.9822339],[121.571486,24.9820695],[121.5712982,24.9819013],[121.5711169,24.9817634],[121.5709528,24.981671],[121.5704631,24.9814847],[121.5700399,24.981322],[121.5693008,24.9809953],[121.5687871,24.9807844],[121.5677568,24.9803298],[121.5674863,24.9802537],[121.5672248,24.9803031],[121.5668807,24.9804642],[121.565693,24.980846],[121.5652657,24.9809047],[121.5648914,24.9809021],[121.5645116,24.9807953],[121.5641338,24.9806437],[121.5637073,24.9803288],[121.5622046,24.9795725],[121.5615591,24.9793945],[121.561194,24.9793433],[121.5606348,24.9793648],[121.5599781,24.9795288],[121.5590012,24.9797709],[121.558707,24.9797777],[121.5583494,24.9795489],[121.5580977,24.9790763],[121.5579928,24.9789223],[121.5578303,24.9785637],[121.5577649,24.9780956],[121.5577621,24.9776393],[121.5577076,24.9772331],[121.5575399,24.9768987],[121.5573867,24.9767256],[121.5571144,24.9765481],[121.5567847,24.9763898],[121.5561201,24.9762665],[121.5557532,24.9762648],[121.5556695,24.9763403],[121.5552597,24.9763706],[121.5544739,24.9766497],[121.5540222,24.9769366],[121.5537837,24.9773797],[121.5535846,24.9779996],[121.5532254,24.9790648],[121.553118,24.9794919],[121.5530882,24.9795742],[121.5530398,24.9798582],[121.5529123,24.9803199],[121.5530038,24.9810235],[121.5530883,24.9816251],[121.5532748,24.9825777],[121.5533431,24.9829141],[121.5535324,24.9838508],[121.5535887,24.9843854],[121.5536316,24.9846319],[121.5535712,24.9848449],[121.5534307,24.9850385],[121.5531978,24.9853047],[121.5528304,24.9857439],[121.5526718,24.9859936],[121.5524057,24.9864344],[121.5521926,24.9866184],[121.551933,24.9868042],[121.5517384,24.9868891],[121.551526,24.986915],[121.5513639,24.9868827],[121.5512578,24.9867618],[121.5512626,24.9865404],[121.5512488,24.9863552],[121.551204,24.9858467],[121.5511954,24.9856041],[121.551015,24.9852274],[121.550708,24.9848278],[121.5504724,24.9845536],[121.5502064,24.9843331],[121.549907,24.9840784],[121.5494594,24.9838335],[121.5491013,24.9836909],[121.5488693,24.9835466],[121.5484151,24.9834221],[121.5482138,24.983363],[121.5478721,24.9833118],[121.5475418,24.9832353],[121.5470348,24.9831949],[121.5464438,24.9832018],[121.5461574,24.9832272],[121.5457618,24.9833091],[121.545312,24.9834619],[121.544977,24.9836518],[121.5445646,24.9840183],[121.5442756,24.9843983],[121.5441964,24.9846874],[121.5441306,24.9851166],[121.5441564,24.9855396],[121.5442601,24.9858959],[121.5444035,24.9861785],[121.5444874,24.9863438],[121.5445396,24.9866004],[121.5445691,24.9867458],[121.5445239,24.986882],[121.5444698,24.9870448],[121.544397,24.9871683],[121.5442867,24.9875811],[121.5442532,24.9876918],[121.5441969,24.987806],[121.544048,24.9879312],[121.5439113,24.9879822],[121.5438582,24.9879872],[121.5437689,24.987985],[121.5435848,24.9879881],[121.5432094,24.987951],[121.543138,24.987953],[121.5429278,24.9879181],[121.5423247,24.9877732],[121.5421021,24.9876805],[121.5416123,24.9876362],[121.5410274,24.9876658],[121.5407267,24.987817],[121.5402786,24.9877554],[121.5399779,24.9876746],[121.5397062,24.9875929],[121.5393771,24.9876088],[121.5386987,24.9877021],[121.5386246,24.9876553],[121.5380196,24.9877842],[121.5379514,24.9878863],[121.5371722,24.9882351],[121.5367322,24.9885169],[121.5366518,24.9884644],[121.5363543,24.9886529],[121.5360802,24.9888916],[121.5361279,24.9890186],[121.5359261,24.989282],[121.5358207,24.9894766],[121.5357425,24.9897143],[121.5357243,24.9899836],[121.5356723,24.9903389],[121.5356804,24.9907406],[121.5357474,24.9910366],[121.5357398,24.9912192],[121.5358264,24.9914614],[121.5359687,24.9917905],[121.5362398,24.9921712],[121.5364357,24.9924938],[121.5366264,24.9925017],[121.5367327,24.992589],[121.536896,24.9928255],[121.5369872,24.9933602],[121.5368429,24.9936004],[121.5368165,24.9937836],[121.5366903,24.9941571],[121.5364592,24.9942634],[121.5363318,24.9944827],[121.5360927,24.9946221],[121.5358995,24.9948805],[121.5356037,24.9950868],[121.5351625,24.9954204],[121.5347178,24.9956846],[121.5346228,24.9957884],[121.5344775,24.9958776],[121.5342953,24.9960074],[121.53415,24.9960763],[121.534057,24.9962598],[121.5339084,24.9964804],[121.5338088,24.9967154],[121.5337201,24.9973408],[121.5337115,24.9975576],[121.53376,24.9979031],[121.5337675,24.9981586],[121.5337529,24.99837],[121.5337478,24.998624],[121.5338069,24.9988125],[121.5338926,24.9990095],[121.5339326,24.9991873],[121.5339969,24.9997167],[121.5339217,24.9999165],[121.5336924,25.0005464],[121.5336101,25.000889],[121.533494,25.0010188],[121.5332552,25.001246],[121.5330774,25.0014487],[121.5329817,25.0015926],[121.532844,25.0017024],[121.5328309,25.0017888],[121.5329187,25.0018669],[121.5329091,25.0019535],[121.5328126,25.0021807]]]]}},{"type":"Feature","properties":{"kind":"water","osm_id":7940421,"name":""},"geometry":{"type":"MultiPolygon","coordinates":[[[[121.5345946,24.9612477],[121.5355018,24.9614757],[121.5365015,24.961727],[121.5365371,24.9617359]]],[[[121.5250676,24.9738154],[121.5263613,24.9723539],[121.5272225,24.9717974],[121.5273365,24.9714992],[121.5279183,24.9710476],[121.5284831,24.9706092],[121.5289579,24.970346],[121.5296481,24.9699634],[121.5305864,24.9694505],[121.5310684,24.969187],[121.5314377,24.9689097],[121.5318292,24.9687468],[121.5326941,24.9677157],[121.5331066,24.9673001],[121.5332144,24.9671915],[121.5335654,24.9666113],[121.5337524,24.9665049],[121.5340496,24.9659961],[121.5342312,24.9658302],[121.5343495,24.9657222],[121.5348253,24.964669],[121.5350666,24.9642107],[121.5351696,24.9638489],[121.5354453,24.9628811],[121.5358655,24.9625298],[121.5363748,24.9622949],[121.5364032,24.9621972],[121.53641,24.9621738],[121.5365371,24.9617359]]],[[[121.5211021,24.9805876],[121.5211782,24.9803179],[121.5214813,24.9801051],[121.5217683,24.979394],[121.5220153,24.9785093],[121.5220928,24.9782318],[121.5228894,24.9767341],[121.5237351,24.9756528],[121.5239575,24.9753684],[121.5243046,24.9749756],[121.5250052,24.9739103],[121.5250676,24.9738154]]],[[[121.5328126,25.0021807],[121.5328221,25.0021566],[121.5327455,25.0020791],[121.5326319,25.0019889],[121.5325328,25.0019145],[121.5322008,25.0016403],[121.5321138,25.0015637],[121.5319543,25.0013556],[121.531831,25.0011037],[121.5318249,25.0010834],[121.5317754,25.0009197],[121.5315482,25.0007466],[121.5315821,25.0006722],[121.5314733,25.0005868],[121.5314443,25.0004816],[121.5313404,25.0001991],[121.5312727,24.999991],[121.5312365,24.999842],[121.5312437,24.9996383],[121.5313066,24.9994806],[121.5312758,24.9993004],[121.5313186,24.9990316],[121.5312791,24.9988245],[121.5312679,24.998473],[121.5313089,24.998354],[121.5312947,24.9982734],[121.5312818,24.9981105],[121.5312991,24.9979329],[121.5313641,24.9974623],[121.5313793,24.9972381],[121.5313458,24.9970433],[121.5315309,24.9966723],[121.531844,24.9962398],[121.5319878,24.9959836],[121.5321845,24.9955653],[121.5324439,24.9949608],[121.5324593,24.9946431],[121.532286,24.993788],[121.5320993,24.9931157],[121.5320068,24.9929872],[121.5317621,24.9926513],[121.5312465,24.9918381],[121.5306849,24.9909849],[121.53042,24.9904744],[121.5302644,24.9900873],[121.5301168,24.989978],[121.5300783,24.989856],[121.529831,24.9895285],[121.5295009,24.988877],[121.5289837,24.9885793],[121.5286027,24.9883686],[121.5281891,24.9880401],[121.5280072,24.9878271],[121.5272444,24.9874063],[121.52712,24.9874461],[121.5270307,24.9872598],[121.5267748,24.9872725],[121.5266694,24.987121],[121.5265401,24.987098],[121.5265008,24.9868531],[121.5261661,24.9867116],[121.5258314,24.986526],[121.525157,24.9860808],[121.52457,24.98576],[121.5238134,24.9852153],[121.5233983,24.9848939],[121.5229734,24.9846418],[121.5224095,24.9842181],[121.5222025,24.984017],[121.5218833,24.9834406],[121.5214507,24.9825804],[121.5213467,24.9824008],[121.521228,24.9821699],[121.521069,24.9815539],[121.5210714,24.9813675],[121.5210938,24.9811185],[121.5211021,24.9805876]]],[[[121.5328126,25.0021807],[121.5325776,25.0025598],[121.5324322,25.0028103]]],[[[121.5345946,24.9612477],[121.5346256,24.9613748],[121.5346699,24.9614707],[121.5346976,24.9615046],[121.5347271,24.9615268],[121.5347598,24.9615779],[121.5347511,24.9616539],[121.5347813,24.9617532],[121.5347886,24.9618382],[121.5348117,24.9619196],[121.5348289,24.9619716],[121.5349109,24.9620306],[121.5349208,24.9621083],[121.534977,24.9623027],[121.5345964,24.9632186],[121.5343102,24.9635815],[121.5339853,24.96419],[121.5339699,24.9647697],[121.5337899,24.9649438],[121.5334226,24.9657775],[121.5320432,24.9674011],[121.5310677,24.9682073],[121.530713,24.9683628],[121.5299088,24.9686058],[121.5294377,24.9689485],[121.528722,24.9693931],[121.528219,24.9696343],[121.5275592,24.9702422],[121.5272752,24.9704182],[121.5264947,24.971151],[121.5257217,24.9720774],[121.5250683,24.9726785],[121.5245712,24.9731842],[121.5245921,24.9732662],[121.5244988,24.9733034],[121.5240682,24.9738024],[121.5238926,24.9740061],[121.5235546,24.9743273],[121.5233129,24.9745571],[121.5224888,24.975506],[121.5224152,24.9756004],[121.5218515,24.9764709],[121.5212759,24.9774751],[121.5209173,24.9782775],[121.5206541,24.9792344],[121.5205267,24.9797143],[121.5204899,24.9798531],[121.5203178,24.9805016],[121.5202716,24.9806678],[121.5201623,24.9810831],[121.520061,24.9811716],[121.5199,24.9814307],[121.5203525,24.9820532],[121.5205936,24.98258],[121.5207139,24.982867],[121.5208184,24.9831164],[121.5209143,24.9833451],[121.5211816,24.9838645],[121.5213574,24.9841085],[121.5218551,24.984539],[121.5229565,24.9854745],[121.5233344,24.9857721],[121.5234166,24.9857924],[121.5235049,24.9858909],[121.5235841,24.9859875],[121.5242708,24.9865297],[121.5246691,24.986853],[121.5247353,24.9868629],[121.525194,24.9872053],[121.5253636,24.9872992],[121.526115,24.987829],[121.5266734,24.9883136],[121.5268341,24.988435],[121.5270732,24.988571],[121.5272131,24.9887336],[121.5273192,24.9887177],[121.5274921,24.9887359],[121.5279261,24.9890094],[121.5279964,24.9893085],[121.5281251,24.9892744],[121.5281702,24.9893955],[121.5284384,24.9897766],[121.5285239,24.9898699],[121.5287216,24.9899074],[121.5287746,24.9899647],[121.5294249,24.9902813],[121.5295447,24.990393],[121.529789,24.9907374],[121.5298853,24.9908249],[121.5300605,24.9910719],[121.5303592,24.9916052],[121.5304193,24.991693],[121.5305053,24.9918418],[121.530447,24.991936],[121.5309287,24.9926735],[121.5310315,24.9928119],[121.5310667,24.9933012],[121.5313051,24.9937683],[121.53149,24.9943656],[121.5316744,24.9945537],[121.531749,24.9948017],[121.5317592,24.9950489],[121.5316378,24.9953831],[121.5313716,24.9958306],[121.5312886,24.9959409],[121.531243,24.9960016],[121.5309144,24.9964385],[121.5308123,24.9966483],[121.5307817,24.9967113],[121.5304842,24.9974248],[121.5302535,24.9982949],[121.5302346,24.9985913],[121.530225,24.998742],[121.5304216,24.9994128],[121.5307464,25.0002904],[121.5309165,25.0007586],[121.5311736,25.0014187],[121.5313356,25.0017645],[121.5314113,25.0019334],[121.5314746,25.0021052],[121.5316303,25.0022791],[121.5317227,25.0023688],[121.5318513,25.0024652],[121.5319861,25.0025174],[121.5320555,25.0026627],[121.53214,25.0026588],[121.5323037,25.0027493],[121.5324322,25.0028103]]]]}},{"type":"Feature","properties":{"kind":"water","osm_id":8374132,"name":"雲漢池"},"geometry":{"type":"MultiPolygon","coordinates":[[[[121.5192315,25.0347084],[121.5192245,25.0347079],[121.5192168,25.0347097],[121.5192084,25.0347146],[121.5192011,25.0347249],[121.5191974,25.0347337],[121.519192,25.0347459],[121.5191786,25.0347668],[121.5191732,25.0347769],[121.5191732,25.0348021],[121.5191773,25.0348115],[121.5191826,25.0348182],[121.5191907,25.0348233],[121.5192001,25.0348267],[121.5192101,25.0348312],[121.5192161,25.0348391],[121.5192198,25.0348528],[121.5192156,25.0348911],[121.5192158,25.0349166],[121.5192175,25.0349309],[121.5192175,25.0349462],[121.5192155,25.0349619],[121.5192064,25.0349752],[121.519198,25.0349849],[121.5191866,25.0349925],[121.5191768,25.0349945],[121.5191638,25.0349948],[121.5191519,25.034993],[121.5191429,25.0349904],[121.5191315,25.0349828],[121.5191223,25.0349733],[121.5191184,25.0349666],[121.5191136,25.034957],[121.5191074,25.0349439],[121.5190978,25.0349193],[121.5190914,25.0348993],[121.5190913,25.0348729],[121.5190928,25.0348367],[121.5190835,25.0348174],[121.5190755,25.034811],[121.5190636,25.0348051],[121.5190547,25.0348001],[121.5190473,25.0347925],[121.5190411,25.0347838],[121.5190371,25.0347746],[121.5190348,25.0347622],[121.5190329,25.0347299],[121.5190237,25.0346915],[121.5190177,25.0346783],[121.519015,25.0346714],[121.5190136,25.0346429],[121.5190113,25.0346348],[121.5190079,25.0346274],[121.5190026,25.0346216],[121.5189962,25.0346204],[121.5189865,25.0346146],[121.5189821,25.0346067],[121.5189794,25.0345973],[121.5189727,25.0345803],[121.518961,25.0345414],[121.5189513,25.0345262],[121.5189422,25.0345153],[121.5189389,25.0345077],[121.5189388,25.0344958],[121.5189412,25.0344877],[121.5189466,25.0344779],[121.5189543,25.0344707],[121.5189711,25.03446],[121.5189875,25.0344539],[121.5189952,25.0344518],[121.5190086,25.0344503],[121.5190579,25.0344506],[121.5190847,25.0344486],[121.5191048,25.0344457],[121.5191239,25.03444],[121.5191404,25.0344348],[121.5191602,25.0344336],[121.5191806,25.0344343],[121.5191977,25.0344302],[121.519213,25.0344274],[121.5192254,25.0344283],[121.5192341,25.0344295],[121.519246,25.0344342],[121.5192524,25.0344409],[121.5192547,25.0344555],[121.519253,25.0344685],[121.5192493,25.0344773],[121.5192437,25.0344816],[121.5192373,25.0344846],[121.5192214,25.0344939],[121.5192121,25.0345007],[121.5192045,25.0345092],[121.5191967,25.0345272],[121.519194,25.0345442],[121.5191944,25.0345557],[121.5191991,25.0345657],[121.5192105,25.0345767],[121.5192245,25.034584],[121.5192336,25.034594],[121.519243,25.0346019],[121.5192528,25.0346049],[121.5192705,25.0346052],[121.5192973,25.0345991],[121.5193202,25.0345903],[121.5193389,25.034573],[121.5193503,25.0345451],[121.5193547,25.0345187],[121.519369,25.0344864],[121.5193835,25.0344822],[121.5194083,25.0344779],[121.5194311,25.0344743],[121.5194592,25.0344703],[121.519482,25.0344682],[121.5195001,25.0344682],[121.5195193,25.0344714],[121.5195357,25.0344703],[121.5195497,25.0344679],[121.5195642,25.0344658],[121.5195799,25.0344667],[121.519597,25.03447],[121.5196138,25.0344679],[121.5196269,25.0344676],[121.5196396,25.0344707],[121.5196502,25.0344742],[121.5196646,25.0344732],[121.5196807,25.034471],[121.5196919,25.0344711],[121.5196998,25.0344732],[121.5197048,25.0344779],[121.5197102,25.0344854],[121.5197129,25.034495],[121.5197142,25.0345054],[121.5197135,25.0345156],[121.5197103,25.0345332],[121.519704,25.0345505],[121.5196936,25.0345679],[121.5196719,25.0346035],[121.5196143,25.0346615],[121.5195516,25.0346899],[121.519541,25.0347003],[121.519533,25.0347117],[121.5195251,25.0347255],[121.5195199,25.0347419],[121.5195206,25.034775],[121.5195249,25.0348096],[121.5195243,25.0348241],[121.5195233,25.0348373],[121.5195191,25.0348492],[121.5195139,25.0348574],[121.5194978,25.0348683],[121.5194788,25.0348777],[121.5194616,25.0348856],[121.5194455,25.0348868],[121.5194284,25.0348862],[121.5194114,25.0348843],[121.5193824,25.0348783],[121.519358,25.0348713],[121.5193341,25.0348622],[121.5193137,25.0348525],[121.519299,25.0348388],[121.5192862,25.0348246],[121.5192753,25.0348081],[121.5192651,25.0347887],[121.5192604,25.0347744],[121.5192553,25.034757],[121.5192534,25.0347398],[121.519246,25.0347194],[121.5192383,25.0347119],[121.5192315,25.0347084]]]]}},{"type":"Feature","properties":{"kind":"water","osm_id":14026204,"name":"日式庭院水池"},"geometry":{"type":"MultiPolygon","coordinates":[[[[121.5167204,25.0405494],[121.5166996,25.0405664],[121.5166902,25.0406168],[121.5166926,25.0406442],[121.5166938,25.0406584],[121.5166949,25.0406709],[121.5167016,25.0407323],[121.5166949,25.0407675],[121.5166976,25.0408161],[121.5166915,25.040821],[121.5166157,25.0407772],[121.5166218,25.0407456],[121.5166385,25.0407353],[121.5166493,25.0407104],[121.5166473,25.0406812],[121.5166466,25.0406696],[121.5166457,25.0406574],[121.5166459,25.0406424],[121.5166225,25.0406217],[121.5165976,25.0406108],[121.5165681,25.0405792],[121.516595,25.0405208],[121.5166339,25.0404965],[121.5166526,25.0404686],[121.5166841,25.0404443],[121.5167123,25.040434],[121.5167559,25.0404364],[121.5167995,25.0404546],[121.5168639,25.0404552],[121.5169564,25.0404078],[121.5169899,25.0404042],[121.517065,25.0404206],[121.5170925,25.0404206],[121.5171146,25.0403884],[121.5171562,25.0403641],[121.5172105,25.0403574],[121.5172474,25.0403398],[121.5172655,25.0403161],[121.5172923,25.0402724],[121.5173232,25.0402487],[121.5173668,25.0402311],[121.5174714,25.0402292],[121.5175036,25.040146],[121.5175344,25.0401339],[121.5175632,25.0401351],[121.5176028,25.04016],[121.5176075,25.0401849],[121.5175961,25.0402086],[121.5176082,25.0402311],[121.5176237,25.0402436],[121.5176345,25.0402524],[121.5176449,25.0402616],[121.5176893,25.040304],[121.5177061,25.0403319],[121.5177161,25.0403684],[121.5177134,25.0403854],[121.5176987,25.0403914],[121.5176819,25.040389],[121.5176678,25.0403817],[121.517635,25.0403222],[121.5176169,25.0403131],[121.5175971,25.0403134],[121.5174647,25.0403155],[121.5174385,25.040324],[121.5173882,25.0403647],[121.5173862,25.0403793],[121.5174003,25.0403914],[121.5174834,25.0403927],[121.5175116,25.0404018],[121.5175612,25.0404303],[121.5175679,25.0404516],[121.5175652,25.0404856],[121.5175592,25.0405208],[121.5175652,25.0405476],[121.5175813,25.0405634],[121.5176108,25.0405767],[121.5176323,25.0405913],[121.517641,25.0406077],[121.517637,25.0406272],[121.5176048,25.0406776],[121.5175867,25.0406825],[121.5175834,25.0406266],[121.5175639,25.0406083],[121.5175331,25.0405907],[121.5175022,25.0405919],[121.5174325,25.0406035],[121.5174117,25.040601],[121.5173547,25.0405549],[121.5173245,25.0405512],[121.5172943,25.0405561],[121.5172789,25.0405591],[121.5172032,25.0406053],[121.5171844,25.0406108],[121.5170409,25.0405755],[121.5170147,25.0405737],[121.5169953,25.0405786],[121.516955,25.0405968],[121.5168873,25.0406035],[121.5168685,25.0405919],[121.516827,25.04055],[121.5168122,25.0405403],[121.5167928,25.0405294],[121.5167586,25.0405312],[121.5167378,25.0405366],[121.5167204,25.0405494]]]]}},{"type":"Feature","properties":{"kind":"water","osm_id":14045929,"name":"生態池"},"geometry":{"type":"MultiPolygon","coordinates":[[[[121.5394973,25.0160658],[121.539501,25.0160555],[121.5395134,25.0160515],[121.5395258,25.0160549],[121.5396308,25.0161019],[121.5396378,25.016118],[121.5396512,25.0161314],[121.539671,25.016142],[121.5397163,25.0161542],[121.5398118,25.0161755],[121.53985,25.0161846],[121.5398769,25.0161955],[121.539904,25.0162138],[121.5399081,25.0162253],[121.5399044,25.0162466],[121.539901,25.0162715],[121.5400331,25.0162718],[121.5400324,25.0163028],[121.5401049,25.016331],[121.5401877,25.0163313],[121.5402024,25.0163146],[121.5401729,25.0162937],[121.5402252,25.0162332],[121.5402034,25.0162183],[121.5401984,25.0162052],[121.5401877,25.0161855],[121.5401759,25.0161727],[121.5401548,25.0161651],[121.5401243,25.0161578],[121.5401018,25.0161557],[121.540078,25.0161496],[121.5400583,25.016146],[121.5400304,25.0161372],[121.5400123,25.0161308],[121.5399966,25.0161235],[121.5399775,25.0161074],[121.5399567,25.0160892],[121.5399376,25.016071],[121.5399265,25.016047],[121.5399158,25.0160263],[121.539904,25.0160065],[121.5398916,25.0159783],[121.5398728,25.0159598],[121.5398457,25.0159415],[121.5398256,25.0159285],[121.5397994,25.015926],[121.5397716,25.0159248],[121.5397421,25.0159266],[121.5397153,25.015926],[121.5396921,25.015926],[121.539674,25.0159269],[121.5396556,25.0159209],[121.5396338,25.015909],[121.5396103,25.0158917],[121.5395969,25.0158686],[121.5395835,25.0158507],[121.5395748,25.0158352],[121.5395624,25.0158218],[121.539549,25.0158109],[121.5395322,25.0157993],[121.5395067,25.0157896],[121.5394826,25.0157848],[121.5394615,25.0157863],[121.5394467,25.0157957],[121.5394306,25.0158045],[121.5394165,25.0158124],[121.5394021,25.0158194],[121.5393864,25.0158349],[121.539375,25.0158446],[121.5393646,25.015858],[121.5393582,25.0158732],[121.5393548,25.0158887],[121.5393559,25.0159014],[121.5393585,25.0159148],[121.5393646,25.0159275],[121.539377,25.0159388],[121.5393847,25.0159503],[121.5393887,25.0159655],[121.5393954,25.015978],[121.5394108,25.0159917],[121.5394249,25.0160044],[121.5394427,25.0160084],[121.5394581,25.0160096],[121.5394675,25.0160163],[121.5394762,25.0160296],[121.5394796,25.0160418],[121.5394789,25.0160473],[121.5394873,25.0160515],[121.5394839,25.0160594],[121.5394909,25.0160627],[121.5394973,25.0160658]]]]}},{"type":"Feature","properties":{"kind":"water","osm_id":14046342,"name":"淨水池"},"geometry":{"type":"MultiPolygon","coordinates":[[[[121.5497455,25.0159952],[121.5497167,25.0159705],[121.5497099,25.015977],[121.5494436,25.0157485],[121.5494504,25.015742],[121.5494216,25.0157172],[121.5493569,25.0157792],[121.5493364,25.0157988],[121.5489867,25.0161333],[121.5489717,25.0161477],[121.5489609,25.0161384],[121.5489234,25.0161743],[121.5489342,25.0161836],[121.5489308,25.0161868],[121.5489452,25.0161992],[121.5489179,25.0162253],[121.5489251,25.0162314],[121.5489217,25.0162347],[121.549224,25.0164942],[121.5497455,25.0159952]]],[[[121.5494796,25.0156618],[121.5495083,25.0156865],[121.5495152,25.01568],[121.5497815,25.0159086],[121.5497746,25.0159151],[121.5498034,25.0159398],[121.5503283,25.0154376],[121.5500332,25.0151843],[121.5500261,25.0151781],[121.5500192,25.0151847],[121.5500084,25.0151754],[121.5499812,25.0152015],[121.5499704,25.0151922],[121.549967,25.0151955],[121.5499562,25.0151862],[121.5499187,25.0152221],[121.5499295,25.0152314],[121.5495686,25.0155774],[121.5495451,25.0156005],[121.5494796,25.0156618]]],[[[121.5488816,25.0161817],[121.5488713,25.0161915],[121.5488605,25.0161822],[121.5488537,25.0161887],[121.5488429,25.0161794],[121.5488497,25.0161729],[121.5485475,25.0159135],[121.548619,25.015845],[121.5486361,25.0158287],[121.548994,25.0154863],[121.5490042,25.0154765],[121.5490758,25.015408],[121.5493888,25.0156767],[121.549382,25.0156833],[121.5493173,25.0157452],[121.5492968,25.0157648],[121.5489696,25.0160778],[121.5489732,25.0160809],[121.5488744,25.0161755],[121.5488816,25.0161817]]],[[[121.5494332,25.0156344],[121.54944,25.0156278],[121.5495047,25.0155659],[121.5495286,25.015543],[121.5498763,25.0152104],[121.5498899,25.0151974],[121.5499717,25.0151191],[121.5499609,25.0151099],[121.5499541,25.0151164],[121.5496518,25.0148569],[121.5492053,25.0152841],[121.5491917,25.0152972],[121.5491201,25.0153656],[121.5494332,25.0156344]]],[[[121.5484651,25.0158551],[121.5484723,25.0158613],[121.5485507,25.0157863],[121.5485677,25.01577],[121.5489256,25.0154276],[121.5489358,25.0154178],[121.5490074,25.0153493],[121.5486943,25.0150806],[121.548166,25.0155861],[121.5484683,25.0158455],[121.5484615,25.015852],[121.5484651,25.0158551]]],[[[121.5492704,25.0145295],[121.5487386,25.0150382],[121.5490517,25.0153069],[121.5491233,25.0152385],[121.5491369,25.0152254],[121.5495903,25.0147917],[121.5495831,25.0147855],[121.5495795,25.0147824],[121.5495726,25.014789],[121.5492704,25.0145295]]]]}},{"type":"Feature","properties":{"kind":"water","osm_id":14062892,"name":"光華池"},"geometry":{"type":"MultiPolygon","coordinates":[[[[121.5204386,25.0368197],[121.5204171,25.036841],[121.520395,25.0368592],[121.5203742,25.0368793],[121.520348,25.0368963],[121.5203279,25.0369054],[121.5203179,25.0369103],[121.5203145,25.0369176],[121.5203145,25.0369267],[121.5203085,25.0369376],[121.5202957,25.0369467],[121.5202823,25.0369473],[121.5202602,25.0369449],[121.5202126,25.0369309],[121.5201965,25.0369194],[121.5201925,25.0369133],[121.5201804,25.0369036],[121.5201804,25.0368969],[121.5201864,25.0368823],[121.5201905,25.0368744],[121.5201891,25.0368671],[121.5201844,25.0368574],[121.520171,25.0368513],[121.5201636,25.0368453],[121.5201214,25.0367882],[121.5201154,25.0367736],[121.5201127,25.0367578],[121.5201127,25.0367395],[121.5201147,25.0367244],[121.5201133,25.0367092],[121.520112,25.0366995],[121.5200993,25.0366922],[121.5200885,25.0366837],[121.5200845,25.0366733],[121.5200899,25.0366654],[121.5200926,25.0366575],[121.5200852,25.0366472],[121.5200865,25.0366369],[121.5200939,25.0365719],[121.5200966,25.0365652],[121.5201013,25.0365603],[121.5200986,25.0365372],[121.5201013,25.0365257],[121.5201073,25.0365105],[121.520114,25.0364741],[121.520112,25.0364358],[121.5201201,25.036423],[121.5201214,25.0364066],[121.5201268,25.0363957],[121.5201402,25.0363826],[121.5201616,25.0363817],[121.5202612,25.0363999],[121.5202689,25.0364042],[121.5202743,25.0364157],[121.5202817,25.0364279],[121.5203098,25.0364412],[121.5203262,25.0364564],[121.5203507,25.0364649],[121.5203806,25.0365063],[121.5203936,25.0365217],[121.520404,25.0365339],[121.5204174,25.0365381],[121.5204335,25.0365363],[121.5204416,25.0365284],[121.5204439,25.036505],[121.5204533,25.0364662],[121.5204647,25.0364473],[121.5204936,25.03642],[121.5205107,25.0364072],[121.5205341,25.036399],[121.5205492,25.0363957],[121.520579,25.0363951],[121.5206039,25.0363926],[121.5206471,25.0363835],[121.5206528,25.0363787],[121.5206582,25.0363689],[121.5206615,25.0363665],[121.5206712,25.0363668],[121.520679,25.0363647],[121.5206857,25.0363635],[121.5206974,25.0363683],[121.5207199,25.0363683],[121.5207494,25.0363623],[121.5207618,25.0363635],[121.5207651,25.0363671],[121.5207641,25.036375],[121.520752,25.0363966],[121.5207499,25.0364027],[121.5207504,25.0364083],[121.5207619,25.0364273],[121.5207636,25.0364347],[121.5207646,25.036454],[121.5207673,25.036459],[121.5207738,25.0364645],[121.5207919,25.0364751],[121.5208002,25.0364833],[121.520802,25.0364888],[121.5208027,25.0364961],[121.5207992,25.0365049],[121.5207971,25.0365113],[121.5207953,25.0365196],[121.5207963,25.0365301],[121.5208013,25.0365453],[121.5208064,25.0365555],[121.520808,25.0365665],[121.5208079,25.0365776],[121.5208055,25.036586],[121.5207998,25.0365936],[121.5207948,25.0366012],[121.5207926,25.0366088],[121.5207906,25.0366148],[121.5207851,25.0366214],[121.5207774,25.0366246],[121.5207547,25.0366337],[121.5207427,25.0366366],[121.5207234,25.0366434],[121.5207093,25.0366461],[121.5207001,25.036644],[121.5206945,25.0366375],[121.5206907,25.036624],[121.5206878,25.0366127],[121.5206823,25.036594],[121.5206818,25.036576],[121.5206734,25.0365667],[121.5206501,25.0365596],[121.5206345,25.0365556],[121.5206183,25.0365599],[121.5206042,25.0365687],[121.520593,25.0365823],[121.5205869,25.0365975],[121.5205861,25.0366136],[121.5205893,25.0366231],[121.5206136,25.036649],[121.5206342,25.0366739],[121.5206404,25.03668],[121.5206607,25.0366944],[121.5206649,25.0367032],[121.5206652,25.0367122],[121.5206625,25.0367193],[121.5206567,25.0367239],[121.5206458,25.0367268],[121.5206384,25.0367279],[121.5206263,25.0367251],[121.5206196,25.0367266],[121.5206144,25.0367303],[121.5205963,25.0367456],[121.5205861,25.0367487],[121.5205759,25.0367484],[121.5205625,25.0367443],[121.5205428,25.036731],[121.5205184,25.0367136],[121.5204915,25.0366925],[121.5204832,25.0366864],[121.5204672,25.0366729],[121.5204557,25.0366638],[121.5204478,25.0366592],[121.5204374,25.0366518],[121.5204233,25.0366478],[121.5204158,25.0366481],[121.5204047,25.0366486],[121.5203992,25.0366502],[121.5203936,25.0366546],[121.5203871,25.0366644],[121.5203859,25.0366721],[121.5203858,25.0367087],[121.5203878,25.0367225],[121.520396,25.0367377],[121.5204081,25.0367461],[121.5204211,25.0367566],[121.5204304,25.0367687],[121.5204402,25.0367901],[121.5204444,25.0368],[121.5204436,25.0368112],[121.5204386,25.0368197]]]]}},{"type":"Feature","properties":{"kind":"water","osm_id":16762764,"name":"台北健森房"},"geometry":{"type":"MultiPolygon","coordinates":[[[[121.5357835,25.0292793],[121.5355984,25.0291705],[121.5355904,25.0291617],[121.5355877,25.0291505],[121.535592,25.029125],[121.5355924,25.0291064],[121.5355848,25.0290993],[121.535582,25.0290967],[121.5355706,25.0290924],[121.5355454,25.0290961],[121.5355176,25.0291043],[121.5354998,25.0290906],[121.5354841,25.0290697],[121.535468,25.0290365],[121.5354529,25.0289724],[121.5354489,25.028912],[121.5354408,25.0288941],[121.5353959,25.0288607],[121.5353557,25.0288379],[121.5353392,25.0288309],[121.5353141,25.0288294],[121.535298,25.0288227],[121.5352977,25.0288136],[121.5353091,25.0287908],[121.5353205,25.0287871],[121.5353637,25.0288151],[121.5353902,25.0288281],[121.5354516,25.0288607],[121.5354898,25.028867],[121.5355837,25.0288707],[121.5356098,25.0288655],[121.535644,25.0288446],[121.5356591,25.0288212],[121.5356943,25.0287859],[121.5357158,25.0287601],[121.5357124,25.028741],[121.535694,25.0287285],[121.5356614,25.0287233],[121.5356383,25.0287203],[121.5356246,25.02871],[121.5356272,25.0287021],[121.5356383,25.0287009],[121.5356464,25.0287039],[121.5356564,25.028713],[121.5356718,25.0287139],[121.535699,25.0287109],[121.5357342,25.0287157],[121.535752,25.0287264],[121.5357774,25.0287625],[121.5357969,25.028813],[121.5357982,25.0288555],[121.5357892,25.0288731],[121.535761,25.0288971],[121.5357275,25.0289144],[121.5356765,25.0289232],[121.535638,25.0289129],[121.5355904,25.0288989],[121.5355548,25.028895],[121.5355327,25.028895],[121.5355169,25.0289047],[121.5355025,25.0289251],[121.5355022,25.0289454],[121.5355072,25.0289664],[121.5355231,25.0289752],[121.5355352,25.0289762],[121.5355436,25.0289835],[121.5355619,25.0290198],[121.5355867,25.0290763],[121.5355964,25.0290909],[121.5355994,25.0290955],[121.5356175,25.0291079],[121.5356604,25.0291553],[121.5356765,25.029186],[121.5356946,25.0291979],[121.5357208,25.0292082],[121.535757,25.0292337],[121.5357905,25.029265],[121.5357922,25.0292697],[121.5357915,25.0292782],[121.5357835,25.0292793]]]]}},{"type":"Feature","properties":{"kind":"water","osm_id":16766738,"name":""},"geometry":{"type":"MultiPolygon","coordinates":[[[[121.5351634,25.0309826],[121.5351002,25.0309738],[121.5350863,25.0309658],[121.5350863,25.0309586],[121.5350926,25.0309486],[121.5350932,25.0309399],[121.5350878,25.0309331],[121.5350735,25.0309292],[121.5350693,25.0309234],[121.5350797,25.0309194],[121.5351267,25.0309194],[121.5351428,25.0309264],[121.5351644,25.0309433],[121.5351798,25.0309503],[121.5352254,25.0309506],[121.5352353,25.0309512],[121.5352514,25.0309588],[121.5352673,25.0309573],[121.5352786,25.0309465],[121.5352752,25.0309354],[121.5352623,25.0309263],[121.5352465,25.0309263],[121.5352281,25.0309311],[121.5352112,25.0309284],[121.5351771,25.030922],[121.5351771,25.0309178],[121.5352797,25.0309179],[121.5352886,25.030924],[121.5352948,25.0309363],[121.5352937,25.0309484],[121.535277,25.030975],[121.5352643,25.0309855],[121.5352523,25.0309831],[121.5352375,25.0309765],[121.5352242,25.0309708],[121.53521,25.0309655],[121.5351875,25.0309648],[121.5351701,25.0309655],[121.5351644,25.0309697],[121.5351686,25.0309779],[121.5351679,25.0309811],[121.5351634,25.0309826]]]]}},{"type":"Feature","properties":{"kind":"water","osm_id":16766739,"name":""},"geometry":{"type":"MultiPolygon","coordinates":[[[[121.5345926,25.0310555],[121.5346264,25.031047],[121.5346583,25.0310212],[121.5346777,25.0309978],[121.5347056,25.0309945],[121.5347391,25.0310033],[121.5347596,25.0310057],[121.5347706,25.0310027],[121.534777,25.0309893],[121.5347713,25.0309741],[121.5347565,25.0309668],[121.5347119,25.0309778],[121.534658,25.0309863],[121.5346345,25.0309905],[121.5346,25.0310166],[121.5345876,25.0310397],[121.5345879,25.0310531],[121.5345926,25.0310555]]]]}},{"type":"Feature","properties":{"kind":"water","osm_id":16766740,"name":""},"geometry":{"type":"MultiPolygon","coordinates":[[[[121.5352531,25.0310625],[121.535232,25.0310577],[121.5352118,25.0310625],[121.5351988,25.0310567],[121.5351723,25.0310376],[121.5351294,25.0310188],[121.5350968,25.0310169],[121.5350858,25.0310206],[121.5350714,25.0310194],[121.5350469,25.0310036],[121.5350355,25.0310072],[121.5350338,25.0310169],[121.5350489,25.0310364],[121.5350496,25.0310449],[121.5350408,25.0310449],[121.5349969,25.031034],[121.5349701,25.0310297],[121.5349322,25.0310273],[121.5349242,25.031023],[121.5349336,25.0310115],[121.5349839,25.0309896],[121.5349909,25.0309784],[121.5350355,25.0309659],[121.5350549,25.0309659],[121.535074,25.0309762],[121.5350915,25.0309878],[121.5351247,25.0309914],[121.5351904,25.0309996],[121.5352735,25.0310127],[121.5352598,25.0310422],[121.5352531,25.0310625]]]]}},{"type":"Feature","properties":{"kind":"water","osm_id":16766848,"name":""},"geometry":{"type":"MultiPolygon","coordinates":[[[[121.535123,25.0330385],[121.5351079,25.0330326],[121.5350985,25.0330131],[121.5350994,25.0329908],[121.5351113,25.0329729],[121.5351213,25.0329665],[121.5351329,25.0329671],[121.5351381,25.0329601],[121.5351342,25.0329325],[121.5351394,25.0329196],[121.5351594,25.0328948],[121.535176,25.0328825],[121.5351941,25.0328819],[121.5352016,25.0328776],[121.5352026,25.0328665],[121.5352113,25.0328435],[121.5352236,25.0328424],[121.5352491,25.0328679],[121.5352593,25.0328691],[121.5352734,25.0328857],[121.5352772,25.0328959],[121.5352886,25.0328987],[121.535299,25.0328924],[121.5353345,25.0328875],[121.5353433,25.032888],[121.5353508,25.0328632],[121.5353605,25.0328491],[121.5353738,25.0328474],[121.5353803,25.0328512],[121.5353812,25.0328599],[121.5353711,25.0328787],[121.5353696,25.0328896],[121.5353807,25.0328954],[121.5353961,25.032913],[121.5354137,25.0329317],[121.5354281,25.0329364],[121.5354365,25.0329305],[121.5354442,25.0329179],[121.5354393,25.032906],[121.5354256,25.0328845],[121.5354256,25.0328749],[121.535433,25.0328729],[121.5354402,25.0328848],[121.5354502,25.032906],[121.5354573,25.0329142],[121.5354581,25.0329238],[121.535442,25.0329445],[121.5354418,25.032954],[121.5354499,25.0329606],[121.5354621,25.0329593],[121.5354693,25.0329501],[121.5354796,25.0329411],[121.535493,25.0329414],[121.535503,25.0329445],[121.5355171,25.0329627],[121.5355288,25.0329754],[121.5355319,25.0329865],[121.5355314,25.0329973],[121.5355196,25.0330116],[121.5355171,25.0330127],[121.535491,25.0329938],[121.5354653,25.0329794],[121.5354289,25.0329651],[121.5354105,25.0329601],[121.5353957,25.0329291],[121.5353808,25.0329112],[121.5353614,25.0329028],[121.5353294,25.0328984],[121.535293,25.0329047],[121.5352734,25.0329144],[121.53526,25.0329347],[121.5352492,25.0329612],[121.5352112,25.0329751],[121.5351778,25.0329915],[121.5351498,25.0330116],[121.535123,25.0330385]]]]}},{"type":"Feature","properties":{"kind":"water","osm_id":16766849,"name":""},"geometry":{"type":"MultiPolygon","coordinates":[[[[121.5352662,25.0327333],[121.5352266,25.0327382],[121.5352246,25.0327303],[121.5352108,25.0327282],[121.5351723,25.0327424],[121.5351589,25.0327403],[121.5351552,25.0327324],[121.5351693,25.0327112],[121.53518,25.0326929],[121.5351817,25.0326759],[121.5351746,25.0326525],[121.5351786,25.0326349],[121.5351971,25.0326225],[121.5352229,25.0326191],[121.5352407,25.0326297],[121.5352561,25.032644],[121.5352735,25.0326701],[121.5352873,25.032689],[121.5353161,25.0327011],[121.5353463,25.0327063],[121.5353577,25.0327148],[121.5353634,25.0327276],[121.5353567,25.0327288],[121.5353433,25.0327188],[121.5353252,25.0327139],[121.5352863,25.0327148],[121.5352688,25.032723],[121.5352662,25.0327333]]]]}},{"type":"Feature","properties":{"kind":"water","osm_id":17128399,"name":""},"geometry":{"type":"MultiPolygon","coordinates":[[[[121.513204,25.0003513],[121.5132124,25.000375],[121.5132402,25.0003778],[121.5132741,25.0004048],[121.5132848,25.0004522],[121.5133032,25.0004811],[121.5133559,25.0005106],[121.513378,25.0005367],[121.51338,25.0005641],[121.5133807,25.0005731],[121.5133951,25.0005889],[121.5134028,25.0006421],[121.5134075,25.0006965],[121.5134336,25.0007539],[121.5134668,25.000764],[121.513493,25.0007995],[121.5134933,25.0008563],[121.5135054,25.000887],[121.5135332,25.0009189],[121.5135453,25.0009237],[121.5135711,25.0009338],[121.5136043,25.000939],[121.5136596,25.0010092],[121.5136915,25.0010396],[121.5136999,25.0010557],[121.5137102,25.0010756],[121.5137312,25.0010999],[121.5137244,25.0011131],[121.5137554,25.0010794],[121.513773,25.0010683],[121.5137511,25.0010654],[121.5137279,25.0010329],[121.5137032,25.0009986],[121.513669,25.0009663],[121.5136553,25.0009354],[121.5136281,25.0009092],[121.5135882,25.0008855],[121.5135639,25.0008573],[121.5135594,25.0008252],[121.5135681,25.0007846],[121.5135822,25.000747],[121.5135822,25.000716],[121.5135647,25.0006923],[121.5135178,25.00065],[121.5135114,25.0006084],[121.5135289,25.0005728],[121.5135097,25.0005573],[121.5135466,25.000496],[121.513558,25.0004285],[121.5135426,25.0003738],[121.5135024,25.0003209],[121.5134521,25.0002827],[121.513387,25.0002462],[121.5133093,25.0002377],[121.5132529,25.0002195],[121.513213,25.0001821],[121.5131825,25.0001316],[121.5131641,25.0001085],[121.5131399,25.0000681],[121.5131148,25.0000031],[121.5131047,24.99998],[121.5130719,24.9999861],[121.5130498,24.9999745],[121.5130105,25.0000116],[121.5129824,25.0000545],[121.5129582,25.0000748],[121.5129455,25.0001037],[121.5129482,25.0001368],[121.5129689,25.0001374],[121.5129907,25.0001556],[121.5129938,25.0001781],[121.5130471,25.0002058],[121.5130645,25.0002085],[121.5131121,25.000238],[121.5131309,25.0002693],[121.5131681,25.0003057],[121.5131731,25.000334],[121.513204,25.0003513]]]]}},{"type":"Feature","properties":{"kind":"water","osm_id":18157821,"name":""},"geometry":{"type":"MultiPolygon","coordinates":[[[[121.5341202,25.019396],[121.5341328,25.0194105],[121.5341359,25.0194304],[121.5341272,25.0194652],[121.5341131,25.0194974],[121.5341125,25.0195157],[121.5341168,25.0195248],[121.5341262,25.0195837],[121.5341413,25.0196135],[121.53415,25.0196712],[121.5341591,25.0196973],[121.5341644,25.0197806],[121.5341715,25.0197879],[121.5342008,25.0198079],[121.5342146,25.0198313],[121.5342162,25.0198517],[121.5342038,25.0198849],[121.5341965,25.0199097],[121.5341964,25.0199295],[121.5341963,25.0199504],[121.5342001,25.0199846],[121.5342087,25.0200133],[121.5342239,25.0200464],[121.5342273,25.02007],[121.5342275,25.0201035],[121.5342432,25.0202102],[121.5342655,25.0203039],[121.5342757,25.020335],[121.5342928,25.0203589],[121.5343331,25.0204031],[121.5343478,25.0204318],[121.5343498,25.0204678],[121.5343299,25.0205076],[121.5343016,25.0205125],[121.534294,25.0204824],[121.5342831,25.0204839],[121.5342806,25.0204742],[121.5342865,25.0204657],[121.5343084,25.0204505],[121.5343138,25.020425],[121.5343047,25.0204037],[121.5342853,25.020389],[121.5342541,25.0203525],[121.5342451,25.0203202],[121.5342139,25.0201795],[121.5342035,25.0201367],[121.5342005,25.0201044],[121.5341742,25.0199852],[121.534174,25.0199313],[121.5341706,25.0199112],[121.5341688,25.0199004],[121.5341554,25.0198856],[121.5341436,25.0198356],[121.5341317,25.0197619],[121.5341316,25.0197089],[121.5341272,25.0196989],[121.5341279,25.0196855],[121.5341219,25.0196703],[121.5341222,25.0196381],[121.5341148,25.0196165],[121.5341054,25.0195995],[121.5340893,25.0195503],[121.5340716,25.0194674],[121.5340744,25.0194499],[121.5340908,25.0194265],[121.5341051,25.0194011],[121.5341116,25.0193956],[121.5341202,25.019396]]]]}},{"type":"Feature","properties":{"kind":"water","osm_id":18296187,"name":"翠湖"},"geometry":{"type":"MultiPolygon","coordinates":[[[[121.5583077,25.0386305],[121.5582577,25.0386299],[121.5582396,25.0386178],[121.5582354,25.0386086],[121.5582274,25.0385453],[121.5582262,25.0385354],[121.5582114,25.0385178],[121.5581943,25.0385096],[121.5581759,25.0384559],[121.5581759,25.0384273],[121.558187,25.0384012],[121.5581866,25.0383905],[121.5581786,25.0383729],[121.5581779,25.038355],[121.5581903,25.0383353],[121.5582125,25.0383094],[121.5582225,25.0382751],[121.5582195,25.0382566],[121.5582296,25.0382432],[121.5582711,25.0382122],[121.5583264,25.0381658],[121.5583469,25.0381421],[121.558371,25.0381214],[121.5584173,25.0381071],[121.5584525,25.0381059],[121.5585005,25.0381083],[121.5585353,25.0381311],[121.5585575,25.0381348],[121.5585762,25.0381339],[121.5586185,25.0381433],[121.558654,25.0381466],[121.5587157,25.0381879],[121.5587465,25.0381937],[121.5587854,25.0381946],[121.5588223,25.038184],[121.5588391,25.038174],[121.5588496,25.038174],[121.5588607,25.0381741],[121.558876,25.0381743],[121.5588934,25.0381834],[121.5589192,25.0381882],[121.5589561,25.0381882],[121.559,25.0381809],[121.5590402,25.0381654],[121.5591063,25.0381244],[121.5591257,25.0381132],[121.5591586,25.0380995],[121.5592468,25.0380968],[121.5593272,25.0381123],[121.5593973,25.0381345],[121.5594422,25.0381594],[121.5594637,25.0381787],[121.5594949,25.0382157],[121.5595559,25.0383318],[121.5595594,25.0383466],[121.5595552,25.0383585],[121.5595559,25.0383802],[121.5595328,25.0384013],[121.5595303,25.0384148],[121.5595316,25.0384299],[121.559542,25.0384697],[121.559551,25.0384858],[121.5595526,25.0385199],[121.5595502,25.0385286],[121.5595507,25.0386067],[121.5595375,25.0386328],[121.5595187,25.0386433],[121.5594719,25.0386512],[121.5593973,25.0386527],[121.5593878,25.0386478],[121.5593733,25.0386492],[121.5593666,25.038661],[121.5593428,25.038667],[121.5593058,25.0386838],[121.5592858,25.0386847],[121.5592714,25.0386793],[121.559259,25.0386653],[121.5592506,25.0386475],[121.5592443,25.0386299],[121.5592109,25.0386017],[121.5591861,25.0385851],[121.5591695,25.0385708],[121.5591519,25.0385644],[121.5591286,25.0385663],[121.5590766,25.0385914],[121.559055,25.0386019],[121.559052,25.0386033],[121.5590275,25.0386089],[121.5589901,25.0386102],[121.558968,25.0386205],[121.5589509,25.0386217],[121.5589249,25.0386135],[121.5589018,25.0386126],[121.5588253,25.0386247],[121.5587851,25.0386405],[121.5587576,25.0386685],[121.558716,25.0386891],[121.5586731,25.0386995],[121.5586557,25.0386992],[121.5586262,25.0387095],[121.5585973,25.0387262],[121.5585725,25.038735],[121.5585457,25.0387344],[121.5584559,25.0387241],[121.5583687,25.0387089],[121.5583513,25.0386937],[121.5583392,25.0386797],[121.5583295,25.0386433],[121.5583077,25.0386305]]]]}},{"type":"Feature","properties":{"kind":"water","osm_id":20039406,"name":"生態景觀池"},"geometry":{"type":"MultiPolygon","coordinates":[[[[121.5620465,25.0438586],[121.5620665,25.0438516],[121.5620906,25.0438482],[121.5621255,25.0438479],[121.5621442,25.0438525],[121.5621599,25.0438589],[121.5621788,25.0438619],[121.5622022,25.043857],[121.5622217,25.0438528],[121.5622384,25.043851],[121.5622529,25.0438549],[121.5622656,25.0438665],[121.5622737,25.0438813],[121.5622929,25.0438971],[121.5623122,25.0439026],[121.5623356,25.0439063],[121.5623479,25.0439131],[121.5623573,25.0439198],[121.562369,25.0439302],[121.5623881,25.0439438],[121.5624916,25.0439321],[121.562524,25.0438939],[121.5625741,25.0438962],[121.5625803,25.0438958],[121.5625863,25.0438891],[121.5625978,25.0438708],[121.5626029,25.0438507],[121.5626036,25.0438312],[121.5625969,25.0438069],[121.5625959,25.0437905],[121.5625978,25.043772],[121.5626202,25.0436975],[121.5626294,25.0436815],[121.5626337,25.0436687],[121.5626354,25.0436566],[121.5626321,25.0436435],[121.5626277,25.0436292],[121.5626287,25.0436168],[121.5626364,25.0436001],[121.5626394,25.0435806],[121.5626368,25.043553],[121.56263,25.0435314],[121.5626185,25.0434548],[121.562615,25.0434467],[121.5626076,25.0434382],[121.5625922,25.0434254],[121.5625694,25.0434075],[121.5625633,25.043399],[121.5625613,25.0433807],[121.5625657,25.0433637],[121.5625669,25.0433327],[121.5625761,25.0433233],[121.5625992,25.0433151],[121.5626069,25.0433024],[121.5626093,25.0432881],[121.5626019,25.0432125],[121.5625948,25.0431797],[121.5625821,25.0431557],[121.5625941,25.0431079],[121.5625878,25.0431022],[121.5625482,25.0430995],[121.5625409,25.0430815],[121.5625153,25.0430591],[121.562508,25.0430503],[121.5625068,25.043044],[121.5625124,25.043036],[121.5625321,25.0430329],[121.5625556,25.0430351],[121.5625737,25.0430411],[121.5625828,25.0430424],[121.5625898,25.0430396],[121.562594,25.0430329],[121.5625985,25.0430287],[121.5626067,25.0430293],[121.5626131,25.0430363],[121.5626171,25.0430389],[121.5626214,25.0430389],[121.5626249,25.043037],[121.5626264,25.0430317],[121.562629,25.0430141],[121.5626334,25.0430067],[121.5626334,25.0429971],[121.5626327,25.0429856],[121.5626364,25.0429734],[121.5626366,25.0429618],[121.562626,25.0429502],[121.5626136,25.04294],[121.5625994,25.0429386],[121.5625855,25.0429406],[121.5624791,25.0429845],[121.5624676,25.0430283],[121.5624678,25.0430364],[121.5624705,25.0430408],[121.5624762,25.0430443],[121.5624837,25.043046],[121.5624862,25.043055],[121.5624859,25.0430613],[121.562484,25.0430733],[121.5624768,25.0430834],[121.562447,25.0430861],[121.5624262,25.0430925],[121.5624104,25.0431013],[121.5623917,25.0431065],[121.5623662,25.0431037],[121.5623484,25.0431037],[121.5623327,25.0431071],[121.5622864,25.0431241],[121.5622395,25.0431487],[121.5622284,25.0431519],[121.5622143,25.0431525],[121.5621952,25.04315],[121.5621761,25.043149],[121.5621597,25.0431517],[121.5621457,25.0431572],[121.5621322,25.0431651],[121.5621142,25.0431775],[121.5621061,25.0431847],[121.5621019,25.0431912],[121.5620986,25.0431955],[121.5620947,25.043198],[121.5620896,25.0431986],[121.562075,25.0431985],[121.5620556,25.0431965],[121.5620438,25.0431954],[121.5620312,25.0431958],[121.5620211,25.0431979],[121.5620145,25.0432007],[121.5620087,25.0432043],[121.5620017,25.0432097],[121.5619929,25.0432191],[121.5619883,25.0432346],[121.561989,25.043255],[121.5619954,25.0432696],[121.5619986,25.0432753],[121.5619997,25.0432832],[121.5619974,25.0432902],[121.5619877,25.0432992],[121.5619877,25.0433096],[121.5619914,25.0433199],[121.5619991,25.0433312],[121.5620101,25.0433452],[121.5620158,25.0433628],[121.5620118,25.0433908],[121.56199,25.0434369],[121.5620054,25.043518],[121.5620087,25.0435441],[121.5620099,25.0435718],[121.5620079,25.0435972],[121.5619989,25.0438082],[121.5619877,25.043808],[121.5619873,25.0438244],[121.561988,25.0438435],[121.561989,25.0438528],[121.5620061,25.0438595],[121.5620266,25.0438616],[121.5620465,25.0438586]]]]}},{"type":"Feature","properties":{"kind":"water_line","osm_id":13980643,"name":"新店溪"},"geometry":{"type":"LineString","coordinates":[[121.5319059,24.9264225],[121.5318522,24.926474],[121.5310353,24.9274234],[121.5305574,24.9288697],[121.5304259,24.9291462],[121.5307994,24.9326813],[121.5312573,24.933731],[121.5306029,24.9350079],[121.5300323,24.9359858],[121.5292177,24.9370078],[121.5283605,24.9379487],[121.5275247,24.9385551],[121.526821,24.9395755],[121.5248015,24.9423738],[121.5245047,24.9430421],[121.5243516,24.9439625],[121.5244139,24.9446852],[121.5249003,24.945169],[121.5257454,24.9456656],[121.5272624,24.946027],[121.5290741,24.946514],[121.53098,24.9468188],[121.5326261,24.9467629],[121.5352258,24.9463227],[121.5361247,24.9458382],[121.5368307,24.9447504],[121.5370522,24.9428971],[121.5370295,24.9387205],[121.5370232,24.9375621],[121.5382939,24.9369505],[121.5396282,24.9374201],[121.5415056,24.9384921],[121.5436438,24.9405094],[121.5445781,24.9419778],[121.5453878,24.9431377],[121.5454425,24.9435741],[121.5455069,24.9443947],[121.5450187,24.9478115],[121.5445904,24.9491862],[121.5434051,24.9507748],[121.5427619,24.9513196],[121.5421199,24.9516054],[121.5403843,24.9518534],[121.5398042,24.9517885],[121.5386202,24.9514139],[121.5380487,24.9512718],[121.536948,24.9514425],[121.5358974,24.9522811],[121.5355352,24.9543063],[121.5356666,24.9578807],[121.5355085,24.9613301],[121.5355018,24.9614757],[121.535477,24.9620183],[121.5337068,24.9659097],[121.5313632,24.968332],[121.5308259,24.9691634],[121.5297107,24.969856],[121.5280334,24.9708046],[121.5274802,24.9711174],[121.5254296,24.9727729],[121.5242453,24.9739868],[121.5229958,24.9752477],[121.5226609,24.9756551],[121.522428,24.9759383],[121.5219559,24.9767081],[121.5210167,24.9790015],[121.5207228,24.9804034],[121.5205348,24.9811519],[121.5205364,24.9814011],[121.5205743,24.9816428],[121.5210864,24.9829736],[121.5218223,24.9841077],[121.5223034,24.9844902],[121.5228811,24.9849469],[121.523434,24.9853839],[121.5242298,24.9861433],[121.5255164,24.9869634],[121.5273792,24.988061],[121.5284847,24.988563],[121.5293079,24.9894245],[121.5298866,24.990201],[121.5302444,24.9909516],[121.5304826,24.9913599],[121.5305966,24.9915554],[121.5307996,24.9919034],[121.5312604,24.9925202],[121.5315552,24.9929582],[121.5318749,24.9934332],[121.5320604,24.9940885],[121.5321133,24.9947809],[121.5318539,24.9953593],[121.5317405,24.9957476],[121.5316513,24.9960528],[121.5315366,24.9961975],[121.5311117,24.9967337],[121.530968,24.9970578],[121.5308296,24.99737],[121.5308226,24.9977576],[121.5308204,24.9978808]]}},{"type":"Feature","properties":{"kind":"water_line","osm_id":55567845,"name":"景美溪"},"geometry":{"type":"LineString","coordinates":[[121.5822838,25.0007305],[121.5820095,25.0006343],[121.5813702,25.0002383],[121.5803595,24.9997347],[121.5798541,24.9995271],[121.5794713,24.9994901],[121.5792259,24.9994726],[121.5783308,24.9995557],[121.5777735,24.9996881],[121.5773624,24.9996986],[121.5768063,24.9993972],[121.5761178,24.9989338],[121.5756475,24.9984129],[121.5754835,24.9980205],[121.5754227,24.9975778],[121.5751204,24.9969135],[121.5744795,24.9964299],[121.5732215,24.995604],[121.572779,24.9952754],[121.5724192,24.9946991],[121.5722709,24.9938874],[121.572161,24.9932919],[121.5721641,24.9931383],[121.5721813,24.9929284],[121.5721245,24.9926263],[121.5720407,24.9914988],[121.5720305,24.9913618],[121.5717947,24.9894672],[121.571827,24.9887075],[121.5718873,24.9885223],[121.5719558,24.9884052],[121.5720567,24.9882328],[121.572395,24.987772],[121.5724667,24.9873172],[121.5725251,24.9871157],[121.5725827,24.9869167],[121.5725448,24.9864267],[121.5720964,24.9854226],[121.5717792,24.9848631],[121.57174,24.984292],[121.5716753,24.9833495],[121.571647,24.9830631],[121.5716627,24.9829104],[121.5716752,24.9826843],[121.5716443,24.9824312],[121.5714901,24.9822671],[121.5710689,24.9819387],[121.5706452,24.9817534],[121.5693604,24.9811905],[121.5683908,24.9807888],[121.567353,24.9804024],[121.5666321,24.9806046],[121.5662595,24.980772],[121.5656513,24.9810054],[121.5651151,24.9809955],[121.5645264,24.9809169],[121.5627656,24.9800058],[121.5619694,24.9796429],[121.5613939,24.9794954],[121.5608309,24.979475],[121.560084,24.9796702],[121.5596599,24.9797811],[121.5589887,24.9799328],[121.5586299,24.9798948],[121.5583826,24.9797267],[121.558007,24.9792749],[121.5577459,24.978856],[121.5576511,24.9783362],[121.557453,24.9772703],[121.5573081,24.9769728]]}},{"type":"Feature","properties":{"kind":"water_line","osm_id":106374141,"name":"景美溪"},"geometry":{"type":"LineString","coordinates":[[121.5509846,24.986735],[121.5510467,24.9861646],[121.5509915,24.9854883],[121.5505818,24.9848447],[121.5497363,24.9841223],[121.5486125,24.9835961],[121.5478888,24.9834038],[121.5468581,24.983291],[121.5462527,24.9833273],[121.5452553,24.9836129],[121.5447251,24.9839975],[121.5443521,24.9845589],[121.5442078,24.9850668],[121.544274,24.985561],[121.544505,24.9861653],[121.5446638,24.9866957],[121.5446443,24.9870742],[121.544532,24.9874474],[121.5443934,24.9878212],[121.5442398,24.9880783],[121.5439434,24.9881597],[121.5433064,24.9882347],[121.5423002,24.9879561],[121.5410984,24.9878702],[121.5406072,24.9878645],[121.5401052,24.9878352],[121.5395701,24.9876971],[121.5386275,24.9878572],[121.5372889,24.9883044],[121.5363741,24.9890003],[121.5359942,24.9895434],[121.5357508,24.9902222],[121.5357321,24.9906926],[121.5359193,24.9914684],[121.5363517,24.9920205],[121.536506,24.9922564],[121.5367964,24.9925772],[121.5370267,24.9929747],[121.5370793,24.9931854],[121.5370698,24.9933938],[121.5368926,24.99406],[121.5365221,24.9943926],[121.5360268,24.9949201],[121.5351605,24.9955244],[121.5347835,24.995886],[121.5342412,24.9961885],[121.5340194,24.9965689],[121.5339059,24.9970135],[121.5339255,24.9976523],[121.5340679,24.9983836],[121.5340749,24.9987724],[121.5341748,24.9990788],[121.5341761,24.9993938],[121.5341873,24.9996249],[121.5341412,24.9999209],[121.5340792,25.0000863]]}},{"type":"Feature","properties":{"kind":"water_line","osm_id":106484951,"name":"新店溪"},"geometry":{"type":"LineString","coordinates":[[121.5326706,25.0056724],[121.5323611,25.0065611],[121.5320259,25.0075238],[121.5307963,25.0089055],[121.5301876,25.0092262],[121.5282906,25.0102257],[121.5280367,25.0103595],[121.5253876,25.0120714],[121.5217883,25.0158432],[121.5199348,25.0192485],[121.5172008,25.0205528],[121.5144172,25.0215331],[121.5107134,25.021774],[121.5083368,25.0210144],[121.5047264,25.0172048],[121.4997913,25.0117512],[121.4974625,25.0103001],[121.4957471,25.0096602],[121.4940415,25.0097678],[121.4932011,25.0099823],[121.4930671,25.0100715],[121.4916288,25.011029],[121.4913688,25.0113754],[121.4893579,25.0140543],[121.488748,25.0160775],[121.488651,25.0175936],[121.4888721,25.0187753],[121.4890006,25.0191122],[121.4887861,25.0209341],[121.4885133,25.0239702],[121.488403,25.0251971],[121.4851767,25.0305634],[121.4846397,25.0314567],[121.4836186,25.0331558],[121.4832713,25.034909],[121.483428,25.0365693],[121.4836408,25.0374033],[121.4838705,25.038519],[121.4842766,25.0396549],[121.4848844,25.0406081],[121.485879,25.041447],[121.4885944,25.044339]]}},{"type":"Feature","properties":{"kind":"water_line","osm_id":106485960,"name":"景美溪"},"geometry":{"type":"LineString","coordinates":[[121.5340792,25.0000863],[121.5337473,25.001009],[121.5333479,25.0012894],[121.5331061,25.0016616],[121.5330572,25.0021626],[121.5331229,25.0025027],[121.5332107,25.0029341]]}},{"type":"Feature","properties":{"kind":"water_line","osm_id":106485961,"name":"新店溪"},"geometry":{"type":"LineString","coordinates":[[121.5308204,24.9978808],[121.5308389,24.9983508],[121.5308501,24.9986375],[121.530883,24.9994749],[121.5314904,25.0015313],[121.5328859,25.0027773],[121.5332107,25.0029341],[121.5334391,25.0031074],[121.5335456,25.0033729],[121.5336231,25.0039061],[121.533628,25.0041124],[121.5334682,25.0044876],[121.5331171,25.0049988],[121.5329089,25.0052621],[121.5327685,25.0054683],[121.5326706,25.0056724]]}},{"type":"Feature","properties":{"kind":"water_line","osm_id":302084387,"name":"萬盛溪"},"geometry":{"type":"LineString","coordinates":[[121.5346497,25.0097564],[121.5343429,25.0095801],[121.5340389,25.0093021],[121.5339589,25.0092615],[121.5338302,25.009287],[121.5336893,25.0094657],[121.5335451,25.0096401],[121.5333548,25.0098217],[121.5331945,25.0098947],[121.5330292,25.0099288],[121.5327987,25.0099309],[121.5325907,25.0099034],[121.532414,25.0098631],[121.532254,25.0097697],[121.5321141,25.0095708],[121.5319552,25.0094371],[121.5317048,25.0092027],[121.5307963,25.0089055]]}},{"type":"Feature","properties":{"kind":"water_line","osm_id":317142944,"name":"萬盛溪"},"geometry":{"type":"LineString","coordinates":[[121.5387704,25.0056973],[121.5387386,25.0057148]]}},{"type":"Feature","properties":{"kind":"water_line","osm_id":317142945,"name":"萬盛溪"},"geometry":{"type":"LineString","coordinates":[[121.5387386,25.0057148],[121.5386802,25.0057744],[121.5385073,25.0060286],[121.5384016,25.0063118],[121.5383347,25.0066974],[121.5383771,25.0070005],[121.5383989,25.007104]]}},{"type":"Feature","properties":{"kind":"water_line","osm_id":419820055,"name":"萬盛溪"},"geometry":{"type":"LineString","coordinates":[[121.5393001,25.0053929],[121.5391511,25.0055379]]}},{"type":"Feature","properties":{"kind":"water_line","osm_id":419820056,"name":"萬盛溪"},"geometry":{"type":"LineString","coordinates":[[121.5391511,25.0055379],[121.5387704,25.0056973]]}},{"type":"Feature","properties":{"kind":"water_line","osm_id":452478167,"name":"萬盛溪"},"geometry":{"type":"LineString","coordinates":[[121.5383989,25.007104],[121.5384396,25.0073034]]}},{"type":"Feature","properties":{"kind":"water_line","osm_id":452478170,"name":"萬盛溪"},"geometry":{"type":"LineString","coordinates":[[121.5384396,25.0073034],[121.5384402,25.0073292],[121.5382569,25.0076581],[121.5382137,25.0077282],[121.53792,25.007773],[121.537632,25.0078329],[121.5372218,25.0078627],[121.5363121,25.0100665],[121.5362623,25.0101523],[121.5362542,25.0102672],[121.536146,25.0105931],[121.5361133,25.0106619],[121.5360376,25.0107043],[121.5358895,25.0106373],[121.535768,25.0105552],[121.5354619,25.0103457],[121.5351981,25.0101833],[121.5349766,25.0100328],[121.5346497,25.0097564]]}},{"type":"Feature","properties":{"kind":"water_line","osm_id":485876419,"name":"福興路排水分流隧道"},"geometry":{"type":"LineString","coordinates":[[121.5482674,25.004238],[121.5475774,25.004207],[121.5456352,25.0037536],[121.5443008,25.0031468],[121.5429724,25.0026499],[121.5427233,25.0024808],[121.5421583,25.0021021]]}},{"type":"Feature","properties":{"kind":"water_line","osm_id":625784477,"name":"萬盛溪"},"geometry":{"type":"LineString","coordinates":[[121.5557975,25.0026327],[121.5557398,25.0024254],[121.5557254,25.0023448],[121.5556794,25.0022502],[121.5556681,25.0021846],[121.5555882,25.0020979],[121.555491,25.002058],[121.5554203,25.0020511],[121.5553128,25.0018779],[121.5553905,25.0016658],[121.555402,25.0015468],[121.555346,25.0015206],[121.5553123,25.0014487],[121.55512,25.0013022],[121.5549314,25.0010483],[121.554849,25.0010203],[121.5541915,25.0008569],[121.5538875,25.0002686],[121.5536925,25.0000465],[121.5529918,25.0002846],[121.5527163,25.0003843],[121.5526775,25.0004444],[121.5527498,25.0006353],[121.5528806,25.000994],[121.5528886,25.0010964],[121.5527245,25.0011841],[121.5523791,25.0013912],[121.552273,25.0014975],[121.5522112,25.0016053],[121.5518349,25.0017707],[121.5516085,25.0017825],[121.5514241,25.0017564],[121.5512818,25.0017097],[121.5509725,25.0014882],[121.5502109,25.0009297],[121.5499261,25.0007828],[121.5496396,25.0006816],[121.5490811,25.000542],[121.5488384,25.0004474],[121.5485811,25.0003106],[121.5484461,25.0001909],[121.5484452,25.0001027],[121.548573,24.9998575],[121.5487019,24.9996526],[121.5486499,24.9995957],[121.5485661,24.9994745],[121.548642,24.9993364],[121.5487868,24.9992659],[121.5487798,24.9992135],[121.5486539,24.9990804],[121.5487613,24.9989384],[121.5484763,24.9985982],[121.5484358,24.9983809],[121.548302,24.9982426],[121.548224,24.9981882],[121.5481348,24.9982194],[121.5479387,24.9983337],[121.5476638,24.9982799],[121.5475098,24.9980884],[121.5472575,24.9979664],[121.5469701,24.9977495],[121.5471023,24.9975591],[121.5470916,24.9973692],[121.5470649,24.9973534],[121.5464481,24.9974025],[121.5463696,24.9974449],[121.5458934,24.9972941],[121.5457445,24.9972622],[121.5456918,24.9972836],[121.5456373,24.9975524],[121.5454081,24.9978841],[121.5453456,24.9979429],[121.545241,24.9979454],[121.5451176,24.9979783],[121.5450911,24.9980469],[121.5451646,24.9981558],[121.5452088,24.9982206],[121.5451322,24.9984039],[121.5450311,24.9985761],[121.54499,24.998687],[121.5451593,24.9990489],[121.545076,24.9992653],[121.5450631,24.9993285],[121.545187,24.9995429],[121.5452577,24.9995938],[121.5452818,24.9996296],[121.545249,24.9997521],[121.545156,24.9999118],[121.5449345,25.0003544],[121.5447607,25.0003826],[121.5447004,25.000482],[121.5445536,25.0007889],[121.5444751,25.0008952],[121.5443336,25.0009799],[121.5440351,25.0010594],[121.5439377,25.0011788],[121.5438918,25.0013149],[121.5438719,25.0014512],[121.5438906,25.001694],[121.5438631,25.0018279],[121.5437476,25.0019021],[121.5436149,25.001912],[121.5435479,25.0018888],[121.5434261,25.0018071],[121.5433158,25.0016184],[121.5432326,25.0015251],[121.5431814,25.0014857],[121.5431321,25.0014629],[121.5430608,25.0014502],[121.543003,25.0014647],[121.5429727,25.0015],[121.5428256,25.0017637],[121.5427418,25.0018482],[121.5426081,25.001938],[121.5421583,25.0021021],[121.5419452,25.0021434],[121.5417108,25.0024639],[121.5413884,25.0030584],[121.5413873,25.0030946],[121.5414145,25.0031265],[121.5414999,25.0032426],[121.5415338,25.0034372],[121.5414067,25.0035886],[121.5412578,25.0036831],[121.5411428,25.0038569],[121.541154,25.0042587],[121.5411073,25.0043769],[121.5411325,25.0044619],[121.5412056,25.0045415],[121.5413189,25.0047226],[121.5414269,25.0051595],[121.5414087,25.0052659],[121.5413169,25.0054021],[121.5412284,25.0054567],[121.540828,25.0054148],[121.5393623,25.0053666],[121.5393001,25.0053929]]}},{"type":"Feature","properties":{"kind":"water_line","osm_id":760887607,"name":"基隆河"},"geometry":{"type":"LineString","coordinates":[[121.579893,25.0529154],[121.5788475,25.0526857],[121.5748578,25.0518224],[121.5741998,25.0517617],[121.5736067,25.0517883],[121.5730868,25.05192],[121.5726843,25.0520883],[121.5720439,25.0527361],[121.5718732,25.0530207],[121.5717389,25.0534086],[121.5716817,25.0539931],[121.5717099,25.0550262],[121.5712504,25.059296],[121.5700038,25.0626728],[121.5695432,25.0636132],[121.5695798,25.0645911],[121.5713627,25.0674263],[121.5720125,25.0697425],[121.5719613,25.0720865],[121.5714911,25.0737583],[121.5712621,25.0740969]]}},{"type":"Feature","properties":{"kind":"bridge","osm_id":24774635,"name":"水源快速道路"},"geometry":{"type":"LineString","coordinates":[[121.5356518,24.9962505],[121.5356371,24.9966322],[121.5355875,24.9970455],[121.5355392,24.9973919],[121.5355003,24.9977042],[121.5354788,24.997889],[121.5354306,24.9981795],[121.5353997,24.998408],[121.535343,24.9991212]]}},{"type":"Feature","properties":{"kind":"bridge","osm_id":25717056,"name":"永福橋"},"geometry":{"type":"LineString","coordinates":[[121.5281945,25.0116527],[121.5284741,25.0119514],[121.5298332,25.0132354]]}},{"type":"Feature","properties":{"kind":"bridge","osm_id":28875828,"name":"水源快速道路"},"geometry":{"type":"LineString","coordinates":[[121.5335688,25.0075226],[121.5332441,25.0080753],[121.5328171,25.0086325],[121.5326951,25.0087478],[121.5325703,25.0088682],[121.5324536,25.0089788],[121.5322015,25.0091915],[121.5319829,25.0093592],[121.5318434,25.0094589],[121.5317107,25.0095524],[121.5315337,25.0096545],[121.5313593,25.0097542],[121.5311447,25.0098684],[121.5309435,25.009962],[121.5306062,25.0100958],[121.530051,25.0103011],[121.5297157,25.0104348],[121.5294151,25.0105783],[121.5292169,25.0107107],[121.5290432,25.0108519],[121.5288212,25.0110741],[121.5286335,25.0113037],[121.5281021,25.0120983],[121.5279107,25.0123721],[121.5276853,25.0127118],[121.5272012,25.013478],[121.5267063,25.0141914],[121.5263396,25.0147237],[121.5258481,25.0154322]]}},{"type":"Feature","properties":{"kind":"bridge","osm_id":28875831,"name":"基隆路入口匝道"},"geometry":{"type":"LineString","coordinates":[[121.5339773,25.008585],[121.533911,25.0072997],[121.5339374,25.0069367]]}},{"type":"Feature","properties":{"kind":"bridge","osm_id":29563995,"name":"中正橋入口匝道"},"geometry":{"type":"LineString","coordinates":[[121.5154991,25.0188523],[121.5154799,25.0186707],[121.5154421,25.018559],[121.5153773,25.018458],[121.5152751,25.0183881],[121.5151784,25.0183426]]}},{"type":"Feature","properties":{"kind":"bridge","osm_id":31280020,"name":"市民大道入口匝道"},"geometry":{"type":"LineString","coordinates":[[121.5598717,25.0459625],[121.5589078,25.0455259],[121.5584344,25.0453533],[121.5578445,25.0451676]]}},{"type":"Feature","properties":{"kind":"bridge","osm_id":48776357,"name":"光復南路出口匝道"},"geometry":{"type":"LineString","coordinates":[[121.551364,25.0445147],[121.5530488,25.0443937],[121.553334,25.0443925]]}},{"type":"Feature","properties":{"kind":"bridge","osm_id":48776359,"name":"市民大道高架道路"},"geometry":{"type":"LineString","coordinates":[[121.551364,25.0445147],[121.552374,25.0443983],[121.5528463,25.044356],[121.5532017,25.0443184],[121.5535169,25.0443147],[121.5539165,25.044333],[121.5542719,25.0443743],[121.5546581,25.0444423],[121.5551637,25.0445468],[121.5555433,25.0446367],[121.5565368,25.0448163],[121.5571352,25.0449465],[121.5579129,25.0451298],[121.5582168,25.045127],[121.5585232,25.045161],[121.5587459,25.0451732],[121.5589877,25.0451773],[121.5604212,25.0451678],[121.5613838,25.0451409],[121.5619484,25.0450948],[121.5623279,25.0450535],[121.5630867,25.0449198]]}},{"type":"Feature","properties":{"kind":"bridge","osm_id":48776360,"name":"市民大道高架道路"},"geometry":{"type":"LineString","coordinates":[[121.5423394,25.0447574],[121.541796,25.0447118],[121.5412892,25.04468],[121.540993,25.0446738],[121.5407125,25.0446751],[121.5403241,25.0446914],[121.5399173,25.0447085],[121.539605,25.0447249],[121.5394346,25.044734],[121.5389597,25.044751],[121.5379411,25.0447743],[121.5375361,25.044782],[121.5366679,25.0448245],[121.5358171,25.0448727],[121.5355159,25.0448998],[121.5352304,25.0449359],[121.5350338,25.0449654],[121.5346443,25.0450306],[121.5342338,25.0451319],[121.533827,25.0452457],[121.5314824,25.0458968],[121.5307175,25.0461239],[121.5299589,25.0463323],[121.529538,25.0464508],[121.5290759,25.0465838],[121.5281785,25.046853],[121.5275491,25.0470455],[121.5269873,25.0472018],[121.5266591,25.0473025]]}},{"type":"Feature","properties":{"kind":"bridge","osm_id":48776372,"name":"市民大道高架道路"},"geometry":{"type":"LineString","coordinates":[[121.5266128,25.0471992],[121.5269455,25.0471009],[121.5274438,25.04691],[121.5280713,25.0467108],[121.5291343,25.0463864],[121.5301295,25.0461268],[121.5305701,25.0460273],[121.5310069,25.0459052],[121.5313183,25.0458402],[121.5315752,25.0457791],[121.5326688,25.0454666],[121.5337988,25.0451473],[121.5345196,25.0449839],[121.5348353,25.0449217],[121.5351312,25.0448721],[121.5353457,25.0448405],[121.5357037,25.0448069],[121.5361075,25.044778],[121.5377295,25.0446916],[121.5381297,25.0446629],[121.538502,25.0446327],[121.5392578,25.0445781],[121.5402354,25.044527],[121.5409328,25.0445076],[121.5413059,25.044519],[121.541561,25.044542],[121.5418631,25.0445763],[121.5423481,25.0446409]]}},{"type":"Feature","properties":{"kind":"bridge","osm_id":48793390,"name":"麥帥二橋"},"geometry":{"type":"LineString","coordinates":[[121.5729877,25.0601526],[121.573191,25.0590505],[121.5732385,25.058529],[121.573227,25.0582865],[121.5731841,25.0580629],[121.5730706,25.0577744],[121.5729397,25.0575631],[121.5727747,25.0573584],[121.572546,25.0571276],[121.5704682,25.0551383],[121.570206,25.0548691],[121.5700616,25.054653],[121.569982,25.0544941],[121.5699414,25.0543698],[121.5699095,25.0542033],[121.5699016,25.0540199],[121.5699171,25.053846],[121.5701228,25.052607]]}},{"type":"Feature","properties":{"kind":"bridge","osm_id":48793392,"name":"健康路出口匝道"},"geometry":{"type":"LineString","coordinates":[[121.5704682,25.0551383],[121.5703119,25.0550573],[121.5699799,25.0547564],[121.5698039,25.0546378],[121.5696451,25.0545665],[121.5694636,25.0545169],[121.5692436,25.0544925],[121.5675603,25.0543725]]}},{"type":"Feature","properties":{"kind":"bridge","osm_id":48793396,"name":"麥帥二橋"},"geometry":{"type":"LineString","coordinates":[[121.5698153,25.050131],[121.5698368,25.0502477],[121.5702104,25.0508815],[121.5703098,25.0510962],[121.5703739,25.0512878],[121.5704041,25.0514589],[121.5704047,25.0516692],[121.5703852,25.0518982]]}},{"type":"Feature","properties":{"kind":"bridge","osm_id":48793398,"name":"麥帥二橋"},"geometry":{"type":"LineString","coordinates":[[121.5703852,25.0518982],[121.5700408,25.0538529],[121.5700199,25.0540786],[121.5700297,25.0543095],[121.5700834,25.054498],[121.5701514,25.0546399],[121.5702295,25.0547636],[121.5703707,25.0549346],[121.5723524,25.0568396],[121.5727521,25.0572262],[121.5729366,25.0574252],[121.573066,25.0576022],[121.5731888,25.0578501],[121.5732707,25.0580963],[121.5733192,25.0583539],[121.5733185,25.0586262],[121.5732696,25.0590337],[121.5730642,25.0601592]]}},{"type":"Feature","properties":{"kind":"bridge","osm_id":48793401,"name":"正氣橋"},"geometry":{"type":"LineString","coordinates":[[121.5711987,25.0517166],[121.5708922,25.051531],[121.5708062,25.0514688],[121.5707155,25.0513928],[121.5706028,25.0512839],[121.5705363,25.0512069],[121.5704911,25.0511428],[121.5701976,25.0506923],[121.5699292,25.0502328],[121.5697248,25.0499802]]}},{"type":"Feature","properties":{"kind":"bridge","osm_id":48793403,"name":"麥帥一橋"},"geometry":{"type":"LineString","coordinates":[[121.5677968,25.0513569],[121.5701306,25.051297],[121.5703937,25.0512994],[121.5706313,25.0513317],[121.5708044,25.0513805],[121.5709867,25.0514642],[121.575717,25.0539964]]}},{"type":"Feature","properties":{"kind":"bridge","osm_id":48793405,"name":"市民大道高架道路"},"geometry":{"type":"LineString","coordinates":[[121.5665807,25.0453606],[121.5667258,25.0454313],[121.5668465,25.0455051],[121.5669517,25.0455802],[121.5670344,25.0456532],[121.5671141,25.0457367]]}},{"type":"Feature","properties":{"kind":"bridge","osm_id":48793406,"name":"永吉路出口匝道"},"geometry":{"type":"LineString","coordinates":[[121.5646086,25.0447481],[121.56471,25.0447854],[121.5648962,25.0448192],[121.5650424,25.0448561],[121.5652154,25.0449156],[121.5656139,25.0450644],[121.5657335,25.0451327]]}},{"type":"Feature","properties":{"kind":"bridge","osm_id":48794890,"name":"忠孝東路出口匝道"},"geometry":{"type":"LineString","coordinates":[[121.5365679,25.0444322],[121.5364481,25.0440058],[121.5364773,25.0434556],[121.5364869,25.0432419],[121.5365215,25.043006],[121.5365754,25.0427389],[121.5366223,25.0425567],[121.536676,25.0423708],[121.5367535,25.042153]]}},{"type":"Feature","properties":{"kind":"bridge","osm_id":49073263,"name":"建國南路入口匝道"},"geometry":{"type":"LineString","coordinates":[[121.5414005,25.0445955],[121.5423481,25.0446409]]}},{"type":"Feature","properties":{"kind":"bridge","osm_id":49073265,"name":""},"geometry":{"type":"LineString","coordinates":[[121.5389175,25.0446605],[121.5399843,25.0446132],[121.5403929,25.0445973],[121.5404562,25.0445958],[121.5408004,25.0445876],[121.5411432,25.0445894],[121.5414005,25.0445955]]}},{"type":"Feature","properties":{"kind":"bridge","osm_id":49073277,"name":"建國南路出口匝道"},"geometry":{"type":"LineString","coordinates":[[121.5423394,25.0447574],[121.5414005,25.0445955]]}},{"type":"Feature","properties":{"kind":"bridge","osm_id":49073297,"name":"忠孝東路入口匝道"},"geometry":{"type":"LineString","coordinates":[[121.5371536,25.0420022],[121.5370153,25.0423853],[121.5369214,25.0427183],[121.5368612,25.0429827],[121.5368075,25.0433873],[121.5367751,25.0438586],[121.5366887,25.0444713]]}},{"type":"Feature","properties":{"kind":"bridge","osm_id":49695619,"name":"辛亥路出口匝道"},"geometry":{"type":"LineString","coordinates":[[121.5318987,25.0218154],[121.5321471,25.0219601],[121.5323838,25.0220701],[121.5326661,25.0221764],[121.5329357,25.0222446],[121.5331314,25.022281],[121.5332979,25.022298],[121.5335231,25.0223089],[121.5337793,25.0223127],[121.5341682,25.0223163],[121.5366403,25.0223779]]}},{"type":"Feature","properties":{"kind":"bridge","osm_id":49695689,"name":"建國快速道路"},"geometry":{"type":"LineString","coordinates":[[121.5375289,25.0240355],[121.5375266,25.0235602],[121.5375052,25.0233219],[121.5374693,25.0231796],[121.5374162,25.0230498],[121.5373539,25.0229524],[121.5372862,25.0228642],[121.5371948,25.022769],[121.5370838,25.0226927],[121.5369918,25.0226382],[121.536875,25.0225836],[121.536764,25.0225487],[121.536658,25.0225232],[121.536558,25.0225105],[121.5362094,25.0224959],[121.535033,25.0224723],[121.5337394,25.0224533],[121.5331547,25.0224277],[121.5329106,25.0223876],[121.5325626,25.0222898],[121.5323107,25.0222093],[121.5319483,25.0220528],[121.5317871,25.0219417],[121.5314059,25.0216463],[121.5306683,25.0210275]]}},{"type":"Feature","properties":{"kind":"bridge","osm_id":49695698,"name":"建國快速道路"},"geometry":{"type":"LineString","coordinates":[[121.5377702,25.024012],[121.5377074,25.0248692]]}},{"type":"Feature","properties":{"kind":"bridge","osm_id":49695699,"name":"建國快速道路"},"geometry":{"type":"LineString","coordinates":[[121.5376028,25.0248686],[121.5375289,25.0240355]]}},{"type":"Feature","properties":{"kind":"bridge","osm_id":49710766,"name":"南京東路出口匝道"},"geometry":{"type":"LineString","coordinates":[[121.5368096,25.0485636],[121.536914,25.0494188],[121.5369355,25.0510711],[121.5370293,25.0514945]]}},{"type":"Feature","properties":{"kind":"bridge","osm_id":49710833,"name":"長安東路出口匝道"},"geometry":{"type":"LineString","coordinates":[[121.5367272,25.045687],[121.5368604,25.0464834],[121.5368959,25.0476988]]}},{"type":"Feature","properties":{"kind":"bridge","osm_id":49710834,"name":"長安東路入口匝道"},"geometry":{"type":"LineString","coordinates":[[121.5365634,25.0477172],[121.5365283,25.0465219],[121.536608,25.0456861]]}},{"type":"Feature","properties":{"kind":"bridge","osm_id":49749167,"name":"辛亥路入口匝道"},"geometry":{"type":"LineString","coordinates":[[121.5366099,25.0225997],[121.5364239,25.022586],[121.5350856,25.0225481],[121.533507,25.0225141],[121.5332912,25.0225007],[121.5331302,25.0224873],[121.5329012,25.0224532],[121.532616,25.0223761],[121.5323576,25.0222846],[121.5319483,25.0220528]]}},{"type":"Feature","properties":{"kind":"bridge","osm_id":49774428,"name":"台北聯絡線"},"geometry":{"type":"LineString","coordinates":[[121.578192,25.0053081],[121.577383,25.0058934],[121.5770391,25.0061378],[121.5767255,25.0063375],[121.5764599,25.006496],[121.5761346,25.0066655],[121.5758097,25.0068221],[121.5754817,25.006965],[121.5751281,25.0071002],[121.5748062,25.0072074],[121.5744742,25.0073019],[121.5742708,25.0073568]]}},{"type":"Feature","properties":{"kind":"bridge","osm_id":49774468,"name":"台北聯絡線"},"geometry":{"type":"LineString","coordinates":[[121.5605529,25.0134275],[121.5609233,25.0132033],[121.5611469,25.0130446],[121.5613801,25.0128636],[121.5615691,25.0126886],[121.5617451,25.0125057],[121.5619039,25.0123176],[121.5620491,25.012138]]}},{"type":"Feature","properties":{"kind":"bridge","osm_id":49774469,"name":"台北聯絡線"},"geometry":{"type":"LineString","coordinates":[[121.5621276,25.012205],[121.5619814,25.0123874],[121.5618204,25.012574],[121.5616444,25.01275],[121.561453,25.0129368],[121.5612146,25.0131482],[121.5610058,25.0133117],[121.5606618,25.0135382]]}},{"type":"Feature","properties":{"kind":"bridge","osm_id":49774475,"name":"台北聯絡線"},"geometry":{"type":"LineString","coordinates":[[121.5534442,25.0143289],[121.5533138,25.0143725],[121.5527974,25.0145773],[121.5523288,25.0148094],[121.5518245,25.0151108],[121.5516508,25.015225]]}},{"type":"Feature","properties":{"kind":"bridge","osm_id":50159996,"name":""},"geometry":{"type":"LineString","coordinates":[[121.5657335,25.0451327],[121.5669658,25.0456015],[121.5670397,25.0456273],[121.5671127,25.0456512],[121.5671802,25.04567],[121.567237,25.0456857],[121.567326,25.0457106],[121.5673943,25.0457206],[121.5674786,25.0457267],[121.5675552,25.0457321],[121.5677977,25.0457272],[121.5686377,25.045707]]}},{"type":"Feature","properties":{"kind":"bridge","osm_id":50159997,"name":"永吉路入口匝道"},"geometry":{"type":"LineString","coordinates":[[121.5657335,25.0451327],[121.5655708,25.045088],[121.5652273,25.044961],[121.5650322,25.0449035],[121.5648466,25.0448543],[121.5647066,25.0448289],[121.5645688,25.0448443]]}},{"type":"Feature","properties":{"kind":"bridge","osm_id":50212704,"name":"敦化南路入口匝道"},"geometry":{"type":"LineString","coordinates":[[121.5469353,25.0193789],[121.5458453,25.0185718]]}},{"type":"Feature","properties":{"kind":"bridge","osm_id":50212705,"name":"敦化南路出口匝道"},"geometry":{"type":"LineString","coordinates":[[121.5459511,25.0185086],[121.5469353,25.0193789]]}},{"type":"Feature","properties":{"kind":"bridge","osm_id":50212706,"name":""},"geometry":{"type":"LineString","coordinates":[[121.5469353,25.0193789],[121.5481081,25.0203992]]}},{"type":"Feature","properties":{"kind":"bridge","osm_id":50289494,"name":"新生高架道路"},"geometry":{"type":"LineString","coordinates":[[121.527571,25.053905],[121.5276732,25.0592365],[121.5278077,25.0648808],[121.5278172,25.0650521],[121.5279596,25.0708558],[121.5279474,25.0709869],[121.5279255,25.0711176]]}},{"type":"Feature","properties":{"kind":"bridge","osm_id":50289495,"name":"新生高架道路"},"geometry":{"type":"LineString","coordinates":[[121.5278731,25.0709257],[121.5278839,25.0707799],[121.5278517,25.0694291],[121.5277597,25.0657775],[121.5277376,25.0640181],[121.5275748,25.0592416],[121.5275488,25.0574504],[121.527516,25.0553495],[121.5275083,25.0544324],[121.5274891,25.0535766],[121.5275081,25.0532069],[121.5275496,25.0527881],[121.5276204,25.0523251],[121.5276615,25.0521142],[121.5277161,25.0518706],[121.5278949,25.0512343],[121.5279078,25.0511959],[121.5283308,25.0501457],[121.528561,25.0497003],[121.5288154,25.0492759],[121.5291012,25.0488515],[121.5292905,25.0485946],[121.5294179,25.0484382],[121.5297245,25.0480869]]}},{"type":"Feature","properties":{"kind":"bridge","osm_id":50752665,"name":""},"geometry":{"type":"LineString","coordinates":[[121.5269742,25.0035782],[121.5271615,25.0055165]]}},{"type":"Feature","properties":{"kind":"bridge","osm_id":50752696,"name":"福和橋"},"geometry":{"type":"LineString","coordinates":[[121.5251198,25.0046295],[121.5265025,25.0054583],[121.5274453,25.0059955],[121.5278952,25.006224]]}},{"type":"Feature","properties":{"kind":"bridge","osm_id":50752698,"name":"辛亥路出口匝道"},"geometry":{"type":"LineString","coordinates":[[121.541547,25.0147946],[121.5418659,25.0151354],[121.5422336,25.0154619],[121.5437598,25.0167294]]}},{"type":"Feature","properties":{"kind":"bridge","osm_id":51268667,"name":"塔悠路入口匝道"},"geometry":{"type":"LineString","coordinates":[[121.5703344,25.0517803],[121.5700125,25.0536801],[121.5699733,25.0539496],[121.5699658,25.0541446],[121.5700297,25.0543095]]}},{"type":"Feature","properties":{"kind":"bridge","osm_id":51285121,"name":"長春路出口匝道"},"geometry":{"type":"LineString","coordinates":[[121.527477,25.0567174],[121.5274489,25.0553428]]}},{"type":"Feature","properties":{"kind":"bridge","osm_id":51289044,"name":""},"geometry":{"type":"LineString","coordinates":[[121.5291398,25.0490352],[121.5289119,25.0493839],[121.5287755,25.0496091],[121.5286396,25.0498619],[121.5282782,25.0506128]]}},{"type":"Feature","properties":{"kind":"bridge","osm_id":51289047,"name":"長安東路出口匝道"},"geometry":{"type":"LineString","coordinates":[[121.5309978,25.046698],[121.5310112,25.0467746],[121.5310098,25.0468438],[121.5310031,25.046904],[121.5309921,25.0469526],[121.5309676,25.04702],[121.5309394,25.0470765],[121.5309059,25.047136],[121.5308614,25.0471938],[121.5307381,25.0473098],[121.5304061,25.0475965],[121.530089,25.0478896]]}},{"type":"Feature","properties":{"kind":"bridge","osm_id":51289048,"name":"長安東路出口匝道"},"geometry":{"type":"LineString","coordinates":[[121.5280754,25.0505495],[121.528301,25.0500557],[121.5283975,25.0498655],[121.5285041,25.0496672],[121.5286312,25.0494446],[121.5288267,25.0491214]]}},{"type":"Feature","properties":{"kind":"bridge","osm_id":51362361,"name":"新生高架道路"},"geometry":{"type":"LineString","coordinates":[[121.5293576,25.0413296],[121.5298961,25.0430094],[121.5299689,25.0432614],[121.530634,25.0456455],[121.530692,25.0458481],[121.5308122,25.0462036],[121.5308842,25.0464253]]}},{"type":"Feature","properties":{"kind":"bridge","osm_id":51362366,"name":"新生南路入口匝道"},"geometry":{"type":"LineString","coordinates":[[121.527671,25.0469283],[121.5269873,25.0472018]]}},{"type":"Feature","properties":{"kind":"bridge","osm_id":51362367,"name":"新生南路出口匝道"},"geometry":{"type":"LineString","coordinates":[[121.5269455,25.0471009],[121.527671,25.0469283]]}},{"type":"Feature","properties":{"kind":"bridge","osm_id":51362368,"name":""},"geometry":{"type":"LineString","coordinates":[[121.5298469,25.0462907],[121.5306452,25.0460768]]}},{"type":"Feature","properties":{"kind":"bridge","osm_id":51362369,"name":"市民大道高架道路"},"geometry":{"type":"LineString","coordinates":[[121.5266591,25.0473025],[121.5261058,25.0474696],[121.5259431,25.0475125],[121.525748,25.0475625],[121.5255743,25.0476062],[121.5254172,25.047642],[121.5251867,25.0476913],[121.5249619,25.0477357],[121.524663,25.0477885],[121.5243329,25.047834],[121.5240669,25.0478626],[121.5237649,25.0478845],[121.5217318,25.0480011],[121.5214746,25.0480236],[121.5212272,25.0480459],[121.5210333,25.0480728],[121.5208161,25.0481098],[121.5204339,25.0481857],[121.5201241,25.0482435],[121.5197406,25.0483089],[121.5184518,25.0485155]]}},{"type":"Feature","properties":{"kind":"bridge","osm_id":51362381,"name":"八德路出口匝道"},"geometry":{"type":"LineString","coordinates":[[121.5305448,25.0458299],[121.5301191,25.0442503]]}},{"type":"Feature","properties":{"kind":"bridge","osm_id":51362398,"name":"八德路入口匝道"},"geometry":{"type":"LineString","coordinates":[[121.5302365,25.0440232],[121.5304026,25.0445955],[121.5305126,25.0449643],[121.5307018,25.0456289]]}},{"type":"Feature","properties":{"kind":"bridge","osm_id":51362403,"name":""},"geometry":{"type":"LineString","coordinates":[[121.527671,25.0469283],[121.5282258,25.0467812],[121.5287664,25.046615],[121.5298469,25.0462907]]}},{"type":"Feature","properties":{"kind":"bridge","osm_id":51362434,"name":"長安東路入口匝道"},"geometry":{"type":"LineString","coordinates":[[121.5297517,25.0479428],[121.5302774,25.0474215],[121.5306428,25.0471275]]}},{"type":"Feature","properties":{"kind":"bridge","osm_id":51812997,"name":"環東大道"},"geometry":{"type":"LineString","coordinates":[[121.576685,25.0546688],[121.574742,25.0536288]]}},{"type":"Feature","properties":{"kind":"bridge","osm_id":51813000,"name":"堤頂大道出口匝道"},"geometry":{"type":"LineString","coordinates":[[121.5767856,25.0549682],[121.5765262,25.0549451],[121.5762963,25.054946],[121.5760258,25.0549761],[121.5757356,25.0550381],[121.5754523,25.0551293],[121.575157,25.0552561],[121.5749063,25.0553891],[121.5746521,25.0555707],[121.574418,25.0557784],[121.5741834,25.056025],[121.5740124,25.056244]]}},{"type":"Feature","properties":{"kind":"bridge","osm_id":51813001,"name":"麥帥一橋"},"geometry":{"type":"LineString","coordinates":[[121.5756351,25.0541077],[121.5742729,25.0533664],[121.5708109,25.0515103],[121.5705912,25.0514176],[121.5703943,25.0513594],[121.5701446,25.0513337],[121.5698506,25.051328],[121.5676963,25.0513731]]}},{"type":"Feature","properties":{"kind":"bridge","osm_id":51813007,"name":"環東大道出口匝道"},"geometry":{"type":"LineString","coordinates":[[121.5739776,25.0561924],[121.574156,25.055967],[121.574349,25.0557599],[121.5746207,25.0555187],[121.5749009,25.0553238],[121.575192,25.0551613],[121.5754655,25.0550452],[121.5756935,25.05497],[121.5759285,25.0549154],[121.576185,25.0548752],[121.5763858,25.0548644],[121.5766114,25.0548698],[121.5768253,25.0548895],[121.5770567,25.0549245],[121.5773021,25.0549846],[121.577532,25.0550643],[121.5778109,25.0551866],[121.579823,25.0562638]]}},{"type":"Feature","properties":{"kind":"bridge","osm_id":51911176,"name":"重慶北路出口匝道"},"geometry":{"type":"LineString","coordinates":[[121.5184518,25.0485155],[121.5176828,25.0485645]]}},{"type":"Feature","properties":{"kind":"bridge","osm_id":51911177,"name":"重慶北路入口匝道"},"geometry":{"type":"LineString","coordinates":[[121.5176828,25.0485645],[121.5184222,25.0483928]]}},{"type":"Feature","properties":{"kind":"bridge","osm_id":51911178,"name":""},"geometry":{"type":"LineString","coordinates":[[121.5176828,25.0485645],[121.5155827,25.048901],[121.5146828,25.0491209]]}},{"type":"Feature","properties":{"kind":"bridge","osm_id":51919155,"name":"市民大道高架道路"},"geometry":{"type":"LineString","coordinates":[[121.5103681,25.0501216],[121.5107989,25.0500637],[121.5114641,25.0499471],[121.5119576,25.0498402],[121.5122795,25.049743],[121.5130412,25.0494805],[121.5145218,25.049082],[121.5153265,25.0488876],[121.5177083,25.0484794]]}},{"type":"Feature","properties":{"kind":"bridge","osm_id":59412462,"name":""},"geometry":{"type":"LineString","coordinates":[[121.5354181,25.0139353],[121.5351781,25.0137317],[121.5351259,25.0136875]]}},{"type":"Feature","properties":{"kind":"bridge","osm_id":78138167,"name":""},"geometry":{"type":"LineString","coordinates":[[121.5774269,25.0549872],[121.575132,25.0537564]]}},{"type":"Feature","properties":{"kind":"bridge","osm_id":126531702,"name":"高架棧道"},"geometry":{"type":"LineString","coordinates":[[121.5529842,25.0170635],[121.5529838,25.0170357],[121.5529496,25.0169476],[121.5529201,25.0169215],[121.5528694,25.0168856],[121.5528239,25.01686]]}},{"type":"Feature","properties":{"kind":"bridge","osm_id":136814871,"name":""},"geometry":{"type":"LineString","coordinates":[[121.5633294,25.0348678],[121.5631771,25.034871]]}},{"type":"Feature","properties":{"kind":"bridge","osm_id":136814879,"name":"人行空橋"},"geometry":{"type":"LineString","coordinates":[[121.5633294,25.0348678],[121.5636557,25.0348642],[121.5636533,25.0346862],[121.5641227,25.0346773],[121.5641195,25.0345428]]}},{"type":"Feature","properties":{"kind":"bridge","osm_id":136847471,"name":"人行空橋"},"geometry":{"type":"LineString","coordinates":[[121.5632267,25.0335671],[121.5632646,25.0335663],[121.5636383,25.0335588],[121.5636413,25.0336885],[121.5638634,25.0336843]]}},{"type":"Feature","properties":{"kind":"bridge","osm_id":137954844,"name":"仁愛路出口匝道"},"geometry":{"type":"LineString","coordinates":[[121.5373,25.0410772],[121.5373986,25.0406274],[121.5375261,25.0403],[121.5376373,25.039937],[121.5377093,25.0396273],[121.53776,25.0392421],[121.5377464,25.0386577]]}},{"type":"Feature","properties":{"kind":"bridge","osm_id":137954845,"name":"仁愛路入口匝道"},"geometry":{"type":"LineString","coordinates":[[121.5380391,25.0385629],[121.5380391,25.0390936],[121.5380023,25.0395326],[121.5379328,25.039927],[121.5379042,25.0400493],[121.5377652,25.040416],[121.5375683,25.0407428]]}},{"type":"Feature","properties":{"kind":"bridge","osm_id":138265874,"name":"信義路入口匝道"},"geometry":{"type":"LineString","coordinates":[[121.5724354,25.0328121],[121.5723076,25.0327954],[121.5721644,25.0327747],[121.5720554,25.0327541],[121.5720032,25.0327425],[121.5719572,25.0327288],[121.5719022,25.0327103],[121.571828,25.0326787],[121.5717653,25.0326457],[121.5717079,25.0326053],[121.571657,25.0325584],[121.5716135,25.0325058],[121.5715843,25.0324599],[121.5715607,25.0324114],[121.571543,25.032361],[121.5715314,25.032309],[121.5715215,25.0321531]]}},{"type":"Feature","properties":{"kind":"bridge","osm_id":159933546,"name":"舊宗路出口匝道"},"geometry":{"type":"LineString","coordinates":[[121.5747935,25.0534943],[121.575132,25.0537564]]}},{"type":"Feature","properties":{"kind":"bridge","osm_id":159933549,"name":"舊宗路入口匝道"},"geometry":{"type":"LineString","coordinates":[[121.575132,25.0537564],[121.574742,25.0536288]]}},{"type":"Feature","properties":{"kind":"bridge","osm_id":160053377,"name":"市民大道高架道路"},"geometry":{"type":"LineString","coordinates":[[121.5633641,25.044958],[121.5627878,25.0450582],[121.5622407,25.0451456],[121.5616399,25.045204],[121.5609961,25.0452331],[121.5589981,25.0452648],[121.5585109,25.0452537],[121.5581354,25.0452051],[121.5578445,25.0451676],[121.5574118,25.0451052],[121.5556597,25.0447604],[121.555024,25.0446413],[121.5549892,25.0446353],[121.5544554,25.0445441],[121.5539726,25.0444955],[121.5534576,25.0444664],[121.5529855,25.0444858],[121.5524705,25.0445247],[121.5517839,25.044583],[121.5495706,25.0448561],[121.5473054,25.045099],[121.5468384,25.0451507],[121.546465,25.0451589],[121.5460904,25.0451563],[121.5454434,25.0450811]]}},{"type":"Feature","properties":{"kind":"bridge","osm_id":160053381,"name":"基隆路入口匝道"},"geometry":{"type":"LineString","coordinates":[[121.5661245,25.0438715],[121.5668219,25.045029],[121.5673952,25.0459887],[121.568421,25.047706],[121.5684772,25.047884]]}},{"type":"Feature","properties":{"kind":"bridge","osm_id":160053390,"name":"市民大道高架道路"},"geometry":{"type":"LineString","coordinates":[[121.5671141,25.0457367],[121.5671835,25.0458178],[121.5673591,25.0460951],[121.5683449,25.0477516],[121.5684772,25.047884]]}},{"type":"Feature","properties":{"kind":"bridge","osm_id":160185688,"name":"基隆路出口匝道"},"geometry":{"type":"LineString","coordinates":[[121.5684902,25.0479042],[121.5684339,25.0477275],[121.5673846,25.0459682]]}},{"type":"Feature","properties":{"kind":"bridge","osm_id":190276603,"name":"糶米古道"},"geometry":{"type":"LineString","coordinates":[[121.5731394,25.0153344],[121.573056,25.0152549]]}},{"type":"Feature","properties":{"kind":"bridge","osm_id":190463121,"name":"基隆路入口匝道"},"geometry":{"type":"LineString","coordinates":[[121.5324707,25.0087581],[121.5329511,25.0089738],[121.5331484,25.0090465],[121.5332871,25.0090828],[121.5334125,25.0091135]]}},{"type":"Feature","properties":{"kind":"bridge","osm_id":191350733,"name":""},"geometry":{"type":"LineString","coordinates":[[121.5376641,25.0198371],[121.5376991,25.0198594]]}},{"type":"Feature","properties":{"kind":"bridge","osm_id":193253422,"name":"福和橋"},"geometry":{"type":"LineString","coordinates":[[121.5320233,25.0085575],[121.5322616,25.0087298],[121.5324349,25.0088239],[121.5327765,25.0090155],[121.5341283,25.0097788],[121.5353483,25.0105126]]}},{"type":"Feature","properties":{"kind":"bridge","osm_id":193253423,"name":"基隆路入口匝道"},"geometry":{"type":"LineString","coordinates":[[121.5334125,25.0091135],[121.5335217,25.0091133],[121.5336853,25.0090817],[121.5337809,25.0090477],[121.5338416,25.0089896],[121.5338969,25.0089262],[121.5339459,25.0088676],[121.5339743,25.0088005],[121.5339768,25.0087276],[121.5339454,25.0085615],[121.5339031,25.0084636],[121.5338673,25.0083957],[121.5337683,25.008305],[121.5336617,25.0082562],[121.5335123,25.0082067],[121.5333307,25.0082191],[121.5331863,25.0082795],[121.533075,25.0083622],[121.5328171,25.0086325]]}},{"type":"Feature","properties":{"kind":"bridge","osm_id":193253429,"name":""},"geometry":{"type":"LineString","coordinates":[[121.5319145,25.0095754],[121.5321997,25.0093778]]}},{"type":"Feature","properties":{"kind":"bridge","osm_id":193253432,"name":"基隆路入口匝道"},"geometry":{"type":"LineString","coordinates":[[121.538582,25.0123238],[121.538149,25.0119734],[121.5373485,25.0113466],[121.5372883,25.0113054],[121.5372227,25.0112642],[121.5371762,25.0112424],[121.537118,25.011218]]}},{"type":"Feature","properties":{"kind":"bridge","osm_id":193253437,"name":""},"geometry":{"type":"LineString","coordinates":[[121.5339768,25.0087276],[121.5339773,25.008585]]}},{"type":"Feature","properties":{"kind":"bridge","osm_id":193253438,"name":"福和橋"},"geometry":{"type":"LineString","coordinates":[[121.5352534,25.01064],[121.5349818,25.0104814],[121.534542,25.0101726],[121.5340908,25.0098553]]}},{"type":"Feature","properties":{"kind":"bridge","osm_id":198876038,"name":"景福街出口匝道"},"geometry":{"type":"LineString","coordinates":[[121.5352996,25.0003305],[121.5353822,24.9996681],[121.5354051,24.9991701],[121.5354808,24.9986778],[121.5355667,24.9981394],[121.5356566,24.9972073]]}},{"type":"Feature","properties":{"kind":"bridge","osm_id":204711168,"name":""},"geometry":{"type":"LineString","coordinates":[[121.5165803,25.0484614],[121.5166007,25.0485588],[121.5167068,25.0489255]]}},{"type":"Feature","properties":{"kind":"bridge","osm_id":204711191,"name":"市民大道高架道路"},"geometry":{"type":"LineString","coordinates":[[121.5164157,25.0488374],[121.5157342,25.0489654],[121.5148222,25.0491598],[121.5139854,25.0493153],[121.5133524,25.0494708],[121.5124297,25.0497916],[121.5120113,25.0499179],[121.5116036,25.0500151],[121.5110671,25.0501123],[121.5106354,25.0501917],[121.5103268,25.0502484]]}},{"type":"Feature","properties":{"kind":"bridge","osm_id":204711194,"name":"市民大道高架道路"},"geometry":{"type":"LineString","coordinates":[[121.5184222,25.0483928],[121.5195635,25.0482226],[121.5199592,25.0481619],[121.5205459,25.0480515],[121.5208074,25.0480029],[121.5211112,25.047953],[121.521372,25.0479185],[121.5216984,25.0478923],[121.5239628,25.0477593],[121.5243144,25.0477295],[121.5246944,25.0476749],[121.5249284,25.0476366],[121.5251975,25.0475807],[121.5255071,25.0475103],[121.5258472,25.0474228],[121.5261548,25.0473383],[121.5266128,25.0471992]]}},{"type":"Feature","properties":{"kind":"bridge","osm_id":204711199,"name":"市民大道高架道路"},"geometry":{"type":"LineString","coordinates":[[121.5176198,25.0486556],[121.5164157,25.0488374]]}},{"type":"Feature","properties":{"kind":"bridge","osm_id":228922784,"name":""},"geometry":{"type":"LineString","coordinates":[[121.5589262,25.0383809],[121.5589277,25.0384347],[121.5589925,25.0384667],[121.5589943,25.0385365],[121.5590638,25.0385708],[121.5590686,25.0386161]]}},{"type":"Feature","properties":{"kind":"bridge","osm_id":229056584,"name":""},"geometry":{"type":"LineString","coordinates":[[121.5625153,25.0430591],[121.5624859,25.0430613]]}},{"type":"Feature","properties":{"kind":"bridge","osm_id":229193789,"name":"基隆路入口匝道"},"geometry":{"type":"LineString","coordinates":[[121.5339374,25.0069367],[121.533961,25.00659],[121.5339761,25.0064148],[121.5340225,25.0062396]]}},{"type":"Feature","properties":{"kind":"bridge","osm_id":229193793,"name":"基隆路高架道路"},"geometry":{"type":"LineString","coordinates":[[121.5381084,25.0120285],[121.5373121,25.0114104],[121.5371819,25.0113161],[121.5371121,25.0112727],[121.536997,25.0112208],[121.5367958,25.0111564],[121.5361638,25.0110126],[121.5359066,25.0109437],[121.5357269,25.0108623],[121.5355969,25.0107918],[121.5352778,25.0106073]]}},{"type":"Feature","properties":{"kind":"bridge","osm_id":229193806,"name":"水源快速道路"},"geometry":{"type":"LineString","coordinates":[[121.5340225,25.0062396],[121.5342142,25.0059187],[121.5343228,25.0057383],[121.5344677,25.0054982],[121.5346353,25.0052175],[121.5348418,25.0049051],[121.5351359,25.0043156],[121.5352415,25.0040306],[121.5353253,25.0037809],[121.5353856,25.0035214],[121.5354219,25.0033007],[121.5354672,25.0027781],[121.5354674,25.0024773],[121.5354191,25.001742],[121.5353749,25.001226],[121.5353488,25.0009659],[121.5353304,25.0006911],[121.5352996,25.0003305]]}},{"type":"Feature","properties":{"kind":"bridge","osm_id":229801684,"name":"福和橋出口匝道"},"geometry":{"type":"LineString","coordinates":[[121.5381084,25.0120285],[121.5380699,25.0119619],[121.5374751,25.0114885],[121.5373187,25.0113633],[121.5371874,25.0112743],[121.537118,25.011218]]}},{"type":"Feature","properties":{"kind":"bridge","osm_id":229889529,"name":"客家主題公園跨堤腳踏車道"},"geometry":{"type":"LineString","coordinates":[[121.5248618,25.020372],[121.5247782,25.0204319],[121.5247211,25.0205145],[121.5246305,25.0205997],[121.5245738,25.0206275],[121.524504,25.0206255],[121.5238733,25.0204619],[121.5236559,25.0204034],[121.5235874,25.0203943],[121.5234467,25.0203602],[121.5233742,25.0203262],[121.5229736,25.0202177],[121.5228191,25.0201838],[121.5226629,25.0201631],[121.5224449,25.0201658],[121.5223441,25.0201756],[121.5222313,25.0201895],[121.5219229,25.0202294],[121.5218494,25.0202462],[121.5216895,25.0203231],[121.5214061,25.0204122],[121.5206197,25.0205787],[121.5203678,25.0206012]]}},{"type":"Feature","properties":{"kind":"bridge","osm_id":229889530,"name":"客家文化主題公園跨提步道"},"geometry":{"type":"LineString","coordinates":[[121.5248578,25.0203355],[121.5248374,25.0203615],[121.5247646,25.0204111],[121.5247388,25.0204435],[121.5247082,25.0204936],[121.5246218,25.020577],[121.5245666,25.020605],[121.52451,25.0206001],[121.5239586,25.0204544],[121.5236896,25.0203838],[121.5236498,25.0203736]]}},{"type":"Feature","properties":{"kind":"bridge","osm_id":232359760,"name":"福和橋"},"geometry":{"type":"LineString","coordinates":[[121.5340908,25.0098553],[121.5319758,25.0086711],[121.5307679,25.0079919],[121.5295805,25.0072858],[121.5273929,25.006032],[121.5264488,25.0054924],[121.5250743,25.004679]]}},{"type":"Feature","properties":{"kind":"bridge","osm_id":238397767,"name":""},"geometry":{"type":"LineString","coordinates":[[121.5408692,25.0444113],[121.5408894,25.044748]]}},{"type":"Feature","properties":{"kind":"bridge","osm_id":238689673,"name":"基隆路出口匝道"},"geometry":{"type":"LineString","coordinates":[[121.5341731,25.0060321],[121.534083,25.0063502],[121.5340271,25.0065643],[121.533975,25.0068732],[121.5341012,25.0090851],[121.5341347,25.009355],[121.5342018,25.0095142],[121.5342556,25.0095954],[121.5343184,25.0096734],[121.5344324,25.0097645],[121.5345612,25.0098435],[121.5346819,25.0099321]]}},{"type":"Feature","properties":{"kind":"bridge","osm_id":238689681,"name":"水源快速道路"},"geometry":{"type":"LineString","coordinates":[[121.5341731,25.0060321],[121.5340165,25.0063871],[121.5335688,25.0075226]]}},{"type":"Feature","properties":{"kind":"bridge","osm_id":238689693,"name":"基隆路高架道路"},"geometry":{"type":"LineString","coordinates":[[121.5346819,25.0099321],[121.534981,25.0101243],[121.5352814,25.0103564],[121.53552,25.0105556],[121.5357131,25.0106917],[121.535917,25.0107987],[121.5361852,25.0108862],[121.5364548,25.0109604],[121.536715,25.01102],[121.5369966,25.0110856],[121.5371468,25.0111464]]}},{"type":"Feature","properties":{"kind":"bridge","osm_id":238689696,"name":"基隆路高架道路"},"geometry":{"type":"LineString","coordinates":[[121.541547,25.0147946],[121.5418715,25.0150475],[121.5429873,25.0159808],[121.5444188,25.0172028],[121.545133,25.0177931],[121.5459511,25.0185086]]}},{"type":"Feature","properties":{"kind":"bridge","osm_id":238710708,"name":"基隆路入口匝道"},"geometry":{"type":"LineString","coordinates":[[121.5320233,25.0085575],[121.5324707,25.0087581]]}},{"type":"Feature","properties":{"kind":"bridge","osm_id":238925794,"name":"高架棧道"},"geometry":{"type":"LineString","coordinates":[[121.5518302,25.0169023],[121.5518747,25.0169678],[121.551917,25.0169864],[121.5520209,25.0170083],[121.5520723,25.0170311]]}},{"type":"Feature","properties":{"kind":"bridge","osm_id":244126197,"name":""},"geometry":{"type":"LineString","coordinates":[[121.570954,25.051685],[121.5708632,25.0516377]]}},{"type":"Feature","properties":{"kind":"bridge","osm_id":244126286,"name":""},"geometry":{"type":"LineString","coordinates":[[121.5741619,25.0534192],[121.5744879,25.0536107]]}},{"type":"Feature","properties":{"kind":"bridge","osm_id":244450390,"name":"中正橋入口匝道"},"geometry":{"type":"LineString","coordinates":[[121.516827,25.0215705],[121.5169897,25.0215236],[121.5176071,25.0213373],[121.5180951,25.0211752],[121.5183314,25.0211307]]}},{"type":"Feature","properties":{"kind":"bridge","osm_id":244450513,"name":"新生高架道路"},"geometry":{"type":"LineString","coordinates":[[121.5308413,25.046664],[121.530836,25.0466397],[121.5307508,25.0463529],[121.5306665,25.0460846],[121.5306086,25.0458156],[121.5298751,25.0433002],[121.5298034,25.0430455],[121.5293011,25.0413447]]}},{"type":"Feature","properties":{"kind":"bridge","osm_id":252398631,"name":"環東大道"},"geometry":{"type":"LineString","coordinates":[[121.5747935,25.0534943],[121.5767521,25.0545386]]}},{"type":"Feature","properties":{"kind":"bridge","osm_id":252398632,"name":"正氣橋"},"geometry":{"type":"LineString","coordinates":[[121.5684772,25.047884],[121.5688256,25.048465],[121.5698153,25.050131]]}},{"type":"Feature","properties":{"kind":"bridge","osm_id":252494908,"name":"麥帥一橋"},"geometry":{"type":"LineString","coordinates":[[121.574742,25.0536288],[121.5711987,25.0517166]]}},{"type":"Feature","properties":{"kind":"bridge","osm_id":252494927,"name":"市民大道高架道路"},"geometry":{"type":"LineString","coordinates":[[121.5684902,25.0479042],[121.5683563,25.0477719],[121.5673673,25.0461248]]}},{"type":"Feature","properties":{"kind":"bridge","osm_id":252657373,"name":"建國快速道路"},"geometry":{"type":"LineString","coordinates":[[121.536608,25.0456861],[121.5365679,25.0444322]]}},{"type":"Feature","properties":{"kind":"bridge","osm_id":252657374,"name":"建國快速道路"},"geometry":{"type":"LineString","coordinates":[[121.5365679,25.0444322],[121.5365605,25.0441988],[121.5365738,25.0437277],[121.5366382,25.0430279],[121.5367272,25.0425897],[121.5368034,25.0423477],[121.536901,25.0420688],[121.5370995,25.0415698],[121.5372819,25.0411227]]}},{"type":"Feature","properties":{"kind":"bridge","osm_id":253163812,"name":""},"geometry":{"type":"LineString","coordinates":[[121.5133292,25.037004],[121.5133197,25.0369158]]}},{"type":"Feature","properties":{"kind":"bridge","osm_id":253163832,"name":""},"geometry":{"type":"LineString","coordinates":[[121.5147698,25.0357972],[121.514749,25.035632]]}},{"type":"Feature","properties":{"kind":"bridge","osm_id":253358884,"name":""},"geometry":{"type":"LineString","coordinates":[[121.5511327,25.0000624],[121.5511284,25.0001499]]}},{"type":"Feature","properties":{"kind":"bridge","osm_id":257896676,"name":"人行空橋"},"geometry":{"type":"LineString","coordinates":[[121.5668349,25.0362245],[121.5669035,25.0361882],[121.5669367,25.0361596],[121.5669622,25.0361273],[121.5669797,25.03609],[121.5669867,25.0360353],[121.5670106,25.0356738],[121.5670057,25.0354322],[121.566809,25.0354355],[121.5667985,25.0349218],[121.5666939,25.0349236],[121.566513,25.0349267],[121.5662684,25.034931],[121.5662064,25.0349321],[121.5658941,25.0349533]]}},{"type":"Feature","properties":{"kind":"bridge","osm_id":260152357,"name":"新生高架道路"},"geometry":{"type":"LineString","coordinates":[[121.5308842,25.0464253],[121.5309394,25.046712],[121.5309475,25.0467898],[121.5309414,25.0468693],[121.53093,25.0469228],[121.5309144,25.0469793],[121.5308703,25.047071],[121.5308308,25.0471299],[121.5307837,25.047184],[121.5301088,25.0477965],[121.5297762,25.0481367],[121.5294543,25.0485061],[121.5292362,25.0487908],[121.5290648,25.0490333],[121.52894,25.049218],[121.5288198,25.0494153],[121.5286966,25.0496208],[121.528565,25.0498551],[121.5284464,25.0500843],[121.5283256,25.0503399],[121.528105,25.0508599],[121.5280406,25.0510336],[121.5279679,25.0512583],[121.5278338,25.0517011],[121.5277469,25.0520445],[121.5276903,25.052334],[121.527638,25.0527799],[121.5275964,25.0532234],[121.527575,25.0536133],[121.527571,25.053905]]}},{"type":"Feature","properties":{"kind":"bridge","osm_id":260789420,"name":"福和橋"},"geometry":{"type":"LineString","coordinates":[[121.5278952,25.006224],[121.5296705,25.0072103],[121.5301993,25.007504],[121.5314685,25.0082463],[121.5320233,25.0085575]]}},{"type":"Feature","properties":{"kind":"bridge","osm_id":261100713,"name":"高架棧道"},"geometry":{"type":"LineString","coordinates":[[121.551426,25.0161269],[121.5514229,25.0162908],[121.551447,25.0163336],[121.5515246,25.0163989],[121.551539,25.0164168],[121.5515469,25.0164312],[121.5516325,25.0166191],[121.5517607,25.0168114],[121.5518302,25.0169023]]}},{"type":"Feature","properties":{"kind":"bridge","osm_id":261647942,"name":"信義路五段150巷305弄"},"geometry":{"type":"LineString","coordinates":[[121.5685518,25.0271719],[121.568654,25.0272038]]}},{"type":"Feature","properties":{"kind":"bridge","osm_id":262192953,"name":"(往堤外道路)"},"geometry":{"type":"LineString","coordinates":[[121.5149109,25.018381],[121.5147016,25.0183902],[121.514245,25.0184035],[121.5135158,25.0183861],[121.5134383,25.0183828]]}},{"type":"Feature","properties":{"kind":"bridge","osm_id":262249545,"name":""},"geometry":{"type":"LineString","coordinates":[[121.5259367,25.0094536],[121.525673,25.0092857],[121.5255007,25.0091727],[121.5254075,25.0091204],[121.5253357,25.009107],[121.5252552,25.0091137],[121.5251942,25.009138],[121.5251386,25.0091714],[121.525095,25.0092164],[121.5242741,25.0104357]]}},{"type":"Feature","properties":{"kind":"bridge","osm_id":266486549,"name":""},"geometry":{"type":"LineString","coordinates":[[121.5263066,25.0073963],[121.5259722,25.0079078],[121.5254813,25.0086433],[121.5254383,25.0087377],[121.5254343,25.0088304],[121.5254496,25.0088982],[121.5254816,25.0089468],[121.5255514,25.0090286],[121.5257834,25.0092096],[121.5259925,25.0094235],[121.5261387,25.0096575]]}},{"type":"Feature","properties":{"kind":"bridge","osm_id":266502403,"name":"新北環河快速道路"},"geometry":{"type":"LineString","coordinates":[[121.5153683,25.0181747],[121.5149928,25.0182258],[121.5146843,25.0182501],[121.5144215,25.018261],[121.5140862,25.0182719],[121.5129342,25.0182051],[121.5126029,25.0181601],[121.51144,25.017898],[121.510323,25.0175768],[121.5097625,25.0173459],[121.5092984,25.0171271],[121.5090607,25.0170071],[121.5087617,25.0168431],[121.5083634,25.0166049],[121.508063,25.0163958],[121.5076687,25.0161066],[121.5073109,25.0158156],[121.506623,25.0152031],[121.5063816,25.014971],[121.5050486,25.0136999],[121.5049712,25.0136176],[121.5048197,25.0134489]]}},{"type":"Feature","properties":{"kind":"bridge","osm_id":266502404,"name":"中正橋入口匝道"},"geometry":{"type":"LineString","coordinates":[[121.5151784,25.0183426],[121.5150605,25.0183055],[121.5149099,25.0183014],[121.514738,25.0183157],[121.5144054,25.0183266],[121.5132722,25.0182722],[121.5129342,25.0182051]]}},{"type":"Feature","properties":{"kind":"bridge","osm_id":269170875,"name":""},"geometry":{"type":"LineString","coordinates":[[121.5204336,25.0397847],[121.5204961,25.0399965]]}},{"type":"Feature","properties":{"kind":"bridge","osm_id":283908566,"name":""},"geometry":{"type":"LineString","coordinates":[[121.5147166,25.0243039],[121.5146591,25.0242496],[121.5146239,25.0241337],[121.5146,25.023946]]}},{"type":"Feature","properties":{"kind":"bridge","osm_id":288220909,"name":""},"geometry":{"type":"LineString","coordinates":[[121.5350697,25.0044966],[121.5349931,25.0046333]]}},{"type":"Feature","properties":{"kind":"bridge","osm_id":288220915,"name":""},"geometry":{"type":"LineString","coordinates":[[121.534744,25.0046931],[121.5348217,25.0045544]]}},{"type":"Feature","properties":{"kind":"bridge","osm_id":288220922,"name":""},"geometry":{"type":"LineString","coordinates":[[121.5348217,25.0045544],[121.5349527,25.0046147],[121.5349931,25.0046333]]}},{"type":"Feature","properties":{"kind":"bridge","osm_id":288220928,"name":"景美溪右岸自行車道"},"geometry":{"type":"LineString","coordinates":[[121.5351399,24.998821],[121.5351398,24.998584]]}},{"type":"Feature","properties":{"kind":"bridge","osm_id":296245085,"name":""},"geometry":{"type":"LineString","coordinates":[[121.5333325,25.0099173],[121.5332583,25.0097564]]}},{"type":"Feature","properties":{"kind":"bridge","osm_id":299837902,"name":"舟山路"},"geometry":{"type":"LineString","coordinates":[[121.5392992,25.0161539],[121.5395465,25.0162526]]}},{"type":"Feature","properties":{"kind":"bridge","osm_id":300896734,"name":"信義路入口匝道"},"geometry":{"type":"LineString","coordinates":[[121.5380453,25.0344991],[121.5379889,25.0347587],[121.5380009,25.0368484],[121.5379283,25.0372751]]}},{"type":"Feature","properties":{"kind":"bridge","osm_id":300896736,"name":"信義路出口匝道"},"geometry":{"type":"LineString","coordinates":[[121.5378224,25.0377958],[121.5377577,25.0371437],[121.5377293,25.0357057]]}},{"type":"Feature","properties":{"kind":"bridge","osm_id":300896737,"name":""},"geometry":{"type":"LineString","coordinates":[[121.5369708,25.0533092],[121.5369875,25.054773],[121.5369436,25.055092]]}},{"type":"Feature","properties":{"kind":"bridge","osm_id":300896738,"name":"長春路入口匝道"},"geometry":{"type":"LineString","coordinates":[[121.5366957,25.0537708],[121.5366513,25.0515576],[121.5367285,25.0510305]]}},{"type":"Feature","properties":{"kind":"bridge","osm_id":301609013,"name":""},"geometry":{"type":"LineString","coordinates":[[121.5330494,25.0074865],[121.5328262,25.0082934],[121.532757,25.0084089],[121.5325211,25.0086719]]}},{"type":"Feature","properties":{"kind":"bridge","osm_id":301928318,"name":"水源永春人行天橋"},"geometry":{"type":"LineString","coordinates":[[121.52546,25.0157233],[121.5257162,25.01587]]}},{"type":"Feature","properties":{"kind":"bridge","osm_id":301928319,"name":"水源永春人行天橋"},"geometry":{"type":"LineString","coordinates":[[121.525655,25.015966],[121.5257162,25.01587]]}},{"type":"Feature","properties":{"kind":"bridge","osm_id":301928321,"name":"水源永春人行天橋"},"geometry":{"type":"LineString","coordinates":[[121.5253676,25.0158562],[121.52546,25.0157233]]}},{"type":"Feature","properties":{"kind":"bridge","osm_id":302089866,"name":"永福橋出口匝道"},"geometry":{"type":"LineString","coordinates":[[121.5269948,25.0134801],[121.5272749,25.0130728],[121.5275048,25.0127354],[121.5280443,25.0119109],[121.5281043,25.0118102],[121.5281148,25.0117604],[121.5281073,25.0116874],[121.5280411,25.0116083],[121.5279813,25.0115078],[121.5279563,25.0114083]]}},{"type":"Feature","properties":{"kind":"bridge","osm_id":302089871,"name":""},"geometry":{"type":"LineString","coordinates":[[121.526585,25.0142382],[121.5269779,25.0136415],[121.5273892,25.0130628],[121.5283073,25.0116432],[121.5283685,25.0115576],[121.5284572,25.0114234],[121.5286784,25.0111305],[121.5288567,25.0109179],[121.5290481,25.0107396],[121.5291942,25.0106307],[121.529361,25.0105339],[121.529538,25.0104318],[121.5299846,25.0102459],[121.5305775,25.0100386],[121.5309154,25.0098939],[121.5313124,25.0097019],[121.531665,25.0094929],[121.5318797,25.0093398],[121.5320634,25.0092],[121.5322337,25.0090578],[121.5323222,25.0089812],[121.5324966,25.0088268],[121.5326696,25.0086494],[121.5328439,25.0084514],[121.5330612,25.0081693],[121.5331825,25.0079768],[121.5333194,25.0077495],[121.5335999,25.007175],[121.5340225,25.0062396]]}},{"type":"Feature","properties":{"kind":"bridge","osm_id":303666711,"name":""},"geometry":{"type":"LineString","coordinates":[[121.5402315,25.0254576],[121.5401827,25.0251578]]}},{"type":"Feature","properties":{"kind":"bridge","osm_id":304148117,"name":"正氣橋"},"geometry":{"type":"LineString","coordinates":[[121.5698153,25.050131],[121.569913,25.0502121],[121.5701453,25.0505842],[121.5703218,25.050825],[121.5705067,25.0510373],[121.5707521,25.0512661],[121.5709974,25.051447],[121.5712528,25.051604]]}},{"type":"Feature","properties":{"kind":"bridge","osm_id":309515231,"name":""},"geometry":{"type":"LineString","coordinates":[[121.5350373,25.0257288],[121.535007,25.0257321],[121.5350179,25.025815]]}},{"type":"Feature","properties":{"kind":"bridge","osm_id":309693115,"name":"建國快速道路"},"geometry":{"type":"LineString","coordinates":[[121.530818,25.0209151],[121.5316306,25.0215968],[121.5318987,25.0218154],[121.5321323,25.0219844],[121.5323523,25.0221218],[121.5324921,25.0221834],[121.5327309,25.0222637],[121.5331306,25.0223511],[121.5335059,25.0223755],[121.5350544,25.0224042],[121.5365834,25.0224346],[121.5367551,25.0224511],[121.5369574,25.0224978],[121.5371773,25.0225878],[121.5373289,25.0226886],[121.5374224,25.0227668],[121.5375214,25.0228697],[121.5376208,25.0230064],[121.5376813,25.0231252],[121.5377259,25.0232209],[121.5377488,25.0233352],[121.5377662,25.0234506],[121.5377715,25.0236486],[121.5377702,25.024012]]}},{"type":"Feature","properties":{"kind":"bridge","osm_id":309933798,"name":"景福街入口匝道"},"geometry":{"type":"LineString","coordinates":[[121.5360423,24.9984917],[121.5357282,24.9986235],[121.535646,24.9986678],[121.5355712,24.9987199],[121.5355186,24.9987711],[121.5354722,24.9988315],[121.5354105,24.9989374],[121.5353747,24.9990246],[121.535343,24.9991212]]}},{"type":"Feature","properties":{"kind":"bridge","osm_id":310909470,"name":"人行空橋"},"geometry":{"type":"LineString","coordinates":[[121.5668505,25.0370629],[121.5670378,25.03706]]}},{"type":"Feature","properties":{"kind":"bridge","osm_id":310909564,"name":"人行空橋"},"geometry":{"type":"LineString","coordinates":[[121.5670195,25.0394975],[121.5672215,25.0394937]]}},{"type":"Feature","properties":{"kind":"bridge","osm_id":312174842,"name":""},"geometry":{"type":"LineString","coordinates":[[121.5604877,25.0405503],[121.5604859,25.0405029],[121.5603111,25.0405081],[121.5601381,25.0405132],[121.5601399,25.0405606]]}},{"type":"Feature","properties":{"kind":"bridge","osm_id":312614613,"name":"基隆路入口匝道"},"geometry":{"type":"LineString","coordinates":[[121.537118,25.011218],[121.5369604,25.0111579],[121.5366821,25.0110899],[121.5362731,25.0109914],[121.5360679,25.0109367],[121.5358922,25.0108735],[121.5356428,25.0107435],[121.5353531,25.0105843],[121.534987,25.0103777],[121.5346986,25.0102136],[121.5345431,25.0101006],[121.5344291,25.0099888],[121.5343151,25.0098405],[121.5341944,25.0096278],[121.5341407,25.0094771],[121.5341019,25.0092911],[121.5340737,25.0089812],[121.5339879,25.0075276],[121.5339691,25.0072663],[121.5339374,25.0069367]]}},{"type":"Feature","properties":{"kind":"bridge","osm_id":312614637,"name":"水源快速道路"},"geometry":{"type":"LineString","coordinates":[[121.5352897,24.9990267],[121.5353109,24.9986763],[121.5355277,24.996494],[121.5355359,24.9960908]]}},{"type":"Feature","properties":{"kind":"bridge","osm_id":312878259,"name":"水源快速道路"},"geometry":{"type":"LineString","coordinates":[[121.5353128,24.9996154],[121.535329,25.0003132],[121.5353444,25.0006615],[121.5353734,25.0010053],[121.5354371,25.0018199],[121.5354785,25.0026323],[121.5354607,25.0029319],[121.5354433,25.0031342],[121.5354231,25.0033585],[121.5353749,25.0035937],[121.5352945,25.0038975],[121.5352022,25.004161],[121.5351382,25.0043193],[121.5350346,25.0045372],[121.5348911,25.0048261],[121.5346487,25.0052181],[121.5343959,25.0056289],[121.5341731,25.0060321]]}},{"type":"Feature","properties":{"kind":"bridge","osm_id":317408978,"name":"永福橋"},"geometry":{"type":"LineString","coordinates":[[121.5232796,25.0080299],[121.5234882,25.0080886],[121.5252794,25.0089485],[121.5254962,25.0090723],[121.5256889,25.0092209],[121.5259367,25.0094536]]}},{"type":"Feature","properties":{"kind":"bridge","osm_id":317839328,"name":"民生東路出口匝道"},"geometry":{"type":"LineString","coordinates":[[121.527641,25.0545193],[121.5277131,25.0573243],[121.5277703,25.0575023]]}},{"type":"Feature","properties":{"kind":"bridge","osm_id":321947680,"name":"人行空橋"},"geometry":{"type":"LineString","coordinates":[[121.5669797,25.03609],[121.5670166,25.0361222],[121.5670378,25.03706],[121.5670403,25.0371724],[121.5671,25.0372243],[121.5671889,25.0372227],[121.567192,25.0373608],[121.5672739,25.0373592],[121.5672771,25.0373592],[121.5673025,25.0375183],[121.5673099,25.0375335],[121.56733,25.0375746],[121.5673394,25.0375939],[121.5672623,25.0376668],[121.5671989,25.0376679],[121.5672034,25.037868]]}},{"type":"Feature","properties":{"kind":"bridge","osm_id":324294418,"name":"正氣橋"},"geometry":{"type":"LineString","coordinates":[[121.5697248,25.0499802],[121.5684902,25.0479042]]}},{"type":"Feature","properties":{"kind":"bridge","osm_id":331340437,"name":""},"geometry":{"type":"LineString","coordinates":[[121.5670275,25.0386949],[121.5672215,25.0386741],[121.5672034,25.037868],[121.567005,25.0378273]]}},{"type":"Feature","properties":{"kind":"bridge","osm_id":331340441,"name":""},"geometry":{"type":"LineString","coordinates":[[121.5685931,25.037586],[121.5685967,25.0377456]]}},{"type":"Feature","properties":{"kind":"bridge","osm_id":333818086,"name":""},"geometry":{"type":"LineString","coordinates":[[121.5705554,25.045984],[121.5708321,25.0458338]]}},{"type":"Feature","properties":{"kind":"bridge","osm_id":349838729,"name":""},"geometry":{"type":"LineString","coordinates":[[121.5736648,25.0553993],[121.5736749,25.0553373]]}},{"type":"Feature","properties":{"kind":"bridge","osm_id":349844561,"name":""},"geometry":{"type":"LineString","coordinates":[[121.5750971,25.0530079],[121.5752052,25.0529866]]}},{"type":"Feature","properties":{"kind":"bridge","osm_id":349857584,"name":""},"geometry":{"type":"LineString","coordinates":[[121.575896,25.0513261],[121.5759931,25.0513504]]}},{"type":"Feature","properties":{"kind":"bridge","osm_id":349857585,"name":"成美左10"},"geometry":{"type":"LineString","coordinates":[[121.5750047,25.0511343],[121.5750916,25.0511518]]}},{"type":"Feature","properties":{"kind":"bridge","osm_id":352004595,"name":"成美左11"},"geometry":{"type":"LineString","coordinates":[[121.573942,25.0509171],[121.5740439,25.0509289]]}},{"type":"Feature","properties":{"kind":"bridge","osm_id":352004618,"name":"成美左12"},"geometry":{"type":"LineString","coordinates":[[121.5729966,25.0508617],[121.5730712,25.050861]]}},{"type":"Feature","properties":{"kind":"bridge","osm_id":352004706,"name":"成美左13"},"geometry":{"type":"LineString","coordinates":[[121.571252,25.0513961],[121.5711995,25.0514636]]}},{"type":"Feature","properties":{"kind":"bridge","osm_id":352005102,"name":"觀山1"},"geometry":{"type":"LineString","coordinates":[[121.5701776,25.0551283],[121.5701692,25.0551904]]}},{"type":"Feature","properties":{"kind":"bridge","osm_id":353807597,"name":""},"geometry":{"type":"LineString","coordinates":[[121.5352586,25.0000444],[121.5352577,25.0001439]]}},{"type":"Feature","properties":{"kind":"bridge","osm_id":353807600,"name":""},"geometry":{"type":"LineString","coordinates":[[121.5354179,25.0021862],[121.535425,25.0022821]]}},{"type":"Feature","properties":{"kind":"bridge","osm_id":353807601,"name":""},"geometry":{"type":"LineString","coordinates":[[121.5341574,25.006033],[121.5341145,25.0061009]]}},{"type":"Feature","properties":{"kind":"bridge","osm_id":353807602,"name":""},"geometry":{"type":"LineString","coordinates":[[121.5352233,25.0000062],[121.535222,25.0001437]]}},{"type":"Feature","properties":{"kind":"bridge","osm_id":353807605,"name":""},"geometry":{"type":"LineString","coordinates":[[121.5341649,25.0059461],[121.5340814,25.0060845]]}},{"type":"Feature","properties":{"kind":"bridge","osm_id":353807610,"name":""},"geometry":{"type":"LineString","coordinates":[[121.5353995,25.002187],[121.5354068,25.0022832]]}},{"type":"Feature","properties":{"kind":"bridge","osm_id":353807612,"name":""},"geometry":{"type":"LineString","coordinates":[[121.5354068,25.0022832],[121.5354169,25.0022826],[121.535425,25.0022821]]}},{"type":"Feature","properties":{"kind":"bridge","osm_id":353807613,"name":""},"geometry":{"type":"LineString","coordinates":[[121.535222,25.0001437],[121.5352577,25.0001439]]}},{"type":"Feature","properties":{"kind":"bridge","osm_id":353807616,"name":""},"geometry":{"type":"LineString","coordinates":[[121.5340814,25.0060845],[121.5341012,25.0060943],[121.5341145,25.0061009]]}},{"type":"Feature","properties":{"kind":"bridge","osm_id":361918887,"name":""},"geometry":{"type":"LineString","coordinates":[[121.5205046,25.0443223],[121.5204973,25.0442964],[121.5204565,25.0441503],[121.5204341,25.0440701]]}},{"type":"Feature","properties":{"kind":"bridge","osm_id":362102468,"name":""},"geometry":{"type":"LineString","coordinates":[[121.5316715,25.0453254],[121.5315059,25.0453463]]}},{"type":"Feature","properties":{"kind":"bridge","osm_id":366966510,"name":"陸橋"},"geometry":{"type":"LineString","coordinates":[[121.5411384,25.0402004],[121.5413776,25.0401996],[121.5414214,25.0401994]]}},{"type":"Feature","properties":{"kind":"bridge","osm_id":369128323,"name":"台北聯絡線"},"geometry":{"type":"LineString","coordinates":[[121.5743525,25.0070156],[121.5748612,25.0068884],[121.5753229,25.0067567],[121.5757885,25.0066059]]}},{"type":"Feature","properties":{"kind":"bridge","osm_id":373251163,"name":""},"geometry":{"type":"LineString","coordinates":[[121.5279457,25.0123596],[121.5282251,25.0119343],[121.5282427,25.0118456],[121.5282317,25.0117498],[121.5281945,25.0116527]]}},{"type":"Feature","properties":{"kind":"bridge","osm_id":384078102,"name":""},"geometry":{"type":"LineString","coordinates":[[121.5744879,25.0536107],[121.574631,25.053687]]}},{"type":"Feature","properties":{"kind":"bridge","osm_id":384078103,"name":"機慢車道"},"geometry":{"type":"LineString","coordinates":[[121.5755863,25.0541831],[121.5744923,25.0535927],[121.5741,25.0533591],[121.5731877,25.0528699],[121.5716839,25.0520552],[121.5708618,25.0515871],[121.5704972,25.0514424],[121.5701835,25.0513829],[121.5699587,25.0513681],[121.5677024,25.0514194]]}},{"type":"Feature","properties":{"kind":"bridge","osm_id":384078105,"name":""},"geometry":{"type":"LineString","coordinates":[[121.5706766,25.051536],[121.5708632,25.0516377]]}},{"type":"Feature","properties":{"kind":"bridge","osm_id":384078106,"name":""},"geometry":{"type":"LineString","coordinates":[[121.5741619,25.0534192],[121.5739982,25.0536517],[121.5739122,25.0538198],[121.5738524,25.0539776],[121.5738205,25.0541412],[121.5737691,25.0544045]]}},{"type":"Feature","properties":{"kind":"bridge","osm_id":384078107,"name":""},"geometry":{"type":"LineString","coordinates":[[121.5707571,25.0522301],[121.570812,25.0520184],[121.5708636,25.051886],[121.570954,25.051685]]}},{"type":"Feature","properties":{"kind":"bridge","osm_id":384078110,"name":"機慢車道"},"geometry":{"type":"LineString","coordinates":[[121.567697,25.0512548],[121.5696392,25.0512105],[121.5701056,25.0511877],[121.5702304,25.0511919],[121.5704877,25.05121],[121.570743,25.0512802],[121.5709387,25.0513745],[121.5711846,25.0515022],[121.5713323,25.0515808],[121.5718367,25.0518201],[121.5733502,25.0526327],[121.5737901,25.0528654],[121.5742554,25.053103],[121.5746853,25.0532689],[121.5749856,25.0534227],[121.575838,25.0538887]]}},{"type":"Feature","properties":{"kind":"bridge","osm_id":384078112,"name":""},"geometry":{"type":"LineString","coordinates":[[121.5711194,25.0514199],[121.5711823,25.0513792],[121.5711948,25.051395],[121.5711246,25.0514431]]}},{"type":"Feature","properties":{"kind":"bridge","osm_id":384078115,"name":""},"geometry":{"type":"LineString","coordinates":[[121.5711246,25.0514431],[121.5713636,25.0515564],[121.5713859,25.0515779],[121.5718542,25.0518066],[121.5733585,25.0526154],[121.5738004,25.0528482],[121.574266,25.0530853],[121.574757,25.0532716]]}},{"type":"Feature","properties":{"kind":"bridge","osm_id":384078117,"name":""},"geometry":{"type":"LineString","coordinates":[[121.574757,25.0532716],[121.5749449,25.0533649]]}},{"type":"Feature","properties":{"kind":"bridge","osm_id":385212868,"name":""},"geometry":{"type":"LineString","coordinates":[[121.5146,25.023946],[121.5145926,25.0238557]]}},{"type":"Feature","properties":{"kind":"bridge","osm_id":385212870,"name":""},"geometry":{"type":"LineString","coordinates":[[121.5145926,25.0238557],[121.5144663,25.0238642]]}},{"type":"Feature","properties":{"kind":"bridge","osm_id":385212872,"name":""},"geometry":{"type":"LineString","coordinates":[[121.5144663,25.0238642],[121.51446,25.0237865],[121.5144107,25.0237898]]}},{"type":"Feature","properties":{"kind":"bridge","osm_id":385212874,"name":""},"geometry":{"type":"LineString","coordinates":[[121.515287,25.0185535],[121.5151936,25.0185709]]}},{"type":"Feature","properties":{"kind":"bridge","osm_id":385212890,"name":""},"geometry":{"type":"LineString","coordinates":[[121.5167851,25.0219119],[121.5167777,25.0220354]]}},{"type":"Feature","properties":{"kind":"bridge","osm_id":385212894,"name":""},"geometry":{"type":"LineString","coordinates":[[121.5203121,25.0210708],[121.520241,25.0209666],[121.5202073,25.0208134]]}},{"type":"Feature","properties":{"kind":"bridge","osm_id":385212895,"name":""},"geometry":{"type":"LineString","coordinates":[[121.52018,25.0207036],[121.5202073,25.0208134]]}},{"type":"Feature","properties":{"kind":"bridge","osm_id":385212896,"name":""},"geometry":{"type":"LineString","coordinates":[[121.5199566,25.0207501],[121.520038,25.0207331],[121.52018,25.0207036]]}},{"type":"Feature","properties":{"kind":"bridge","osm_id":385212901,"name":"福和橋機慢車道"},"geometry":{"type":"LineString","coordinates":[[121.5271881,25.0055133],[121.5271952,25.0055594],[121.5272051,25.005602],[121.5272236,25.0056511],[121.5272501,25.0056964],[121.5272692,25.0057244],[121.5273581,25.0058234],[121.5276653,25.0059992],[121.5284348,25.0064396],[121.5313958,25.0081341],[121.5314759,25.008168],[121.532326,25.0086322],[121.532513,25.008716],[121.5328268,25.0088439],[121.5333028,25.0090123],[121.533536,25.0091352],[121.5336726,25.0092442],[121.5337836,25.0093585],[121.5339692,25.0095849],[121.5341046,25.0097129],[121.5344654,25.0099542],[121.5351769,25.0103436],[121.5353844,25.0104635]]}},{"type":"Feature","properties":{"kind":"bridge","osm_id":385212911,"name":""},"geometry":{"type":"LineString","coordinates":[[121.5273728,25.0058007],[121.5273981,25.0058152],[121.5289831,25.0067227],[121.5296189,25.0070874],[121.5313791,25.0080971],[121.5314377,25.0080873],[121.5325211,25.0086719],[121.5328023,25.0087946],[121.5333049,25.0089774],[121.5334713,25.009056],[121.5336057,25.0091313],[121.533696,25.0092035],[121.5338499,25.0093671],[121.5340119,25.0095804],[121.5341198,25.0096854],[121.5345955,25.0099928],[121.5353965,25.0104472]]}},{"type":"Feature","properties":{"kind":"bridge","osm_id":385212912,"name":""},"geometry":{"type":"LineString","coordinates":[[121.5273302,25.0057233],[121.5273166,25.0057428],[121.5273728,25.0058007]]}},{"type":"Feature","properties":{"kind":"bridge","osm_id":385212914,"name":""},"geometry":{"type":"LineString","coordinates":[[121.5258406,25.0092851],[121.5259089,25.0092579],[121.5259564,25.0092689],[121.5260494,25.0093651],[121.5261813,25.0095524],[121.5267519,25.0101081],[121.5267767,25.0101541]]}},{"type":"Feature","properties":{"kind":"bridge","osm_id":385212915,"name":"永福橋牽引道"},"geometry":{"type":"LineString","coordinates":[[121.5267767,25.0101541],[121.5277972,25.0111562]]}},{"type":"Feature","properties":{"kind":"bridge","osm_id":397030627,"name":"彩虹橋"},"geometry":{"type":"LineString","coordinates":[[121.5739447,25.0295941],[121.5749049,25.0295883],[121.5749048,25.029571]]}},{"type":"Feature","properties":{"kind":"bridge","osm_id":406843931,"name":""},"geometry":{"type":"LineString","coordinates":[[121.5241077,25.020273],[121.5240958,25.0202636],[121.524081,25.0202387],[121.5239891,25.0201786],[121.5239508,25.0201532],[121.5239094,25.0201281],[121.5238021,25.0201148],[121.5236497,25.0201558],[121.523523,25.0201326],[121.5234399,25.0201526],[121.5233769,25.0201943],[121.523166,25.0201737],[121.5230147,25.0201484]]}},{"type":"Feature","properties":{"kind":"bridge","osm_id":410452477,"name":"公訓處步道"},"geometry":{"type":"LineString","coordinates":[[121.5614045,25.00485],[121.5615639,25.0046993]]}},{"type":"Feature","properties":{"kind":"bridge","osm_id":413668207,"name":"台北聯絡線"},"geometry":{"type":"LineString","coordinates":[[121.5757885,25.0066059],[121.5760438,25.0065128],[121.5763262,25.0063952],[121.5766149,25.0062529],[121.5769159,25.0060927],[121.5771982,25.0059155],[121.5774519,25.0057451],[121.5781437,25.0052467]]}},{"type":"Feature","properties":{"kind":"bridge","osm_id":413668209,"name":"萬芳交流道"},"geometry":{"type":"LineString","coordinates":[[121.5757885,25.0066059],[121.5762753,25.0063816],[121.5766337,25.0061881],[121.5769094,25.0060201],[121.5771364,25.0058492],[121.5773456,25.0056561],[121.5775241,25.0054554],[121.5776829,25.0052548],[121.5778194,25.0050563]]}},{"type":"Feature","properties":{"kind":"bridge","osm_id":421635849,"name":"萬盛橋"},"geometry":{"type":"LineString","coordinates":[[121.5414653,25.0033318],[121.541537,25.0033676],[121.5415496,25.003374]]}},{"type":"Feature","properties":{"kind":"bridge","osm_id":432120647,"name":""},"geometry":{"type":"LineString","coordinates":[[121.5616939,24.9985635],[121.561243,24.9984751]]}},{"type":"Feature","properties":{"kind":"bridge","osm_id":432120648,"name":""},"geometry":{"type":"LineString","coordinates":[[121.5616939,24.9985635],[121.5616835,24.9986029],[121.561658,24.9986516]]}},{"type":"Feature","properties":{"kind":"bridge","osm_id":432120649,"name":""},"geometry":{"type":"LineString","coordinates":[[121.5616835,24.9986029],[121.5615939,24.9985839],[121.5615554,24.9987037]]}},{"type":"Feature","properties":{"kind":"bridge","osm_id":434508475,"name":"松山高中人行陸橋"},"geometry":{"type":"LineString","coordinates":[[121.5662067,25.0437541],[121.5658779,25.0439165]]}},{"type":"Feature","properties":{"kind":"bridge","osm_id":461937998,"name":"信義八號橋"},"geometry":{"type":"LineString","coordinates":[[121.5567706,25.0321712],[121.556665,25.0321812]]}},{"type":"Feature","properties":{"kind":"bridge","osm_id":462169039,"name":""},"geometry":{"type":"LineString","coordinates":[[121.5402315,25.0254576],[121.5403346,25.0254444]]}},{"type":"Feature","properties":{"kind":"bridge","osm_id":464852132,"name":""},"geometry":{"type":"LineString","coordinates":[[121.5120417,25.032122],[121.5120417,25.032145],[121.5120421,25.0322443]]}},{"type":"Feature","properties":{"kind":"bridge","osm_id":492117320,"name":""},"geometry":{"type":"LineString","coordinates":[[121.5167068,25.0489255],[121.5168049,25.0489087],[121.5168339,25.0490397]]}},{"type":"Feature","properties":{"kind":"bridge","osm_id":501533464,"name":""},"geometry":{"type":"LineString","coordinates":[[121.5287502,24.9969091],[121.5284232,24.9969699],[121.5285212,24.9974773]]}},{"type":"Feature","properties":{"kind":"bridge","osm_id":503313238,"name":"高架棧道"},"geometry":{"type":"LineString","coordinates":[[121.5526964,25.0167413],[121.5530543,25.0167186],[121.5533231,25.0167007],[121.5534095,25.0167116]]}},{"type":"Feature","properties":{"kind":"bridge","osm_id":513491895,"name":"人行空橋"},"geometry":{"type":"LineString","coordinates":[[121.5665059,25.0346047],[121.566513,25.0349267]]}},{"type":"Feature","properties":{"kind":"bridge","osm_id":513491896,"name":"人行空橋"},"geometry":{"type":"LineString","coordinates":[[121.5656967,25.0346508],[121.5657201,25.0346625],[121.5658121,25.0346608],[121.5658112,25.0346174],[121.5665059,25.0346047],[121.5665048,25.0345564],[121.5668459,25.0345502],[121.5668487,25.0346751],[121.5670698,25.0347365],[121.567367,25.034731],[121.5679435,25.0347204]]}},{"type":"Feature","properties":{"kind":"bridge","osm_id":519643765,"name":""},"geometry":{"type":"LineString","coordinates":[[121.5146828,25.0491209],[121.5141427,25.049245]]}},{"type":"Feature","properties":{"kind":"bridge","osm_id":524126284,"name":""},"geometry":{"type":"LineString","coordinates":[[121.5364172,25.000437],[121.5363843,25.0004777]]}},{"type":"Feature","properties":{"kind":"bridge","osm_id":531429709,"name":"高架棧道"},"geometry":{"type":"LineString","coordinates":[[121.5518529,25.0176158],[121.5517678,25.0175846],[121.5516059,25.0175172],[121.5515167,25.0174783],[121.5514717,25.0174518],[121.5514346,25.0174206],[121.55141,25.0173829],[121.5513997,25.0173366],[121.5514131,25.0172264],[121.5514175,25.0171222]]}},{"type":"Feature","properties":{"kind":"bridge","osm_id":537773977,"name":"新店溪右岸自行車道"},"geometry":{"type":"LineString","coordinates":[[121.527567,25.0117051],[121.5275802,25.011601]]}},{"type":"Feature","properties":{"kind":"bridge","osm_id":542486313,"name":""},"geometry":{"type":"LineString","coordinates":[[121.5589877,25.0451773],[121.5598288,25.0450924],[121.5602332,25.0450748]]}},{"type":"Feature","properties":{"kind":"bridge","osm_id":542519025,"name":"吳興街518巷"},"geometry":{"type":"LineString","coordinates":[[121.5683976,25.0224554],[121.5682957,25.0224577]]}},{"type":"Feature","properties":{"kind":"bridge","osm_id":546082881,"name":"新店溪右岸自行車道"},"geometry":{"type":"LineString","coordinates":[[121.5215056,25.0194293],[121.5215431,25.0193324]]}},{"type":"Feature","properties":{"kind":"bridge","osm_id":546158513,"name":""},"geometry":{"type":"LineString","coordinates":[[121.5226997,25.0197512],[121.5226767,25.0197978]]}},{"type":"Feature","properties":{"kind":"bridge","osm_id":551458785,"name":"和平東路出口匝道"},"geometry":{"type":"LineString","coordinates":[[121.5376996,25.0295407],[121.5376291,25.029074],[121.5375835,25.0266826],[121.5375781,25.0262038]]}},{"type":"Feature","properties":{"kind":"bridge","osm_id":552513838,"name":"麥帥一橋"},"geometry":{"type":"LineString","coordinates":[[121.5722124,25.0521163],[121.5747935,25.0534943]]}},{"type":"Feature","properties":{"kind":"bridge","osm_id":554213153,"name":"客家文化主題公園跨堤步道"},"geometry":{"type":"LineString","coordinates":[[121.5236498,25.0203736],[121.5236163,25.0203742],[121.5234949,25.0203517],[121.5234185,25.0203092],[121.5233923,25.0202685],[121.5233789,25.0202284],[121.5233769,25.0201943]]}},{"type":"Feature","properties":{"kind":"bridge","osm_id":554213155,"name":"客家文化主題公園跨堤步道"},"geometry":{"type":"LineString","coordinates":[[121.5236498,25.0203736],[121.5236304,25.0202618],[121.5236497,25.0201558]]}},{"type":"Feature","properties":{"kind":"bridge","osm_id":554213158,"name":"客家文化主題公園跨堤步道"},"geometry":{"type":"LineString","coordinates":[[121.5230147,25.0201484],[121.5229481,25.0201345],[121.5229059,25.0201081],[121.5227788,25.020058],[121.5226554,25.0200412],[121.5225928,25.0200078],[121.5224851,25.0200206],[121.5224524,25.0200655],[121.5223165,25.0201498],[121.5222278,25.0201689],[121.5219172,25.0202089],[121.52184,25.0202232],[121.521675,25.0203055],[121.5213982,25.0203921],[121.5206159,25.0205615],[121.5203659,25.020583]]}},{"type":"Feature","properties":{"kind":"bridge","osm_id":554213170,"name":""},"geometry":{"type":"LineString","coordinates":[[121.5243135,25.0199149],[121.5242366,25.0197532]]}},{"type":"Feature","properties":{"kind":"bridge","osm_id":574673506,"name":""},"geometry":{"type":"LineString","coordinates":[[121.5140795,25.039274],[121.5141696,25.0391679]]}},{"type":"Feature","properties":{"kind":"bridge","osm_id":574673508,"name":""},"geometry":{"type":"LineString","coordinates":[[121.5142037,25.039309],[121.514205,25.0392293]]}},{"type":"Feature","properties":{"kind":"bridge","osm_id":574673511,"name":""},"geometry":{"type":"LineString","coordinates":[[121.5142678,25.038919],[121.5142689,25.0389843],[121.5143398,25.0389822],[121.5143421,25.0390458]]}},{"type":"Feature","properties":{"kind":"bridge","osm_id":581377324,"name":"臺北轉運站出站通道"},"geometry":{"type":"LineString","coordinates":[[121.5181385,25.0487924],[121.5181158,25.048778],[121.5180941,25.048767],[121.5180639,25.0487553],[121.5180302,25.0487462],[121.5179957,25.0487414],[121.5176869,25.0487371],[121.517467,25.0487359],[121.5166273,25.0488765],[121.5164157,25.0488374]]}},{"type":"Feature","properties":{"kind":"bridge","osm_id":586067215,"name":""},"geometry":{"type":"LineString","coordinates":[[121.5667412,25.0046707],[121.5666584,25.0046895],[121.5665796,25.0046989],[121.5664907,25.0046992],[121.5662906,25.0046612],[121.566184,25.0046205],[121.5661169,25.0045801],[121.5659476,25.0044415],[121.565896,25.0044452],[121.5658453,25.0044607],[121.5657813,25.0044419],[121.5656757,25.00442],[121.5655905,25.0044103],[121.5655128,25.0043908],[121.5654484,25.0043604],[121.5654212,25.0043325]]}},{"type":"Feature","properties":{"kind":"bridge","osm_id":590103583,"name":""},"geometry":{"type":"LineString","coordinates":[[121.5192528,25.0346049],[121.5192315,25.0347084]]}},{"type":"Feature","properties":{"kind":"bridge","osm_id":595808490,"name":""},"geometry":{"type":"LineString","coordinates":[[121.5650309,25.0041362],[121.5649177,25.00409],[121.5646628,25.004104],[121.5646213,25.0040961]]}},{"type":"Feature","properties":{"kind":"bridge","osm_id":595808495,"name":""},"geometry":{"type":"LineString","coordinates":[[121.5678866,25.0047061],[121.5678584,25.0046734],[121.5679388,25.0046132],[121.5680585,25.0045433],[121.568199,25.0045054],[121.5682131,25.0044784],[121.5681792,25.0044461],[121.5680719,25.0044109],[121.5678403,25.0043625],[121.5674986,25.0043321]]}},{"type":"Feature","properties":{"kind":"bridge","osm_id":605982493,"name":""},"geometry":{"type":"LineString","coordinates":[[121.5182447,25.0493672],[121.5182311,25.0493925],[121.5181983,25.0494077],[121.518151,25.0494232],[121.5178221,25.0494821],[121.5176826,25.0495034],[121.5171053,25.0495891],[121.5169907,25.0496032]]}},{"type":"Feature","properties":{"kind":"bridge","osm_id":605982494,"name":""},"geometry":{"type":"LineString","coordinates":[[121.5169907,25.0496032],[121.517103,25.0495782],[121.5176799,25.0494985]]}},{"type":"Feature","properties":{"kind":"bridge","osm_id":618387945,"name":"行人天橋"},"geometry":{"type":"LineString","coordinates":[[121.5459497,25.0271439],[121.5459303,25.0268572]]}},{"type":"Feature","properties":{"kind":"bridge","osm_id":618387946,"name":"行人天橋"},"geometry":{"type":"LineString","coordinates":[[121.5456964,25.027158],[121.5456769,25.0268713]]}},{"type":"Feature","properties":{"kind":"bridge","osm_id":631239472,"name":"萬芳交流道"},"geometry":{"type":"LineString","coordinates":[[121.578762,25.0067887],[121.5781071,25.0067369],[121.5777265,25.0067138],[121.5773676,25.0067049],[121.5769276,25.0067303],[121.5765623,25.0067746],[121.5762368,25.0068314],[121.5759301,25.0069048],[121.5755556,25.0070091],[121.575445,25.0070418],[121.5749971,25.0071868],[121.5748129,25.0072397],[121.5742708,25.0073568]]}},{"type":"Feature","properties":{"kind":"bridge","osm_id":657396298,"name":"永福橋牽引道"},"geometry":{"type":"LineString","coordinates":[[121.5277972,25.0111562],[121.5278347,25.0111758],[121.5282837,25.0115929],[121.5283711,25.0116541],[121.5284227,25.0116781],[121.5284543,25.0116648],[121.5285141,25.0115867]]}},{"type":"Feature","properties":{"kind":"bridge","osm_id":662278605,"name":""},"geometry":{"type":"LineString","coordinates":[[121.5679435,25.0347204],[121.5679429,25.0346929],[121.56812,25.0346898]]}},{"type":"Feature","properties":{"kind":"bridge","osm_id":663078034,"name":""},"geometry":{"type":"LineString","coordinates":[[121.5438225,25.0033169],[121.5438845,25.0032902],[121.5438895,25.0032438],[121.5438957,25.0032303]]}},{"type":"Feature","properties":{"kind":"bridge","osm_id":663679151,"name":""},"geometry":{"type":"LineString","coordinates":[[121.5677703,25.0373699],[121.5677739,25.0375249]]}},{"type":"Feature","properties":{"kind":"bridge","osm_id":665712329,"name":""},"geometry":{"type":"LineString","coordinates":[[121.5593678,25.0151318],[121.5593782,25.015173],[121.5593886,25.0152141],[121.5594019,25.0152968],[121.5593956,25.015398],[121.5594104,25.0154784],[121.5594365,25.0155362],[121.5594715,25.0155673],[121.5595066,25.0155985],[121.5595318,25.0156486],[121.5595569,25.0157681],[121.5595304,25.015779],[121.5594878,25.0157513],[121.5594293,25.015703],[121.5593953,25.0156827],[121.559351,25.0156565],[121.5592846,25.01561],[121.5592327,25.0155341],[121.5591774,25.0154305],[121.5591383,25.0153789],[121.5590795,25.0153015],[121.5590351,25.0152537],[121.5589923,25.0152192],[121.558882,25.0152148],[121.5588536,25.015262],[121.5588646,25.015295],[121.5588878,25.0153244],[121.5589504,25.0153922],[121.5590034,25.0154642],[121.5590319,25.0155068],[121.5590532,25.0155556],[121.5590738,25.0156132],[121.559086,25.0157144],[121.55906,25.0157255],[121.5590376,25.0157179],[121.5590187,25.0157051],[121.558995,25.0156465],[121.558961,25.0155781],[121.5589152,25.0155289],[121.5588522,25.0154769],[121.5588423,25.0154695],[121.5588086,25.0154444],[121.5587948,25.0154341],[121.5587794,25.0154302],[121.5587637,25.0154401],[121.558768,25.0154788],[121.5588086,25.0155627],[121.558843,25.0156351],[121.5588371,25.0156459],[121.558829,25.0156541],[121.5587982,25.0156553],[121.558774,25.0156316],[121.5587452,25.0156015],[121.5587143,25.015601],[121.5586979,25.0156338],[121.5586857,25.0156663],[121.5586428,25.0156643]]}},{"type":"Feature","properties":{"kind":"bridge","osm_id":668037878,"name":"建國快速道路"},"geometry":{"type":"LineString","coordinates":[[121.5377074,25.0248692],[121.5377608,25.0262565],[121.5377755,25.0285981],[121.5378399,25.0319949],[121.5378988,25.035554],[121.5379109,25.0360935],[121.5379149,25.0367836],[121.5379283,25.0372751],[121.5379364,25.037808],[121.5379538,25.0387035],[121.5379337,25.0392272],[121.5378828,25.0397035],[121.5377969,25.0401118],[121.5376467,25.0405589],[121.5375683,25.0407428]]}},{"type":"Feature","properties":{"kind":"bridge","osm_id":668070774,"name":"市民大道高架道路"},"geometry":{"type":"LineString","coordinates":[[121.5184518,25.0485155],[121.5176198,25.0486556]]}},{"type":"Feature","properties":{"kind":"bridge","osm_id":668070788,"name":"市民大道高架道路"},"geometry":{"type":"LineString","coordinates":[[121.5177083,25.0484794],[121.5184222,25.0483928]]}},{"type":"Feature","properties":{"kind":"bridge","osm_id":685822581,"name":""},"geometry":{"type":"LineString","coordinates":[[121.5249364,25.0090694],[121.5249695,25.009024],[121.5249854,25.0090336],[121.5250271,25.0089763]]}},{"type":"Feature","properties":{"kind":"bridge","osm_id":686126288,"name":""},"geometry":{"type":"LineString","coordinates":[[121.5253868,25.0091537],[121.5256077,25.0093134],[121.5258066,25.0095051],[121.5260897,25.0097112],[121.52777,25.0113708],[121.5280483,25.0116721]]}},{"type":"Feature","properties":{"kind":"bridge","osm_id":686126289,"name":""},"geometry":{"type":"LineString","coordinates":[[121.5252454,25.0091197],[121.5253592,25.0091904],[121.5253868,25.0091537]]}},{"type":"Feature","properties":{"kind":"bridge","osm_id":686126290,"name":""},"geometry":{"type":"LineString","coordinates":[[121.5254185,25.0088543],[121.5255946,25.0089575],[121.5255776,25.0089753]]}},{"type":"Feature","properties":{"kind":"bridge","osm_id":686126291,"name":""},"geometry":{"type":"LineString","coordinates":[[121.5255776,25.0089753],[121.5257745,25.0091209],[121.5260087,25.0093392],[121.526204,25.0096085],[121.5267223,25.010125],[121.5267767,25.0101541]]}},{"type":"Feature","properties":{"kind":"bridge","osm_id":696346871,"name":"機車專用道"},"geometry":{"type":"LineString","coordinates":[[121.5151784,25.0183426],[121.5150365,25.0183242],[121.5149212,25.018323],[121.5145631,25.0183412],[121.5144625,25.0183449],[121.5143941,25.0183461],[121.5137464,25.0183181],[121.513277,25.0182938],[121.513222,25.0182841],[121.5129583,25.0182355],[121.5124431,25.0181521],[121.5115419,25.0179419],[121.5103082,25.0175914],[121.5097588,25.0173644],[121.5092429,25.0171274],[121.5087346,25.0168479],[121.5083421,25.0166108],[121.50766,25.0161231],[121.5070133,25.0155862],[121.5056101,25.0142666],[121.5050374,25.0137024],[121.5045007,25.0131374]]}},{"type":"Feature","properties":{"kind":"bridge","osm_id":712593157,"name":"基隆路高架道路"},"geometry":{"type":"LineString","coordinates":[[121.5371468,25.0111464],[121.5374472,25.0113129],[121.5382667,25.011985],[121.5398866,25.0133411],[121.5410924,25.0143967]]}},{"type":"Feature","properties":{"kind":"bridge","osm_id":712593158,"name":"基隆路高架道路"},"geometry":{"type":"LineString","coordinates":[[121.5324707,25.0087581],[121.5328593,25.0089611],[121.5330817,25.0090724],[121.5335781,25.0093208],[121.5346819,25.0099321]]}},{"type":"Feature","properties":{"kind":"bridge","osm_id":712593159,"name":"永福橋出口匝道"},"geometry":{"type":"LineString","coordinates":[[121.5262564,25.014604],[121.5267196,25.0138962],[121.5269948,25.0134801]]}},{"type":"Feature","properties":{"kind":"bridge","osm_id":712593160,"name":"師大路出口匝道"},"geometry":{"type":"LineString","coordinates":[[121.5223044,25.0203715],[121.5224067,25.0203598],[121.5225089,25.0203623],[121.522706,25.0204015],[121.5228937,25.0204652],[121.5235787,25.0206424],[121.524045,25.0207722],[121.5242119,25.0208235],[121.5245124,25.020906]]}},{"type":"Feature","properties":{"kind":"bridge","osm_id":720453353,"name":""},"geometry":{"type":"LineString","coordinates":[[121.5476498,25.0136717],[121.5476907,25.0137128]]}},{"type":"Feature","properties":{"kind":"bridge","osm_id":721488131,"name":"基隆路高架道路"},"geometry":{"type":"LineString","coordinates":[[121.542817,25.0160489],[121.5419788,25.0153294],[121.5396292,25.0133266],[121.5389952,25.0127959],[121.5384722,25.0123414],[121.5381084,25.0120285]]}},{"type":"Feature","properties":{"kind":"bridge","osm_id":752147499,"name":"機車專用道"},"geometry":{"type":"LineString","coordinates":[[121.5368185,25.0436306],[121.5368009,25.0438728],[121.5368278,25.0443884],[121.5368278,25.0446939],[121.5368288,25.0449128],[121.5368321,25.0451677],[121.5368417,25.0454926],[121.5368331,25.0458944],[121.536846,25.0462222],[121.5368868,25.0465977],[121.5368944,25.0471114],[121.5369051,25.0474879],[121.5369115,25.0478527],[121.5369271,25.0482502]]}},{"type":"Feature","properties":{"kind":"bridge","osm_id":752147500,"name":"機慢車專用道"},"geometry":{"type":"LineString","coordinates":[[121.5364744,25.0485127],[121.5365289,25.0483935],[121.5365261,25.0482784],[121.5365218,25.048136],[121.5365151,25.0479269],[121.5364592,25.0461131],[121.5364032,25.0443745],[121.5363947,25.0440133],[121.5364162,25.0436162],[121.5364422,25.0432109],[121.5364982,25.0428681],[121.5367052,25.0421456],[121.5368542,25.0419347]]}},{"type":"Feature","properties":{"kind":"bridge","osm_id":764187879,"name":"建國快速道路"},"geometry":{"type":"LineString","coordinates":[[121.5378224,25.0377958],[121.5378291,25.0371397],[121.5377969,25.035537],[121.537754,25.0320144],[121.5376996,25.0295407],[121.5376776,25.0283781],[121.5376495,25.0262662],[121.5376028,25.0248686]]}},{"type":"Feature","properties":{"kind":"bridge","osm_id":782588187,"name":"台北聯絡線"},"geometry":{"type":"LineString","coordinates":[[121.551188,25.0154427],[121.5517542,25.015058],[121.552373,25.0146739],[121.5527317,25.0144862],[121.5532528,25.014268],[121.5535968,25.0141513]]}},{"type":"Feature","properties":{"kind":"bridge","osm_id":782588188,"name":"台北聯絡線"},"geometry":{"type":"LineString","coordinates":[[121.5516508,25.015225],[121.5512498,25.0155021]]}},{"type":"Feature","properties":{"kind":"bridge","osm_id":857530429,"name":""},"geometry":{"type":"LineString","coordinates":[[121.5578228,25.0152957],[121.5579103,25.0154356],[121.5579208,25.0155446],[121.5578909,25.0156187],[121.5578976,25.0156771],[121.5579217,25.0157641],[121.5579888,25.0158214],[121.5580522,25.0158554],[121.5581147,25.0158792],[121.5581453,25.0158711]]}},{"type":"Feature","properties":{"kind":"bridge","osm_id":861204875,"name":""},"geometry":{"type":"LineString","coordinates":[[121.5441446,25.0520864],[121.5439247,25.0520925]]}},{"type":"Feature","properties":{"kind":"bridge","osm_id":861204877,"name":""},"geometry":{"type":"LineString","coordinates":[[121.5439253,25.0525323],[121.5441513,25.0525304]]}},{"type":"Feature","properties":{"kind":"bridge","osm_id":866562970,"name":""},"geometry":{"type":"LineString","coordinates":[[121.516095,25.0181473],[121.5160983,25.0181621],[121.5165937,25.0180711],[121.5166021,25.0181089]]}},{"type":"Feature","properties":{"kind":"bridge","osm_id":872927798,"name":"博愛陸橋"},"geometry":{"type":"LineString","coordinates":[[121.5204757,25.0155693],[121.5205058,25.0155358],[121.5205539,25.0155713],[121.5207384,25.0157073]]}},{"type":"Feature","properties":{"kind":"bridge","osm_id":872927799,"name":"博愛陸橋"},"geometry":{"type":"LineString","coordinates":[[121.5205539,25.0155713],[121.5205082,25.0156257],[121.5204899,25.015614],[121.5205271,25.0155696]]}},{"type":"Feature","properties":{"kind":"bridge","osm_id":906806085,"name":"市民大道高架道路"},"geometry":{"type":"LineString","coordinates":[[121.5423481,25.0446409],[121.545346,25.044987]]}},{"type":"Feature","properties":{"kind":"bridge","osm_id":906806087,"name":"市民大道高架道路"},"geometry":{"type":"LineString","coordinates":[[121.5454434,25.0450811],[121.5423394,25.0447574]]}},{"type":"Feature","properties":{"kind":"bridge","osm_id":906806093,"name":"建國快速道路"},"geometry":{"type":"LineString","coordinates":[[121.5372819,25.0411227],[121.5373,25.0410772],[121.5375072,25.0405881],[121.5376574,25.0401409],[121.5377755,25.0396646],[121.5378184,25.0392952],[121.5378506,25.0388092],[121.5378224,25.0377958]]}},{"type":"Feature","properties":{"kind":"bridge","osm_id":906806096,"name":""},"geometry":{"type":"LineString","coordinates":[[121.5176799,25.0494985],[121.5178194,25.0494766],[121.5181453,25.0494184],[121.5181909,25.0494044],[121.5182227,25.0493895],[121.5182447,25.0493672]]}},{"type":"Feature","properties":{"kind":"bridge","osm_id":906877159,"name":"光復南路入口匝道"},"geometry":{"type":"LineString","coordinates":[[121.556628,25.0449293],[121.5555042,25.0446961],[121.5549892,25.0446353]]}},{"type":"Feature","properties":{"kind":"bridge","osm_id":910567291,"name":"建國快速道路"},"geometry":{"type":"LineString","coordinates":[[121.5366887,25.0444713],[121.5367272,25.045687],[121.5367965,25.0478729],[121.5368096,25.0485636],[121.5368667,25.0515793],[121.5369436,25.055092],[121.5369338,25.0559506],[121.5369678,25.0582505]]}},{"type":"Feature","properties":{"kind":"bridge","osm_id":910567292,"name":"建國快速道路"},"geometry":{"type":"LineString","coordinates":[[121.5375683,25.0407428],[121.5374643,25.0409866],[121.5372712,25.0414629],[121.537003,25.0421036],[121.5369107,25.042355],[121.5368327,25.0426225],[121.5367348,25.0431542],[121.5366811,25.0437277],[121.5366785,25.0441502],[121.5366887,25.0444713]]}},{"type":"Feature","properties":{"kind":"bridge","osm_id":910959595,"name":"建國快速道路"},"geometry":{"type":"LineString","coordinates":[[121.5368832,25.0582448],[121.5368454,25.0572071],[121.536824,25.0561259],[121.5368023,25.0540286],[121.536801,25.0539741],[121.5367674,25.0526117],[121.5367285,25.0510305],[121.536695,25.0492369],[121.5366785,25.0478924],[121.536608,25.0456861]]}},{"type":"Feature","properties":{"kind":"bridge","osm_id":911132810,"name":"機車專用道"},"geometry":{"type":"LineString","coordinates":[[121.5163035,25.0220584],[121.5161591,25.0219242],[121.5160009,25.0217942],[121.5158857,25.021673],[121.5157817,25.0215498],[121.5157152,25.0214332],[121.515636,25.0212851],[121.5155463,25.0210876],[121.5155135,25.0209564],[121.5154821,25.0208136],[121.5154638,25.0206927]]}},{"type":"Feature","properties":{"kind":"bridge","osm_id":911132814,"name":"中正橋"},"geometry":{"type":"LineString","coordinates":[[121.5157876,25.017602],[121.5157408,25.0177441],[121.5157069,25.0178756],[121.5156817,25.0179939],[121.5156536,25.0181494],[121.5156414,25.0182685],[121.5156361,25.0184581],[121.5156388,25.0189867],[121.5156367,25.0191201],[121.5155912,25.0199354],[121.5155978,25.0203091],[121.515618,25.0204885],[121.5156631,25.0206716],[121.5157105,25.020873],[121.5157648,25.0210171],[121.5158352,25.021175]]}},{"type":"Feature","properties":{"kind":"bridge","osm_id":911132815,"name":"中正橋"},"geometry":{"type":"LineString","coordinates":[[121.516693,25.0225086],[121.5166293,25.0223698],[121.5165049,25.0221677],[121.5161516,25.0217798],[121.5159928,25.021615],[121.5158031,25.0213702],[121.5157279,25.0212371]]}},{"type":"Feature","properties":{"kind":"bridge","osm_id":911137595,"name":"中正橋入口匝道"},"geometry":{"type":"LineString","coordinates":[[121.5156631,25.0206716],[121.5157558,25.0208621],[121.5158148,25.0209957],[121.5158837,25.0211302],[121.5159662,25.0212778],[121.5160525,25.0214084],[121.5161074,25.0214722],[121.5161718,25.0215324],[121.5162643,25.0215846],[121.5163502,25.021618],[121.5164481,25.0216375],[121.5165449,25.0216385],[121.5166389,25.0216287],[121.5167297,25.0216047],[121.516827,25.0215705]]}},{"type":"Feature","properties":{"kind":"bridge","osm_id":911137597,"name":"(往新北環快、堤外道路)"},"geometry":{"type":"LineString","coordinates":[[121.5155153,25.0191099],[121.5155088,25.0189753],[121.5154991,25.0188523]]}},{"type":"Feature","properties":{"kind":"bridge","osm_id":911137599,"name":"機車專用道"},"geometry":{"type":"LineString","coordinates":[[121.5157256,25.0206395],[121.5157905,25.0208245],[121.5158539,25.0209649],[121.5160645,25.0213574],[121.5161537,25.0214927],[121.5162804,25.02164],[121.5163725,25.0217418]]}},{"type":"Feature","properties":{"kind":"bridge","osm_id":915742301,"name":"博愛陸橋"},"geometry":{"type":"LineString","coordinates":[[121.5205532,25.0160539],[121.5206022,25.0160558],[121.520688,25.0158795],[121.5208241,25.015727],[121.5207994,25.0157089],[121.5206695,25.0158544]]}},{"type":"Feature","properties":{"kind":"bridge","osm_id":915742302,"name":"博愛陸橋"},"geometry":{"type":"LineString","coordinates":[[121.5206695,25.0158544],[121.5206378,25.0158312]]}},{"type":"Feature","properties":{"kind":"bridge","osm_id":915818023,"name":""},"geometry":{"type":"LineString","coordinates":[[121.5225086,25.0199892],[121.5225555,25.0199868],[121.5225595,25.0200679],[121.5225393,25.0200686]]}},{"type":"Feature","properties":{"kind":"bridge","osm_id":915818026,"name":""},"geometry":{"type":"LineString","coordinates":[[121.5225393,25.0200686],[121.5225385,25.0200191],[121.5225606,25.0200178],[121.5225606,25.0200838]]}},{"type":"Feature","properties":{"kind":"bridge","osm_id":915818029,"name":""},"geometry":{"type":"LineString","coordinates":[[121.5280424,25.0118091],[121.5280607,25.0117754],[121.5280587,25.0117602],[121.5280044,25.0117013],[121.5280483,25.0116721]]}},{"type":"Feature","properties":{"kind":"bridge","osm_id":957901356,"name":"水源快速道路"},"geometry":{"type":"LineString","coordinates":[[121.535343,24.9991212],[121.5353284,24.9993516],[121.5353128,24.9996154]]}},{"type":"Feature","properties":{"kind":"bridge","osm_id":957901357,"name":"水源快速道路"},"geometry":{"type":"LineString","coordinates":[[121.5352996,25.0003305],[121.5352939,24.9997136]]}},{"type":"Feature","properties":{"kind":"bridge","osm_id":957901358,"name":"水源快速道路"},"geometry":{"type":"LineString","coordinates":[[121.5352939,24.9997136],[121.5352727,24.9993758],[121.535279,24.9992017],[121.5352897,24.9990267]]}},{"type":"Feature","properties":{"kind":"bridge","osm_id":968214171,"name":"民治街72巷"},"geometry":{"type":"LineString","coordinates":[[121.5182843,24.9987831],[121.518387,24.9987837]]}},{"type":"Feature","properties":{"kind":"bridge","osm_id":995255603,"name":"川端橋"},"geometry":{"type":"LineString","coordinates":[[121.5164794,25.0215898],[121.5159053,25.0198277]]}},{"type":"Feature","properties":{"kind":"bridge","osm_id":1026471839,"name":"尋寶步道"},"geometry":{"type":"LineString","coordinates":[[121.5348682,25.0117934],[121.534815,25.0117421],[121.5347336,25.0117202],[121.5347373,25.0116784],[121.5349033,25.0116919],[121.5349265,25.0116393],[121.5351178,25.0116583],[121.5352123,25.0116398],[121.5354039,25.0115104],[121.5354622,25.0113739],[121.5355786,25.0112995]]}},{"type":"Feature","properties":{"kind":"bridge","osm_id":1026471840,"name":""},"geometry":{"type":"LineString","coordinates":[[121.5349033,25.0116919],[121.5349479,25.0116954]]}},{"type":"Feature","properties":{"kind":"bridge","osm_id":1026471844,"name":"尋寶步道"},"geometry":{"type":"LineString","coordinates":[[121.5337312,25.0103263],[121.5337429,25.0103375],[121.5336458,25.0104208],[121.5336341,25.0104095],[121.5336772,25.0103725]]}},{"type":"Feature","properties":{"kind":"bridge","osm_id":1026471847,"name":""},"geometry":{"type":"LineString","coordinates":[[121.5337046,25.0103491],[121.5336772,25.0103725]]}},{"type":"Feature","properties":{"kind":"bridge","osm_id":1026471848,"name":""},"geometry":{"type":"LineString","coordinates":[[121.5356259,25.0112909],[121.5356253,25.0112465],[121.535672,25.011246]]}},{"type":"Feature","properties":{"kind":"bridge","osm_id":1026471849,"name":""},"geometry":{"type":"LineString","coordinates":[[121.5355786,25.0112995],[121.5356259,25.0112909]]}},{"type":"Feature","properties":{"kind":"bridge","osm_id":1029383795,"name":"台北聯絡線"},"geometry":{"type":"LineString","coordinates":[[121.5655867,25.0095388],[121.5652563,25.0096469]]}},{"type":"Feature","properties":{"kind":"bridge","osm_id":1029383796,"name":"台北聯絡線"},"geometry":{"type":"LineString","coordinates":[[121.5653549,25.0093532],[121.5656768,25.009232]]}},{"type":"Feature","properties":{"kind":"bridge","osm_id":1034076814,"name":""},"geometry":{"type":"LineString","coordinates":[[121.54236,25.0413804],[121.5425489,25.0413784]]}},{"type":"Feature","properties":{"kind":"bridge","osm_id":1050639345,"name":""},"geometry":{"type":"LineString","coordinates":[[121.5144324,25.0424686],[121.5143998,25.0424054]]}},{"type":"Feature","properties":{"kind":"bridge","osm_id":1050639378,"name":""},"geometry":{"type":"LineString","coordinates":[[121.5157518,25.0421384],[121.515797,25.0422845]]}},{"type":"Feature","properties":{"kind":"bridge","osm_id":1050800222,"name":""},"geometry":{"type":"LineString","coordinates":[[121.5176345,25.0402524],[121.5175971,25.0403134]]}},{"type":"Feature","properties":{"kind":"bridge","osm_id":1050800223,"name":""},"geometry":{"type":"LineString","coordinates":[[121.5166938,25.0406584],[121.5166466,25.0406696]]}},{"type":"Feature","properties":{"kind":"bridge","osm_id":1051271068,"name":"樹梢步道"},"geometry":{"type":"LineString","coordinates":[[121.5455685,25.0041139],[121.5456527,25.0040939],[121.5457301,25.0041486],[121.5457469,25.0041456],[121.5457955,25.0040994],[121.5458294,25.0041086],[121.545889,25.0042322],[121.5459997,25.0042357],[121.5461072,25.0041786],[121.546219,25.0041891],[121.5462967,25.0042647],[121.5464006,25.0042767],[121.5464618,25.0043505]]}},{"type":"Feature","properties":{"kind":"bridge","osm_id":1051435357,"name":""},"geometry":{"type":"LineString","coordinates":[[121.5455342,25.0038099],[121.54553,25.0038387]]}},{"type":"Feature","properties":{"kind":"bridge","osm_id":1053623544,"name":""},"geometry":{"type":"LineString","coordinates":[[121.5204174,25.0365381],[121.5204158,25.0366481]]}},{"type":"Feature","properties":{"kind":"bridge","osm_id":1068183468,"name":""},"geometry":{"type":"LineString","coordinates":[[121.5350073,25.02573],[121.5350135,25.0257774],[121.5350432,25.0257742],[121.5350373,25.0257288]]}},{"type":"Feature","properties":{"kind":"bridge","osm_id":1068207375,"name":"和平東路三段606巷"},"geometry":{"type":"LineString","coordinates":[[121.5603742,25.0127554],[121.5602563,25.0127551]]}},{"type":"Feature","properties":{"kind":"bridge","osm_id":1070592906,"name":""},"geometry":{"type":"LineString","coordinates":[[121.5736539,25.0553345],[121.5736749,25.0553373]]}},{"type":"Feature","properties":{"kind":"bridge","osm_id":1070592907,"name":""},"geometry":{"type":"LineString","coordinates":[[121.5736439,25.0553959],[121.5736539,25.0553345]]}},{"type":"Feature","properties":{"kind":"bridge","osm_id":1070592917,"name":""},"geometry":{"type":"LineString","coordinates":[[121.573952,25.0538513],[121.573927,25.0538438]]}},{"type":"Feature","properties":{"kind":"bridge","osm_id":1070592918,"name":""},"geometry":{"type":"LineString","coordinates":[[121.5739008,25.053908],[121.573927,25.0538438]]}},{"type":"Feature","properties":{"kind":"bridge","osm_id":1070592919,"name":""},"geometry":{"type":"LineString","coordinates":[[121.5739279,25.0539187],[121.573952,25.0538513]]}},{"type":"Feature","properties":{"kind":"bridge","osm_id":1071282020,"name":"基隆河左岸自行車道"},"geometry":{"type":"LineString","coordinates":[[121.5702718,25.0547856],[121.5703115,25.0545566]]}},{"type":"Feature","properties":{"kind":"bridge","osm_id":1071282022,"name":"觀山1"},"geometry":{"type":"LineString","coordinates":[[121.5701599,25.0551271],[121.5701516,25.0551885]]}},{"type":"Feature","properties":{"kind":"bridge","osm_id":1071282023,"name":"觀山1"},"geometry":{"type":"LineString","coordinates":[[121.5701692,25.0551904],[121.5701516,25.0551885]]}},{"type":"Feature","properties":{"kind":"bridge","osm_id":1071561135,"name":"成美左13"},"geometry":{"type":"LineString","coordinates":[[121.571182,25.0514559],[121.5711995,25.0514636]]}},{"type":"Feature","properties":{"kind":"bridge","osm_id":1071561136,"name":"成美左13"},"geometry":{"type":"LineString","coordinates":[[121.571194,25.0514318],[121.5711994,25.0514356],[121.571182,25.0514559]]}},{"type":"Feature","properties":{"kind":"bridge","osm_id":1071561140,"name":""},"geometry":{"type":"LineString","coordinates":[[121.570954,25.051685],[121.5711772,25.0518076],[121.5712217,25.0518152],[121.5716747,25.0520715],[121.5741619,25.0534192]]}},{"type":"Feature","properties":{"kind":"bridge","osm_id":1071561141,"name":""},"geometry":{"type":"LineString","coordinates":[[121.5712032,25.0513855],[121.5711297,25.0514331],[121.5711194,25.0514199]]}},{"type":"Feature","properties":{"kind":"bridge","osm_id":1073045388,"name":""},"geometry":{"type":"LineString","coordinates":[[121.5751067,25.0530411],[121.5752133,25.05302]]}},{"type":"Feature","properties":{"kind":"bridge","osm_id":1073045389,"name":""},"geometry":{"type":"LineString","coordinates":[[121.5752052,25.0529866],[121.5752133,25.05302]]}},{"type":"Feature","properties":{"kind":"bridge","osm_id":1073045428,"name":"成美左10"},"geometry":{"type":"LineString","coordinates":[[121.5751024,25.0511098],[121.5750707,25.0511034],[121.5750658,25.0511232],[121.5750971,25.0511295],[121.5750916,25.0511518]]}},{"type":"Feature","properties":{"kind":"bridge","osm_id":1073045430,"name":"成美左10"},"geometry":{"type":"LineString","coordinates":[[121.5750696,25.0511242],[121.5750975,25.0511298],[121.5751024,25.0511098]]}},{"type":"Feature","properties":{"kind":"bridge","osm_id":1073045431,"name":"成美左11"},"geometry":{"type":"LineString","coordinates":[[121.5740486,25.0508957],[121.5740168,25.050892],[121.5740142,25.0509106],[121.574046,25.0509143],[121.5740439,25.0509289]]}},{"type":"Feature","properties":{"kind":"bridge","osm_id":1073045434,"name":"成美左11"},"geometry":{"type":"LineString","coordinates":[[121.5740199,25.050911],[121.574046,25.050914],[121.5740486,25.0508957]]}},{"type":"Feature","properties":{"kind":"bridge","osm_id":1073045435,"name":"成美左12"},"geometry":{"type":"LineString","coordinates":[[121.5730709,25.050832],[121.5730386,25.0508326],[121.5730388,25.0508504],[121.5730711,25.0508498],[121.5730712,25.050861]]}},{"type":"Feature","properties":{"kind":"bridge","osm_id":1073045436,"name":"成美左12"},"geometry":{"type":"LineString","coordinates":[[121.5730426,25.0508498],[121.5730711,25.0508495],[121.5730709,25.050832]]}},{"type":"Feature","properties":{"kind":"bridge","osm_id":1079151555,"name":"新生高架道路"},"geometry":{"type":"LineString","coordinates":[[121.5297245,25.0480869],[121.5301889,25.0476218],[121.5306985,25.0471652],[121.5307533,25.0471069],[121.5307869,25.0470592],[121.5308189,25.0470027],[121.530846,25.0469356],[121.530861,25.0468778],[121.530865,25.0468147],[121.5308616,25.0467472],[121.5308413,25.046664]]}},{"type":"Feature","properties":{"kind":"bridge","osm_id":1087550735,"name":""},"geometry":{"type":"LineString","coordinates":[[121.5143311,25.0317913],[121.514594,25.0318612]]}},{"type":"Feature","properties":{"kind":"bridge","osm_id":1090651602,"name":""},"geometry":{"type":"LineString","coordinates":[[121.5749234,25.0513928],[121.5750707,25.0514168]]}},{"type":"Feature","properties":{"kind":"bridge","osm_id":1103224263,"name":"(往堤外道路)"},"geometry":{"type":"LineString","coordinates":[[121.5154991,25.0188523],[121.5154332,25.0186747],[121.5153767,25.0185768],[121.5153068,25.0184984],[121.5152021,25.0184297],[121.5151046,25.0183946],[121.5150078,25.0183817],[121.5149109,25.018381]]}},{"type":"Feature","properties":{"kind":"bridge","osm_id":1103263448,"name":"中正橋出口匝道"},"geometry":{"type":"LineString","coordinates":[[121.5162114,25.0227069],[121.5162282,25.0225503],[121.5162156,25.0223847],[121.5161846,25.0221873],[121.5161176,25.0219753],[121.5159977,25.0217599],[121.515883,25.0215834],[121.5157591,25.0214032],[121.515707,25.0212963],[121.5157279,25.0212371]]}},{"type":"Feature","properties":{"kind":"bridge","osm_id":1103359150,"name":""},"geometry":{"type":"LineString","coordinates":[[121.516278,25.0220772],[121.5161231,25.0219344],[121.5159648,25.0217959],[121.5158542,25.0216804],[121.5157349,25.0215565],[121.5156684,25.0214385],[121.515596,25.0213055],[121.5155356,25.0211499],[121.5154794,25.0209659],[121.5154424,25.0208237],[121.515421,25.0206906]]}},{"type":"Feature","properties":{"kind":"bridge","osm_id":1103359151,"name":""},"geometry":{"type":"LineString","coordinates":[[121.5154418,25.0183645],[121.5154485,25.0181993],[121.5154686,25.0180146],[121.5154847,25.017938],[121.5154993,25.0178799],[121.5155083,25.0178499],[121.5155996,25.0175439]]}},{"type":"Feature","properties":{"kind":"bridge","osm_id":1103359152,"name":""},"geometry":{"type":"LineString","coordinates":[[121.5157301,25.0189005],[121.5157056,25.0191142],[121.5157029,25.0192171],[121.5156671,25.0200702],[121.5156872,25.0202476],[121.5157107,25.020439],[121.5157569,25.0206244]]}},{"type":"Feature","properties":{"kind":"bridge","osm_id":1103384932,"name":""},"geometry":{"type":"LineString","coordinates":[[121.5154485,25.0184801],[121.5154418,25.0183645]]}},{"type":"Feature","properties":{"kind":"bridge","osm_id":1103384933,"name":""},"geometry":{"type":"LineString","coordinates":[[121.515287,25.0185535],[121.5152786,25.0185318],[121.5154485,25.0184801]]}},{"type":"Feature","properties":{"kind":"bridge","osm_id":1103487993,"name":"新北環河快速道路"},"geometry":{"type":"LineString","coordinates":[[121.5165988,25.0179809],[121.5164921,25.0180021],[121.5159637,25.0181042],[121.5156338,25.0181407],[121.5153683,25.0181747]]}},{"type":"Feature","properties":{"kind":"bridge","osm_id":1103487994,"name":""},"geometry":{"type":"LineString","coordinates":[[121.5154075,25.0190731],[121.5154351,25.0188361],[121.5154073,25.0187255],[121.515374,25.0186538],[121.5153372,25.0185991],[121.515287,25.0185535]]}},{"type":"Feature","properties":{"kind":"bridge","osm_id":1103487995,"name":""},"geometry":{"type":"LineString","coordinates":[[121.515421,25.0206906],[121.5153868,25.0204986],[121.5153733,25.0203005],[121.5153633,25.020055],[121.5154075,25.0190731]]}},{"type":"Feature","properties":{"kind":"bridge","osm_id":1103487996,"name":"機車專用道"},"geometry":{"type":"LineString","coordinates":[[121.5154638,25.0206927],[121.5154442,25.0205377],[121.5154277,25.0204037],[121.5154152,25.0201679],[121.5154712,25.0200695]]}},{"type":"Feature","properties":{"kind":"bridge","osm_id":1103487997,"name":""},"geometry":{"type":"LineString","coordinates":[[121.5157569,25.0206244],[121.515818,25.0208011],[121.5158924,25.0209628],[121.5160821,25.0213237],[121.5161801,25.0214775],[121.5163294,25.0216358],[121.516426,25.0217472]]}},{"type":"Feature","properties":{"kind":"bridge","osm_id":1103487998,"name":"機車專用道"},"geometry":{"type":"LineString","coordinates":[[121.5155912,25.0199354],[121.5156361,25.0199696],[121.5156576,25.0202434],[121.5156716,25.0203907],[121.5156944,25.0205243],[121.5157256,25.0206395]]}},{"type":"Feature","properties":{"kind":"bridge","osm_id":1103487999,"name":"機車專用道"},"geometry":{"type":"LineString","coordinates":[[121.5163725,25.0217418],[121.5165325,25.0219159],[121.5166528,25.022062],[121.516728,25.022157],[121.5168656,25.0224724]]}},{"type":"Feature","properties":{"kind":"bridge","osm_id":1103488000,"name":""},"geometry":{"type":"LineString","coordinates":[[121.516426,25.0217472],[121.5165234,25.0218585],[121.5166776,25.0220359],[121.5167506,25.0221423],[121.5168135,25.0222586]]}},{"type":"Feature","properties":{"kind":"bridge","osm_id":1103488001,"name":"機車專用道"},"geometry":{"type":"LineString","coordinates":[[121.5166249,25.0225355],[121.5165567,25.0223876],[121.5164936,25.02227],[121.516413,25.0221787],[121.5163035,25.0220584]]}},{"type":"Feature","properties":{"kind":"bridge","osm_id":1103488002,"name":""},"geometry":{"type":"LineString","coordinates":[[121.5166009,25.0225444],[121.5165801,25.0224961],[121.5164933,25.0223301],[121.5163893,25.0221878],[121.516278,25.0220772]]}},{"type":"Feature","properties":{"kind":"bridge","osm_id":1117859379,"name":""},"geometry":{"type":"LineString","coordinates":[[121.5224524,25.0200655],[121.5225133,25.0200844],[121.5225606,25.0200838],[121.5226182,25.020078],[121.5226554,25.0200412]]}},{"type":"Feature","properties":{"kind":"bridge","osm_id":1130601788,"name":"永福橋"},"geometry":{"type":"LineString","coordinates":[[121.5261387,25.0096575],[121.5276171,25.0110816]]}},{"type":"Feature","properties":{"kind":"bridge","osm_id":1130601789,"name":"永福橋"},"geometry":{"type":"LineString","coordinates":[[121.5279563,25.0114083],[121.5281945,25.0116527]]}},{"type":"Feature","properties":{"kind":"bridge","osm_id":1130601790,"name":"永福橋"},"geometry":{"type":"LineString","coordinates":[[121.5259367,25.0094536],[121.5261387,25.0096575]]}},{"type":"Feature","properties":{"kind":"bridge","osm_id":1132431141,"name":"長安東路入口匝道"},"geometry":{"type":"LineString","coordinates":[[121.5306428,25.0471275],[121.530697,25.0470704],[121.5307265,25.0470364],[121.5307582,25.0469933],[121.5307924,25.0469356],[121.5308127,25.0468827],[121.5308288,25.0468274],[121.5308388,25.0467539],[121.5308413,25.046664]]}},{"type":"Feature","properties":{"kind":"bridge","osm_id":1132431142,"name":"長安東路出口匝道"},"geometry":{"type":"LineString","coordinates":[[121.5279078,25.0511959],[121.5280754,25.0505495]]}},{"type":"Feature","properties":{"kind":"bridge","osm_id":1132431143,"name":"長安東路入口匝道"},"geometry":{"type":"LineString","coordinates":[[121.5282782,25.0506128],[121.5281358,25.0509498],[121.5279679,25.0512583]]}},{"type":"Feature","properties":{"kind":"bridge","osm_id":1132431144,"name":"民生東路出口匝道"},"geometry":{"type":"LineString","coordinates":[[121.527571,25.053905],[121.527641,25.0545193]]}},{"type":"Feature","properties":{"kind":"bridge","osm_id":1132431808,"name":"長安東路出口匝道"},"geometry":{"type":"LineString","coordinates":[[121.5308842,25.0464253],[121.5309267,25.0465133],[121.5309649,25.0466051],[121.5309978,25.046698]]}},{"type":"Feature","properties":{"kind":"bridge","osm_id":1132433052,"name":"八德路出口匝道"},"geometry":{"type":"LineString","coordinates":[[121.5306665,25.0460846],[121.5305448,25.0458299]]}},{"type":"Feature","properties":{"kind":"bridge","osm_id":1132433053,"name":"八德路入口匝道"},"geometry":{"type":"LineString","coordinates":[[121.5307018,25.0456289],[121.5308122,25.0462036]]}},{"type":"Feature","properties":{"kind":"bridge","osm_id":1133615646,"name":""},"geometry":{"type":"LineString","coordinates":[[121.5354211,25.0331621],[121.5355091,25.033121]]}},{"type":"Feature","properties":{"kind":"bridge","osm_id":1133615647,"name":""},"geometry":{"type":"LineString","coordinates":[[121.535152,25.0331289],[121.5352352,25.0331632]]}},{"type":"Feature","properties":{"kind":"bridge","osm_id":1133615650,"name":""},"geometry":{"type":"LineString","coordinates":[[121.5348947,25.0330795],[121.534898,25.0332842]]}},{"type":"Feature","properties":{"kind":"bridge","osm_id":1154453191,"name":"忠孝西路天橋"},"geometry":{"type":"LineString","coordinates":[[121.5190692,25.0459747],[121.5189755,25.0456487]]}},{"type":"Feature","properties":{"kind":"bridge","osm_id":1160173593,"name":""},"geometry":{"type":"LineString","coordinates":[[121.533739,25.0101706],[121.5339062,25.0100655]]}},{"type":"Feature","properties":{"kind":"bridge","osm_id":1160309115,"name":""},"geometry":{"type":"LineString","coordinates":[[121.5518093,25.0052171],[121.5518075,25.0052287]]}},{"type":"Feature","properties":{"kind":"bridge","osm_id":1164891299,"name":""},"geometry":{"type":"LineString","coordinates":[[121.5198046,25.047608],[121.5198243,25.0476108],[121.5198418,25.0476099],[121.5198495,25.0476077],[121.5198679,25.0476096],[121.5198776,25.0476123]]}},{"type":"Feature","properties":{"kind":"bridge","osm_id":1182954803,"name":""},"geometry":{"type":"LineString","coordinates":[[121.5271615,25.0055165],[121.5271706,25.0055739],[121.527182,25.0056134],[121.5271944,25.0056455],[121.5272207,25.0057025],[121.5272481,25.0057427],[121.5273447,25.00584],[121.5278952,25.006224]]}},{"type":"Feature","properties":{"kind":"bridge","osm_id":1182954804,"name":"福和橋機慢車道"},"geometry":{"type":"LineString","coordinates":[[121.5269004,25.0027416],[121.5269394,25.0028062],[121.5270078,25.0035749],[121.5271881,25.0055133]]}},{"type":"Feature","properties":{"kind":"bridge","osm_id":1182954806,"name":"基隆路四段"},"geometry":{"type":"LineString","coordinates":[[121.5361574,25.0110295],[121.5359467,25.0109817],[121.5357578,25.0109091],[121.5354925,25.0107709],[121.5352534,25.01064]]}},{"type":"Feature","properties":{"kind":"bridge","osm_id":1182954807,"name":"基隆路高架道路"},"geometry":{"type":"LineString","coordinates":[[121.5352778,25.0106073],[121.5351784,25.0105463],[121.5348921,25.010367],[121.5346279,25.0101908],[121.5342076,25.0098992],[121.5340908,25.0098553]]}},{"type":"Feature","properties":{"kind":"bridge","osm_id":1182954808,"name":"基隆路四段"},"geometry":{"type":"LineString","coordinates":[[121.5353483,25.0105126],[121.5357586,25.0107467],[121.5359938,25.0108483],[121.5362231,25.0109121]]}},{"type":"Feature","properties":{"kind":"bridge","osm_id":1182954809,"name":"福和橋機慢車道"},"geometry":{"type":"LineString","coordinates":[[121.5353844,25.0104635],[121.5357759,25.0106275],[121.5360308,25.0107454],[121.5362292,25.0108196]]}},{"type":"Feature","properties":{"kind":"bridge","osm_id":1182954810,"name":""},"geometry":{"type":"LineString","coordinates":[[121.5353965,25.0104472],[121.5357729,25.0106003],[121.5360403,25.0107207],[121.5362816,25.0108018]]}},{"type":"Feature","properties":{"kind":"bridge","osm_id":1188385531,"name":"福和天橋"},"geometry":{"type":"LineString","coordinates":[[121.5268772,25.0060444],[121.5267728,25.0062193]]}},{"type":"Feature","properties":{"kind":"bridge","osm_id":1198065207,"name":""},"geometry":{"type":"LineString","coordinates":[[121.5304189,24.9996815],[121.5303593,24.9997002],[121.530248,24.9994097],[121.5302105,24.9994215],[121.5303218,24.999712]]}},{"type":"Feature","properties":{"kind":"bridge","osm_id":1207660084,"name":"中正橋"},"geometry":{"type":"LineString","coordinates":[[121.5155212,25.0186555],[121.5155208,25.0184983],[121.5155235,25.0183573],[121.5155289,25.0182454],[121.5155436,25.0180843],[121.5155776,25.0178785],[121.5156155,25.0177246],[121.5156658,25.0175676]]}},{"type":"Feature","properties":{"kind":"bridge","osm_id":1213996834,"name":"中正橋"},"geometry":{"type":"LineString","coordinates":[[121.5154712,25.0200695],[121.5155153,25.0191099]]}},{"type":"Feature","properties":{"kind":"bridge","osm_id":1213996835,"name":"中正橋"},"geometry":{"type":"LineString","coordinates":[[121.5155153,25.0191099],[121.5155219,25.018967],[121.5155212,25.0186555]]}},{"type":"Feature","properties":{"kind":"bridge","osm_id":1224930334,"name":"中正橋"},"geometry":{"type":"LineString","coordinates":[[121.5157279,25.0212371],[121.5156508,25.0210463],[121.5156083,25.020907],[121.5155318,25.0206603],[121.5154992,25.0205046],[121.5154852,25.0202916],[121.5154712,25.0200695]]}},{"type":"Feature","properties":{"kind":"bridge","osm_id":1224930335,"name":"川端橋"},"geometry":{"type":"LineString","coordinates":[[121.5159053,25.0198277],[121.5157029,25.0192171]]}},{"type":"Feature","properties":{"kind":"bridge","osm_id":1227525686,"name":""},"geometry":{"type":"LineString","coordinates":[[121.5355848,25.0290993],[121.5355964,25.0290909]]}},{"type":"Feature","properties":{"kind":"bridge","osm_id":1227729615,"name":""},"geometry":{"type":"LineString","coordinates":[[121.5361392,25.0332923],[121.5361644,25.0332993],[121.5362698,25.0332975],[121.5362703,25.03332]]}},{"type":"Feature","properties":{"kind":"bridge","osm_id":1227734548,"name":""},"geometry":{"type":"LineString","coordinates":[[121.5353195,25.0310394],[121.5353071,25.0310552],[121.5352926,25.0310774],[121.5352745,25.0311263],[121.5352776,25.0311852],[121.53529,25.0312174],[121.5353235,25.0312591],[121.5353892,25.0313037]]}},{"type":"Feature","properties":{"kind":"bridge","osm_id":1227950113,"name":""},"geometry":{"type":"LineString","coordinates":[[121.5356366,25.0333083],[121.5356356,25.0332507]]}},{"type":"Feature","properties":{"kind":"bridge","osm_id":1227950120,"name":""},"geometry":{"type":"LineString","coordinates":[[121.535533,25.030088],[121.5355521,25.0300827],[121.5356437,25.0301196],[121.5356705,25.0301129]]}},{"type":"Feature","properties":{"kind":"bridge","osm_id":1237683705,"name":""},"geometry":{"type":"LineString","coordinates":[[121.5610192,25.0218838],[121.561069,25.0218442],[121.5611478,25.0217815],[121.5611535,25.0217699],[121.5611547,25.0216273],[121.5611766,25.0215482],[121.5612436,25.0214394],[121.5612977,25.0213376],[121.5613317,25.0212016]]}},{"type":"Feature","properties":{"kind":"bridge","osm_id":1239123893,"name":""},"geometry":{"type":"LineString","coordinates":[[121.5202915,25.0206804],[121.52018,25.0207036]]}},{"type":"Feature","properties":{"kind":"bridge","osm_id":1239123894,"name":""},"geometry":{"type":"LineString","coordinates":[[121.5203016,25.020956],[121.520349,25.0209456],[121.5202915,25.0206804],[121.5203291,25.0206726]]}},{"type":"Feature","properties":{"kind":"bridge","osm_id":1239123895,"name":""},"geometry":{"type":"LineString","coordinates":[[121.5203682,25.0209226],[121.5205043,25.0208944],[121.5205143,25.0209038],[121.520511,25.0209149],[121.520349,25.0209456]]}},{"type":"Feature","properties":{"kind":"bridge","osm_id":1240006290,"name":""},"geometry":{"type":"LineString","coordinates":[[121.5729436,25.0153853],[121.5730613,25.0153965]]}},{"type":"Feature","properties":{"kind":"bridge","osm_id":1240215799,"name":""},"geometry":{"type":"LineString","coordinates":[[121.557015,25.0155907],[121.5569074,25.0155909]]}},{"type":"Feature","properties":{"kind":"bridge","osm_id":1240439725,"name":""},"geometry":{"type":"LineString","coordinates":[[121.525321,25.009008],[121.5252974,25.0090438]]}},{"type":"Feature","properties":{"kind":"bridge","osm_id":1240439727,"name":""},"geometry":{"type":"LineString","coordinates":[[121.525321,25.009008],[121.5253589,25.0089483],[121.5254185,25.0088543],[121.5254536,25.0088036]]}},{"type":"Feature","properties":{"kind":"bridge","osm_id":1240439728,"name":""},"geometry":{"type":"LineString","coordinates":[[121.5252454,25.0091197],[121.5251988,25.0091835]]}},{"type":"Feature","properties":{"kind":"bridge","osm_id":1240439729,"name":""},"geometry":{"type":"LineString","coordinates":[[121.5252454,25.0091197],[121.5252974,25.0090438]]}},{"type":"Feature","properties":{"kind":"bridge","osm_id":1240439731,"name":""},"geometry":{"type":"LineString","coordinates":[[121.5251903,25.0090693],[121.5252357,25.0090527],[121.5252974,25.0090438]]}},{"type":"Feature","properties":{"kind":"bridge","osm_id":1240439732,"name":""},"geometry":{"type":"LineString","coordinates":[[121.5282284,25.0115998],[121.527814,25.0111951],[121.5277972,25.0111562]]}},{"type":"Feature","properties":{"kind":"bridge","osm_id":1240439733,"name":""},"geometry":{"type":"LineString","coordinates":[[121.5283658,25.0117292],[121.5282284,25.0115998]]}},{"type":"Feature","properties":{"kind":"bridge","osm_id":1241027648,"name":""},"geometry":{"type":"LineString","coordinates":[[121.5350282,25.0044798],[121.5349527,25.0046147]]}},{"type":"Feature","properties":{"kind":"bridge","osm_id":1244589279,"name":""},"geometry":{"type":"LineString","coordinates":[[121.5127191,25.0004485],[121.5127959,25.0004832],[121.5128898,25.0005443],[121.5129458,25.0005932],[121.5129911,25.0006479],[121.5130467,25.0007315],[121.5131094,25.0008938]]}},{"type":"Feature","properties":{"kind":"bridge","osm_id":1254509754,"name":""},"geometry":{"type":"LineString","coordinates":[[121.5591383,25.0153789],[121.5591197,25.0153907]]}},{"type":"Feature","properties":{"kind":"bridge","osm_id":1254509755,"name":""},"geometry":{"type":"LineString","coordinates":[[121.5589504,25.0153922],[121.5589272,25.0154104]]}},{"type":"Feature","properties":{"kind":"bridge","osm_id":1263032335,"name":"中正橋"},"geometry":{"type":"LineString","coordinates":[[121.5158352,25.021175],[121.5159029,25.0213031],[121.5159908,25.021415],[121.5160838,25.0215495],[121.5162001,25.0216838],[121.5165605,25.0220644],[121.5166892,25.0222382],[121.516738,25.0223354]]}},{"type":"Feature","properties":{"kind":"bridge","osm_id":1263204106,"name":""},"geometry":{"type":"LineString","coordinates":[[121.5163294,25.0216358],[121.5164794,25.0215898],[121.5169379,25.021424]]}},{"type":"Feature","properties":{"kind":"bridge","osm_id":1264436592,"name":""},"geometry":{"type":"LineString","coordinates":[[121.5660707,25.0042325],[121.5661092,25.0042371],[121.5661562,25.0042304],[121.5662021,25.0042049]]}},{"type":"Feature","properties":{"kind":"bridge","osm_id":1271088271,"name":""},"geometry":{"type":"LineString","coordinates":[[121.5478481,25.0044568],[121.5478836,25.004403]]}},{"type":"Feature","properties":{"kind":"bridge","osm_id":1271088272,"name":""},"geometry":{"type":"LineString","coordinates":[[121.5478008,25.0044075],[121.5478159,25.0044373],[121.5478481,25.0044568]]}},{"type":"Feature","properties":{"kind":"bridge","osm_id":1272677946,"name":"市民大道高架道路"},"geometry":{"type":"LineString","coordinates":[[121.5673673,25.0461248],[121.5672716,25.0460131],[121.5671697,25.0459217],[121.5670626,25.0458252],[121.5669846,25.0457619],[121.5668911,25.0456959],[121.5667909,25.0456374],[121.5665966,25.0455487],[121.5650691,25.0449794],[121.5649339,25.0449376],[121.5647476,25.0448925],[121.5645688,25.0448443],[121.5644347,25.0448339],[121.5643006,25.0448346],[121.5640002,25.044854],[121.5637059,25.0448985],[121.5633641,25.044958]]}},{"type":"Feature","properties":{"kind":"bridge","osm_id":1272677947,"name":"麥帥二橋"},"geometry":{"type":"LineString","coordinates":[[121.5701228,25.052607],[121.5702568,25.0517997],[121.5702786,25.0515761],[121.5702725,25.051316],[121.5702346,25.0511038],[121.5701701,25.0508854],[121.5700494,25.050623],[121.5698442,25.0502707],[121.5697248,25.0499802]]}},{"type":"Feature","properties":{"kind":"bridge","osm_id":1272682373,"name":"市民大道高架道路"},"geometry":{"type":"LineString","coordinates":[[121.5630867,25.0449198],[121.5632452,25.0448919],[121.5635832,25.044836],[121.5639144,25.0447874],[121.5642551,25.0447533],[121.5646086,25.0447481],[121.5647739,25.0447474],[121.564843,25.0447543],[121.5649206,25.0447717],[121.5649829,25.0447894],[121.5650487,25.044812],[121.5665807,25.0453606]]}},{"type":"Feature","properties":{"kind":"bridge","osm_id":1272682374,"name":"市民大道高架道路"},"geometry":{"type":"LineString","coordinates":[[121.545346,25.044987],[121.5457865,25.0450302],[121.5459625,25.045045],[121.5461815,25.0450539],[121.5463863,25.0450572],[121.5466053,25.0450509],[121.5469694,25.0450326],[121.5478893,25.0449366],[121.5498447,25.0447093],[121.551364,25.0445147]]}},{"type":"Feature","properties":{"kind":"bridge","osm_id":1272683351,"name":"麥帥一橋"},"geometry":{"type":"LineString","coordinates":[[121.5712528,25.051604],[121.5722124,25.0521163]]}},{"type":"Feature","properties":{"kind":"bridge","osm_id":1273303674,"name":""},"geometry":{"type":"LineString","coordinates":[[121.511386,25.0180662],[121.5119069,25.0181943],[121.5119014,25.0182127],[121.5113873,25.0180863]]}},{"type":"Feature","properties":{"kind":"bridge","osm_id":1291950272,"name":""},"geometry":{"type":"LineString","coordinates":[[121.5571336,25.0135641],[121.5571521,25.013561]]}},{"type":"Feature","properties":{"kind":"bridge","osm_id":1293680786,"name":""},"geometry":{"type":"LineString","coordinates":[[121.5729892,25.0156877],[121.5729353,25.0156642]]}},{"type":"Feature","properties":{"kind":"bridge","osm_id":1301137949,"name":"拳山古道"},"geometry":{"type":"LineString","coordinates":[[121.5754889,25.0062115],[121.5754614,25.0062449]]}},{"type":"Feature","properties":{"kind":"bridge","osm_id":1301137951,"name":"拳山古道"},"geometry":{"type":"LineString","coordinates":[[121.5751945,25.0064734],[121.5751419,25.0065271]]}},{"type":"Feature","properties":{"kind":"bridge","osm_id":1302790793,"name":"蕨影步道"},"geometry":{"type":"LineString","coordinates":[[121.5435279,25.0030587],[121.5435076,25.0030561]]}},{"type":"Feature","properties":{"kind":"bridge","osm_id":1302790801,"name":""},"geometry":{"type":"LineString","coordinates":[[121.5526589,25.0112516],[121.5526237,25.0112425],[121.5526013,25.0112878]]}},{"type":"Feature","properties":{"kind":"bridge","osm_id":1302790810,"name":""},"geometry":{"type":"LineString","coordinates":[[121.545534,25.0036403],[121.5455605,25.003662]]}},{"type":"Feature","properties":{"kind":"bridge","osm_id":1303217570,"name":""},"geometry":{"type":"LineString","coordinates":[[121.5463316,25.0022787],[121.5463353,25.002289]]}},{"type":"Feature","properties":{"kind":"bridge","osm_id":1305535721,"name":"聯外道路"},"geometry":{"type":"LineString","coordinates":[[121.5495198,25.0141367],[121.548938,25.0139397],[121.5487898,25.0138953],[121.5486342,25.0138637],[121.548375,25.0138239],[121.5481163,25.0138026],[121.5479862,25.0137968]]}},{"type":"Feature","properties":{"kind":"bridge","osm_id":1306407488,"name":"天橋"},"geometry":{"type":"LineString","coordinates":[[121.5219035,25.0055407],[121.5219998,25.0054798]]}},{"type":"Feature","properties":{"kind":"bridge","osm_id":1306407489,"name":"天橋"},"geometry":{"type":"LineString","coordinates":[[121.5221791,25.005516],[121.5220772,25.0055804]]}},{"type":"Feature","properties":{"kind":"bridge","osm_id":1306407490,"name":"天橋"},"geometry":{"type":"LineString","coordinates":[[121.5220772,25.0055804],[121.5219998,25.0054798],[121.5219421,25.0054048]]}},{"type":"Feature","properties":{"kind":"bridge","osm_id":1306976322,"name":""},"geometry":{"type":"LineString","coordinates":[[121.5250271,25.0089763],[121.5251903,25.0090693]]}},{"type":"Feature","properties":{"kind":"bridge","osm_id":1311039423,"name":""},"geometry":{"type":"LineString","coordinates":[[121.5412821,25.052933],[121.5412277,25.0529919]]}},{"type":"Feature","properties":{"kind":"bridge","osm_id":1322936718,"name":""},"geometry":{"type":"LineString","coordinates":[[121.539173,25.0162596],[121.5392224,25.0162601],[121.5392223,25.0162706],[121.5391407,25.0162698]]}},{"type":"Feature","properties":{"kind":"bridge","osm_id":1322941106,"name":""},"geometry":{"type":"LineString","coordinates":[[121.53749,25.0160716],[121.537538,25.0160722],[121.5375383,25.0160532],[121.5374745,25.0160524]]}},{"type":"Feature","properties":{"kind":"bridge","osm_id":1323236763,"name":""},"geometry":{"type":"LineString","coordinates":[[121.5357557,25.0215311],[121.5357548,25.0215813]]}},{"type":"Feature","properties":{"kind":"bridge","osm_id":1323236765,"name":""},"geometry":{"type":"LineString","coordinates":[[121.5357526,25.0217098],[121.5357518,25.0217578]]}},{"type":"Feature","properties":{"kind":"bridge","osm_id":1323584507,"name":""},"geometry":{"type":"LineString","coordinates":[[121.5357345,25.0186873],[121.5357711,25.0186879]]}},{"type":"Feature","properties":{"kind":"bridge","osm_id":1323892768,"name":""},"geometry":{"type":"LineString","coordinates":[[121.543922,25.0205372],[121.5440679,25.0205366]]}},{"type":"Feature","properties":{"kind":"bridge","osm_id":1323892784,"name":""},"geometry":{"type":"LineString","coordinates":[[121.5437512,25.0204624],[121.5438327,25.020462]]}},{"type":"Feature","properties":{"kind":"bridge","osm_id":1323892785,"name":""},"geometry":{"type":"LineString","coordinates":[[121.5438327,25.020462],[121.5439032,25.0204617],[121.5439033,25.0204787],[121.5438416,25.0204935]]}},{"type":"Feature","properties":{"kind":"bridge","osm_id":1324298585,"name":""},"geometry":{"type":"LineString","coordinates":[[121.5425874,25.0182813],[121.5425006,25.0182802]]}},{"type":"Feature","properties":{"kind":"bridge","osm_id":1324298587,"name":""},"geometry":{"type":"LineString","coordinates":[[121.5430529,25.0182108],[121.5430512,25.0181363]]}},{"type":"Feature","properties":{"kind":"bridge","osm_id":1324298588,"name":""},"geometry":{"type":"LineString","coordinates":[[121.5428493,25.0181384],[121.5429799,25.0181369],[121.5429802,25.0182417]]}},{"type":"Feature","properties":{"kind":"bridge","osm_id":1327215476,"name":""},"geometry":{"type":"LineString","coordinates":[[121.5458729,25.009452],[121.5459477,25.0094492]]}},{"type":"Feature","properties":{"kind":"bridge","osm_id":1333673954,"name":""},"geometry":{"type":"LineString","coordinates":[[121.5158723,25.0176292],[121.5158353,25.0177457],[121.515802,25.0178807],[121.5157708,25.0180115],[121.5157663,25.0180304],[121.5157442,25.018158],[121.5157301,25.0183172],[121.5157254,25.0184515],[121.5157301,25.0189005]]}},{"type":"Feature","properties":{"kind":"bridge","osm_id":1334831355,"name":""},"geometry":{"type":"LineString","coordinates":[[121.5589211,25.0382956],[121.5589198,25.0382471],[121.5588506,25.038213],[121.5588496,25.038174]]}},{"type":"Feature","properties":{"kind":"bridge","osm_id":1334831359,"name":""},"geometry":{"type":"LineString","coordinates":[[121.5594598,25.0399993],[121.5595389,25.0399969]]}},{"type":"Feature","properties":{"kind":"bridge","osm_id":1334831380,"name":""},"geometry":{"type":"LineString","coordinates":[[121.5603111,25.0405081],[121.5603107,25.040495],[121.5603102,25.0404837]]}},{"type":"Feature","properties":{"kind":"bridge","osm_id":1334831381,"name":""},"geometry":{"type":"LineString","coordinates":[[121.5601373,25.0404889],[121.5601377,25.0405002],[121.5603107,25.040495],[121.5604855,25.0404898],[121.5604851,25.0404785]]}},{"type":"Feature","properties":{"kind":"bridge","osm_id":1336506672,"name":""},"geometry":{"type":"LineString","coordinates":[[121.5631055,25.0367673],[121.5631513,25.0366757]]}},{"type":"Feature","properties":{"kind":"bridge","osm_id":1339394551,"name":"人行空橋"},"geometry":{"type":"LineString","coordinates":[[121.567033,25.0401281],[121.5670294,25.0399442],[121.5670195,25.0394975],[121.5670176,25.0394134],[121.567043,25.0393685],[121.5670399,25.0392301],[121.5670304,25.038808]]}},{"type":"Feature","properties":{"kind":"bridge","osm_id":1339394552,"name":"人行空橋"},"geometry":{"type":"LineString","coordinates":[[121.5670304,25.038808],[121.5670275,25.0386949],[121.567005,25.0378273],[121.5670019,25.0377049],[121.566974,25.0376808],[121.566842,25.0376828],[121.5668418,25.0376684]]}},{"type":"Feature","properties":{"kind":"bridge","osm_id":1339401648,"name":"人行空橋"},"geometry":{"type":"LineString","coordinates":[[121.5673099,25.0375335],[121.5676581,25.037527],[121.5677739,25.0375249],[121.5679197,25.0375221],[121.5679215,25.0375985],[121.5680127,25.0375968],[121.5685931,25.037586]]}},{"type":"Feature","properties":{"kind":"bridge","osm_id":1339401653,"name":"人行空橋"},"geometry":{"type":"LineString","coordinates":[[121.5648295,25.0345293],[121.5648325,25.0346664],[121.5656967,25.0346508],[121.5657043,25.0349572],[121.5658941,25.0349533]]}},{"type":"Feature","properties":{"kind":"bridge","osm_id":1339401656,"name":"人行空橋"},"geometry":{"type":"LineString","coordinates":[[121.5668418,25.0376684],[121.5668363,25.0373665],[121.5668358,25.0373404],[121.5668412,25.0373316],[121.566839,25.0372096],[121.5668528,25.0371871],[121.5668505,25.0370629],[121.5668349,25.0362245]]}},{"type":"Feature","properties":{"kind":"bridge","osm_id":1339835152,"name":"人行空橋"},"geometry":{"type":"LineString","coordinates":[[121.5679435,25.0347204],[121.568079,25.0347179]]}},{"type":"Feature","properties":{"kind":"bridge","osm_id":1339835153,"name":""},"geometry":{"type":"LineString","coordinates":[[121.5673663,25.0347018],[121.567367,25.034731]]}},{"type":"Feature","properties":{"kind":"bridge","osm_id":1339865619,"name":""},"geometry":{"type":"LineString","coordinates":[[121.5670399,25.0392301],[121.5669514,25.0392318],[121.5669519,25.0392523],[121.5670142,25.0392512]]}},{"type":"Feature","properties":{"kind":"bridge","osm_id":1341570438,"name":""},"geometry":{"type":"LineString","coordinates":[[121.5747305,25.0075022],[121.574752,25.0075539]]}},{"type":"Feature","properties":{"kind":"bridge","osm_id":1354671970,"name":""},"geometry":{"type":"LineString","coordinates":[[121.5628121,25.0021021],[121.5628501,25.0020546],[121.5628416,25.0020111]]}},{"type":"Feature","properties":{"kind":"bridge","osm_id":1354671971,"name":""},"geometry":{"type":"LineString","coordinates":[[121.5627489,25.0020803],[121.5627632,25.0021836],[121.562574,25.0022583]]}},{"type":"Feature","properties":{"kind":"bridge","osm_id":1354672001,"name":""},"geometry":{"type":"LineString","coordinates":[[121.5615067,25.0022858],[121.5613449,25.002228],[121.5612876,25.0023595]]}},{"type":"Feature","properties":{"kind":"bridge","osm_id":1358644056,"name":""},"geometry":{"type":"LineString","coordinates":[[121.5443636,25.0030639],[121.544385,25.0030545]]}},{"type":"Feature","properties":{"kind":"bridge","osm_id":1358644059,"name":""},"geometry":{"type":"LineString","coordinates":[[121.5436301,25.0025985],[121.5436139,25.0026097]]}},{"type":"Feature","properties":{"kind":"bridge","osm_id":1358644062,"name":""},"geometry":{"type":"LineString","coordinates":[[121.5443132,25.0029336],[121.5442944,25.0029446]]}},{"type":"Feature","properties":{"kind":"bridge","osm_id":1360402712,"name":""},"geometry":{"type":"LineString","coordinates":[[121.5488729,25.0115666],[121.548848,25.0115375]]}},{"type":"Feature","properties":{"kind":"bridge","osm_id":1366036734,"name":""},"geometry":{"type":"LineString","coordinates":[[121.5620098,25.0196532],[121.5621963,25.0196343],[121.5621819,25.0195179],[121.5623455,25.0195014]]}},{"type":"Feature","properties":{"kind":"bridge","osm_id":1366036737,"name":""},"geometry":{"type":"LineString","coordinates":[[121.5617673,25.0203209],[121.5618509,25.0202813]]}},{"type":"Feature","properties":{"kind":"bridge","osm_id":1366036738,"name":""},"geometry":{"type":"LineString","coordinates":[[121.5617375,25.0203519],[121.5617375,25.0203349],[121.5617673,25.0203209]]}},{"type":"Feature","properties":{"kind":"bridge","osm_id":1366036739,"name":""},"geometry":{"type":"LineString","coordinates":[[121.5616376,25.0203518],[121.5617375,25.0203519]]}},{"type":"Feature","properties":{"kind":"bridge","osm_id":1366036742,"name":""},"geometry":{"type":"LineString","coordinates":[[121.5617051,25.0198746],[121.5616907,25.0198059],[121.5620262,25.0197481],[121.5620204,25.0197142]]}},{"type":"Feature","properties":{"kind":"bridge","osm_id":1376552274,"name":""},"geometry":{"type":"LineString","coordinates":[[121.5761105,25.0174724],[121.5760952,25.0175022],[121.57626,25.0175658],[121.576247,25.0175998],[121.5759087,25.0175171],[121.5758966,25.0175524],[121.5759105,25.0176068]]}},{"type":"Feature","properties":{"kind":"bridge","osm_id":1378364736,"name":"吳興街524巷"},"geometry":{"type":"LineString","coordinates":[[121.5682812,25.022131],[121.568373,25.0221262]]}},{"type":"Feature","properties":{"kind":"bridge","osm_id":1378364761,"name":""},"geometry":{"type":"LineString","coordinates":[[121.5687938,25.0218498],[121.5690281,25.021742],[121.5690556,25.0217201],[121.5691911,25.0215907],[121.5693258,25.0214516],[121.5693688,25.0213701]]}},{"type":"Feature","properties":{"kind":"bridge","osm_id":1381386198,"name":""},"geometry":{"type":"LineString","coordinates":[[121.5339062,25.0100655],[121.5339445,25.0100414],[121.5340463,25.0101096]]}},{"type":"Feature","properties":{"kind":"bridge","osm_id":1381386199,"name":""},"geometry":{"type":"LineString","coordinates":[[121.5337312,25.0103263],[121.5337046,25.0103491]]}},{"type":"Feature","properties":{"kind":"bridge","osm_id":1381386200,"name":"尋寶步道"},"geometry":{"type":"LineString","coordinates":[[121.5340228,25.0101755],[121.533922,25.0101942],[121.5338766,25.0102172],[121.5338204,25.0102559],[121.5337312,25.0103263]]}},{"type":"Feature","properties":{"kind":"bridge","osm_id":1381386201,"name":"尋寶步道"},"geometry":{"type":"LineString","coordinates":[[121.5343155,25.0109406],[121.5343014,25.0108828],[121.5342815,25.0107608],[121.5342801,25.0105938],[121.5342957,25.0105128],[121.5343042,25.0103998]]}},{"type":"Feature","properties":{"kind":"bridge","osm_id":1381386202,"name":"尋寶步道"},"geometry":{"type":"LineString","coordinates":[[121.5353055,25.0112448],[121.5351166,25.0112559],[121.5349153,25.0113044],[121.5348447,25.011277],[121.5347743,25.0112473],[121.534463,25.0111128],[121.5343155,25.0109406]]}},{"type":"Feature","properties":{"kind":"bridge","osm_id":1381386203,"name":"尋寶步道"},"geometry":{"type":"LineString","coordinates":[[121.5355621,25.0111691],[121.5353055,25.0112448]]}},{"type":"Feature","properties":{"kind":"bridge","osm_id":1381386204,"name":"尋寶步道"},"geometry":{"type":"LineString","coordinates":[[121.5355786,25.0112995],[121.5355621,25.0111691]]}},{"type":"Feature","properties":{"kind":"bridge","osm_id":1381386205,"name":"尋寶步道"},"geometry":{"type":"LineString","coordinates":[[121.5343042,25.0103998],[121.5343467,25.0103137],[121.534343,25.0102601],[121.534257,25.0101824],[121.5341853,25.0101392],[121.5340228,25.0101755]]}},{"type":"Feature","properties":{"kind":"bridge","osm_id":1420851972,"name":""},"geometry":{"type":"LineString","coordinates":[[121.552218,25.0169887],[121.5523712,25.0168672]]}},{"type":"Feature","properties":{"kind":"bridge","osm_id":1421075666,"name":"高架棧道"},"geometry":{"type":"LineString","coordinates":[[121.5516494,25.0169493],[121.5517513,25.0169011]]}},{"type":"Feature","properties":{"kind":"bridge","osm_id":1434376559,"name":""},"geometry":{"type":"LineString","coordinates":[[121.535178,25.0167978],[121.5353209,25.0167998],[121.5354481,25.0168015]]}},{"type":"Feature","properties":{"kind":"bridge","osm_id":1434380942,"name":""},"geometry":{"type":"LineString","coordinates":[[121.5353612,25.0146184],[121.5352718,25.0146225]]}},{"type":"Feature","properties":{"kind":"bridge","osm_id":1434380946,"name":""},"geometry":{"type":"LineString","coordinates":[[121.534925,25.0152848],[121.5348754,25.0152853],[121.5348746,25.0152056]]}},{"type":"Feature","properties":{"kind":"bridge","osm_id":1437064105,"name":""},"geometry":{"type":"LineString","coordinates":[[121.5344709,25.0432364],[121.5344689,25.0431545]]}},{"type":"Feature","properties":{"kind":"bridge","osm_id":1437064140,"name":"機車專用道"},"geometry":{"type":"LineString","coordinates":[[121.5371971,25.0418981],[121.5371811,25.0420078],[121.5370748,25.0422909],[121.5369888,25.0425847],[121.5369556,25.0427238],[121.5368965,25.0429904],[121.5368331,25.0433805],[121.5368185,25.0436306]]}},{"type":"Feature","properties":{"kind":"bridge","osm_id":1442948960,"name":""},"geometry":{"type":"LineString","coordinates":[[121.5575041,25.0151585],[121.5574319,25.0150043]]}},{"type":"Feature","properties":{"kind":"bridge","osm_id":1445742335,"name":""},"geometry":{"type":"LineString","coordinates":[[121.5577595,25.0153539],[121.5577901,25.0153269]]}},{"type":"Feature","properties":{"kind":"bridge","osm_id":1445742338,"name":""},"geometry":{"type":"LineString","coordinates":[[121.5575016,25.0155041],[121.5575465,25.0154925]]}},{"type":"Feature","properties":{"kind":"bridge","osm_id":1445742350,"name":""},"geometry":{"type":"LineString","coordinates":[[121.5571638,25.0163334],[121.5571931,25.0163055]]}},{"type":"Feature","properties":{"kind":"bridge","osm_id":1456613597,"name":"基隆路高架道路"},"geometry":{"type":"LineString","coordinates":[[121.5488766,25.0210857],[121.5491711,25.0213732],[121.5496391,25.0217754],[121.5500892,25.0221947]]}},{"type":"Feature","properties":{"kind":"bridge","osm_id":1456613598,"name":"基隆路高架道路"},"geometry":{"type":"LineString","coordinates":[[121.5488766,25.0210857],[121.5486622,25.0209507]]}},{"type":"Feature","properties":{"kind":"bridge","osm_id":1456613599,"name":"基隆路高架道路"},"geometry":{"type":"LineString","coordinates":[[121.5459511,25.0185086],[121.5469904,25.0193315],[121.5474175,25.0197017],[121.5478541,25.0200838],[121.5483474,25.0205369],[121.5486905,25.0208967],[121.5488766,25.0210857]]}},{"type":"Feature","properties":{"kind":"bridge","osm_id":1456613600,"name":"基隆路高架道路"},"geometry":{"type":"LineString","coordinates":[[121.5486622,25.0209507],[121.5480004,25.0203904],[121.5468811,25.0194288],[121.5458453,25.0185718]]}},{"type":"Feature","properties":{"kind":"bridge","osm_id":1456613601,"name":"基隆路高架道路"},"geometry":{"type":"LineString","coordinates":[[121.5458453,25.0185718],[121.5450392,25.0179204],[121.542817,25.0160489]]}},{"type":"Feature","properties":{"kind":"bridge","osm_id":1458697058,"name":""},"geometry":{"type":"LineString","coordinates":[[121.5375067,25.0380019],[121.5375761,25.0380006]]}},{"type":"Feature","properties":{"kind":"bridge","osm_id":1460554863,"name":""},"geometry":{"type":"LineString","coordinates":[[121.5636801,25.0114345],[121.5636498,25.0115172],[121.5636553,25.0115197],[121.563706,25.011455],[121.5637572,25.0114809]]}},{"type":"Feature","properties":{"kind":"bridge","osm_id":1460554867,"name":""},"geometry":{"type":"LineString","coordinates":[[121.5575197,25.0146959],[121.5576348,25.0146977],[121.5576267,25.014661],[121.5576097,25.0145837]]}},{"type":"Feature","properties":{"kind":"bridge","osm_id":1462077121,"name":""},"geometry":{"type":"LineString","coordinates":[[121.5745195,25.020257],[121.5745676,25.0202728]]}},{"type":"Feature","properties":{"kind":"bridge","osm_id":1462077123,"name":""},"geometry":{"type":"LineString","coordinates":[[121.5746321,25.0201301],[121.5747734,25.0203025]]}},{"type":"Feature","properties":{"kind":"bridge","osm_id":1465507998,"name":"福和天橋"},"geometry":{"type":"LineString","coordinates":[[121.5268772,25.0060444],[121.5271194,25.0061631]]}},{"type":"Feature","properties":{"kind":"bridge","osm_id":1465508000,"name":"福和天橋"},"geometry":{"type":"LineString","coordinates":[[121.5271194,25.0061631],[121.5271753,25.0061906]]}},{"type":"Feature","properties":{"kind":"bridge","osm_id":1465508008,"name":""},"geometry":{"type":"LineString","coordinates":[[121.5273981,25.0058152],[121.5274246,25.0057772],[121.5273667,25.0057442]]}},{"type":"Feature","properties":{"kind":"bridge","osm_id":1466923981,"name":""},"geometry":{"type":"LineString","coordinates":[[121.5254536,25.0088036],[121.5254874,25.0087548]]}},{"type":"Feature","properties":{"kind":"bridge","osm_id":1469141310,"name":""},"geometry":{"type":"LineString","coordinates":[[121.5637324,25.011584],[121.5637026,25.0116515],[121.563774,25.0116718]]}},{"type":"Feature","properties":{"kind":"bridge","osm_id":1469141327,"name":""},"geometry":{"type":"LineString","coordinates":[[121.5746634,25.0078222],[121.5746132,25.0078325]]}},{"type":"Feature","properties":{"kind":"bridge","osm_id":1469141330,"name":""},"geometry":{"type":"LineString","coordinates":[[121.5696263,25.0054233],[121.5696279,25.0053811]]}},{"type":"Feature","properties":{"kind":"bridge","osm_id":1469141335,"name":""},"geometry":{"type":"LineString","coordinates":[[121.570769,25.0052373],[121.5707503,25.0052771]]}},{"type":"Feature","properties":{"kind":"bridge","osm_id":1469168910,"name":""},"geometry":{"type":"LineString","coordinates":[[121.5496034,25.0496356],[121.5499536,25.0496644],[121.5502152,25.0496859],[121.5502429,25.0496882]]}},{"type":"Feature","properties":{"kind":"bridge","osm_id":1469168911,"name":""},"geometry":{"type":"LineString","coordinates":[[121.5502429,25.0496882],[121.5504093,25.0496844]]}},{"type":"Feature","properties":{"kind":"bridge","osm_id":1469168916,"name":""},"geometry":{"type":"LineString","coordinates":[[121.5502429,25.0496882],[121.5504038,25.0497505],[121.5505005,25.0497708],[121.5505419,25.0497698],[121.5505845,25.0497686],[121.5506254,25.0497677],[121.5508374,25.0497624],[121.5508863,25.0497612]]}},{"type":"Feature","properties":{"kind":"bridge","osm_id":1469168917,"name":""},"geometry":{"type":"LineString","coordinates":[[121.5502429,25.0496882],[121.550405,25.0496105],[121.5506065,25.0496001],[121.5506214,25.0495993],[121.5508302,25.0495885],[121.5508792,25.0495859]]}},{"type":"Feature","properties":{"kind":"bridge","osm_id":1469168918,"name":""},"geometry":{"type":"LineString","coordinates":[[121.5505845,25.0497686],[121.5505865,25.0498788]]}},{"type":"Feature","properties":{"kind":"bridge","osm_id":1469168922,"name":""},"geometry":{"type":"LineString","coordinates":[[121.5505089,25.0498376],[121.5505425,25.0498016],[121.5505419,25.0497698]]}},{"type":"Feature","properties":{"kind":"bridge","osm_id":1469168940,"name":""},"geometry":{"type":"LineString","coordinates":[[121.5506087,25.0489403],[121.5506111,25.0490553],[121.5505955,25.0491801],[121.5506065,25.0496001]]}},{"type":"Feature","properties":{"kind":"bridge","osm_id":1469168942,"name":""},"geometry":{"type":"LineString","coordinates":[[121.5506254,25.0497677],[121.5506214,25.0495993]]}},{"type":"Feature","properties":{"kind":"bridge","osm_id":1469168980,"name":""},"geometry":{"type":"LineString","coordinates":[[121.5508218,25.0494394],[121.5508302,25.0495885],[121.5508374,25.0497624],[121.5508395,25.0498204]]}},{"type":"Feature","properties":{"kind":"bridge","osm_id":1481046200,"name":""},"geometry":{"type":"LineString","coordinates":[[121.5632646,25.0335663],[121.5632645,25.0335559],[121.5632726,25.0335558],[121.5632726,25.03356]]}},{"type":"Feature","properties":{"kind":"bridge","osm_id":1485678453,"name":""},"geometry":{"type":"LineString","coordinates":[[121.5330953,25.0427703],[121.5331147,25.0427697]]}},{"type":"Feature","properties":{"kind":"bridge","osm_id":1485678468,"name":""},"geometry":{"type":"LineString","coordinates":[[121.5330875,25.0440032],[121.533142,25.0440048]]}},{"type":"Feature","properties":{"kind":"bridge","osm_id":1491232876,"name":""},"geometry":{"type":"LineString","coordinates":[[121.539487,25.0162659],[121.5392849,25.0161837]]}},{"type":"Feature","properties":{"kind":"bridge","osm_id":1491233022,"name":""},"geometry":{"type":"LineString","coordinates":[[121.5390954,25.0165129],[121.5390958,25.0164662]]}},{"type":"Feature","properties":{"kind":"bridge","osm_id":1492512226,"name":"光復南路出口匝道"},"geometry":{"type":"LineString","coordinates":[[121.553334,25.0443925],[121.5536174,25.044401],[121.5539862,25.0444278],[121.5545669,25.0445006]]}},{"type":"Feature","properties":{"kind":"bridge","osm_id":1493587192,"name":""},"geometry":{"type":"LineString","coordinates":[[121.5342061,25.0199193],[121.5341673,25.0199221]]}},{"type":"Feature","properties":{"kind":"bridge","osm_id":1493587195,"name":""},"geometry":{"type":"LineString","coordinates":[[121.5342718,25.0203822],[121.5343069,25.0203643],[121.534319,25.0203588]]}},{"type":"Feature","properties":{"kind":"bridge","osm_id":1493587199,"name":""},"geometry":{"type":"LineString","coordinates":[[121.5341397,25.0196009],[121.5341157,25.0196289]]}},{"type":"Feature","properties":{"kind":"bridge","osm_id":1494404749,"name":""},"geometry":{"type":"LineString","coordinates":[[121.5709902,24.9988396],[121.5709892,24.9988253]]}},{"type":"Feature","properties":{"kind":"bridge","osm_id":1499176646,"name":""},"geometry":{"type":"LineString","coordinates":[[121.5525777,25.0139243],[121.5526649,25.0137274]]}},{"type":"Feature","properties":{"kind":"bridge","osm_id":1501409945,"name":""},"geometry":{"type":"LineString","coordinates":[[121.5537799,25.0168292],[121.5538262,25.0168448],[121.5538313,25.0168323],[121.5538949,25.0168538]]}},{"type":"Feature","properties":{"kind":"bridge","osm_id":1501409949,"name":"高架棧道"},"geometry":{"type":"LineString","coordinates":[[121.5514175,25.0171222],[121.5516862,25.0170667]]}},{"type":"Feature","properties":{"kind":"bridge","osm_id":1501638409,"name":""},"geometry":{"type":"LineString","coordinates":[[121.5581453,25.0158711],[121.5581857,25.0158628],[121.5581978,25.0159112]]}},{"type":"Feature","properties":{"kind":"bridge","osm_id":1501638412,"name":""},"geometry":{"type":"LineString","coordinates":[[121.5581978,25.0159112],[121.5582071,25.0159468]]}},{"type":"Feature","properties":{"kind":"bridge","osm_id":1501638413,"name":""},"geometry":{"type":"LineString","coordinates":[[121.5594043,25.0151672],[121.5593782,25.015173],[121.5593472,25.0151799]]}},{"type":"Feature","properties":{"kind":"bridge","osm_id":1501638414,"name":""},"geometry":{"type":"LineString","coordinates":[[121.5594315,25.0151624],[121.5594043,25.0151672]]}},{"type":"Feature","properties":{"kind":"bridge","osm_id":1501638430,"name":""},"geometry":{"type":"LineString","coordinates":[[121.56015,25.0152482],[121.5601373,25.0153187],[121.5601023,25.0153433]]}},{"type":"Feature","properties":{"kind":"bridge","osm_id":1501638434,"name":""},"geometry":{"type":"LineString","coordinates":[[121.56015,25.0152482],[121.5602417,25.0152921]]}},{"type":"Feature","properties":{"kind":"bridge","osm_id":1502469103,"name":""},"geometry":{"type":"LineString","coordinates":[[121.5591102,25.0152843],[121.5590795,25.0153015]]}},{"type":"Feature","properties":{"kind":"bridge","osm_id":1502469104,"name":""},"geometry":{"type":"LineString","coordinates":[[121.5593472,25.0151799],[121.559331,25.015184]]}},{"type":"Feature","properties":{"kind":"bridge","osm_id":1502469105,"name":""},"geometry":{"type":"LineString","coordinates":[[121.5590368,25.0154431],[121.5590034,25.0154642]]}},{"type":"Feature","properties":{"kind":"bridge","osm_id":1502469107,"name":""},"geometry":{"type":"LineString","coordinates":[[121.5588734,25.0154506],[121.5588522,25.0154769]]}},{"type":"Feature","properties":{"kind":"bridge","osm_id":1503615410,"name":""},"geometry":{"type":"LineString","coordinates":[[121.5411882,25.0153286],[121.5411608,25.0153051]]}},{"type":"Feature","properties":{"kind":"bridge","osm_id":1504502076,"name":""},"geometry":{"type":"LineString","coordinates":[[121.5163893,25.0221878],[121.5161451,25.0221281],[121.5160063,25.0226164]]}},{"type":"Feature","properties":{"kind":"bridge","osm_id":1518003817,"name":""},"geometry":{"type":"LineString","coordinates":[[121.5368354,25.0187907],[121.5368403,25.0186515]]}},{"type":"Feature","properties":{"kind":"bridge","osm_id":1534147434,"name":"辛亥路入口匝道"},"geometry":{"type":"LineString","coordinates":[[121.5376999,25.0245596],[121.5377074,25.0248692]]}},{"type":"Feature","properties":{"kind":"bridge","osm_id":1534147435,"name":"辛亥路出口匝道"},"geometry":{"type":"LineString","coordinates":[[121.5376028,25.0248686],[121.5376027,25.0245614]]}},{"type":"Feature","properties":{"kind":"bridge","osm_id":1535773103,"name":"永福橋"},"geometry":{"type":"LineString","coordinates":[[121.5276171,25.0110816],[121.5279563,25.0114083]]}},{"type":"Feature","properties":{"kind":"bridge","osm_id":1541187870,"name":"捷運出口空橋(興建中)"},"geometry":{"type":"LineString","coordinates":[[121.5436757,25.0405962],[121.5435084,25.0405969]]}},{"type":"Feature","properties":{"kind":"bridge","osm_id":1543116297,"name":"捷運空橋(興建中)"},"geometry":{"type":"LineString","coordinates":[[121.5438702,25.0526299],[121.5439019,25.0526294],[121.5439614,25.0526294]]}},{"type":"Feature","properties":{"kind":"bridge","osm_id":1557528645,"name":"基隆路高架道路"},"geometry":{"type":"LineString","coordinates":[[121.5410924,25.0143967],[121.541547,25.0147946]]}},{"type":"Feature","properties":{"kind":"bridge","osm_id":1558319652,"name":""},"geometry":{"type":"LineString","coordinates":[[121.517189,25.0194843],[121.5159053,25.0198277]]}}]}